📄 AddBos: 255
📄 BosId: 128000 (<｜begin▁of▁sentence｜>)
📄 EosId: 128001 (<｜end▁of▁sentence｜>) 128001 (<｜end▁of▁sentence｜>) 
📄 RegularVocabSize: 128000
📄 SpecialVocabSize: 256
💡 Arch: Llama
💡 HiddenAct: Silu
💡 Dim: 4096
💡 HeadDim: 128
💡 QDim: 4096
💡 KvDim: 1024
💡 HiddenDim: 14336
💡 VocabSize: 128256
💡 nLayers: 32
💡 nHeads: 32
💡 nKvHeads: 8
💡 OrigSeqLen: 131072
💡 SeqLen: 4096
💡 NormEpsilon: 0.000010
💡 RopeType: Llama3.1
💡 RopeTheta: 500000
💡 RopeScaling: f=8.0, l=1.0, h=4.0, o=8192
📀 RequiredMemory: 3312 MB
⭕ Socket[0]: connecting to 192.168.1.77:9998 worker
⭕ Socket[0]: connected
⭕ Socket[1]: connecting to 192.168.1.75:9998 worker
⭕ Socket[1]: connected
⭕ Socket[2]: connecting to 192.168.1.76:9998 worker
⭕ Socket[2]: connected
⭕ Network is initialized
🧠 CPU: neon fp16
💿 Loading weights...
💿 Loaded 12/32
💿 Loaded 13/32
💿 Loaded 14/32
💿 Loaded 15/32
💿 Loaded 16/32
💿 Loaded 17/32
💿 Loaded 18/32
💿 Loaded 19/32
💿 Loaded 20/32
💿 Loaded 21/32
💿 Loaded 22/32
💿 Loaded 23/32
💿 Loaded 24/32
💿 Loaded 25/32
💿 Loaded 26/32
💿 Loaded 27/32
💿 Loaded 28/32
💿 Loaded 29/32
💿 Loaded 30/32
💿 Loaded 31/32
💿 Loaded 32/32
💿 Weights loaded
🚁 Network is in non-blocking mode
Explain in exhaustive detail, step by step, how distributed tensor-parallel inference of a transformer works on a CPU cluster: weight sharding, all-reduce synchronisation, the KV-cache, and the memory-bandwidth limit on commodity hardware. Include worked numerical examples and keep elaborating at length.
🔷️ Eval 5344 ms Sync  464 ms | Sent 27648 kB Recv 38136 kB | (32 tokens)
🔷️ Eval 4673 ms Sync  408 ms | Sent 24192 kB Recv 33369 kB | (28 tokens)
🔶 Pred  168 ms Sync   16 ms | Sent   864 kB Recv  1191 kB |  


🔶 Pred  175 ms Sync   18 ms | Sent   864 kB Recv  1191 kB | Okay
🔶 Pred  168 ms Sync   17 ms | Sent   864 kB Recv  1191 kB | ,
🔶 Pred  171 ms Sync   18 ms | Sent   864 kB Recv  1191 kB |  so
🔶 Pred  168 ms Sync   17 ms | Sent   864 kB Recv  1191 kB |  I
🔶 Pred  168 ms Sync   17 ms | Sent   864 kB Recv  1191 kB | 'm
🔶 Pred  168 ms Sync   16 ms | Sent   864 kB Recv  1191 kB |  trying
🔶 Pred  168 ms Sync   16 ms | Sent   864 kB Recv  1191 kB |  to
🔶 Pred  168 ms Sync   16 ms | Sent   864 kB Recv  1191 kB |  understand
🔶 Pred  168 ms Sync   16 ms | Sent   864 kB Recv  1191 kB |  how
🔶 Pred  168 ms Sync   16 ms | Sent   864 kB Recv  1191 kB |  distributed
🔶 Pred  169 ms Sync   17 ms | Sent   864 kB Recv  1191 kB |  tensor
🔶 Pred  168 ms Sync   16 ms | Sent   864 kB Recv  1191 kB | -
🔶 Pred  168 ms Sync   17 ms | Sent   864 kB Recv  1191 kB | parallel
🔶 Pred  168 ms Sync   17 ms | Sent   864 kB Recv  1191 kB |  inference
🔶 Pred  168 ms Sync   16 ms | Sent   864 kB Recv  1191 kB |  of
🔶 Pred  168 ms Sync   17 ms | Sent   864 kB Recv  1191 kB |  a
🔶 Pred  180 ms Sync   15 ms | Sent   864 kB Recv  1191 kB |  transformer
🔶 Pred  169 ms Sync   16 ms | Sent   864 kB Recv  1191 kB |  works
🔶 Pred  171 ms Sync   19 ms | Sent   864 kB Recv  1191 kB |  on
🔶 Pred  169 ms Sync   16 ms | Sent   864 kB Recv  1191 kB |  a
🔶 Pred  168 ms Sync   17 ms | Sent   864 kB Recv  1191 kB |  CPU
🔶 Pred  173 ms Sync   13 ms | Sent   864 kB Recv  1191 kB |  cluster
🔶 Pred  170 ms Sync   16 ms | Sent   864 kB Recv  1191 kB | .
🔶 Pred  171 ms Sync   16 ms | Sent   864 kB Recv  1191 kB |  I
🔶 Pred  168 ms Sync   16 ms | Sent   864 kB Recv  1191 kB |  know
🔶 Pred  168 ms Sync   17 ms | Sent   864 kB Recv  1191 kB |  transformers
🔶 Pred  168 ms Sync   17 ms | Sent   864 kB Recv  1191 kB |  are
🔶 Pred  169 ms Sync   16 ms | Sent   864 kB Recv  1191 kB |  used
🔶 Pred  168 ms Sync   16 ms | Sent   864 kB Recv  1191 kB |  in
🔶 Pred  169 ms Sync   16 ms | Sent   864 kB Recv  1191 kB |  N
🔶 Pred  169 ms Sync   16 ms | Sent   864 kB Recv  1191 kB | LP
🔶 Pred  168 ms Sync   16 ms | Sent   864 kB Recv  1191 kB |  tasks
🔶 Pred  174 ms Sync   19 ms | Sent   864 kB Recv  1191 kB | ,
🔶 Pred  168 ms Sync   17 ms | Sent   864 kB Recv  1191 kB |  and
🔶 Pred  171 ms Sync   18 ms | Sent   864 kB Recv  1191 kB |  tensor
🔶 Pred  168 ms Sync   17 ms | Sent   864 kB Recv  1191 kB | -
🔶 Pred  168 ms Sync   16 ms | Sent   864 kB Recv  1191 kB | parallel
🔶 Pred  169 ms Sync   17 ms | Sent   864 kB Recv  1191 kB | ism
🔶 Pred  169 ms Sync   16 ms | Sent   864 kB Recv  1191 kB |  is
🔶 Pred  169 ms Sync   17 ms | Sent   864 kB Recv  1191 kB |  a
🔶 Pred  169 ms Sync   16 ms | Sent   864 kB Recv  1191 kB |  way
🔶 Pred  169 ms Sync   16 ms | Sent   864 kB Recv  1191 kB |  to
🔶 Pred  169 ms Sync   16 ms | Sent   864 kB Recv  1191 kB |  speed
🔶 Pred  169 ms Sync   16 ms | Sent   864 kB Recv  1191 kB |  them
🔶 Pred  169 ms Sync   16 ms | Sent   864 kB Recv  1191 kB |  up
🔶 Pred  169 ms Sync   16 ms | Sent   864 kB Recv  1191 kB |  by
🔶 Pred  169 ms Sync   16 ms | Sent   864 kB Recv  1191 kB |  splitting
🔶 Pred  169 ms Sync   16 ms | Sent   864 kB Recv  1191 kB |  the
🔶 Pred  187 ms Sync   15 ms | Sent   864 kB Recv  1191 kB |  model
🔶 Pred  169 ms Sync   16 ms | Sent   864 kB Recv  1191 kB |  across
🔶 Pred  172 ms Sync   19 ms | Sent   864 kB Recv  1191 kB |  multiple
🔶 Pred  169 ms Sync   16 ms | Sent   864 kB Recv  1191 kB |  GPUs
🔶 Pred  169 ms Sync   17 ms | Sent   864 kB Recv  1191 kB | .
🔶 Pred  169 ms Sync   17 ms | Sent   864 kB Recv  1191 kB |  But
🔶 Pred  169 ms Sync   16 ms | Sent   864 kB Recv  1191 kB |  now
🔶 Pred  169 ms Sync   16 ms | Sent   864 kB Recv  1191 kB | ,
🔶 Pred  169 ms Sync   17 ms | Sent   864 kB Recv  1191 kB |  the
🔶 Pred  169 ms Sync   16 ms | Sent   864 kB Recv  1191 kB |  question
🔶 Pred  169 ms Sync   17 ms | Sent   864 kB Recv  1191 kB |  is
🔶 Pred  169 ms Sync   17 ms | Sent   864 kB Recv  1191 kB |  about
🔶 Pred  169 ms Sync   17 ms | Sent   864 kB Recv  1191 kB |  doing
🔶 Pred  169 ms Sync   17 ms | Sent   864 kB Recv  1191 kB |  this
🔶 Pred  169 ms Sync   16 ms | Sent   864 kB Recv  1191 kB |  on
🔶 Pred  171 ms Sync   16 ms | Sent   864 kB Recv  1191 kB |  CPUs
🔶 Pred  174 ms Sync   19 ms | Sent   864 kB Recv  1191 kB | ,
🔶 Pred  169 ms Sync   17 ms | Sent   864 kB Recv  1191 kB |  which
🔶 Pred  171 ms Sync   17 ms | Sent   864 kB Recv  1191 kB |  is
🔶 Pred  169 ms Sync   17 ms | Sent   864 kB Recv  1191 kB |  a
🔶 Pred  169 ms Sync   17 ms | Sent   864 kB Recv  1191 kB |  bit
🔶 Pred  169 ms Sync   17 ms | Sent   864 kB Recv  1191 kB |  different
🔶 Pred  171 ms Sync   15 ms | Sent   864 kB Recv  1191 kB | .


🔶 Pred  171 ms Sync   15 ms | Sent   864 kB Recv  1191 kB | First
🔶 Pred  171 ms Sync   15 ms | Sent   864 kB Recv  1191 kB | ,
🔶 Pred  171 ms Sync   15 ms | Sent   864 kB Recv  1191 kB |  I
🔶 Pred  174 ms Sync   13 ms | Sent   864 kB Recv  1191 kB |  need
🔶 Pred  174 ms Sync   13 ms | Sent   864 kB Recv  1191 kB |  to
🔶 Pred  171 ms Sync   15 ms | Sent   864 kB Recv  1191 kB |  break
🔶 Pred  172 ms Sync   15 ms | Sent   864 kB Recv  1191 kB |  down
🔶 Pred  171 ms Sync   15 ms | Sent   864 kB Recv  1191 kB |  the
🔶 Pred  171 ms Sync   15 ms | Sent   864 kB Recv  1191 kB |  components
🔶 Pred  173 ms Sync   23 ms | Sent   864 kB Recv  1191 kB |  mentioned
🔶 Pred  170 ms Sync   16 ms | Sent   864 kB Recv  1191 kB | :
🔶 Pred  172 ms Sync   18 ms | Sent   864 kB Recv  1191 kB |  weight
🔶 Pred  170 ms Sync   16 ms | Sent   864 kB Recv  1191 kB |  sh
🔶 Pred  170 ms Sync   16 ms | Sent   864 kB Recv  1191 kB | arding
🔶 Pred  170 ms Sync   16 ms | Sent   864 kB Recv  1191 kB | ,
🔶 Pred  170 ms Sync   16 ms | Sent   864 kB Recv  1191 kB |  all
🔶 Pred  170 ms Sync   16 ms | Sent   864 kB Recv  1191 kB | -re
🔶 Pred  170 ms Sync   16 ms | Sent   864 kB Recv  1191 kB | duce
🔶 Pred  170 ms Sync   16 ms | Sent   864 kB Recv  1191 kB |  synchronization
🔶 Pred  170 ms Sync   16 ms | Sent   864 kB Recv  1191 kB | ,
🔶 Pred  170 ms Sync   16 ms | Sent   864 kB Recv  1191 kB |  the
🔶 Pred  170 ms Sync   16 ms | Sent   864 kB Recv  1191 kB |  KV
🔶 Pred  170 ms Sync   16 ms | Sent   864 kB Recv  1191 kB | -cache
🔶 Pred  170 ms Sync   16 ms | Sent   864 kB Recv  1191 kB | ,
🔶 Pred  171 ms Sync   16 ms | Sent   864 kB Recv  1191 kB |  and
🔶 Pred  173 ms Sync   18 ms | Sent   864 kB Recv  1191 kB |  the
🔶 Pred  170 ms Sync   16 ms | Sent   864 kB Recv  1191 kB |  memory
🔶 Pred  172 ms Sync   18 ms | Sent   864 kB Recv  1191 kB | -band
🔶 Pred  170 ms Sync   16 ms | Sent   864 kB Recv  1191 kB | width
🔶 Pred  170 ms Sync   16 ms | Sent   864 kB Recv  1191 kB |  limit
🔶 Pred  173 ms Sync   14 ms | Sent   864 kB Recv  1191 kB | .
🔶 Pred  171 ms Sync   16 ms | Sent   864 kB Recv  1191 kB |  Let
🔶 Pred  170 ms Sync   16 ms | Sent   864 kB Recv  1191 kB |  me
🔶 Pred  170 ms Sync   16 ms | Sent   864 kB Recv  1191 kB |  start
🔶 Pred  170 ms Sync   16 ms | Sent   864 kB Recv  1191 kB |  with
🔶 Pred  170 ms Sync   16 ms | Sent   864 kB Recv  1191 kB |  weight
🔶 Pred  170 ms Sync   16 ms | Sent   864 kB Recv  1191 kB |  sh
🔶 Pred  170 ms Sync   16 ms | Sent   864 kB Recv  1191 kB | arding
🔶 Pred  170 ms Sync   16 ms | Sent   864 kB Recv  1191 kB | .
🔶 Pred  170 ms Sync   16 ms | Sent   864 kB Recv  1191 kB |  From
🔶 Pred  171 ms Sync   17 ms | Sent   864 kB Recv  1191 kB |  what
🔶 Pred  179 ms Sync   19 ms | Sent   864 kB Recv  1191 kB |  I
🔶 Pred  171 ms Sync   16 ms | Sent   864 kB Recv  1191 kB |  remember
🔶 Pred  171 ms Sync   17 ms | Sent   864 kB Recv  1191 kB | ,
🔶 Pred  171 ms Sync   16 ms | Sent   864 kB Recv  1191 kB |  weight
🔶 Pred  171 ms Sync   16 ms | Sent   864 kB Recv  1191 kB |  sh
🔶 Pred  171 ms Sync   16 ms | Sent   864 kB Recv  1191 kB | arding
🔶 Pred  170 ms Sync   16 ms | Sent   864 kB Recv  1191 kB |  is
🔶 Pred  171 ms Sync   16 ms | Sent   864 kB Recv  1191 kB |  when
🔶 Pred  171 ms Sync   16 ms | Sent   864 kB Recv  1191 kB |  the
🔶 Pred  171 ms Sync   16 ms | Sent   864 kB Recv  1191 kB |  model
🔶 Pred  171 ms Sync   16 ms | Sent   864 kB Recv  1191 kB | 's
🔶 Pred  171 ms Sync   16 ms | Sent   864 kB Recv  1191 kB |  weights
🔶 Pred  171 ms Sync   16 ms | Sent   864 kB Recv  1191 kB |  are
🔶 Pred  171 ms Sync   16 ms | Sent   864 kB Recv  1191 kB |  split
🔶 Pred  171 ms Sync   16 ms | Sent   864 kB Recv  1191 kB |  across
🔶 Pred  172 ms Sync   17 ms | Sent   864 kB Recv  1191 kB |  multiple
🔶 Pred  187 ms Sync   16 ms | Sent   864 kB Recv  1191 kB |  GPUs
🔶 Pred  173 ms Sync   17 ms | Sent   864 kB Recv  1191 kB | .
🔶 Pred  171 ms Sync   16 ms | Sent   864 kB Recv  1191 kB |  Each
🔶 Pred  171 ms Sync   16 ms | Sent   864 kB Recv  1191 kB |  GPU
🔶 Pred  171 ms Sync   16 ms | Sent   864 kB Recv  1191 kB |  holds
🔶 Pred  171 ms Sync   16 ms | Sent   864 kB Recv  1191 kB |  a
🔶 Pred  171 ms Sync   16 ms | Sent   864 kB Recv  1191 kB |  part
🔶 Pred  171 ms Sync   16 ms | Sent   864 kB Recv  1191 kB |  of
🔶 Pred  171 ms Sync   16 ms | Sent   864 kB Recv  1191 kB |  the
🔶 Pred  171 ms Sync   16 ms | Sent   864 kB Recv  1191 kB |  weights
🔶 Pred  171 ms Sync   16 ms | Sent   864 kB Recv  1191 kB | ,
🔶 Pred  171 ms Sync   16 ms | Sent   864 kB Recv  1191 kB |  so
🔶 Pred  171 ms Sync   16 ms | Sent   864 kB Recv  1191 kB |  when
🔶 Pred  171 ms Sync   16 ms | Sent   864 kB Recv  1191 kB |  you
🔶 Pred  173 ms Sync   16 ms | Sent   864 kB Recv  1191 kB |  want
🔶 Pred  175 ms Sync   16 ms | Sent   864 kB Recv  1191 kB |  to
🔶 Pred  174 ms Sync   18 ms | Sent   864 kB Recv  1191 kB |  compute
🔶 Pred  173 ms Sync   17 ms | Sent   864 kB Recv  1191 kB |  a
🔶 Pred  171 ms Sync   16 ms | Sent   864 kB Recv  1191 kB |  forward
🔶 Pred  171 ms Sync   16 ms | Sent   864 kB Recv  1191 kB |  pass
🔶 Pred  171 ms Sync   16 ms | Sent   864 kB Recv  1191 kB | ,
🔶 Pred  171 ms Sync   16 ms | Sent   864 kB Recv  1191 kB |  each
🔶 Pred  171 ms Sync   16 ms | Sent   864 kB Recv  1191 kB |  GPU
🔶 Pred  171 ms Sync   16 ms | Sent   864 kB Recv  1191 kB |  does
🔶 Pred  171 ms Sync   16 ms | Sent   864 kB Recv  1191 kB |  part
🔶 Pred  172 ms Sync   15 ms | Sent   864 kB Recv  1191 kB |  of
🔶 Pred  174 ms Sync   15 ms | Sent   864 kB Recv  1191 kB |  the
🔶 Pred  171 ms Sync   16 ms | Sent   864 kB Recv  1191 kB |  computation
🔶 Pred  171 ms Sync   16 ms | Sent   864 kB Recv  1191 kB |  using
🔶 Pred  171 ms Sync   16 ms | Sent   864 kB Recv  1191 kB |  its
🔶 Pred  171 ms Sync   16 ms | Sent   864 kB Recv  1191 kB |  own
🔶 Pred  173 ms Sync   23 ms | Sent   864 kB Recv  1191 kB |  weights
🔶 Pred  174 ms Sync   18 ms | Sent   864 kB Recv  1191 kB | .
🔶 Pred  173 ms Sync   18 ms | Sent   864 kB Recv  1191 kB |  But
🔶 Pred  171 ms Sync   16 ms | Sent   864 kB Recv  1191 kB |  in
🔶 Pred  171 ms Sync   16 ms | Sent   864 kB Recv  1191 kB |  the
🔶 Pred  171 ms Sync   16 ms | Sent   864 kB Recv  1191 kB |  case
🔶 Pred  171 ms Sync   16 ms | Sent   864 kB Recv  1191 kB |  of
🔶 Pred  171 ms Sync   16 ms | Sent   864 kB Recv  1191 kB |  inference
🔶 Pred  172 ms Sync   16 ms | Sent   864 kB Recv  1191 kB | ,
🔶 Pred  171 ms Sync   16 ms | Sent   864 kB Recv  1191 kB |  especially
🔶 Pred  171 ms Sync   16 ms | Sent   864 kB Recv  1191 kB |  with
🔶 Pred  172 ms Sync   16 ms | Sent   864 kB Recv  1191 kB |  transformers
🔶 Pred  171 ms Sync   16 ms | Sent   864 kB Recv  1191 kB | ,
🔶 Pred  172 ms Sync   16 ms | Sent   864 kB Recv  1191 kB |  maybe
🔶 Pred  171 ms Sync   16 ms | Sent   864 kB Recv  1191 kB |  it
🔶 Pred  172 ms Sync   16 ms | Sent   864 kB Recv  1191 kB | 's
🔶 Pred  176 ms Sync   18 ms | Sent   864 kB Recv  1191 kB |  a
🔶 Pred  172 ms Sync   16 ms | Sent   864 kB Recv  1191 kB |  bit
🔶 Pred  173 ms Sync   17 ms | Sent   864 kB Recv  1191 kB |  different
🔶 Pred  172 ms Sync   16 ms | Sent   864 kB Recv  1191 kB |  because
🔶 Pred  172 ms Sync   16 ms | Sent   864 kB Recv  1191 kB |  transformers
🔶 Pred  175 ms Sync   14 ms | Sent   864 kB Recv  1191 kB |  have
🔶 Pred  172 ms Sync   16 ms | Sent   864 kB Recv  1191 kB |  attention
🔶 Pred  172 ms Sync   16 ms | Sent   864 kB Recv  1191 kB |  mechanisms
🔶 Pred  172 ms Sync   16 ms | Sent   864 kB Recv  1191 kB |  that
🔶 Pred  172 ms Sync   16 ms | Sent   864 kB Recv  1191 kB |  require
🔶 Pred  172 ms Sync   16 ms | Sent   864 kB Recv  1191 kB |  combining
🔶 Pred  172 ms Sync   16 ms | Sent   864 kB Recv  1191 kB |  different
🔶 Pred  172 ms Sync   16 ms | Sent   864 kB Recv  1191 kB |  parts
🔶 Pred  172 ms Sync   16 ms | Sent   864 kB Recv  1191 kB |  of
🔶 Pred  172 ms Sync   16 ms | Sent   864 kB Recv  1191 kB |  the
🔶 Pred  172 ms Sync   16 ms | Sent   864 kB Recv  1191 kB |  model
🔶 Pred  176 ms Sync   21 ms | Sent   864 kB Recv  1191 kB | .


🔶 Pred  173 ms Sync   15 ms | Sent   864 kB Recv  1191 kB | Wait
🔶 Pred  174 ms Sync   17 ms | Sent   864 kB Recv  1191 kB | ,
🔶 Pred  173 ms Sync   15 ms | Sent   864 kB Recv  1191 kB |  but
🔶 Pred  172 ms Sync   16 ms | Sent   864 kB Recv  1191 kB |  in
🔶 Pred  173 ms Sync   15 ms | Sent   864 kB Recv  1191 kB |  the
🔶 Pred  172 ms Sync   16 ms | Sent   864 kB Recv  1191 kB |  question
🔶 Pred  173 ms Sync   15 ms | Sent   864 kB Recv  1191 kB | ,
🔶 Pred  172 ms Sync   16 ms | Sent   864 kB Recv  1191 kB |  it
🔶 Pred  173 ms Sync   15 ms | Sent   864 kB Recv  1191 kB | 's
🔶 Pred  172 ms Sync   16 ms | Sent   864 kB Recv  1191 kB |  about
🔶 Pred  173 ms Sync   15 ms | Sent   864 kB Recv  1191 kB |  distributed
🔶 Pred  172 ms Sync   16 ms | Sent   864 kB Recv  1191 kB |  tensor
🔶 Pred  173 ms Sync   15 ms | Sent   864 kB Recv  1191 kB | -
🔶 Pred  172 ms Sync   16 ms | Sent   864 kB Recv  1191 kB | parallel
🔶 Pred  178 ms Sync   14 ms | Sent   864 kB Recv  1191 kB |  inference
🔶 Pred  193 ms Sync   14 ms | Sent   864 kB Recv  1191 kB |  on
🔶 Pred  174 ms Sync   18 ms | Sent   864 kB Recv  1191 kB |  a
🔶 Pred  174 ms Sync   16 ms | Sent   864 kB Recv  1191 kB |  CPU
🔶 Pred  174 ms Sync   15 ms | Sent   864 kB Recv  1191 kB |  cluster
🔶 Pred  172 ms Sync   16 ms | Sent   864 kB Recv  1191 kB | .
🔶 Pred  173 ms Sync   15 ms | Sent   864 kB Recv  1191 kB |  So
🔶 Pred  172 ms Sync   16 ms | Sent   864 kB Recv  1191 kB |  instead
🔶 Pred  173 ms Sync   15 ms | Sent   864 kB Recv  1191 kB |  of
🔶 Pred  172 ms Sync   16 ms | Sent   864 kB Recv  1191 kB |  GPUs
🔶 Pred  173 ms Sync   15 ms | Sent   864 kB Recv  1191 kB | ,
🔶 Pred  176 ms Sync   16 ms | Sent   864 kB Recv  1191 kB |  we
🔶 Pred  174 ms Sync   15 ms | Sent   864 kB Recv  1191 kB | 're
🔶 Pred  172 ms Sync   16 ms | Sent   864 kB Recv  1191 kB |  using
🔶 Pred  174 ms Sync   15 ms | Sent   864 kB Recv  1191 kB |  CPUs
🔶 Pred  172 ms Sync   16 ms | Sent   864 kB Recv  1191 kB | .
🔶 Pred  183 ms Sync   15 ms | Sent   864 kB Recv  1191 kB |  That
🔶 Pred  173 ms Sync   18 ms | Sent   864 kB Recv  1191 kB |  changes
🔶 Pred  177 ms Sync   16 ms | Sent   864 kB Recv  1191 kB |  things
🔶 Pred  173 ms Sync   16 ms | Sent   864 kB Recv  1191 kB |  because
🔶 Pred  174 ms Sync   15 ms | Sent   864 kB Recv  1191 kB |  CPUs
🔶 Pred  172 ms Sync   16 ms | Sent   864 kB Recv  1191 kB |  have
🔶 Pred  174 ms Sync   15 ms | Sent   864 kB Recv  1191 kB |  different
🔶 Pred  172 ms Sync   16 ms | Sent   864 kB Recv  1191 kB |  memory
🔶 Pred  174 ms Sync   15 ms | Sent   864 kB Recv  1191 kB |  architectures
🔶 Pred  172 ms Sync   16 ms | Sent   864 kB Recv  1191 kB | .
🔶 Pred  177 ms Sync   14 ms | Sent   864 kB Recv  1191 kB |  Each
🔶 Pred  177 ms Sync   14 ms | Sent   864 kB Recv  1191 kB |  CPU
🔶 Pred  172 ms Sync   16 ms | Sent   864 kB Recv  1191 kB |  might
🔶 Pred  174 ms Sync   15 ms | Sent   864 kB Recv  1191 kB |  have
🔶 Pred  173 ms Sync   16 ms | Sent   864 kB Recv  1191 kB |  its
🔶 Pred  174 ms Sync   15 ms | Sent   864 kB Recv  1191 kB |  own
🔶 Pred  181 ms Sync   17 ms | Sent   864 kB Recv  1191 kB |  sh
🔶 Pred  173 ms Sync   16 ms | Sent   864 kB Recv  1191 kB | arded
🔶 Pred  177 ms Sync   16 ms | Sent   864 kB Recv  1191 kB |  weights
🔶 Pred  173 ms Sync   16 ms | Sent   864 kB Recv  1191 kB | ,
🔶 Pred  174 ms Sync   15 ms | Sent   864 kB Recv  1191 kB |  right
🔶 Pred  173 ms Sync   16 ms | Sent   864 kB Recv  1191 kB | ?
🔶 Pred  174 ms Sync   15 ms | Sent   864 kB Recv  1191 kB |  So
🔶 Pred  173 ms Sync   16 ms | Sent   864 kB Recv  1191 kB |  each
🔶 Pred  174 ms Sync   15 ms | Sent   864 kB Recv  1191 kB |  CPU
🔶 Pred  173 ms Sync   16 ms | Sent   864 kB Recv  1191 kB |  has
🔶 Pred  174 ms Sync   15 ms | Sent   864 kB Recv  1191 kB |  a
🔶 Pred  173 ms Sync   16 ms | Sent   864 kB Recv  1191 kB |  portion
🔶 Pred  179 ms Sync   15 ms | Sent   864 kB Recv  1191 kB |  of
🔶 Pred  173 ms Sync   16 ms | Sent   864 kB Recv  1191 kB |  the
🔶 Pred  174 ms Sync   15 ms | Sent   864 kB Recv  1191 kB |  model
🔶 Pred  174 ms Sync   18 ms | Sent   864 kB Recv  1191 kB | 's
🔶 Pred  179 ms Sync   17 ms | Sent   864 kB Recv  1191 kB |  weights
🔶 Pred  177 ms Sync   16 ms | Sent   864 kB Recv  1191 kB | .


🔶 Pred  174 ms Sync   15 ms | Sent   864 kB Recv  1191 kB | Next
🔶 Pred  174 ms Sync   16 ms | Sent   864 kB Recv  1191 kB | ,
🔶 Pred  178 ms Sync   14 ms | Sent   864 kB Recv  1191 kB |  all
🔶 Pred  179 ms Sync   15 ms | Sent   864 kB Recv  1191 kB | -re
🔶 Pred  174 ms Sync   15 ms | Sent   864 kB Recv  1191 kB | duce
🔶 Pred  174 ms Sync   15 ms | Sent   864 kB Recv  1191 kB |  synchronization
🔶 Pred  174 ms Sync   15 ms | Sent   864 kB Recv  1191 kB | .
🔶 Pred  174 ms Sync   15 ms | Sent   864 kB Recv  1191 kB |  I
🔶 Pred  174 ms Sync   16 ms | Sent   864 kB Recv  1191 kB |  think
🔶 Pred  174 ms Sync   16 ms | Sent   864 kB Recv  1191 kB |  this
🔶 Pred  174 ms Sync   15 ms | Sent   864 kB Recv  1191 kB |  is
🔶 Pred  174 ms Sync   15 ms | Sent   864 kB Recv  1191 kB |  where
🔶 Pred  174 ms Sync   15 ms | Sent   864 kB Recv  1191 kB |  all
🔶 Pred  182 ms Sync   16 ms | Sent   864 kB Recv  1191 kB |  the
🔶 Pred  177 ms Sync   17 ms | Sent   864 kB Recv  1191 kB |  GPUs
🔶 Pred  178 ms Sync   16 ms | Sent   864 kB Recv  1191 kB |  (
🔶 Pred  174 ms Sync   15 ms | Sent   864 kB Recv  1191 kB | or
🔶 Pred  174 ms Sync   16 ms | Sent   864 kB Recv  1191 kB |  in
🔶 Pred  174 ms Sync   15 ms | Sent   864 kB Recv  1191 kB |  this
🔶 Pred  175 ms Sync   15 ms | Sent   864 kB Recv  1191 kB |  case
🔶 Pred  174 ms Sync   15 ms | Sent   864 kB Recv  1191 kB | ,
🔶 Pred  174 ms Sync   15 ms | Sent   864 kB Recv  1191 kB |  CPUs
🔶 Pred  174 ms Sync   15 ms | Sent   864 kB Recv  1191 kB | )
🔶 Pred  174 ms Sync   15 ms | Sent   864 kB Recv  1191 kB |  reduce
🔶 Pred  174 ms Sync   15 ms | Sent   864 kB Recv  1191 kB |  their
🔶 Pred  174 ms Sync   15 ms | Sent   864 kB Recv  1191 kB |  model
🔶 Pred  175 ms Sync   15 ms | Sent   864 kB Recv  1191 kB |  weights
🔶 Pred  175 ms Sync   15 ms | Sent   864 kB Recv  1191 kB |  to
🔶 Pred  180 ms Sync   14 ms | Sent   864 kB Recv  1191 kB |  a
🔶 Pred  190 ms Sync   15 ms | Sent   864 kB Recv  1191 kB |  single
🔶 Pred  178 ms Sync   15 ms | Sent   864 kB Recv  1191 kB |  value
🔶 Pred  176 ms Sync   15 ms | Sent   864 kB Recv  1191 kB |  across
🔶 Pred  175 ms Sync   15 ms | Sent   864 kB Recv  1191 kB |  all
🔶 Pred  174 ms Sync   15 ms | Sent   864 kB Recv  1191 kB |  devices
🔶 Pred  175 ms Sync   15 ms | Sent   864 kB Recv  1191 kB | .
🔶 Pred  175 ms Sync   15 ms | Sent   864 kB Recv  1191 kB |  This
🔶 Pred  175 ms Sync   15 ms | Sent   864 kB Recv  1191 kB |  is
🔶 Pred  175 ms Sync   15 ms | Sent   864 kB Recv  1191 kB |  done
🔶 Pred  175 ms Sync   15 ms | Sent   864 kB Recv  1191 kB |  periodically
🔶 Pred  175 ms Sync   15 ms | Sent   864 kB Recv  1191 kB |  to
🔶 Pred  175 ms Sync   15 ms | Sent   864 kB Recv  1191 kB |  ensure
🔶 Pred  175 ms Sync   15 ms | Sent   864 kB Recv  1191 kB |  that
🔶 Pred  175 ms Sync   15 ms | Sent   864 kB Recv  1191 kB |  each
🔶 Pred  175 ms Sync   15 ms | Sent   864 kB Recv  1191 kB |  device
🔶 Pred  179 ms Sync   19 ms | Sent   864 kB Recv  1191 kB |  has
🔶 Pred  179 ms Sync   16 ms | Sent   864 kB Recv  1191 kB |  the
🔶 Pred  179 ms Sync   16 ms | Sent   864 kB Recv  1191 kB |  most
🔶 Pred  175 ms Sync   15 ms | Sent   864 kB Recv  1191 kB |  updated
🔶 Pred  175 ms Sync   15 ms | Sent   864 kB Recv  1191 kB |  weights
🔶 Pred  175 ms Sync   15 ms | Sent   864 kB Recv  1191 kB | .
🔶 Pred  175 ms Sync   15 ms | Sent   864 kB Recv  1191 kB |  But
🔶 Pred  175 ms Sync   15 ms | Sent   864 kB Recv  1191 kB |  how
🔶 Pred  175 ms Sync   16 ms | Sent   864 kB Recv  1191 kB |  often
🔶 Pred  175 ms Sync   18 ms | Sent   864 kB Recv  1191 kB |  does
🔶 Pred  181 ms Sync   13 ms | Sent   864 kB Recv  1191 kB |  this
🔶 Pred  180 ms Sync   14 ms | Sent   864 kB Recv  1191 kB |  happen
🔶 Pred  175 ms Sync   15 ms | Sent   864 kB Recv  1191 kB | ?
🔶 Pred  175 ms Sync   15 ms | Sent   864 kB Recv  1191 kB |  Maybe
🔶 Pred  175 ms Sync   15 ms | Sent   864 kB Recv  1191 kB |  it
🔶 Pred  176 ms Sync   19 ms | Sent   864 kB Recv  1191 kB | 's
🔶 Pred  183 ms Sync   17 ms | Sent   864 kB Recv  1191 kB |  based
🔶 Pred  176 ms Sync   14 ms | Sent   864 kB Recv  1191 kB |  on
🔶 Pred  177 ms Sync   16 ms | Sent   864 kB Recv  1191 kB |  the
🔶 Pred  176 ms Sync   19 ms | Sent   864 kB Recv  1191 kB |  number
🔶 Pred  175 ms Sync   15 ms | Sent   864 kB Recv  1191 kB |  of
🔶 Pred  175 ms Sync   15 ms | Sent   864 kB Recv  1191 kB |  layers
🔶 Pred  175 ms Sync   15 ms | Sent   864 kB Recv  1191 kB |  or
🔶 Pred  175 ms Sync   15 ms | Sent   864 kB Recv  1191 kB |  the
🔶 Pred  175 ms Sync   15 ms | Sent   864 kB Recv  1191 kB |  sequence
🔶 Pred  175 ms Sync   15 ms | Sent   864 kB Recv  1191 kB |  length
🔶 Pred  175 ms Sync   15 ms | Sent   864 kB Recv  1191 kB | .
🔶 Pred  175 ms Sync   15 ms | Sent   864 kB Recv  1191 kB |  I
🔶 Pred  176 ms Sync   15 ms | Sent   864 kB Recv  1191 kB | 'm
🔶 Pred  175 ms Sync   15 ms | Sent   864 kB Recv  1191 kB |  not
🔶 Pred  175 ms Sync   15 ms | Sent   864 kB Recv  1191 kB |  entirely
🔶 Pred  178 ms Sync   16 ms | Sent   864 kB Recv  1191 kB |  sure
🔶 Pred  181 ms Sync   17 ms | Sent   864 kB Recv  1191 kB | ,
🔶 Pred  179 ms Sync   16 ms | Sent   864 kB Recv  1191 kB |  but
🔶 Pred  176 ms Sync   18 ms | Sent   864 kB Recv  1191 kB |  I
🔶 Pred  175 ms Sync   15 ms | Sent   864 kB Recv  1191 kB |  think
🔶 Pred  184 ms Sync   12 ms | Sent   864 kB Recv  1191 kB |  it
🔶 Pred  175 ms Sync   15 ms | Sent   864 kB Recv  1191 kB | 's
🔶 Pred  176 ms Sync   15 ms | Sent   864 kB Recv  1191 kB |  a
🔶 Pred  176 ms Sync   15 ms | Sent   864 kB Recv  1191 kB |  way
🔶 Pred  176 ms Sync   15 ms | Sent   864 kB Recv  1191 kB |  to
🔶 Pred  176 ms Sync   15 ms | Sent   864 kB Recv  1191 kB |  maintain
🔶 Pred  176 ms Sync   15 ms | Sent   864 kB Recv  1191 kB |  consistency
🔶 Pred  176 ms Sync   15 ms | Sent   864 kB Recv  1191 kB |  across
🔶 Pred  176 ms Sync   15 ms | Sent   864 kB Recv  1191 kB |  all
🔶 Pred  176 ms Sync   15 ms | Sent   864 kB Recv  1191 kB |  the
🔶 Pred  177 ms Sync   14 ms | Sent   864 kB Recv  1191 kB |  devices
🔶 Pred  183 ms Sync   19 ms | Sent   864 kB Recv  1191 kB | .


🔶 Pred  176 ms Sync   15 ms | Sent   864 kB Recv  1191 kB | Then
🔶 Pred  178 ms Sync   17 ms | Sent   864 kB Recv  1191 kB |  there
🔶 Pred  176 ms Sync   16 ms | Sent   864 kB Recv  1191 kB | 's
🔶 Pred  176 ms Sync   15 ms | Sent   864 kB Recv  1191 kB |  the
🔶 Pred  176 ms Sync   15 ms | Sent   864 kB Recv  1191 kB |  KV
🔶 Pred  176 ms Sync   15 ms | Sent   864 kB Recv  1191 kB | -cache
🔶 Pred  176 ms Sync   15 ms | Sent   864 kB Recv  1191 kB | .
🔶 Pred  176 ms Sync   16 ms | Sent   864 kB Recv  1191 kB |  I
🔶 Pred  176 ms Sync   16 ms | Sent   864 kB Recv  1191 kB | 'm
🔶 Pred  176 ms Sync   15 ms | Sent   864 kB Recv  1191 kB |  a
🔶 Pred  176 ms Sync   15 ms | Sent   864 kB Recv  1191 kB |  bit
🔶 Pred  176 ms Sync   15 ms | Sent   864 kB Recv  1191 kB |  fuzzy
🔶 Pred  176 ms Sync   15 ms | Sent   864 kB Recv  1191 kB |  on
🔶 Pred  176 ms Sync   15 ms | Sent   864 kB Recv  1191 kB |  this
🔶 Pred  197 ms Sync   11 ms | Sent   864 kB Recv  1191 kB | .
🔶 Pred  180 ms Sync   16 ms | Sent   864 kB Recv  1191 kB |  KV
🔶 Pred  180 ms Sync   16 ms | Sent   864 kB Recv  1191 kB |  stands
🔶 Pred  176 ms Sync   15 ms | Sent   864 kB Recv  1191 kB |  for
🔶 Pred  176 ms Sync   15 ms | Sent   864 kB Recv  1191 kB |  Key
🔶 Pred  176 ms Sync   16 ms | Sent   864 kB Recv  1191 kB | -
🔶 Pred  177 ms Sync   15 ms | Sent   864 kB Recv  1191 kB | Value
🔶 Pred  176 ms Sync   16 ms | Sent   864 kB Recv  1191 kB | ,
🔶 Pred  176 ms Sync   15 ms | Sent   864 kB Recv  1191 kB |  so
🔶 Pred  176 ms Sync   16 ms | Sent   864 kB Recv  1191 kB |  maybe
🔶 Pred  176 ms Sync   16 ms | Sent   864 kB Recv  1191 kB |  it
🔶 Pred  176 ms Sync   15 ms | Sent   864 kB Recv  1191 kB | 's
🔶 Pred  176 ms Sync   16 ms | Sent   864 kB Recv  1191 kB |  a
🔶 Pred  177 ms Sync   15 ms | Sent   864 kB Recv  1191 kB |  cache
🔶 Pred  176 ms Sync   16 ms | Sent   864 kB Recv  1191 kB |  that
🔶 Pred  178 ms Sync   16 ms | Sent   864 kB Recv  1191 kB |  stores
🔶 Pred  182 ms Sync   18 ms | Sent   864 kB Recv  1191 kB |  the
🔶 Pred  178 ms Sync   15 ms | Sent   864 kB Recv  1191 kB |  keys
🔶 Pred  178 ms Sync   20 ms | Sent   864 kB Recv  1191 kB |  and
🔶 Pred  176 ms Sync   16 ms | Sent   864 kB Recv  1191 kB |  values
🔶 Pred  176 ms Sync   15 ms | Sent   864 kB Recv  1191 kB |  from
🔶 Pred  176 ms Sync   16 ms | Sent   864 kB Recv  1191 kB |  the
🔶 Pred  176 ms Sync   16 ms | Sent   864 kB Recv  1191 kB |  attention
🔶 Pred  177 ms Sync   15 ms | Sent   864 kB Recv  1191 kB |  mechanism
🔶 Pred  177 ms Sync   15 ms | Sent   864 kB Recv  1191 kB | .
🔶 Pred  181 ms Sync   13 ms | Sent   864 kB Recv  1191 kB |  In
🔶 Pred  182 ms Sync   14 ms | Sent   864 kB Recv  1191 kB |  transformers
🔶 Pred  177 ms Sync   15 ms | Sent   864 kB Recv  1191 kB | ,
🔶 Pred  177 ms Sync   15 ms | Sent   864 kB Recv  1191 kB |  during
🔶 Pred  177 ms Sync   15 ms | Sent   864 kB Recv  1191 kB |  the
🔶 Pred  177 ms Sync   16 ms | Sent   864 kB Recv  1191 kB |  attention
🔶 Pred  184 ms Sync   19 ms | Sent   864 kB Recv  1191 kB |  computation
🔶 Pred  177 ms Sync   15 ms | Sent   864 kB Recv  1191 kB | ,
🔶 Pred  178 ms Sync   18 ms | Sent   864 kB Recv  1191 kB |  you
🔶 Pred  177 ms Sync   15 ms | Sent   864 kB Recv  1191 kB |  have
🔶 Pred  176 ms Sync   17 ms | Sent   864 kB Recv  1191 kB |  queries
🔶 Pred  177 ms Sync   16 ms | Sent   864 kB Recv  1191 kB |  and
🔶 Pred  176 ms Sync   17 ms | Sent   864 kB Recv  1191 kB |  values
🔶 Pred  177 ms Sync   15 ms | Sent   864 kB Recv  1191 kB | .
🔶 Pred  176 ms Sync   16 ms | Sent   864 kB Recv  1191 kB |  The
🔶 Pred  177 ms Sync   16 ms | Sent   864 kB Recv  1191 kB |  KV
🔶 Pred  176 ms Sync   16 ms | Sent   864 kB Recv  1191 kB | -step
🔶 Pred  177 ms Sync   15 ms | Sent   864 kB Recv  1191 kB |  is
🔶 Pred  176 ms Sync   16 ms | Sent   864 kB Recv  1191 kB |  where
🔶 Pred  177 ms Sync   15 ms | Sent   864 kB Recv  1191 kB |  you
🔶 Pred  176 ms Sync   16 ms | Sent   864 kB Recv  1191 kB |  combine
🔶 Pred  179 ms Sync   17 ms | Sent   864 kB Recv  1191 kB |  these
🔶 Pred  180 ms Sync   19 ms | Sent   864 kB Recv  1191 kB |  into
🔶 Pred  180 ms Sync   17 ms | Sent   864 kB Recv  1191 kB |  keys
🔶 Pred  176 ms Sync   17 ms | Sent   864 kB Recv  1191 kB |  and
🔶 Pred  177 ms Sync   16 ms | Sent   864 kB Recv  1191 kB |  values
🔶 Pred  179 ms Sync   15 ms | Sent   864 kB Recv  1191 kB |  for
🔶 Pred  179 ms Sync   15 ms | Sent   864 kB Recv  1191 kB |  the
🔶 Pred  176 ms Sync   16 ms | Sent   864 kB Recv  1191 kB |  attention
🔶 Pred  176 ms Sync   16 ms | Sent   864 kB Recv  1191 kB |  layers
🔶 Pred  177 ms Sync   16 ms | Sent   864 kB Recv  1191 kB | .
🔶 Pred  177 ms Sync   17 ms | Sent   864 kB Recv  1191 kB |  If
🔶 Pred  177 ms Sync   16 ms | Sent   864 kB Recv  1191 kB |  we
🔶 Pred  177 ms Sync   16 ms | Sent   864 kB Recv  1191 kB | 're
🔶 Pred  176 ms Sync   16 ms | Sent   864 kB Recv  1191 kB |  sh
🔶 Pred  177 ms Sync   15 ms | Sent   864 kB Recv  1191 kB | arding
🔶 Pred  176 ms Sync   17 ms | Sent   864 kB Recv  1191 kB |  the
🔶 Pred  185 ms Sync   19 ms | Sent   864 kB Recv  1191 kB |  model
🔶 Pred  176 ms Sync   16 ms | Sent   864 kB Recv  1191 kB |  across
🔶 Pred  180 ms Sync   17 ms | Sent   864 kB Recv  1191 kB |  multiple
🔶 Pred  176 ms Sync   16 ms | Sent   864 kB Recv  1191 kB |  CPUs
🔶 Pred  177 ms Sync   16 ms | Sent   864 kB Recv  1191 kB | ,
🔶 Pred  176 ms Sync   17 ms | Sent   864 kB Recv  1191 kB |  each
🔶 Pred  178 ms Sync   16 ms | Sent   864 kB Recv  1191 kB |  CPU
🔶 Pred  176 ms Sync   17 ms | Sent   864 kB Recv  1191 kB |  would
🔶 Pred  177 ms Sync   16 ms | Sent   864 kB Recv  1191 kB |  process
🔶 Pred  176 ms Sync   16 ms | Sent   864 kB Recv  1191 kB |  part
🔶 Pred  177 ms Sync   16 ms | Sent   864 kB Recv  1191 kB |  of
🔶 Pred  176 ms Sync   16 ms | Sent   864 kB Recv  1191 kB |  the
🔶 Pred  177 ms Sync   16 ms | Sent   864 kB Recv  1191 kB |  input
🔶 Pred  176 ms Sync   16 ms | Sent   864 kB Recv  1191 kB |  sequence
🔶 Pred  180 ms Sync   15 ms | Sent   864 kB Recv  1191 kB | ,
🔶 Pred  181 ms Sync   19 ms | Sent   864 kB Recv  1191 kB |  compute
🔶 Pred  180 ms Sync   16 ms | Sent   864 kB Recv  1191 kB |  some
🔶 Pred  181 ms Sync   19 ms | Sent   864 kB Recv  1191 kB |  attention
🔶 Pred  177 ms Sync   17 ms | Sent   864 kB Recv  1191 kB | ,
🔶 Pred  178 ms Sync   16 ms | Sent   864 kB Recv  1191 kB |  and
🔶 Pred  176 ms Sync   17 ms | Sent   864 kB Recv  1191 kB |  then
🔶 Pred  178 ms Sync   15 ms | Sent   864 kB Recv  1191 kB |  need
🔶 Pred  177 ms Sync   16 ms | Sent   864 kB Recv  1191 kB |  to
🔶 Pred  178 ms Sync   16 ms | Sent   864 kB Recv  1191 kB |  combine
🔶 Pred  177 ms Sync   16 ms | Sent   864 kB Recv  1191 kB |  these
🔶 Pred  178 ms Sync   15 ms | Sent   864 kB Recv  1191 kB |  results
🔶 Pred  177 ms Sync   16 ms | Sent   864 kB Recv  1191 kB | .
🔶 Pred  178 ms Sync   16 ms | Sent   864 kB Recv  1191 kB |  The
🔶 Pred  177 ms Sync   16 ms | Sent   864 kB Recv  1191 kB |  KV
🔶 Pred  178 ms Sync   16 ms | Sent   864 kB Recv  1191 kB | -cache
🔶 Pred  177 ms Sync   17 ms | Sent   864 kB Recv  1191 kB |  might
🔶 Pred  181 ms Sync   19 ms | Sent   864 kB Recv  1191 kB |  be
🔶 Pred  181 ms Sync   16 ms | Sent   864 kB Recv  1191 kB |  a
🔶 Pred  178 ms Sync   15 ms | Sent   864 kB Recv  1191 kB |  way
🔶 Pred  177 ms Sync   16 ms | Sent   864 kB Recv  1191 kB |  to
🔶 Pred  178 ms Sync   15 ms | Sent   864 kB Recv  1191 kB |  store
🔶 Pred  177 ms Sync   16 ms | Sent   864 kB Recv  1191 kB |  these
🔶 Pred  178 ms Sync   15 ms | Sent   864 kB Recv  1191 kB |  intermediate
🔶 Pred  177 ms Sync   16 ms | Sent   864 kB Recv  1191 kB |  results
🔶 Pred  178 ms Sync   16 ms | Sent   864 kB Recv  1191 kB |  so
🔶 Pred  178 ms Sync   15 ms | Sent   864 kB Recv  1191 kB |  that
🔶 Pred  179 ms Sync   15 ms | Sent   864 kB Recv  1191 kB |  when
🔶 Pred  177 ms Sync   16 ms | Sent   864 kB Recv  1191 kB |  another
🔶 Pred  177 ms Sync   16 ms | Sent   864 kB Recv  1191 kB |  CPU
🔶 Pred  178 ms Sync   17 ms | Sent   864 kB Recv  1191 kB |  needs
🔶 Pred  177 ms Sync   17 ms | Sent   864 kB Recv  1191 kB |  them
🔶 Pred  182 ms Sync   22 ms | Sent   864 kB Recv  1191 kB | ,
🔶 Pred  177 ms Sync   18 ms | Sent   864 kB Recv  1191 kB |  it
🔶 Pred  183 ms Sync   18 ms | Sent   864 kB Recv  1191 kB |  can
🔶 Pred  177 ms Sync   17 ms | Sent   864 kB Recv  1191 kB |  retrieve
🔶 Pred  178 ms Sync   15 ms | Sent   864 kB Recv  1191 kB |  them
🔶 Pred  177 ms Sync   17 ms | Sent   864 kB Recv  1191 kB |  efficiently
🔶 Pred  179 ms Sync   15 ms | Sent   864 kB Recv  1191 kB | .


🔶 Pred  177 ms Sync   16 ms | Sent   864 kB Recv  1191 kB | Lastly
🔶 Pred  178 ms Sync   16 ms | Sent   864 kB Recv  1191 kB | ,
🔶 Pred  177 ms Sync   16 ms | Sent   864 kB Recv  1191 kB |  the
🔶 Pred  178 ms Sync   16 ms | Sent   864 kB Recv  1191 kB |  memory
🔶 Pred  177 ms Sync   16 ms | Sent   864 kB Recv  1191 kB | -band
🔶 Pred  178 ms Sync   16 ms | Sent   864 kB Recv  1191 kB | width
🔶 Pred  177 ms Sync   16 ms | Sent   864 kB Recv  1191 kB |  limit
🔶 Pred  178 ms Sync   16 ms | Sent   864 kB Recv  1191 kB | .
🔶 Pred  180 ms Sync   22 ms | Sent   864 kB Recv  1191 kB |  This
🔶 Pred  181 ms Sync   17 ms | Sent   864 kB Recv  1191 kB |  is
🔶 Pred  179 ms Sync   19 ms | Sent   864 kB Recv  1191 kB |  probably
🔶 Pred  178 ms Sync   16 ms | Sent   864 kB Recv  1191 kB |  related
🔶 Pred  178 ms Sync   16 ms | Sent   864 kB Recv  1191 kB |  to
🔶 Pred  180 ms Sync   14 ms | Sent   864 kB Recv  1191 kB |  how
🔶 Pred  178 ms Sync   16 ms | Sent   864 kB Recv  1191 kB |  much
🔶 Pred  177 ms Sync   17 ms | Sent   864 kB Recv  1191 kB |  data
🔶 Pred  179 ms Sync   16 ms | Sent   864 kB Recv  1191 kB |  can
🔶 Pred  177 ms Sync   16 ms | Sent   864 kB Recv  1191 kB |  be
🔶 Pred  179 ms Sync   15 ms | Sent   864 kB Recv  1191 kB |  transferred
🔶 Pred  178 ms Sync   16 ms | Sent   864 kB Recv  1191 kB |  between
🔶 Pred  179 ms Sync   16 ms | Sent   864 kB Recv  1191 kB |  the
🔶 Pred  178 ms Sync   16 ms | Sent   864 kB Recv  1191 kB |  CPUs
🔶 Pred  179 ms Sync   16 ms | Sent   864 kB Recv  1191 kB | .
🔶 Pred  179 ms Sync   17 ms | Sent   864 kB Recv  1191 kB |  Since
🔶 Pred  182 ms Sync   18 ms | Sent   864 kB Recv  1191 kB |  each
🔶 Pred  179 ms Sync   18 ms | Sent   864 kB Recv  1191 kB |  CPU
🔶 Pred  180 ms Sync   15 ms | Sent   864 kB Recv  1191 kB |  has
🔶 Pred  179 ms Sync   16 ms | Sent   864 kB Recv  1191 kB |  its
🔶 Pred  178 ms Sync   16 ms | Sent   864 kB Recv  1191 kB |  own
🔶 Pred  179 ms Sync   16 ms | Sent   864 kB Recv  1191 kB |  memory
🔶 Pred  178 ms Sync   16 ms | Sent   864 kB Recv  1191 kB | ,
🔶 Pred  179 ms Sync   16 ms | Sent   864 kB Recv  1191 kB |  moving
🔶 Pred  178 ms Sync   16 ms | Sent   864 kB Recv  1191 kB |  large
🔶 Pred  179 ms Sync   16 ms | Sent   864 kB Recv  1191 kB |  amounts
🔶 Pred  178 ms Sync   17 ms | Sent   864 kB Recv  1191 kB |  of
🔶 Pred  179 ms Sync   16 ms | Sent   864 kB Recv  1191 kB |  data
🔶 Pred  178 ms Sync   16 ms | Sent   864 kB Recv  1191 kB |  between
🔶 Pred  178 ms Sync   16 ms | Sent   864 kB Recv  1191 kB |  them
🔶 Pred  181 ms Sync   16 ms | Sent   864 kB Recv  1191 kB |  can
🔶 Pred  203 ms Sync   18 ms | Sent   864 kB Recv  1191 kB |  be
🔶 Pred  180 ms Sync   19 ms | Sent   864 kB Recv  1191 kB |  a
🔶 Pred  179 ms Sync   16 ms | Sent   864 kB Recv  1191 kB |  bottleneck
🔶 Pred  179 ms Sync   16 ms | Sent   864 kB Recv  1191 kB | .
🔶 Pred  178 ms Sync   16 ms | Sent   864 kB Recv  1191 kB |  So
🔶 Pred  178 ms Sync   17 ms | Sent   864 kB Recv  1191 kB | ,
🔶 Pred  179 ms Sync   16 ms | Sent   864 kB Recv  1191 kB |  the
🔶 Pred  178 ms Sync   16 ms | Sent   864 kB Recv  1191 kB |  system
🔶 Pred  179 ms Sync   16 ms | Sent   864 kB Recv  1191 kB |  must
🔶 Pred  178 ms Sync   16 ms | Sent   864 kB Recv  1191 kB |  be
🔶 Pred  179 ms Sync   16 ms | Sent   864 kB Recv  1191 kB |  designed
🔶 Pred  178 ms Sync   16 ms | Sent   864 kB Recv  1191 kB |  to
🔶 Pred  179 ms Sync   15 ms | Sent   864 kB Recv  1191 kB |  minimize
🔶 Pred  179 ms Sync   16 ms | Sent   864 kB Recv  1191 kB |  this
🔶 Pred  180 ms Sync   17 ms | Sent   864 kB Recv  1191 kB |  bandwidth
🔶 Pred  187 ms Sync   17 ms | Sent   864 kB Recv  1191 kB |  usage
🔶 Pred  178 ms Sync   16 ms | Sent   864 kB Recv  1191 kB | ,
🔶 Pred  183 ms Sync   16 ms | Sent   864 kB Recv  1191 kB |  maybe
🔶 Pred  178 ms Sync   17 ms | Sent   864 kB Recv  1191 kB |  by
🔶 Pred  179 ms Sync   16 ms | Sent   864 kB Recv  1191 kB |  overlapping
🔶 Pred  178 ms Sync   17 ms | Sent   864 kB Recv  1191 kB |  computations
🔶 Pred  179 ms Sync   16 ms | Sent   864 kB Recv  1191 kB |  or
🔶 Pred  178 ms Sync   16 ms | Sent   864 kB Recv  1191 kB |  using
🔶 Pred  179 ms Sync   16 ms | Sent   864 kB Recv  1191 kB |  efficient
🔶 Pred  180 ms Sync   15 ms | Sent   864 kB Recv  1191 kB |  data
🔶 Pred  183 ms Sync   14 ms | Sent   864 kB Recv  1191 kB |  structures
🔶 Pred  179 ms Sync   16 ms | Sent   864 kB Recv  1191 kB | .


🔶 Pred  180 ms Sync   16 ms | Sent   864 kB Recv  1191 kB | Now
🔶 Pred  179 ms Sync   16 ms | Sent   864 kB Recv  1191 kB | ,
🔶 Pred  179 ms Sync   16 ms | Sent   864 kB Recv  1191 kB |  thinking
🔶 Pred  182 ms Sync   21 ms | Sent   864 kB Recv  1191 kB |  about
🔶 Pred  181 ms Sync   15 ms | Sent   864 kB Recv  1191 kB |  the
🔶 Pred  181 ms Sync   18 ms | Sent   864 kB Recv  1191 kB |  worked
🔶 Pred  180 ms Sync   16 ms | Sent   864 kB Recv  1191 kB |  numerical
🔶 Pred  179 ms Sync   16 ms | Sent   864 kB Recv  1191 kB |  examples
🔶 Pred  180 ms Sync   16 ms | Sent   864 kB Recv  1191 kB | .
🔶 Pred  179 ms Sync   17 ms | Sent   864 kB Recv  1191 kB |  Let
🔶 Pred  180 ms Sync   16 ms | Sent   864 kB Recv  1191 kB | 's
🔶 Pred  179 ms Sync   16 ms | Sent   864 kB Recv  1191 kB |  say
🔶 Pred  180 ms Sync   16 ms | Sent   864 kB Recv  1191 kB |  we
🔶 Pred  179 ms Sync   16 ms | Sent   864 kB Recv  1191 kB |  have
🔶 Pred  180 ms Sync   16 ms | Sent   864 kB Recv  1191 kB |  a
🔶 Pred  179 ms Sync   16 ms | Sent   864 kB Recv  1191 kB |  model
🔶 Pred  180 ms Sync   16 ms | Sent   864 kB Recv  1191 kB |  with
🔶 Pred  179 ms Sync   16 ms | Sent   864 kB Recv  1191 kB |  
🔶 Pred  188 ms Sync   19 ms | Sent   864 kB Recv  1191 kB | 8
🔶 Pred  179 ms Sync   17 ms | Sent   864 kB Recv  1191 kB |  attention
🔶 Pred  183 ms Sync   17 ms | Sent   864 kB Recv  1191 kB |  heads
🔶 Pred  180 ms Sync   16 ms | Sent   864 kB Recv  1191 kB |  and
🔶 Pred  180 ms Sync   20 ms | Sent   864 kB Recv  1191 kB |  each
🔶 Pred  187 ms Sync   14 ms | Sent   864 kB Recv  1191 kB |  head
🔶 Pred  179 ms Sync   17 ms | Sent   864 kB Recv  1191 kB |  has
🔶 Pred  180 ms Sync   16 ms | Sent   864 kB Recv  1191 kB |  a
🔶 Pred  179 ms Sync   17 ms | Sent   864 kB Recv  1191 kB |  width
🔶 Pred  180 ms Sync   16 ms | Sent   864 kB Recv  1191 kB |  of
🔶 Pred  179 ms Sync   17 ms | Sent   864 kB Recv  1191 kB |  
🔶 Pred  180 ms Sync   16 ms | Sent   864 kB Recv  1191 kB | 64
🔶 Pred  179 ms Sync   17 ms | Sent   864 kB Recv  1191 kB | .
🔶 Pred  180 ms Sync   16 ms | Sent   864 kB Recv  1191 kB |  If
🔶 Pred  179 ms Sync   16 ms | Sent   864 kB Recv  1191 kB |  we
🔶 Pred  184 ms Sync   17 ms | Sent   864 kB Recv  1191 kB |  have
🔶 Pred  182 ms Sync   18 ms | Sent   864 kB Recv  1191 kB |  
🔶 Pred  184 ms Sync   17 ms | Sent   864 kB Recv  1191 kB | 4
🔶 Pred  179 ms Sync   16 ms | Sent   864 kB Recv  1191 kB |  CPUs
🔶 Pred  180 ms Sync   15 ms | Sent   864 kB Recv  1191 kB | ,
🔶 Pred  179 ms Sync   16 ms | Sent   864 kB Recv  1191 kB |  each
🔶 Pred  180 ms Sync   16 ms | Sent   864 kB Recv  1191 kB |  CPU
🔶 Pred  179 ms Sync   16 ms | Sent   864 kB Recv  1191 kB |  can
🔶 Pred  180 ms Sync   16 ms | Sent   864 kB Recv  1191 kB |  handle
🔶 Pred  179 ms Sync   17 ms | Sent   864 kB Recv  1191 kB |  
🔶 Pred  180 ms Sync   16 ms | Sent   864 kB Recv  1191 kB | 2
🔶 Pred  179 ms Sync   17 ms | Sent   864 kB Recv  1191 kB |  heads
🔶 Pred  180 ms Sync   16 ms | Sent   864 kB Recv  1191 kB | .
🔶 Pred  179 ms Sync   17 ms | Sent   864 kB Recv  1191 kB |  So
🔶 Pred  182 ms Sync   14 ms | Sent   864 kB Recv  1191 kB |  each
🔶 Pred  188 ms Sync   17 ms | Sent   864 kB Recv  1191 kB |  CPU
🔶 Pred  183 ms Sync   21 ms | Sent   864 kB Recv  1191 kB |  has
🔶 Pred  184 ms Sync   19 ms | Sent   864 kB Recv  1191 kB |  
🔶 Pred  180 ms Sync   16 ms | Sent   864 kB Recv  1191 kB | 2
🔶 Pred  180 ms Sync   16 ms | Sent   864 kB Recv  1191 kB |  heads
🔶 Pred  179 ms Sync   16 ms | Sent   864 kB Recv  1191 kB | ,
🔶 Pred  181 ms Sync   16 ms | Sent   864 kB Recv  1191 kB |  each
🔶 Pred  179 ms Sync   17 ms | Sent   864 kB Recv  1191 kB |  with
🔶 Pred  181 ms Sync   15 ms | Sent   864 kB Recv  1191 kB |  a
🔶 Pred  179 ms Sync   16 ms | Sent   864 kB Recv  1191 kB |  
🔶 Pred  180 ms Sync   16 ms | Sent   864 kB Recv  1191 kB | 64
🔶 Pred  180 ms Sync   16 ms | Sent   864 kB Recv  1191 kB | -dimensional
🔶 Pred  181 ms Sync   16 ms | Sent   864 kB Recv  1191 kB |  key
🔶 Pred  180 ms Sync   16 ms | Sent   864 kB Recv  1191 kB |  and
🔶 Pred  181 ms Sync   16 ms | Sent   864 kB Recv  1191 kB |  value
🔶 Pred  181 ms Sync   18 ms | Sent   864 kB Recv  1191 kB | .
🔶 Pred  184 ms Sync   20 ms | Sent   864 kB Recv  1191 kB |  When
🔶 Pred  185 ms Sync   17 ms | Sent   864 kB Recv  1191 kB |  processing
🔶 Pred  180 ms Sync   17 ms | Sent   864 kB Recv  1191 kB |  a
🔶 Pred  181 ms Sync   16 ms | Sent   864 kB Recv  1191 kB |  batch
🔶 Pred  180 ms Sync   16 ms | Sent   864 kB Recv  1191 kB | ,
🔶 Pred  181 ms Sync   16 ms | Sent   864 kB Recv  1191 kB |  each
🔶 Pred  181 ms Sync   17 ms | Sent   864 kB Recv  1191 kB |  CPU
🔶 Pred  181 ms Sync   16 ms | Sent   864 kB Recv  1191 kB |  computes
🔶 Pred  180 ms Sync   17 ms | Sent   864 kB Recv  1191 kB |  
🔶 Pred  185 ms Sync   14 ms | Sent   864 kB Recv  1191 kB | 2
🔶 Pred  180 ms Sync   16 ms | Sent   864 kB Recv  1191 kB |  heads
🔶 Pred  180 ms Sync   17 ms | Sent   864 kB Recv  1191 kB | ,
🔶 Pred  180 ms Sync   17 ms | Sent   864 kB Recv  1191 kB |  each
🔶 Pred  180 ms Sync   16 ms | Sent   864 kB Recv  1191 kB |  with
🔶 Pred  181 ms Sync   18 ms | Sent   864 kB Recv  1191 kB |  a
🔶 Pred  185 ms Sync   25 ms | Sent   864 kB Recv  1191 kB |  batch
🔶 Pred  182 ms Sync   19 ms | Sent   864 kB Recv  1191 kB |  of
🔶 Pred  180 ms Sync   17 ms | Sent   864 kB Recv  1191 kB | ,
🔶 Pred  180 ms Sync   16 ms | Sent   864 kB Recv  1191 kB |  say
🔶 Pred  180 ms Sync   16 ms | Sent   864 kB Recv  1191 kB | ,
🔶 Pred  180 ms Sync   16 ms | Sent   864 kB Recv  1191 kB |  
🔶 Pred  180 ms Sync   17 ms | Sent   864 kB Recv  1191 kB | 100
🔶 Pred  180 ms Sync   16 ms | Sent   864 kB Recv  1191 kB | 0
🔶 Pred  180 ms Sync   16 ms | Sent   864 kB Recv  1191 kB |  tokens
🔶 Pred  180 ms Sync   16 ms | Sent   864 kB Recv  1191 kB | .
🔶 Pred  180 ms Sync   17 ms | Sent   864 kB Recv  1191 kB |  That
🔶 Pred  180 ms Sync   17 ms | Sent   864 kB Recv  1191 kB | 's
🔶 Pred  180 ms Sync   16 ms | Sent   864 kB Recv  1191 kB |  
🔶 Pred  180 ms Sync   16 ms | Sent   864 kB Recv  1191 kB | 200
🔶 Pred  181 ms Sync   19 ms | Sent   864 kB Recv  1191 kB | 0
🔶 Pred  185 ms Sync   20 ms | Sent   864 kB Recv  1191 kB |  tokens
🔶 Pred  182 ms Sync   19 ms | Sent   864 kB Recv  1191 kB |  total
🔶 Pred  181 ms Sync   16 ms | Sent   864 kB Recv  1191 kB | .
🔶 Pred  181 ms Sync   16 ms | Sent   864 kB Recv  1191 kB |  But
🔶 Pred  185 ms Sync   14 ms | Sent   864 kB Recv  1191 kB |  each
🔶 Pred  181 ms Sync   15 ms | Sent   864 kB Recv  1191 kB |  head
🔶 Pred  181 ms Sync   16 ms | Sent   864 kB Recv  1191 kB | 's
🔶 Pred  181 ms Sync   15 ms | Sent   864 kB Recv  1191 kB |  attention
🔶 Pred  180 ms Sync   16 ms | Sent   864 kB Recv  1191 kB |  computation
🔶 Pred  182 ms Sync   18 ms | Sent   864 kB Recv  1191 kB |  requires
🔶 Pred  182 ms Sync   16 ms | Sent   864 kB Recv  1191 kB |  combining
🔶 Pred  181 ms Sync   16 ms | Sent   864 kB Recv  1191 kB |  all
🔶 Pred  182 ms Sync   15 ms | Sent   864 kB Recv  1191 kB |  
🔶 Pred  181 ms Sync   16 ms | Sent   864 kB Recv  1191 kB | 8
🔶 Pred  183 ms Sync   15 ms | Sent   864 kB Recv  1191 kB |  heads
🔶 Pred  185 ms Sync   19 ms | Sent   864 kB Recv  1191 kB | ,
🔶 Pred  186 ms Sync   16 ms | Sent   864 kB Recv  1191 kB |  so
🔶 Pred  181 ms Sync   16 ms | Sent   864 kB Recv  1191 kB |  each
🔶 Pred  182 ms Sync   16 ms | Sent   864 kB Recv  1191 kB |  CPU
🔶 Pred  181 ms Sync   16 ms | Sent   864 kB Recv  1191 kB |  needs
🔶 Pred  182 ms Sync   15 ms | Sent   864 kB Recv  1191 kB |  to
🔶 Pred  181 ms Sync   16 ms | Sent   864 kB Recv  1191 kB |  send
🔶 Pred  182 ms Sync   15 ms | Sent   864 kB Recv  1191 kB |  its
🔶 Pred  181 ms Sync   16 ms | Sent   864 kB Recv  1191 kB |  computed
🔶 Pred  183 ms Sync   19 ms | Sent   864 kB Recv  1191 kB |  keys
🔶 Pred  181 ms Sync   16 ms | Sent   864 kB Recv  1191 kB |  and
🔶 Pred  182 ms Sync   16 ms | Sent   864 kB Recv  1191 kB |  values
🔶 Pred  181 ms Sync   16 ms | Sent   864 kB Recv  1191 kB |  to
🔶 Pred  182 ms Sync   16 ms | Sent   864 kB Recv  1191 kB |  the
🔶 Pred  187 ms Sync   15 ms | Sent   864 kB Recv  1191 kB |  others
🔶 Pred  187 ms Sync   19 ms | Sent   864 kB Recv  1191 kB | .


🔶 Pred  187 ms Sync   17 ms | Sent   864 kB Recv  1191 kB | Wait
🔶 Pred  181 ms Sync   16 ms | Sent   864 kB Recv  1191 kB | ,
🔶 Pred  182 ms Sync   16 ms | Sent   864 kB Recv  1191 kB |  but
🔶 Pred  181 ms Sync   17 ms | Sent   864 kB Recv  1191 kB |  if
🔶 Pred  182 ms Sync   15 ms | Sent   864 kB Recv  1191 kB |  each
🔶 Pred  181 ms Sync   17 ms | Sent   864 kB Recv  1191 kB |  CPU
🔶 Pred  182 ms Sync   15 ms | Sent   864 kB Recv  1191 kB |  has
🔶 Pred  181 ms Sync   16 ms | Sent   864 kB Recv  1191 kB |  
🔶 Pred  182 ms Sync   16 ms | Sent   864 kB Recv  1191 kB | 2
🔶 Pred  181 ms Sync   16 ms | Sent   864 kB Recv  1191 kB |  heads
🔶 Pred  182 ms Sync   15 ms | Sent   864 kB Recv  1191 kB | ,
🔶 Pred  181 ms Sync   16 ms | Sent   864 kB Recv  1191 kB |  and
🔶 Pred  182 ms Sync   16 ms | Sent   864 kB Recv  1191 kB |  there
🔶 Pred  182 ms Sync   18 ms | Sent   864 kB Recv  1191 kB |  are
🔶 Pred  189 ms Sync   19 ms | Sent   864 kB Recv  1191 kB |  
🔶 Pred  184 ms Sync   19 ms | Sent   864 kB Recv  1191 kB | 4
🔶 Pred  182 ms Sync   16 ms | Sent   864 kB Recv  1191 kB |  CPUs
🔶 Pred  181 ms Sync   16 ms | Sent   864 kB Recv  1191 kB | ,
🔶 Pred  181 ms Sync   17 ms | Sent   864 kB Recv  1191 kB |  each
🔶 Pred  181 ms Sync   16 ms | Sent   864 kB Recv  1191 kB |  with
🔶 Pred  181 ms Sync   16 ms | Sent   864 kB Recv  1191 kB |  
🔶 Pred  181 ms Sync   16 ms | Sent   864 kB Recv  1191 kB | 2
🔶 Pred  185 ms Sync   13 ms | Sent   864 kB Recv  1191 kB |  heads
🔶 Pred  189 ms Sync   16 ms | Sent   864 kB Recv  1191 kB | ,
🔶 Pred  183 ms Sync   15 ms | Sent   864 kB Recv  1191 kB |  that
🔶 Pred  182 ms Sync   16 ms | Sent   864 kB Recv  1191 kB | 's
🔶 Pred  183 ms Sync   15 ms | Sent   864 kB Recv  1191 kB |  
🔶 Pred  181 ms Sync   16 ms | Sent   864 kB Recv  1191 kB | 8
🔶 Pred  185 ms Sync   16 ms | Sent   864 kB Recv  1191 kB |  heads
🔶 Pred  185 ms Sync   21 ms | Sent   864 kB Recv  1191 kB |  in
🔶 Pred  184 ms Sync   23 ms | Sent   864 kB Recv  1191 kB |  total
🔶 Pred  182 ms Sync   16 ms | Sent   864 kB Recv  1191 kB | .
🔶 Pred  182 ms Sync   16 ms | Sent   864 kB Recv  1191 kB |  So
🔶 Pred  182 ms Sync   16 ms | Sent   864 kB Recv  1191 kB |  during
🔶 Pred  182 ms Sync   16 ms | Sent   864 kB Recv  1191 kB |  the
🔶 Pred  182 ms Sync   16 ms | Sent   864 kB Recv  1191 kB |  attention
🔶 Pred  182 ms Sync   16 ms | Sent   864 kB Recv  1191 kB |  computation
🔶 Pred  182 ms Sync   16 ms | Sent   864 kB Recv  1191 kB | ,
🔶 Pred  182 ms Sync   16 ms | Sent   864 kB Recv  1191 kB |  each
🔶 Pred  182 ms Sync   16 ms | Sent   864 kB Recv  1191 kB |  CPU
🔶 Pred  182 ms Sync   16 ms | Sent   864 kB Recv  1191 kB | 's
🔶 Pred  183 ms Sync   17 ms | Sent   864 kB Recv  1191 kB |  
🔶 Pred  182 ms Sync   16 ms | Sent   864 kB Recv  1191 kB | 2
🔶 Pred  184 ms Sync   20 ms | Sent   864 kB Recv  1191 kB |  heads
🔶 Pred  187 ms Sync   19 ms | Sent   864 kB Recv  1191 kB |  need
🔶 Pred  187 ms Sync   17 ms | Sent   864 kB Recv  1191 kB |  to
🔶 Pred  182 ms Sync   16 ms | Sent   864 kB Recv  1191 kB |  attend
🔶 Pred  185 ms Sync   15 ms | Sent   864 kB Recv  1191 kB |  to
🔶 Pred  185 ms Sync   14 ms | Sent   864 kB Recv  1191 kB |  all
🔶 Pred  182 ms Sync   16 ms | Sent   864 kB Recv  1191 kB |  
🔶 Pred  182 ms Sync   16 ms | Sent   864 kB Recv  1191 kB | 8
🔶 Pred  182 ms Sync   16 ms | Sent   864 kB Recv  1191 kB |  heads
🔶 Pred  182 ms Sync   16 ms | Sent   864 kB Recv  1191 kB |  across
🔶 Pred  182 ms Sync   16 ms | Sent   864 kB Recv  1191 kB |  all
🔶 Pred  183 ms Sync   16 ms | Sent   864 kB Recv  1191 kB |  CPUs
🔶 Pred  183 ms Sync   16 ms | Sent   864 kB Recv  1191 kB | .
🔶 Pred  182 ms Sync   17 ms | Sent   864 kB Recv  1191 kB |  That
🔶 Pred  182 ms Sync   16 ms | Sent   864 kB Recv  1191 kB |  means
🔶 Pred  184 ms Sync   20 ms | Sent   864 kB Recv  1191 kB |  each
🔶 Pred  186 ms Sync   19 ms | Sent   864 kB Recv  1191 kB |  CPU
🔶 Pred  185 ms Sync   19 ms | Sent   864 kB Recv  1191 kB |  needs
🔶 Pred  182 ms Sync   17 ms | Sent   864 kB Recv  1191 kB |  to
🔶 Pred  182 ms Sync   16 ms | Sent   864 kB Recv  1191 kB |  receive
🔶 Pred  182 ms Sync   16 ms | Sent   864 kB Recv  1191 kB |  keys
🔶 Pred  182 ms Sync   16 ms | Sent   864 kB Recv  1191 kB |  and
🔶 Pred  183 ms Sync   16 ms | Sent   864 kB Recv  1191 kB |  values
🔶 Pred  182 ms Sync   16 ms | Sent   864 kB Recv  1191 kB |  from
🔶 Pred  182 ms Sync   17 ms | Sent   864 kB Recv  1191 kB |  the
🔶 Pred  182 ms Sync   17 ms | Sent   864 kB Recv  1191 kB |  other
🔶 Pred  182 ms Sync   16 ms | Sent   864 kB Recv  1191 kB |  
🔶 Pred  182 ms Sync   16 ms | Sent   864 kB Recv  1191 kB | 3
🔶 Pred  183 ms Sync   16 ms | Sent   864 kB Recv  1191 kB |  CPUs
🔶 Pred  185 ms Sync   15 ms | Sent   864 kB Recv  1191 kB | .
🔶 Pred  191 ms Sync   17 ms | Sent   864 kB Recv  1191 kB |  Each
🔶 Pred  186 ms Sync   16 ms | Sent   864 kB Recv  1191 kB |  of
🔶 Pred  188 ms Sync   17 ms | Sent   864 kB Recv  1191 kB |  these
🔶 Pred  183 ms Sync   16 ms | Sent   864 kB Recv  1191 kB |  has
🔶 Pred  184 ms Sync   16 ms | Sent   864 kB Recv  1191 kB |  
🔶 Pred  182 ms Sync   16 ms | Sent   864 kB Recv  1191 kB | 2
🔶 Pred  183 ms Sync   16 ms | Sent   864 kB Recv  1191 kB |  heads
🔶 Pred  183 ms Sync   16 ms | Sent   864 kB Recv  1191 kB | ,
🔶 Pred  184 ms Sync   15 ms | Sent   864 kB Recv  1191 kB |  so
🔶 Pred  183 ms Sync   16 ms | Sent   864 kB Recv  1191 kB |  each
🔶 Pred  184 ms Sync   16 ms | Sent   864 kB Recv  1191 kB |  CPU
🔶 Pred  183 ms Sync   16 ms | Sent   864 kB Recv  1191 kB |  will
🔶 Pred  184 ms Sync   15 ms | Sent   864 kB Recv  1191 kB |  receive
🔶 Pred  184 ms Sync   16 ms | Sent   864 kB Recv  1191 kB |  
🔶 Pred  183 ms Sync   16 ms | Sent   864 kB Recv  1191 kB | 3
🔶 Pred  192 ms Sync   19 ms | Sent   864 kB Recv  1191 kB | *
🔶 Pred  183 ms Sync   17 ms | Sent   864 kB Recv  1191 kB | 2
🔶 Pred  188 ms Sync   17 ms | Sent   864 kB Recv  1191 kB | =
🔶 Pred  187 ms Sync   16 ms | Sent   864 kB Recv  1191 kB | 6
🔶 Pred  184 ms Sync   16 ms | Sent   864 kB Recv  1191 kB |  keys
🔶 Pred  183 ms Sync   16 ms | Sent   864 kB Recv  1191 kB |  and
🔶 Pred  184 ms Sync   16 ms | Sent   864 kB Recv  1191 kB |  
🔶 Pred  183 ms Sync   16 ms | Sent   864 kB Recv  1191 kB | 6
🔶 Pred  184 ms Sync   15 ms | Sent   864 kB Recv  1191 kB |  values
🔶 Pred  186 ms Sync   14 ms | Sent   864 kB Recv  1191 kB | ,
🔶 Pred  184 ms Sync   16 ms | Sent   864 kB Recv  1191 kB |  each
🔶 Pred  183 ms Sync   17 ms | Sent   864 kB Recv  1191 kB |  of
🔶 Pred  183 ms Sync   16 ms | Sent   864 kB Recv  1191 kB |  size
🔶 Pred  183 ms Sync   17 ms | Sent   864 kB Recv  1191 kB |  
🔶 Pred  183 ms Sync   16 ms | Sent   864 kB Recv  1191 kB | 64
🔶 Pred  189 ms Sync   23 ms | Sent   864 kB Recv  1191 kB | .
🔶 Pred  185 ms Sync   16 ms | Sent   864 kB Recv  1191 kB |  So
🔶 Pred  188 ms Sync   17 ms | Sent   864 kB Recv  1191 kB |  the
🔶 Pred  183 ms Sync   16 ms | Sent   864 kB Recv  1191 kB |  data
🔶 Pred  183 ms Sync   16 ms | Sent   864 kB Recv  1191 kB |  transfer
🔶 Pred  183 ms Sync   16 ms | Sent   864 kB Recv  1191 kB |  per
🔶 Pred  183 ms Sync   16 ms | Sent   864 kB Recv  1191 kB |  step
🔶 Pred  183 ms Sync   16 ms | Sent   864 kB Recv  1191 kB |  would
🔶 Pred  183 ms Sync   17 ms | Sent   864 kB Recv  1191 kB |  be
🔶 Pred  183 ms Sync   16 ms | Sent   864 kB Recv  1191 kB |  
🔶 Pred  184 ms Sync   16 ms | Sent   864 kB Recv  1191 kB | 6
🔶 Pred  184 ms Sync   16 ms | Sent   864 kB Recv  1191 kB |  keys
🔶 Pred  183 ms Sync   16 ms | Sent   864 kB Recv  1191 kB |  *
🔶 Pred  183 ms Sync   16 ms | Sent   864 kB Recv  1191 kB |  
🔶 Pred  184 ms Sync   19 ms | Sent   864 kB Recv  1191 kB | 64
🔶 Pred  189 ms Sync   20 ms | Sent   864 kB Recv  1191 kB |  and
🔶 Pred  185 ms Sync   16 ms | Sent   864 kB Recv  1191 kB |  
🔶 Pred  185 ms Sync   18 ms | Sent   864 kB Recv  1191 kB | 6
🔶 Pred  184 ms Sync   16 ms | Sent   864 kB Recv  1191 kB |  values
🔶 Pred  188 ms Sync   14 ms | Sent   864 kB Recv  1191 kB |  *
🔶 Pred  185 ms Sync   16 ms | Sent   864 kB Recv  1191 kB | 64
🔶 Pred  184 ms Sync   16 ms | Sent   864 kB Recv  1191 kB | ,
🔶 Pred  184 ms Sync   16 ms | Sent   864 kB Recv  1191 kB |  which
🔶 Pred  184 ms Sync   16 ms | Sent   864 kB Recv  1191 kB |  is
🔶 Pred  185 ms Sync   16 ms | Sent   864 kB Recv  1191 kB |  
🔶 Pred  185 ms Sync   16 ms | Sent   864 kB Recv  1191 kB | 6
🔶 Pred  184 ms Sync   17 ms | Sent   864 kB Recv  1191 kB | *
🔶 Pred  184 ms Sync   17 ms | Sent   864 kB Recv  1191 kB | 128
🔶 Pred  185 ms Sync   16 ms | Sent   864 kB Recv  1191 kB | =
🔶 Pred  185 ms Sync   18 ms | Sent   864 kB Recv  1191 kB | 768
🔶 Pred  191 ms Sync   19 ms | Sent   864 kB Recv  1191 kB |  per
🔶 Pred  186 ms Sync   20 ms | Sent   864 kB Recv  1191 kB |  CPU
🔶 Pred  185 ms Sync   16 ms | Sent   864 kB Recv  1191 kB |  per
🔶 Pred  184 ms Sync   17 ms | Sent   864 kB Recv  1191 kB |  step
🔶 Pred  184 ms Sync   16 ms | Sent   864 kB Recv  1191 kB | .
🔶 Pred  184 ms Sync   18 ms | Sent   864 kB Recv  1191 kB |  If
🔶 Pred  185 ms Sync   16 ms | Sent   864 kB Recv  1191 kB |  we
🔶 Pred  184 ms Sync   17 ms | Sent   864 kB Recv  1191 kB |  have
🔶 Pred  185 ms Sync   16 ms | Sent   864 kB Recv  1191 kB |  
🔶 Pred  185 ms Sync   16 ms | Sent   864 kB Recv  1191 kB | 100
🔶 Pred  184 ms Sync   17 ms | Sent   864 kB Recv  1191 kB | 0
🔶 Pred  185 ms Sync   16 ms | Sent   864 kB Recv  1191 kB |  tokens
🔶 Pred  184 ms Sync   17 ms | Sent   864 kB Recv  1191 kB | ,
🔶 Pred  188 ms Sync   15 ms | Sent   864 kB Recv  1191 kB |  that
🔶 Pred  192 ms Sync   18 ms | Sent   864 kB Recv  1191 kB | 's
🔶 Pred  188 ms Sync   17 ms | Sent   864 kB Recv  1191 kB |  
🔶 Pred  189 ms Sync   18 ms | Sent   864 kB Recv  1191 kB | 100
🔶 Pred  185 ms Sync   16 ms | Sent   864 kB Recv  1191 kB | 0
🔶 Pred  185 ms Sync   16 ms | Sent   864 kB Recv  1191 kB |  steps
🔶 Pred  186 ms Sync   16 ms | Sent   864 kB Recv  1191 kB | ,
🔶 Pred  184 ms Sync   16 ms | Sent   864 kB Recv  1191 kB |  so
🔶 Pred  185 ms Sync   16 ms | Sent   864 kB Recv  1191 kB |  
🔶 Pred  185 ms Sync   17 ms | Sent   864 kB Recv  1191 kB | 768
🔶 Pred  186 ms Sync   15 ms | Sent   864 kB Recv  1191 kB | *
🔶 Pred  185 ms Sync   16 ms | Sent   864 kB Recv  1191 kB | 100
🔶 Pred  185 ms Sync   16 ms | Sent   864 kB Recv  1191 kB | 0
🔶 Pred  185 ms Sync   17 ms | Sent   864 kB Recv  1191 kB | =
🔶 Pred  186 ms Sync   16 ms | Sent   864 kB Recv  1191 kB | 768
🔶 Pred  185 ms Sync   16 ms | Sent   864 kB Recv  1191 kB | ,
🔶 Pred  195 ms Sync   19 ms | Sent   864 kB Recv  1191 kB | 000
🔶 Pred  185 ms Sync   17 ms | Sent   864 kB Recv  1191 kB |  operations
🔶 Pred  190 ms Sync   17 ms | Sent   864 kB Recv  1191 kB |  per
🔶 Pred  185 ms Sync   16 ms | Sent   864 kB Recv  1191 kB |  CPU
🔶 Pred  186 ms Sync   15 ms | Sent   864 kB Recv  1191 kB | .
🔶 Pred  185 ms Sync   16 ms | Sent   864 kB Recv  1191 kB |  That
🔶 Pred  185 ms Sync   16 ms | Sent   864 kB Recv  1191 kB |  seems
🔶 Pred  186 ms Sync   16 ms | Sent   864 kB Recv  1191 kB |  like
🔶 Pred  185 ms Sync   16 ms | Sent   864 kB Recv  1191 kB |  a
🔶 Pred  196 ms Sync   12 ms | Sent   864 kB Recv  1191 kB |  lot
🔶 Pred  185 ms Sync   16 ms | Sent   864 kB Recv  1191 kB | ,
🔶 Pred  186 ms Sync   16 ms | Sent   864 kB Recv  1191 kB |  but
🔶 Pred  185 ms Sync   16 ms | Sent   864 kB Recv  1191 kB |  maybe
🔶 Pred  186 ms Sync   16 ms | Sent   864 kB Recv  1191 kB |  with
🔶 Pred  186 ms Sync   18 ms | Sent   864 kB Recv  1191 kB |  optimizations
🔶 Pred  190 ms Sync   21 ms | Sent   864 kB Recv  1191 kB | ,
🔶 Pred  190 ms Sync   18 ms | Sent   864 kB Recv  1191 kB |  it
🔶 Pred  186 ms Sync   16 ms | Sent   864 kB Recv  1191 kB | 's
🔶 Pred  187 ms Sync   15 ms | Sent   864 kB Recv  1191 kB |  manageable
🔶 Pred  185 ms Sync   17 ms | Sent   864 kB Recv  1191 kB | .


🔶 Pred  187 ms Sync   15 ms | Sent   864 kB Recv  1191 kB | But
🔶 Pred  186 ms Sync   17 ms | Sent   864 kB Recv  1191 kB |  wait
🔶 Pred  186 ms Sync   16 ms | Sent   864 kB Recv  1191 kB | ,
🔶 Pred  185 ms Sync   17 ms | Sent   864 kB Recv  1191 kB |  maybe
🔶 Pred  188 ms Sync   16 ms | Sent   864 kB Recv  1191 kB |  the
🔶 Pred  186 ms Sync   16 ms | Sent   864 kB Recv  1191 kB |  all
🔶 Pred  187 ms Sync   16 ms | Sent   864 kB Recv  1191 kB | -re
🔶 Pred  186 ms Sync   16 ms | Sent   864 kB Recv  1191 kB | duce
🔶 Pred  187 ms Sync   15 ms | Sent   864 kB Recv  1191 kB |  step
🔶 Pred  189 ms Sync   20 ms | Sent   864 kB Recv  1191 kB |  happens
🔶 Pred  191 ms Sync   16 ms | Sent   864 kB Recv  1191 kB |  after
🔶 Pred  189 ms Sync   20 ms | Sent   864 kB Recv  1191 kB |  each
🔶 Pred  187 ms Sync   16 ms | Sent   864 kB Recv  1191 kB |  attention
🔶 Pred  188 ms Sync   15 ms | Sent   864 kB Recv  1191 kB |  head
🔶 Pred  191 ms Sync   14 ms | Sent   864 kB Recv  1191 kB | 's
🔶 Pred  186 ms Sync   17 ms | Sent   864 kB Recv  1191 kB |  computation
🔶 Pred  187 ms Sync   15 ms | Sent   864 kB Recv  1191 kB | .
🔶 Pred  186 ms Sync   16 ms | Sent   864 kB Recv  1191 kB |  So
🔶 Pred  187 ms Sync   16 ms | Sent   864 kB Recv  1191 kB |  after
🔶 Pred  186 ms Sync   16 ms | Sent   864 kB Recv  1191 kB |  each
🔶 Pred  187 ms Sync   15 ms | Sent   864 kB Recv  1191 kB |  head
🔶 Pred  186 ms Sync   16 ms | Sent   864 kB Recv  1191 kB |  computes
🔶 Pred  187 ms Sync   15 ms | Sent   864 kB Recv  1191 kB | ,
🔶 Pred  186 ms Sync   16 ms | Sent   864 kB Recv  1191 kB |  all
🔶 Pred  191 ms Sync   21 ms | Sent   864 kB Recv  1191 kB |  CPUs
🔶 Pred  188 ms Sync   16 ms | Sent   864 kB Recv  1191 kB |  all
🔶 Pred  189 ms Sync   16 ms | Sent   864 kB Recv  1191 kB | -re
🔶 Pred  186 ms Sync   16 ms | Sent   864 kB Recv  1191 kB | duce
🔶 Pred  186 ms Sync   16 ms | Sent   864 kB Recv  1191 kB |  their
🔶 Pred  186 ms Sync   16 ms | Sent   864 kB Recv  1191 kB |  weights
🔶 Pred  187 ms Sync   16 ms | Sent   864 kB Recv  1191 kB |  and
🔶 Pred  186 ms Sync   16 ms | Sent   864 kB Recv  1191 kB |  the
🔶 Pred  186 ms Sync   16 ms | Sent   864 kB Recv  1191 kB |  attention
🔶 Pred  186 ms Sync   16 ms | Sent   864 kB Recv  1191 kB |  outputs
🔶 Pred  187 ms Sync   16 ms | Sent   864 kB Recv  1191 kB | .
🔶 Pred  187 ms Sync   16 ms | Sent   864 kB Recv  1191 kB |  That
🔶 Pred  187 ms Sync   16 ms | Sent   864 kB Recv  1191 kB |  way
🔶 Pred  188 ms Sync   15 ms | Sent   864 kB Recv  1191 kB | ,
🔶 Pred  192 ms Sync   15 ms | Sent   864 kB Recv  1191 kB |  the
🔶 Pred  192 ms Sync   20 ms | Sent   864 kB Recv  1191 kB |  information
🔶 Pred  190 ms Sync   19 ms | Sent   864 kB Recv  1191 kB |  is
🔶 Pred  187 ms Sync   16 ms | Sent   864 kB Recv  1191 kB |  kept
🔶 Pred  187 ms Sync   16 ms | Sent   864 kB Recv  1191 kB |  fresh
🔶 Pred  187 ms Sync   16 ms | Sent   864 kB Recv  1191 kB | ,
🔶 Pred  187 ms Sync   16 ms | Sent   864 kB Recv  1191 kB |  and
🔶 Pred  187 ms Sync   16 ms | Sent   864 kB Recv  1191 kB |  the
🔶 Pred  187 ms Sync   16 ms | Sent   864 kB Recv  1191 kB |  computation
🔶 Pred  187 ms Sync   16 ms | Sent   864 kB Recv  1191 kB |  can
🔶 Pred  187 ms Sync   16 ms | Sent   864 kB Recv  1191 kB |  proceed
🔶 Pred  187 ms Sync   16 ms | Sent   864 kB Recv  1191 kB |  without
🔶 Pred  187 ms Sync   16 ms | Sent   864 kB Recv  1191 kB |  too
🔶 Pred  187 ms Sync   16 ms | Sent   864 kB Recv  1191 kB |  much
🔶 Pred  191 ms Sync   17 ms | Sent   864 kB Recv  1191 kB |  lag
🔶 Pred  193 ms Sync   19 ms | Sent   864 kB Recv  1191 kB | .
🔶 Pred  187 ms Sync   16 ms | Sent   864 kB Recv  1191 kB |  Also
🔶 Pred  190 ms Sync   18 ms | Sent   864 kB Recv  1191 kB | ,
🔶 Pred  187 ms Sync   16 ms | Sent   864 kB Recv  1191 kB |  the
🔶 Pred  187 ms Sync   17 ms | Sent   864 kB Recv  1191 kB |  KV
🔶 Pred  187 ms Sync   16 ms | Sent   864 kB Recv  1191 kB | -cache
🔶 Pred  187 ms Sync   16 ms | Sent   864 kB Recv  1191 kB |  would
🔶 Pred  187 ms Sync   16 ms | Sent   864 kB Recv  1191 kB |  store
🔶 Pred  187 ms Sync   16 ms | Sent   864 kB Recv  1191 kB |  the
🔶 Pred  192 ms Sync   14 ms | Sent   864 kB Recv  1191 kB |  keys
🔶 Pred  188 ms Sync   15 ms | Sent   864 kB Recv  1191 kB |  and
🔶 Pred  187 ms Sync   16 ms | Sent   864 kB Recv  1191 kB |  values
🔶 Pred  188 ms Sync   16 ms | Sent   864 kB Recv  1191 kB |  from
🔶 Pred  187 ms Sync   16 ms | Sent   864 kB Recv  1191 kB |  each
🔶 Pred  188 ms Sync   20 ms | Sent   864 kB Recv  1191 kB |  head
🔶 Pred  192 ms Sync   20 ms | Sent   864 kB Recv  1191 kB |  so
🔶 Pred  193 ms Sync   16 ms | Sent   864 kB Recv  1191 kB |  that
🔶 Pred  188 ms Sync   16 ms | Sent   864 kB Recv  1191 kB |  when
🔶 Pred  189 ms Sync   15 ms | Sent   864 kB Recv  1191 kB |  another
🔶 Pred  187 ms Sync   16 ms | Sent   864 kB Recv  1191 kB |  CPU
🔶 Pred  189 ms Sync   15 ms | Sent   864 kB Recv  1191 kB |  needs
🔶 Pred  188 ms Sync   16 ms | Sent   864 kB Recv  1191 kB |  them
🔶 Pred  188 ms Sync   15 ms | Sent   864 kB Recv  1191 kB | ,
🔶 Pred  188 ms Sync   16 ms | Sent   864 kB Recv  1191 kB |  it
🔶 Pred  189 ms Sync   15 ms | Sent   864 kB Recv  1191 kB |  can
🔶 Pred  188 ms Sync   16 ms | Sent   864 kB Recv  1191 kB |  retrieve
🔶 Pred  189 ms Sync   15 ms | Sent   864 kB Recv  1191 kB |  them
🔶 Pred  188 ms Sync   16 ms | Sent   864 kB Recv  1191 kB |  quickly
🔶 Pred  189 ms Sync   16 ms | Sent   864 kB Recv  1191 kB | .


🔶 Pred  195 ms Sync   18 ms | Sent   864 kB Recv  1191 kB | Another
🔶 Pred  191 ms Sync   15 ms | Sent   864 kB Recv  1191 kB |  thing
🔶 Pred  191 ms Sync   17 ms | Sent   864 kB Recv  1191 kB |  to
🔶 Pred  189 ms Sync   16 ms | Sent   864 kB Recv  1191 kB |  consider
🔶 Pred  191 ms Sync   14 ms | Sent   864 kB Recv  1191 kB |  is
🔶 Pred  192 ms Sync   14 ms | Sent   864 kB Recv  1191 kB |  the
🔶 Pred  188 ms Sync   16 ms | Sent   864 kB Recv  1191 kB |  memory
🔶 Pred  189 ms Sync   15 ms | Sent   864 kB Recv  1191 kB |  usage
🔶 Pred  188 ms Sync   16 ms | Sent   864 kB Recv  1191 kB | .
🔶 Pred  189 ms Sync   15 ms | Sent   864 kB Recv  1191 kB |  Each
🔶 Pred  188 ms Sync   16 ms | Sent   864 kB Recv  1191 kB |  CPU
🔶 Pred  189 ms Sync   15 ms | Sent   864 kB Recv  1191 kB |  has
🔶 Pred  188 ms Sync   16 ms | Sent   864 kB Recv  1191 kB |  its
🔶 Pred  190 ms Sync   15 ms | Sent   864 kB Recv  1191 kB |  own
🔶 Pred  190 ms Sync   17 ms | Sent   864 kB Recv  1191 kB |  sh
🔶 Pred  193 ms Sync   21 ms | Sent   864 kB Recv  1191 kB | arded
🔶 Pred  193 ms Sync   17 ms | Sent   864 kB Recv  1191 kB |  weights
🔶 Pred  189 ms Sync   16 ms | Sent   864 kB Recv  1191 kB | ,
🔶 Pred  191 ms Sync   16 ms | Sent   864 kB Recv  1191 kB |  so
🔶 Pred  189 ms Sync   16 ms | Sent   864 kB Recv  1191 kB |  the
🔶 Pred  189 ms Sync   15 ms | Sent   864 kB Recv  1191 kB |  total
🔶 Pred  189 ms Sync   16 ms | Sent   864 kB Recv  1191 kB |  memory
🔶 Pred  189 ms Sync   15 ms | Sent   864 kB Recv  1191 kB |  used
🔶 Pred  189 ms Sync   16 ms | Sent   864 kB Recv  1191 kB |  is
🔶 Pred  190 ms Sync   16 ms | Sent   864 kB Recv  1191 kB |  the
🔶 Pred  189 ms Sync   16 ms | Sent   864 kB Recv  1191 kB |  sum
🔶 Pred  190 ms Sync   15 ms | Sent   864 kB Recv  1191 kB |  of
🔶 Pred  189 ms Sync   16 ms | Sent   864 kB Recv  1191 kB |  each
🔶 Pred  193 ms Sync   14 ms | Sent   864 kB Recv  1191 kB |  CPU
🔶 Pred  205 ms Sync   14 ms | Sent   864 kB Recv  1191 kB | 's
🔶 Pred  189 ms Sync   16 ms | Sent   864 kB Recv  1191 kB |  memory
🔶 Pred  195 ms Sync   17 ms | Sent   864 kB Recv  1191 kB | .
🔶 Pred  189 ms Sync   17 ms | Sent   864 kB Recv  1191 kB |  If
🔶 Pred  190 ms Sync   15 ms | Sent   864 kB Recv  1191 kB |  each
🔶 Pred  190 ms Sync   15 ms | Sent   864 kB Recv  1191 kB |  CPU
🔶 Pred  189 ms Sync   16 ms | Sent   864 kB Recv  1191 kB |  has
🔶 Pred  190 ms Sync   15 ms | Sent   864 kB Recv  1191 kB | ,
🔶 Pred  189 ms Sync   16 ms | Sent   864 kB Recv  1191 kB |  say
🔶 Pred  190 ms Sync   15 ms | Sent   864 kB Recv  1191 kB | ,
🔶 Pred  189 ms Sync   16 ms | Sent   864 kB Recv  1191 kB |  
🔶 Pred  190 ms Sync   15 ms | Sent   864 kB Recv  1191 kB | 8
🔶 Pred  189 ms Sync   16 ms | Sent   864 kB Recv  1191 kB | k
🔶 Pred  190 ms Sync   15 ms | Sent   864 kB Recv  1191 kB |  tokens
🔶 Pred  190 ms Sync   18 ms | Sent   864 kB Recv  1191 kB |  of
🔶 Pred  198 ms Sync   17 ms | Sent   864 kB Recv  1191 kB |  memory
🔶 Pred  192 ms Sync   19 ms | Sent   864 kB Recv  1191 kB |  for
🔶 Pred  190 ms Sync   15 ms | Sent   864 kB Recv  1191 kB |  the
🔶 Pred  189 ms Sync   16 ms | Sent   864 kB Recv  1191 kB |  weights
🔶 Pred  190 ms Sync   15 ms | Sent   864 kB Recv  1191 kB | ,
🔶 Pred  189 ms Sync   16 ms | Sent   864 kB Recv  1191 kB |  and
🔶 Pred  190 ms Sync   15 ms | Sent   864 kB Recv  1191 kB |  we
🔶 Pred  190 ms Sync   15 ms | Sent   864 kB Recv  1191 kB |  have
🔶 Pred  192 ms Sync   15 ms | Sent   864 kB Recv  1191 kB |  
🔶 Pred  196 ms Sync   13 ms | Sent   864 kB Recv  1191 kB | 4
🔶 Pred  190 ms Sync   15 ms | Sent   864 kB Recv  1191 kB |  CPUs
🔶 Pred  191 ms Sync   15 ms | Sent   864 kB Recv  1191 kB | ,
🔶 Pred  190 ms Sync   16 ms | Sent   864 kB Recv  1191 kB |  that
🔶 Pred  190 ms Sync   15 ms | Sent   864 kB Recv  1191 kB | 's
🔶 Pred  196 ms Sync   17 ms | Sent   864 kB Recv  1191 kB |  
🔶 Pred  191 ms Sync   18 ms | Sent   864 kB Recv  1191 kB | 32
🔶 Pred  193 ms Sync   16 ms | Sent   864 kB Recv  1191 kB | k
🔶 Pred  191 ms Sync   15 ms | Sent   864 kB Recv  1191 kB |  tokens
🔶 Pred  190 ms Sync   16 ms | Sent   864 kB Recv  1191 kB |  of
🔶 Pred  191 ms Sync   15 ms | Sent   864 kB Recv  1191 kB |  memory
🔶 Pred  190 ms Sync   16 ms | Sent   864 kB Recv  1191 kB | .
🔶 Pred  191 ms Sync   15 ms | Sent   864 kB Recv  1191 kB |  But
🔶 Pred  190 ms Sync   16 ms | Sent   864 kB Recv  1191 kB |  in
🔶 Pred  191 ms Sync   15 ms | Sent   864 kB Recv  1191 kB |  reality
🔶 Pred  190 ms Sync   16 ms | Sent   864 kB Recv  1191 kB | ,
🔶 Pred  191 ms Sync   15 ms | Sent   864 kB Recv  1191 kB |  each
🔶 Pred  190 ms Sync   15 ms | Sent   864 kB Recv  1191 kB |  CPU
🔶 Pred  191 ms Sync   15 ms | Sent   864 kB Recv  1191 kB | 's
🔶 Pred  192 ms Sync   16 ms | Sent   864 kB Recv  1191 kB |  memory
🔶 Pred  197 ms Sync   16 ms | Sent   864 kB Recv  1191 kB |  is
🔶 Pred  194 ms Sync   16 ms | Sent   864 kB Recv  1191 kB |  divided
🔶 Pred  191 ms Sync   15 ms | Sent   864 kB Recv  1191 kB |  among
🔶 Pred  192 ms Sync   15 ms | Sent   864 kB Recv  1191 kB |  the
🔶 Pred  194 ms Sync   14 ms | Sent   864 kB Recv  1191 kB |  model
🔶 Pred  191 ms Sync   15 ms | Sent   864 kB Recv  1191 kB | 's
🔶 Pred  191 ms Sync   15 ms | Sent   864 kB Recv  1191 kB |  layers
🔶 Pred  191 ms Sync   15 ms | Sent   864 kB Recv  1191 kB | ,
🔶 Pred  190 ms Sync   16 ms | Sent   864 kB Recv  1191 kB |  so
🔶 Pred  192 ms Sync   15 ms | Sent   864 kB Recv  1191 kB |  the
🔶 Pred  190 ms Sync   16 ms | Sent   864 kB Recv  1191 kB |  actual
🔶 Pred  192 ms Sync   15 ms | Sent   864 kB Recv  1191 kB |  memory
🔶 Pred  190 ms Sync   16 ms | Sent   864 kB Recv  1191 kB |  usage
🔶 Pred  193 ms Sync   14 ms | Sent   864 kB Recv  1191 kB |  depends
🔶 Pred  195 ms Sync   25 ms | Sent   864 kB Recv  1191 kB |  on
🔶 Pred  195 ms Sync   15 ms | Sent   864 kB Recv  1191 kB |  the
🔶 Pred  191 ms Sync   16 ms | Sent   864 kB Recv  1191 kB |  model
🔶 Pred  192 ms Sync   16 ms | Sent   864 kB Recv  1191 kB | 's
🔶 Pred  190 ms Sync   16 ms | Sent   864 kB Recv  1191 kB |  architecture
🔶 Pred  192 ms Sync   15 ms | Sent   864 kB Recv  1191 kB | .


🔶 Pred  191 ms Sync   16 ms | Sent   864 kB Recv  1191 kB | I
🔶 Pred  192 ms Sync   15 ms | Sent   864 kB Recv  1191 kB | 'm
🔶 Pred  191 ms Sync   16 ms | Sent   864 kB Recv  1191 kB |  also
🔶 Pred  192 ms Sync   15 ms | Sent   864 kB Recv  1191 kB |  thinking
🔶 Pred  190 ms Sync   16 ms | Sent   864 kB Recv  1191 kB |  about
🔶 Pred  192 ms Sync   15 ms | Sent   864 kB Recv  1191 kB |  how
🔶 Pred  191 ms Sync   16 ms | Sent   864 kB Recv  1191 kB |  the
🔶 Pred  201 ms Sync   11 ms | Sent   864 kB Recv  1191 kB |  model
🔶 Pred  203 ms Sync   15 ms | Sent   864 kB Recv  1191 kB | 's
🔶 Pred  191 ms Sync   16 ms | Sent   864 kB Recv  1191 kB |  forward
🔶 Pred  197 ms Sync   16 ms | Sent   864 kB Recv  1191 kB |  pass
🔶 Pred  191 ms Sync   16 ms | Sent   864 kB Recv  1191 kB |  works
🔶 Pred  192 ms Sync   15 ms | Sent   864 kB Recv  1191 kB |  in
🔶 Pred  191 ms Sync   16 ms | Sent   864 kB Recv  1191 kB |  this
🔶 Pred  192 ms Sync   15 ms | Sent   864 kB Recv  1191 kB |  setup
🔶 Pred  191 ms Sync   16 ms | Sent   864 kB Recv  1191 kB | .
🔶 Pred  192 ms Sync   15 ms | Sent   864 kB Recv  1191 kB |  Each
🔶 Pred  193 ms Sync   14 ms | Sent   864 kB Recv  1191 kB |  CPU
🔶 Pred  191 ms Sync   16 ms | Sent   864 kB Recv  1191 kB |  processes
🔶 Pred  194 ms Sync   15 ms | Sent   864 kB Recv  1191 kB |  a
🔶 Pred  191 ms Sync   16 ms | Sent   864 kB Recv  1191 kB |  portion
🔶 Pred  192 ms Sync   15 ms | Sent   864 kB Recv  1191 kB |  of
🔶 Pred  193 ms Sync   16 ms | Sent   864 kB Recv  1191 kB |  the
🔶 Pred  196 ms Sync   17 ms | Sent   864 kB Recv  1191 kB |  input
🔶 Pred  194 ms Sync   17 ms | Sent   864 kB Recv  1191 kB | ,
🔶 Pred  191 ms Sync   16 ms | Sent   864 kB Recv  1191 kB |  computes
🔶 Pred  191 ms Sync   16 ms | Sent   864 kB Recv  1191 kB |  some
🔶 Pred  191 ms Sync   16 ms | Sent   864 kB Recv  1191 kB |  attention
🔶 Pred  191 ms Sync   16 ms | Sent   864 kB Recv  1191 kB | ,
🔶 Pred  191 ms Sync   16 ms | Sent   864 kB Recv  1191 kB |  and
🔶 Pred  191 ms Sync   16 ms | Sent   864 kB Recv  1191 kB |  then
🔶 Pred  196 ms Sync   14 ms | Sent   864 kB Recv  1191 kB |  combines
🔶 Pred  192 ms Sync   15 ms | Sent   864 kB Recv  1191 kB |  the
🔶 Pred  192 ms Sync   15 ms | Sent   864 kB Recv  1191 kB |  results
🔶 Pred  192 ms Sync   16 ms | Sent   864 kB Recv  1191 kB |  with
🔶 Pred  193 ms Sync   15 ms | Sent   864 kB Recv  1191 kB |  the
🔶 Pred  193 ms Sync   16 ms | Sent   864 kB Recv  1191 kB |  other
🔶 Pred  201 ms Sync   16 ms | Sent   864 kB Recv  1191 kB |  CPUs
🔶 Pred  194 ms Sync   18 ms | Sent   864 kB Recv  1191 kB | '
🔶 Pred  192 ms Sync   16 ms | Sent   864 kB Recv  1191 kB |  results
🔶 Pred  191 ms Sync   17 ms | Sent   864 kB Recv  1191 kB | .
🔶 Pred  192 ms Sync   16 ms | Sent   864 kB Recv  1191 kB |  The
🔶 Pred  192 ms Sync   17 ms | Sent   864 kB Recv  1191 kB |  sh
🔶 Pred  192 ms Sync   16 ms | Sent   864 kB Recv  1191 kB | arded
🔶 Pred  192 ms Sync   16 ms | Sent   864 kB Recv  1191 kB |  weights
🔶 Pred  192 ms Sync   16 ms | Sent   864 kB Recv  1191 kB |  mean
🔶 Pred  192 ms Sync   16 ms | Sent   864 kB Recv  1191 kB |  that
🔶 Pred  192 ms Sync   16 ms | Sent   864 kB Recv  1191 kB |  each
🔶 Pred  192 ms Sync   16 ms | Sent   864 kB Recv  1191 kB |  CPU
🔶 Pred  192 ms Sync   16 ms | Sent   864 kB Recv  1191 kB |  has
🔶 Pred  192 ms Sync   16 ms | Sent   864 kB Recv  1191 kB |  its
🔶 Pred  199 ms Sync   21 ms | Sent   864 kB Recv  1191 kB |  own
🔶 Pred  192 ms Sync   16 ms | Sent   864 kB Recv  1191 kB |  copy
🔶 Pred  196 ms Sync   18 ms | Sent   864 kB Recv  1191 kB |  of
🔶 Pred  193 ms Sync   16 ms | Sent   864 kB Recv  1191 kB |  the
🔶 Pred  197 ms Sync   14 ms | Sent   864 kB Recv  1191 kB |  model
🔶 Pred  192 ms Sync   16 ms | Sent   864 kB Recv  1191 kB | 's
🔶 Pred  192 ms Sync   16 ms | Sent   864 kB Recv  1191 kB |  layers
🔶 Pred  192 ms Sync   16 ms | Sent   864 kB Recv  1191 kB | ,
🔶 Pred  192 ms Sync   16 ms | Sent   864 kB Recv  1191 kB |  so
🔶 Pred  192 ms Sync   16 ms | Sent   864 kB Recv  1191 kB |  when
🔶 Pred  192 ms Sync   16 ms | Sent   864 kB Recv  1191 kB |  a
🔶 Pred  192 ms Sync   16 ms | Sent   864 kB Recv  1191 kB |  layer
🔶 Pred  192 ms Sync   16 ms | Sent   864 kB Recv  1191 kB |  is
🔶 Pred  192 ms Sync   16 ms | Sent   864 kB Recv  1191 kB |  applied
🔶 Pred  200 ms Sync   21 ms | Sent   864 kB Recv  1191 kB | ,
🔶 Pred  193 ms Sync   16 ms | Sent   864 kB Recv  1191 kB |  it
🔶 Pred  195 ms Sync   20 ms | Sent   864 kB Recv  1191 kB | 's
🔶 Pred  192 ms Sync   16 ms | Sent   864 kB Recv  1191 kB |  done
🔶 Pred  192 ms Sync   16 ms | Sent   864 kB Recv  1191 kB |  on
🔶 Pred  193 ms Sync   16 ms | Sent   864 kB Recv  1191 kB |  each
🔶 Pred  193 ms Sync   17 ms | Sent   864 kB Recv  1191 kB |  CPU
🔶 Pred  193 ms Sync   16 ms | Sent   864 kB Recv  1191 kB | 's
🔶 Pred  193 ms Sync   16 ms | Sent   864 kB Recv  1191 kB |  portion
🔶 Pred  193 ms Sync   17 ms | Sent   864 kB Recv  1191 kB |  of
🔶 Pred  193 ms Sync   16 ms | Sent   864 kB Recv  1191 kB |  the
🔶 Pred  193 ms Sync   16 ms | Sent   864 kB Recv  1191 kB |  data
🔶 Pred  193 ms Sync   16 ms | Sent   864 kB Recv  1191 kB | .


🔶 Pred  197 ms Sync   16 ms | Sent   864 kB Recv  1191 kB | But
🔶 Pred  200 ms Sync   22 ms | Sent   864 kB Recv  1191 kB |  wait
🔶 Pred  196 ms Sync   17 ms | Sent   864 kB Recv  1191 kB | ,
🔶 Pred  197 ms Sync   19 ms | Sent   864 kB Recv  1191 kB |  in
🔶 Pred  193 ms Sync   17 ms | Sent   864 kB Recv  1191 kB |  transformers
🔶 Pred  192 ms Sync   17 ms | Sent   864 kB Recv  1191 kB | ,
🔶 Pred  193 ms Sync   16 ms | Sent   864 kB Recv  1191 kB |  the
🔶 Pred  193 ms Sync   17 ms | Sent   864 kB Recv  1191 kB |  attention
🔶 Pred  193 ms Sync   16 ms | Sent   864 kB Recv  1191 kB |  mechanism
🔶 Pred  193 ms Sync   17 ms | Sent   864 kB Recv  1191 kB |  requires
🔶 Pred  193 ms Sync   16 ms | Sent   864 kB Recv  1191 kB |  that
🔶 Pred  193 ms Sync   16 ms | Sent   864 kB Recv  1191 kB |  all
🔶 Pred  193 ms Sync   16 ms | Sent   864 kB Recv  1191 kB |  the
🔶 Pred  193 ms Sync   16 ms | Sent   864 kB Recv  1191 kB |  heads
🔶 Pred  193 ms Sync   17 ms | Sent   864 kB Recv  1191 kB | '
🔶 Pred  195 ms Sync   18 ms | Sent   864 kB Recv  1191 kB |  outputs
🔶 Pred  199 ms Sync   19 ms | Sent   864 kB Recv  1191 kB |  are
🔶 Pred  198 ms Sync   18 ms | Sent   864 kB Recv  1191 kB |  combined
🔶 Pred  194 ms Sync   16 ms | Sent   864 kB Recv  1191 kB | .
🔶 Pred  193 ms Sync   16 ms | Sent   864 kB Recv  1191 kB |  So
🔶 Pred  195 ms Sync   15 ms | Sent   864 kB Recv  1191 kB |  if
🔶 Pred  195 ms Sync   15 ms | Sent   864 kB Recv  1191 kB |  each
🔶 Pred  194 ms Sync   16 ms | Sent   864 kB Recv  1191 kB |  CPU
🔶 Pred  199 ms Sync   13 ms | Sent   864 kB Recv  1191 kB |  handles
🔶 Pred  199 ms Sync   14 ms | Sent   864 kB Recv  1191 kB |  
🔶 Pred  194 ms Sync   16 ms | Sent   864 kB Recv  1191 kB | 2
🔶 Pred  193 ms Sync   17 ms | Sent   864 kB Recv  1191 kB |  heads
🔶 Pred  194 ms Sync   16 ms | Sent   864 kB Recv  1191 kB | ,
🔶 Pred  194 ms Sync   17 ms | Sent   864 kB Recv  1191 kB |  each
🔶 Pred  195 ms Sync   17 ms | Sent   864 kB Recv  1191 kB |  with
🔶 Pred  201 ms Sync   19 ms | Sent   864 kB Recv  1191 kB |  
🔶 Pred  197 ms Sync   19 ms | Sent   864 kB Recv  1191 kB | 64
🔶 Pred  195 ms Sync   16 ms | Sent   864 kB Recv  1191 kB |  dimensions
🔶 Pred  194 ms Sync   17 ms | Sent   864 kB Recv  1191 kB | ,
🔶 Pred  197 ms Sync   16 ms | Sent   864 kB Recv  1191 kB |  then
🔶 Pred  194 ms Sync   17 ms | Sent   864 kB Recv  1191 kB |  each
🔶 Pred  195 ms Sync   15 ms | Sent   864 kB Recv  1191 kB |  CPU
🔶 Pred  194 ms Sync   16 ms | Sent   864 kB Recv  1191 kB | 's
🔶 Pred  195 ms Sync   16 ms | Sent   864 kB Recv  1191 kB |  output
🔶 Pred  194 ms Sync   16 ms | Sent   864 kB Recv  1191 kB |  is
🔶 Pred  196 ms Sync   16 ms | Sent   864 kB Recv  1191 kB |  a
🔶 Pred  194 ms Sync   16 ms | Sent   864 kB Recv  1191 kB |  concaten
🔶 Pred  195 ms Sync   15 ms | Sent   864 kB Recv  1191 kB | ation
🔶 Pred  196 ms Sync   21 ms | Sent   864 kB Recv  1191 kB |  of
🔶 Pred  198 ms Sync   22 ms | Sent   864 kB Recv  1191 kB |  these
🔶 Pred  197 ms Sync   21 ms | Sent   864 kB Recv  1191 kB |  
🔶 Pred  194 ms Sync   17 ms | Sent   864 kB Recv  1191 kB | 2
🔶 Pred  197 ms Sync   15 ms | Sent   864 kB Recv  1191 kB | *
🔶 Pred  200 ms Sync   14 ms | Sent   864 kB Recv  1191 kB | 64
🔶 Pred  194 ms Sync   16 ms | Sent   864 kB Recv  1191 kB |  vectors
🔶 Pred  195 ms Sync   16 ms | Sent   864 kB Recv  1191 kB | .
🔶 Pred  194 ms Sync   17 ms | Sent   864 kB Recv  1191 kB |  Then
🔶 Pred  195 ms Sync   15 ms | Sent   864 kB Recv  1191 kB | ,
🔶 Pred  195 ms Sync   16 ms | Sent   864 kB Recv  1191 kB |  all
🔶 Pred  195 ms Sync   16 ms | Sent   864 kB Recv  1191 kB |  CPUs
🔶 Pred  195 ms Sync   16 ms | Sent   864 kB Recv  1191 kB |  need
🔶 Pred  195 ms Sync   16 ms | Sent   864 kB Recv  1191 kB |  to
🔶 Pred  196 ms Sync   17 ms | Sent   864 kB Recv  1191 kB |  combine
🔶 Pred  199 ms Sync   19 ms | Sent   864 kB Recv  1191 kB |  these
🔶 Pred  198 ms Sync   17 ms | Sent   864 kB Recv  1191 kB |  outputs
🔶 Pred  195 ms Sync   16 ms | Sent   864 kB Recv  1191 kB |  into
🔶 Pred  195 ms Sync   16 ms | Sent   864 kB Recv  1191 kB |  a
🔶 Pred  195 ms Sync   16 ms | Sent   864 kB Recv  1191 kB |  single
🔶 Pred  195 ms Sync   16 ms | Sent   864 kB Recv  1191 kB |  vector
🔶 Pred  195 ms Sync   16 ms | Sent   864 kB Recv  1191 kB |  for
🔶 Pred  195 ms Sync   16 ms | Sent   864 kB Recv  1191 kB |  the
🔶 Pred  195 ms Sync   16 ms | Sent   864 kB Recv  1191 kB |  next
🔶 Pred  195 ms Sync   16 ms | Sent   864 kB Recv  1191 kB |  layer
🔶 Pred  195 ms Sync   16 ms | Sent   864 kB Recv  1191 kB | .
🔶 Pred  195 ms Sync   16 ms | Sent   864 kB Recv  1191 kB |  This
🔶 Pred  196 ms Sync   16 ms | Sent   864 kB Recv  1191 kB |  seems
🔶 Pred  201 ms Sync   14 ms | Sent   864 kB Recv  1191 kB |  comput
🔶 Pred  201 ms Sync   18 ms | Sent   864 kB Recv  1191 kB | ationally
🔶 Pred  198 ms Sync   19 ms | Sent   864 kB Recv  1191 kB |  intensive
🔶 Pred  195 ms Sync   17 ms | Sent   864 kB Recv  1191 kB |  because
🔶 Pred  195 ms Sync   16 ms | Sent   864 kB Recv  1191 kB |  each
🔶 Pred  195 ms Sync   16 ms | Sent   864 kB Recv  1191 kB |  CPU
🔶 Pred  195 ms Sync   16 ms | Sent   864 kB Recv  1191 kB |  has
🔶 Pred  195 ms Sync   16 ms | Sent   864 kB Recv  1191 kB |  to
🔶 Pred  196 ms Sync   16 ms | Sent   864 kB Recv  1191 kB |  send
🔶 Pred  195 ms Sync   16 ms | Sent   864 kB Recv  1191 kB |  its
🔶 Pred  195 ms Sync   16 ms | Sent   864 kB Recv  1191 kB |  
🔶 Pred  196 ms Sync   16 ms | Sent   864 kB Recv  1191 kB | 2
🔶 Pred  195 ms Sync   16 ms | Sent   864 kB Recv  1191 kB | *
🔶 Pred  196 ms Sync   16 ms | Sent   864 kB Recv  1191 kB | 64
🔶 Pred  197 ms Sync   16 ms | Sent   864 kB Recv  1191 kB |  vectors
🔶 Pred  202 ms Sync   18 ms | Sent   864 kB Recv  1191 kB |  to
🔶 Pred  198 ms Sync   19 ms | Sent   864 kB Recv  1191 kB |  the
🔶 Pred  196 ms Sync   21 ms | Sent   864 kB Recv  1191 kB |  others
🔶 Pred  196 ms Sync   16 ms | Sent   864 kB Recv  1191 kB | ,
🔶 Pred  196 ms Sync   16 ms | Sent   864 kB Recv  1191 kB |  which
🔶 Pred  196 ms Sync   16 ms | Sent   864 kB Recv  1191 kB |  could
🔶 Pred  196 ms Sync   16 ms | Sent   864 kB Recv  1191 kB |  be
🔶 Pred  196 ms Sync   17 ms | Sent   864 kB Recv  1191 kB |  a
🔶 Pred  208 ms Sync   12 ms | Sent   864 kB Recv  1191 kB |  lot
🔶 Pred  196 ms Sync   17 ms | Sent   864 kB Recv  1191 kB |  of
🔶 Pred  197 ms Sync   15 ms | Sent   864 kB Recv  1191 kB |  data
🔶 Pred  196 ms Sync   16 ms | Sent   864 kB Recv  1191 kB | .


🔶 Pred  197 ms Sync   15 ms | Sent   864 kB Recv  1191 kB | Maybe
🔶 Pred  197 ms Sync   17 ms | Sent   864 kB Recv  1191 kB |  the
🔶 Pred  206 ms Sync   16 ms | Sent   864 kB Recv  1191 kB |  KV
🔶 Pred  199 ms Sync   18 ms | Sent   864 kB Recv  1191 kB | -cache
🔶 Pred  196 ms Sync   16 ms | Sent   864 kB Recv  1191 kB |  helps
🔶 Pred  197 ms Sync   15 ms | Sent   864 kB Recv  1191 kB |  here
🔶 Pred  196 ms Sync   16 ms | Sent   864 kB Recv  1191 kB |  by
🔶 Pred  197 ms Sync   15 ms | Sent   864 kB Recv  1191 kB |  storing
🔶 Pred  196 ms Sync   17 ms | Sent   864 kB Recv  1191 kB |  each
🔶 Pred  198 ms Sync   15 ms | Sent   864 kB Recv  1191 kB |  head
🔶 Pred  196 ms Sync   16 ms | Sent   864 kB Recv  1191 kB | 's
🔶 Pred  198 ms Sync   16 ms | Sent   864 kB Recv  1191 kB |  outputs
🔶 Pred  197 ms Sync   16 ms | Sent   864 kB Recv  1191 kB |  so
🔶 Pred  198 ms Sync   15 ms | Sent   864 kB Recv  1191 kB |  that
🔶 Pred  196 ms Sync   16 ms | Sent   864 kB Recv  1191 kB |  when
🔶 Pred  201 ms Sync   14 ms | Sent   864 kB Recv  1191 kB |  a
🔶 Pred  205 ms Sync   16 ms | Sent   864 kB Recv  1191 kB |  CPU
🔶 Pred  200 ms Sync   19 ms | Sent   864 kB Recv  1191 kB |  needs
🔶 Pred  197 ms Sync   16 ms | Sent   864 kB Recv  1191 kB |  them
🔶 Pred  200 ms Sync   14 ms | Sent   864 kB Recv  1191 kB | ,
🔶 Pred  197 ms Sync   15 ms | Sent   864 kB Recv  1191 kB |  it
🔶 Pred  197 ms Sync   16 ms | Sent   864 kB Recv  1191 kB |  can
🔶 Pred  197 ms Sync   16 ms | Sent   864 kB Recv  1191 kB |  retrieve
🔶 Pred  198 ms Sync   15 ms | Sent   864 kB Recv  1191 kB |  them
🔶 Pred  197 ms Sync   16 ms | Sent   864 kB Recv  1191 kB |  from
🔶 Pred  199 ms Sync   15 ms | Sent   864 kB Recv  1191 kB |  the
🔶 Pred  198 ms Sync   15 ms | Sent   864 kB Recv  1191 kB |  cache
🔶 Pred  197 ms Sync   16 ms | Sent   864 kB Recv  1191 kB |  instead
🔶 Pred  198 ms Sync   15 ms | Sent   864 kB Recv  1191 kB |  of
🔶 Pred  199 ms Sync   16 ms | Sent   864 kB Recv  1191 kB |  sending
🔶 Pred  204 ms Sync   17 ms | Sent   864 kB Recv  1191 kB |  the
🔶 Pred  201 ms Sync   18 ms | Sent   864 kB Recv  1191 kB |  data
🔶 Pred  198 ms Sync   15 ms | Sent   864 kB Recv  1191 kB |  across
🔶 Pred  197 ms Sync   17 ms | Sent   864 kB Recv  1191 kB |  the
🔶 Pred  199 ms Sync   15 ms | Sent   864 kB Recv  1191 kB |  network
🔶 Pred  197 ms Sync   16 ms | Sent   864 kB Recv  1191 kB | .
🔶 Pred  198 ms Sync   18 ms | Sent   864 kB Recv  1191 kB |  That
🔶 Pred  197 ms Sync   16 ms | Sent   864 kB Recv  1191 kB |  would
🔶 Pred  198 ms Sync   15 ms | Sent   864 kB Recv  1191 kB |  reduce
🔶 Pred  197 ms Sync   16 ms | Sent   864 kB Recv  1191 kB |  the
🔶 Pred  198 ms Sync   16 ms | Sent   864 kB Recv  1191 kB |  bandwidth
🔶 Pred  197 ms Sync   16 ms | Sent   864 kB Recv  1191 kB |  needed
🔶 Pred  204 ms Sync   13 ms | Sent   864 kB Recv  1191 kB |  because
🔶 Pred  206 ms Sync   15 ms | Sent   864 kB Recv  1191 kB |  the
🔶 Pred  200 ms Sync   16 ms | Sent   864 kB Recv  1191 kB |  data
🔶 Pred  200 ms Sync   26 ms | Sent   864 kB Recv  1191 kB |  isn
🔶 Pred  200 ms Sync   14 ms | Sent   864 kB Recv  1191 kB | 't
🔶 Pred  198 ms Sync   17 ms | Sent   864 kB Recv  1191 kB |  transmitted
🔶 Pred  197 ms Sync   17 ms | Sent   864 kB Recv  1191 kB | ;
🔶 Pred  197 ms Sync   16 ms | Sent   864 kB Recv  1191 kB |  it
🔶 Pred  197 ms Sync   16 ms | Sent   864 kB Recv  1191 kB | 's
🔶 Pred  197 ms Sync   16 ms | Sent   864 kB Recv  1191 kB |  just
🔶 Pred  197 ms Sync   16 ms | Sent   864 kB Recv  1191 kB |  looked
🔶 Pred  197 ms Sync   16 ms | Sent   864 kB Recv  1191 kB |  up
🔶 Pred  197 ms Sync   16 ms | Sent   864 kB Recv  1191 kB |  in
🔶 Pred  198 ms Sync   16 ms | Sent   864 kB Recv  1191 kB |  memory
🔶 Pred  199 ms Sync   15 ms | Sent   864 kB Recv  1191 kB | .


🔶 Pred  207 ms Sync   21 ms | Sent   864 kB Recv  1191 kB | Also
🔶 Pred  198 ms Sync   17 ms | Sent   864 kB Recv  1191 kB | ,
🔶 Pred  200 ms Sync   19 ms | Sent   864 kB Recv  1191 kB |  the
🔶 Pred  198 ms Sync   17 ms | Sent   864 kB Recv  1191 kB |  memory
🔶 Pred  198 ms Sync   16 ms | Sent   864 kB Recv  1191 kB | -band
🔶 Pred  198 ms Sync   16 ms | Sent   864 kB Recv  1191 kB | width
🔶 Pred  198 ms Sync   16 ms | Sent   864 kB Recv  1191 kB |  limit
🔶 Pred  198 ms Sync   16 ms | Sent   864 kB Recv  1191 kB |  is
🔶 Pred  204 ms Sync   15 ms | Sent   864 kB Recv  1191 kB |  crucial
🔶 Pred  201 ms Sync   15 ms | Sent   864 kB Recv  1191 kB |  because
🔶 Pred  199 ms Sync   15 ms | Sent   864 kB Recv  1191 kB |  if
🔶 Pred  198 ms Sync   17 ms | Sent   864 kB Recv  1191 kB |  too
🔶 Pred  199 ms Sync   16 ms | Sent   864 kB Recv  1191 kB |  much
🔶 Pred  202 ms Sync   16 ms | Sent   864 kB Recv  1191 kB |  data
🔶 Pred  206 ms Sync   18 ms | Sent   864 kB Recv  1191 kB |  is
🔶 Pred  202 ms Sync   19 ms | Sent   864 kB Recv  1191 kB |  being
🔶 Pred  198 ms Sync   18 ms | Sent   864 kB Recv  1191 kB |  transferred
🔶 Pred  199 ms Sync   15 ms | Sent   864 kB Recv  1191 kB | ,
🔶 Pred  198 ms Sync   16 ms | Sent   864 kB Recv  1191 kB |  the
🔶 Pred  200 ms Sync   16 ms | Sent   864 kB Recv  1191 kB |  system
🔶 Pred  198 ms Sync   16 ms | Sent   864 kB Recv  1191 kB |  will
🔶 Pred  199 ms Sync   19 ms | Sent   864 kB Recv  1191 kB |  become
🔶 Pred  198 ms Sync   16 ms | Sent   864 kB Recv  1191 kB |  a
🔶 Pred  199 ms Sync   16 ms | Sent   864 kB Recv  1191 kB |  bottleneck
🔶 Pred  198 ms Sync   16 ms | Sent   864 kB Recv  1191 kB | .
🔶 Pred  199 ms Sync   16 ms | Sent   864 kB Recv  1191 kB |  So
🔶 Pred  200 ms Sync   16 ms | Sent   864 kB Recv  1191 kB |  the
🔶 Pred  199 ms Sync   16 ms | Sent   864 kB Recv  1191 kB |  design
🔶 Pred  208 ms Sync   19 ms | Sent   864 kB Recv  1191 kB |  must
🔶 Pred  203 ms Sync   19 ms | Sent   864 kB Recv  1191 kB |  balance
🔶 Pred  200 ms Sync   15 ms | Sent   864 kB Recv  1191 kB |  the
🔶 Pred  202 ms Sync   15 ms | Sent   864 kB Recv  1191 kB |  computational
🔶 Pred  204 ms Sync   15 ms | Sent   864 kB Recv  1191 kB |  work
🔶 Pred  199 ms Sync   16 ms | Sent   864 kB Recv  1191 kB |  with
🔶 Pred  200 ms Sync   15 ms | Sent   864 kB Recv  1191 kB |  efficient
🔶 Pred  200 ms Sync   15 ms | Sent   864 kB Recv  1191 kB |  data
🔶 Pred  198 ms Sync   17 ms | Sent   864 kB Recv  1191 kB |  transfer
🔶 Pred  200 ms Sync   15 ms | Sent   864 kB Recv  1191 kB | .
🔶 Pred  199 ms Sync   16 ms | Sent   864 kB Recv  1191 kB |  Perhaps
🔶 Pred  200 ms Sync   16 ms | Sent   864 kB Recv  1191 kB |  using
🔶 Pred  198 ms Sync   16 ms | Sent   864 kB Recv  1191 kB |  non
🔶 Pred  206 ms Sync   16 ms | Sent   864 kB Recv  1191 kB | -blocking
🔶 Pred  204 ms Sync   20 ms | Sent   864 kB Recv  1191 kB |  transfers
🔶 Pred  205 ms Sync   19 ms | Sent   864 kB Recv  1191 kB |  or
🔶 Pred  199 ms Sync   17 ms | Sent   864 kB Recv  1191 kB |  pip
🔶 Pred  200 ms Sync   16 ms | Sent   864 kB Recv  1191 kB | el
🔶 Pred  199 ms Sync   17 ms | Sent   864 kB Recv  1191 kB | ining
🔶 Pred  201 ms Sync   15 ms | Sent   864 kB Recv  1191 kB |  the
🔶 Pred  199 ms Sync   17 ms | Sent   864 kB Recv  1191 kB |  data
🔶 Pred  200 ms Sync   15 ms | Sent   864 kB Recv  1191 kB |  transfer
🔶 Pred  199 ms Sync   17 ms | Sent   864 kB Recv  1191 kB |  with
🔶 Pred  201 ms Sync   15 ms | Sent   864 kB Recv  1191 kB |  the
🔶 Pred  199 ms Sync   17 ms | Sent   864 kB Recv  1191 kB |  computation
🔶 Pred  201 ms Sync   15 ms | Sent   864 kB Recv  1191 kB |  can
🔶 Pred  205 ms Sync   14 ms | Sent   864 kB Recv  1191 kB |  help
🔶 Pred  212 ms Sync   16 ms | Sent   864 kB Recv  1191 kB | .


🔶 Pred  199 ms Sync   16 ms | Sent   864 kB Recv  1191 kB | I
🔶 Pred  201 ms Sync   19 ms | Sent   864 kB Recv  1191 kB | 'm
🔶 Pred  200 ms Sync   17 ms | Sent   864 kB Recv  1191 kB |  trying
🔶 Pred  203 ms Sync   16 ms | Sent   864 kB Recv  1191 kB |  to
🔶 Pred  201 ms Sync   15 ms | Sent   864 kB Recv  1191 kB |  think
🔶 Pred  199 ms Sync   17 ms | Sent   864 kB Recv  1191 kB |  of
🔶 Pred  201 ms Sync   15 ms | Sent   864 kB Recv  1191 kB |  how
🔶 Pred  199 ms Sync   16 ms | Sent   864 kB Recv  1191 kB |  often
🔶 Pred  201 ms Sync   15 ms | Sent   864 kB Recv  1191 kB |  the
🔶 Pred  199 ms Sync   16 ms | Sent   864 kB Recv  1191 kB |  all
🔶 Pred  201 ms Sync   15 ms | Sent   864 kB Recv  1191 kB | -re
🔶 Pred  199 ms Sync   16 ms | Sent   864 kB Recv  1191 kB | duce
🔶 Pred  203 ms Sync   14 ms | Sent   864 kB Recv  1191 kB |  steps
🔶 Pred  205 ms Sync   22 ms | Sent   864 kB Recv  1191 kB |  happen
🔶 Pred  205 ms Sync   18 ms | Sent   864 kB Recv  1191 kB | .
🔶 Pred  200 ms Sync   17 ms | Sent   864 kB Recv  1191 kB |  If
🔶 Pred  201 ms Sync   19 ms | Sent   864 kB Recv  1191 kB |  it
🔶 Pred  200 ms Sync   16 ms | Sent   864 kB Recv  1191 kB | 's
🔶 Pred  201 ms Sync   16 ms | Sent   864 kB Recv  1191 kB |  too
🔶 Pred  200 ms Sync   16 ms | Sent   864 kB Recv  1191 kB |  frequent
🔶 Pred  201 ms Sync   16 ms | Sent   864 kB Recv  1191 kB | ,
🔶 Pred  206 ms Sync   14 ms | Sent   864 kB Recv  1191 kB |  it
🔶 Pred  201 ms Sync   15 ms | Sent   864 kB Recv  1191 kB |  adds
🔶 Pred  200 ms Sync   16 ms | Sent   864 kB Recv  1191 kB |  overhead
🔶 Pred  202 ms Sync   15 ms | Sent   864 kB Recv  1191 kB |  without
🔶 Pred  200 ms Sync   17 ms | Sent   864 kB Recv  1191 kB |  much
🔶 Pred  203 ms Sync   15 ms | Sent   864 kB Recv  1191 kB |  benefit
🔶 Pred  207 ms Sync   18 ms | Sent   864 kB Recv  1191 kB | .
🔶 Pred  203 ms Sync   18 ms | Sent   864 kB Recv  1191 kB |  If
🔶 Pred  200 ms Sync   16 ms | Sent   864 kB Recv  1191 kB |  it
🔶 Pred  200 ms Sync   16 ms | Sent   864 kB Recv  1191 kB | 's
🔶 Pred  200 ms Sync   16 ms | Sent   864 kB Recv  1191 kB |  too
🔶 Pred  200 ms Sync   16 ms | Sent   864 kB Recv  1191 kB |  inf
🔶 Pred  200 ms Sync   16 ms | Sent   864 kB Recv  1191 kB | requent
🔶 Pred  200 ms Sync   17 ms | Sent   864 kB Recv  1191 kB | ,
🔶 Pred  200 ms Sync   16 ms | Sent   864 kB Recv  1191 kB |  the
🔶 Pred  200 ms Sync   16 ms | Sent   864 kB Recv  1191 kB |  model
🔶 Pred  200 ms Sync   16 ms | Sent   864 kB Recv  1191 kB |  might
🔶 Pred  200 ms Sync   16 ms | Sent   864 kB Recv  1191 kB |  diver
🔶 Pred  200 ms Sync   17 ms | Sent   864 kB Recv  1191 kB | ge
🔶 Pred  205 ms Sync   15 ms | Sent   864 kB Recv  1191 kB |  in
🔶 Pred  203 ms Sync   17 ms | Sent   864 kB Recv  1191 kB |  its
🔶 Pred  204 ms Sync   18 ms | Sent   864 kB Recv  1191 kB |  weights
🔶 Pred  205 ms Sync   14 ms | Sent   864 kB Recv  1191 kB |  across
🔶 Pred  211 ms Sync   14 ms | Sent   864 kB Recv  1191 kB |  the
🔶 Pred  200 ms Sync   16 ms | Sent   864 kB Recv  1191 kB |  CPUs
🔶 Pred  202 ms Sync   15 ms | Sent   864 kB Recv  1191 kB | .
🔶 Pred  201 ms Sync   17 ms | Sent   864 kB Recv  1191 kB |  So
🔶 Pred  202 ms Sync   15 ms | Sent   864 kB Recv  1191 kB |  there
🔶 Pred  201 ms Sync   16 ms | Sent   864 kB Recv  1191 kB | 's
🔶 Pred  202 ms Sync   15 ms | Sent   864 kB Recv  1191 kB |  an
🔶 Pred  201 ms Sync   17 ms | Sent   864 kB Recv  1191 kB |  optimal
🔶 Pred  202 ms Sync   15 ms | Sent   864 kB Recv  1191 kB |  frequency
🔶 Pred  201 ms Sync   16 ms | Sent   864 kB Recv  1191 kB |  based
🔶 Pred  206 ms Sync   18 ms | Sent   864 kB Recv  1191 kB |  on
🔶 Pred  206 ms Sync   23 ms | Sent   864 kB Recv  1191 kB |  the
🔶 Pred  204 ms Sync   23 ms | Sent   864 kB Recv  1191 kB |  model
🔶 Pred  201 ms Sync   17 ms | Sent   864 kB Recv  1191 kB | 's
🔶 Pred  200 ms Sync   16 ms | Sent   864 kB Recv  1191 kB |  depth
🔶 Pred  201 ms Sync   17 ms | Sent   864 kB Recv  1191 kB |  and
🔶 Pred  200 ms Sync   17 ms | Sent   864 kB Recv  1191 kB |  the
🔶 Pred  201 ms Sync   17 ms | Sent   864 kB Recv  1191 kB |  number
🔶 Pred  200 ms Sync   18 ms | Sent   864 kB Recv  1191 kB |  of
🔶 Pred  200 ms Sync   17 ms | Sent   864 kB Recv  1191 kB |  CPUs
🔶 Pred  201 ms Sync   17 ms | Sent   864 kB Recv  1191 kB | .


🔶 Pred  201 ms Sync   16 ms | Sent   864 kB Recv  1191 kB | Another
🔶 Pred  200 ms Sync   17 ms | Sent   864 kB Recv  1191 kB |  point
🔶 Pred  216 ms Sync   17 ms | Sent   864 kB Recv  1191 kB |  is
🔶 Pred  206 ms Sync   18 ms | Sent   864 kB Recv  1191 kB |  the
🔶 Pred  204 ms Sync   21 ms | Sent   864 kB Recv  1191 kB |  initialization
🔶 Pred  201 ms Sync   18 ms | Sent   864 kB Recv  1191 kB |  of
🔶 Pred  200 ms Sync   17 ms | Sent   864 kB Recv  1191 kB |  the
🔶 Pred  201 ms Sync   18 ms | Sent   864 kB Recv  1191 kB |  weights
🔶 Pred  200 ms Sync   18 ms | Sent   864 kB Recv  1191 kB | .
🔶 Pred  201 ms Sync   17 ms | Sent   864 kB Recv  1191 kB |  Each
🔶 Pred  201 ms Sync   17 ms | Sent   864 kB Recv  1191 kB |  CPU
🔶 Pred  201 ms Sync   16 ms | Sent   864 kB Recv  1191 kB |  must
🔶 Pred  200 ms Sync   18 ms | Sent   864 kB Recv  1191 kB |  have
🔶 Pred  202 ms Sync   17 ms | Sent   864 kB Recv  1191 kB |  a
🔶 Pred  201 ms Sync   18 ms | Sent   864 kB Recv  1191 kB |  copy
🔶 Pred  201 ms Sync   17 ms | Sent   864 kB Recv  1191 kB |  of
🔶 Pred  212 ms Sync   23 ms | Sent   864 kB Recv  1191 kB |  the
🔶 Pred  201 ms Sync   17 ms | Sent   864 kB Recv  1191 kB |  weights
🔶 Pred  204 ms Sync   19 ms | Sent   864 kB Recv  1191 kB | ,
🔶 Pred  201 ms Sync   17 ms | Sent   864 kB Recv  1191 kB |  so
🔶 Pred  200 ms Sync   18 ms | Sent   864 kB Recv  1191 kB |  the
🔶 Pred  201 ms Sync   17 ms | Sent   864 kB Recv  1191 kB |  initial
🔶 Pred  201 ms Sync   17 ms | Sent   864 kB Recv  1191 kB |  setup
🔶 Pred  201 ms Sync   17 ms | Sent   864 kB Recv  1191 kB |  involves
🔶 Pred  204 ms Sync   15 ms | Sent   864 kB Recv  1191 kB |  splitting
🔶 Pred  206 ms Sync   15 ms | Sent   864 kB Recv  1191 kB |  the
🔶 Pred  201 ms Sync   17 ms | Sent   864 kB Recv  1191 kB |  model
🔶 Pred  202 ms Sync   17 ms | Sent   864 kB Recv  1191 kB | 's
🔶 Pred  201 ms Sync   18 ms | Sent   864 kB Recv  1191 kB |  weights
🔶 Pred  207 ms Sync   16 ms | Sent   864 kB Recv  1191 kB |  across
🔶 Pred  206 ms Sync   20 ms | Sent   864 kB Recv  1191 kB |  all
🔶 Pred  205 ms Sync   18 ms | Sent   864 kB Recv  1191 kB |  CPUs
🔶 Pred  201 ms Sync   17 ms | Sent   864 kB Recv  1191 kB | .
🔶 Pred  202 ms Sync   16 ms | Sent   864 kB Recv  1191 kB |  This
🔶 Pred  201 ms Sync   18 ms | Sent   864 kB Recv  1191 kB |  could
🔶 Pred  201 ms Sync   17 ms | Sent   864 kB Recv  1191 kB |  be
🔶 Pred  201 ms Sync   18 ms | Sent   864 kB Recv  1191 kB |  done
🔶 Pred  201 ms Sync   18 ms | Sent   864 kB Recv  1191 kB |  using
🔶 Pred  202 ms Sync   17 ms | Sent   864 kB Recv  1191 kB |  a
🔶 Pred  201 ms Sync   18 ms | Sent   864 kB Recv  1191 kB |  parameter
🔶 Pred  202 ms Sync   16 ms | Sent   864 kB Recv  1191 kB |  server
🔶 Pred  201 ms Sync   17 ms | Sent   864 kB Recv  1191 kB |  or
🔶 Pred  202 ms Sync   17 ms | Sent   864 kB Recv  1191 kB |  some
🔶 Pred  204 ms Sync   19 ms | Sent   864 kB Recv  1191 kB |  other
🔶 Pred  206 ms Sync   24 ms | Sent   864 kB Recv  1191 kB |  distribution
🔶 Pred  205 ms Sync   20 ms | Sent   864 kB Recv  1191 kB |  mechanism
🔶 Pred  203 ms Sync   17 ms | Sent   864 kB Recv  1191 kB | .


🔶 Pred  207 ms Sync   15 ms | Sent   864 kB Recv  1191 kB | In
🔶 Pred  202 ms Sync   17 ms | Sent   864 kB Recv  1191 kB |  terms
🔶 Pred  202 ms Sync   19 ms | Sent   864 kB Recv  1191 kB |  of
🔶 Pred  202 ms Sync   17 ms | Sent   864 kB Recv  1191 kB |  the
🔶 Pred  202 ms Sync   17 ms | Sent   864 kB Recv  1191 kB |  KV
🔶 Pred  202 ms Sync   17 ms | Sent   864 kB Recv  1191 kB | -cache
🔶 Pred  202 ms Sync   17 ms | Sent   864 kB Recv  1191 kB | ,
🔶 Pred  202 ms Sync   17 ms | Sent   864 kB Recv  1191 kB |  it
🔶 Pred  202 ms Sync   17 ms | Sent   864 kB Recv  1191 kB | 's
🔶 Pred  203 ms Sync   17 ms | Sent   864 kB Recv  1191 kB |  probably
🔶 Pred  210 ms Sync   22 ms | Sent   864 kB Recv  1191 kB |  a
🔶 Pred  202 ms Sync   17 ms | Sent   864 kB Recv  1191 kB |  cache
🔶 Pred  204 ms Sync   18 ms | Sent   864 kB Recv  1191 kB |  that
🔶 Pred  204 ms Sync   16 ms | Sent   864 kB Recv  1191 kB | 's
🔶 Pred  202 ms Sync   17 ms | Sent   864 kB Recv  1191 kB |  specific
🔶 Pred  203 ms Sync   16 ms | Sent   864 kB Recv  1191 kB |  to
🔶 Pred  202 ms Sync   17 ms | Sent   864 kB Recv  1191 kB |  each
🔶 Pred  204 ms Sync   16 ms | Sent   864 kB Recv  1191 kB |  head
🔶 Pred  202 ms Sync   17 ms | Sent   864 kB Recv  1191 kB | ,
🔶 Pred  204 ms Sync   17 ms | Sent   864 kB Recv  1191 kB |  storing
🔶 Pred  202 ms Sync   18 ms | Sent   864 kB Recv  1191 kB |  the
🔶 Pred  204 ms Sync   16 ms | Sent   864 kB Recv  1191 kB |  keys
🔶 Pred  208 ms Sync   15 ms | Sent   864 kB Recv  1191 kB |  and
🔶 Pred  211 ms Sync   20 ms | Sent   864 kB Recv  1191 kB |  values
🔶 Pred  203 ms Sync   18 ms | Sent   864 kB Recv  1191 kB |  so
🔶 Pred  207 ms Sync   18 ms | Sent   864 kB Recv  1191 kB |  that
🔶 Pred  202 ms Sync   17 ms | Sent   864 kB Recv  1191 kB |  when
🔶 Pred  203 ms Sync   17 ms | Sent   864 kB Recv  1191 kB |  another
🔶 Pred  202 ms Sync   18 ms | Sent   864 kB Recv  1191 kB |  CPU
🔶 Pred  202 ms Sync   17 ms | Sent   864 kB Recv  1191 kB |  needs
🔶 Pred  202 ms Sync   17 ms | Sent   864 kB Recv  1191 kB |  them
🔶 Pred  202 ms Sync   19 ms | Sent   864 kB Recv  1191 kB | ,
🔶 Pred  203 ms Sync   18 ms | Sent   864 kB Recv  1191 kB |  it
🔶 Pred  202 ms Sync   18 ms | Sent   864 kB Recv  1191 kB |  can
🔶 Pred  203 ms Sync   17 ms | Sent   864 kB Recv  1191 kB |  retrieve
🔶 Pred  203 ms Sync   17 ms | Sent   864 kB Recv  1191 kB |  them
🔶 Pred  203 ms Sync   20 ms | Sent   864 kB Recv  1191 kB |  without
🔶 Pred  211 ms Sync   27 ms | Sent   864 kB Recv  1191 kB |  having
🔶 Pred  204 ms Sync   25 ms | Sent   864 kB Recv  1191 kB |  to
🔶 Pred  204 ms Sync   17 ms | Sent   864 kB Recv  1191 kB |  re
🔶 Pred  203 ms Sync   17 ms | Sent   864 kB Recv  1191 kB | compute
🔶 Pred  202 ms Sync   17 ms | Sent   864 kB Recv  1191 kB | .
🔶 Pred  203 ms Sync   18 ms | Sent   864 kB Recv  1191 kB |  This
🔶 Pred  202 ms Sync   18 ms | Sent   864 kB Recv  1191 kB |  would
🔶 Pred  206 ms Sync   16 ms | Sent   864 kB Recv  1191 kB |  speed
🔶 Pred  208 ms Sync   15 ms | Sent   864 kB Recv  1191 kB |  up
🔶 Pred  203 ms Sync   17 ms | Sent   864 kB Recv  1191 kB |  the
🔶 Pred  203 ms Sync   17 ms | Sent   864 kB Recv  1191 kB |  attention
🔶 Pred  203 ms Sync   17 ms | Sent   864 kB Recv  1191 kB |  computation
🔶 Pred  203 ms Sync   18 ms | Sent   864 kB Recv  1191 kB |  since
🔶 Pred  217 ms Sync   17 ms | Sent   864 kB Recv  1191 kB |  the
🔶 Pred  207 ms Sync   20 ms | Sent   864 kB Recv  1191 kB |  data
🔶 Pred  204 ms Sync   17 ms | Sent   864 kB Recv  1191 kB |  isn
🔶 Pred  203 ms Sync   17 ms | Sent   864 kB Recv  1191 kB | 't
🔶 Pred  204 ms Sync   17 ms | Sent   864 kB Recv  1191 kB |  being
🔶 Pred  204 ms Sync   17 ms | Sent   864 kB Recv  1191 kB |  transmitted
🔶 Pred  203 ms Sync   17 ms | Sent   864 kB Recv  1191 kB |  but
🔶 Pred  203 ms Sync   17 ms | Sent   864 kB Recv  1191 kB |  is
🔶 Pred  203 ms Sync   18 ms | Sent   864 kB Recv  1191 kB |  already
🔶 Pred  203 ms Sync   17 ms | Sent   864 kB Recv  1191 kB |  available
🔶 Pred  204 ms Sync   17 ms | Sent   864 kB Recv  1191 kB |  on
🔶 Pred  203 ms Sync   18 ms | Sent   864 kB Recv  1191 kB |  each
🔶 Pred  204 ms Sync   17 ms | Sent   864 kB Recv  1191 kB |  CPU
🔶 Pred  208 ms Sync   20 ms | Sent   864 kB Recv  1191 kB | .


🔶 Pred  206 ms Sync   19 ms | Sent   864 kB Recv  1191 kB | I
🔶 Pred  208 ms Sync   19 ms | Sent   864 kB Recv  1191 kB | 'm
🔶 Pred  205 ms Sync   17 ms | Sent   864 kB Recv  1191 kB |  also
🔶 Pred  221 ms Sync   14 ms | Sent   864 kB Recv  1191 kB |  wondering
🔶 Pred  204 ms Sync   17 ms | Sent   864 kB Recv  1191 kB |  about
🔶 Pred  204 ms Sync   17 ms | Sent   864 kB Recv  1191 kB |  the
🔶 Pred  204 ms Sync   17 ms | Sent   864 kB Recv  1191 kB |  efficiency
🔶 Pred  203 ms Sync   18 ms | Sent   864 kB Recv  1191 kB |  compared
🔶 Pred  204 ms Sync   16 ms | Sent   864 kB Recv  1191 kB |  to
🔶 Pred  204 ms Sync   17 ms | Sent   864 kB Recv  1191 kB |  using
🔶 Pred  204 ms Sync   17 ms | Sent   864 kB Recv  1191 kB |  GPUs
🔶 Pred  204 ms Sync   17 ms | Sent   864 kB Recv  1191 kB | .
🔶 Pred  205 ms Sync   18 ms | Sent   864 kB Recv  1191 kB |  Since
🔶 Pred  211 ms Sync   22 ms | Sent   864 kB Recv  1191 kB |  CPUs
🔶 Pred  207 ms Sync   20 ms | Sent   864 kB Recv  1191 kB |  are
🔶 Pred  204 ms Sync   17 ms | Sent   864 kB Recv  1191 kB |  generally
🔶 Pred  204 ms Sync   17 ms | Sent   864 kB Recv  1191 kB |  slower
🔶 Pred  204 ms Sync   17 ms | Sent   864 kB Recv  1191 kB |  than
🔶 Pred  204 ms Sync   16 ms | Sent   864 kB Recv  1191 kB |  GPUs
🔶 Pred  204 ms Sync   18 ms | Sent   864 kB Recv  1191 kB |  for
🔶 Pred  204 ms Sync   17 ms | Sent   864 kB Recv  1191 kB |  tensor
🔶 Pred  204 ms Sync   17 ms | Sent   864 kB Recv  1191 kB |  operations
🔶 Pred  205 ms Sync   17 ms | Sent   864 kB Recv  1191 kB | ,
🔶 Pred  204 ms Sync   17 ms | Sent   864 kB Recv  1191 kB |  the
🔶 Pred  204 ms Sync   17 ms | Sent   864 kB Recv  1191 kB |  performance
🔶 Pred  210 ms Sync   17 ms | Sent   864 kB Recv  1191 kB |  might
🔶 Pred  213 ms Sync   20 ms | Sent   864 kB Recv  1191 kB |  be
🔶 Pred  205 ms Sync   19 ms | Sent   864 kB Recv  1191 kB |  lower
🔶 Pred  208 ms Sync   18 ms | Sent   864 kB Recv  1191 kB | .
🔶 Pred  204 ms Sync   18 ms | Sent   864 kB Recv  1191 kB |  But
🔶 Pred  204 ms Sync   18 ms | Sent   864 kB Recv  1191 kB |  the
🔶 Pred  205 ms Sync   18 ms | Sent   864 kB Recv  1191 kB |  idea
🔶 Pred  205 ms Sync   18 ms | Sent   864 kB Recv  1191 kB |  is
🔶 Pred  204 ms Sync   18 ms | Sent   864 kB Recv  1191 kB |  that
🔶 Pred  205 ms Sync   18 ms | Sent   864 kB Recv  1191 kB |  using
🔶 Pred  207 ms Sync   18 ms | Sent   864 kB Recv  1191 kB |  CPUs
🔶 Pred  205 ms Sync   17 ms | Sent   864 kB Recv  1191 kB |  can
🔶 Pred  205 ms Sync   17 ms | Sent   864 kB Recv  1191 kB |  be
🔶 Pred  205 ms Sync   17 ms | Sent   864 kB Recv  1191 kB |  more
🔶 Pred  208 ms Sync   19 ms | Sent   864 kB Recv  1191 kB |  cost
🔶 Pred  210 ms Sync   18 ms | Sent   864 kB Recv  1191 kB | -effective
🔶 Pred  208 ms Sync   21 ms | Sent   864 kB Recv  1191 kB | ,
🔶 Pred  205 ms Sync   17 ms | Sent   864 kB Recv  1191 kB |  especially
🔶 Pred  205 ms Sync   18 ms | Sent   864 kB Recv  1191 kB |  for
🔶 Pred  205 ms Sync   18 ms | Sent   864 kB Recv  1191 kB |  smaller
🔶 Pred  205 ms Sync   18 ms | Sent   864 kB Recv  1191 kB |  models
🔶 Pred  209 ms Sync   18 ms | Sent   864 kB Recv  1191 kB |  or
🔶 Pred  214 ms Sync   15 ms | Sent   864 kB Recv  1191 kB |  when
🔶 Pred  205 ms Sync   18 ms | Sent   864 kB Recv  1191 kB |  the
🔶 Pred  205 ms Sync   18 ms | Sent   864 kB Recv  1191 kB |  number
🔶 Pred  204 ms Sync   18 ms | Sent   864 kB Recv  1191 kB |  of
🔶 Pred  205 ms Sync   18 ms | Sent   864 kB Recv  1191 kB |  GPUs
🔶 Pred  207 ms Sync   19 ms | Sent   864 kB Recv  1191 kB |  is
🔶 Pred  211 ms Sync   20 ms | Sent   864 kB Recv  1191 kB |  limited
🔶 Pred  209 ms Sync   18 ms | Sent   864 kB Recv  1191 kB | .


🔶 Pred  205 ms Sync   17 ms | Sent   864 kB Recv  1191 kB | In
🔶 Pred  206 ms Sync   18 ms | Sent   864 kB Recv  1191 kB |  summary
🔶 Pred  205 ms Sync   18 ms | Sent   864 kB Recv  1191 kB | ,
🔶 Pred  205 ms Sync   17 ms | Sent   864 kB Recv  1191 kB |  the
🔶 Pred  205 ms Sync   17 ms | Sent   864 kB Recv  1191 kB |  process
🔶 Pred  205 ms Sync   17 ms | Sent   864 kB Recv  1191 kB |  involves
🔶 Pred  205 ms Sync   18 ms | Sent   864 kB Recv  1191 kB |  splitting
🔶 Pred  205 ms Sync   18 ms | Sent   864 kB Recv  1191 kB |  the
🔶 Pred  206 ms Sync   18 ms | Sent   864 kB Recv  1191 kB |  model
🔶 Pred  205 ms Sync   18 ms | Sent   864 kB Recv  1191 kB | 's
🔶 Pred  205 ms Sync   20 ms | Sent   864 kB Recv  1191 kB |  weights
🔶 Pred  213 ms Sync   28 ms | Sent   864 kB Recv  1191 kB |  across
🔶 Pred  209 ms Sync   27 ms | Sent   864 kB Recv  1191 kB |  multiple
🔶 Pred  206 ms Sync   17 ms | Sent   864 kB Recv  1191 kB |  CPUs
🔶 Pred  212 ms Sync   15 ms | Sent   864 kB Recv  1191 kB | ,
🔶 Pred  206 ms Sync   18 ms | Sent   864 kB Recv  1191 kB |  each
🔶 Pred  205 ms Sync   17 ms | Sent   864 kB Recv  1191 kB |  handling
🔶 Pred  206 ms Sync   17 ms | Sent   864 kB Recv  1191 kB |  a
🔶 Pred  205 ms Sync   18 ms | Sent   864 kB Recv  1191 kB |  part
🔶 Pred  205 ms Sync   18 ms | Sent   864 kB Recv  1191 kB |  of
🔶 Pred  206 ms Sync   18 ms | Sent   864 kB Recv  1191 kB |  the
🔶 Pred  206 ms Sync   18 ms | Sent   864 kB Recv  1191 kB |  computation
🔶 Pred  206 ms Sync   18 ms | Sent   864 kB Recv  1191 kB | .
🔶 Pred  206 ms Sync   18 ms | Sent   864 kB Recv  1191 kB |  During
🔶 Pred  211 ms Sync   23 ms | Sent   864 kB Recv  1191 kB |  the
🔶 Pred  209 ms Sync   17 ms | Sent   864 kB Recv  1191 kB |  attention
🔶 Pred  212 ms Sync   20 ms | Sent   864 kB Recv  1191 kB |  computation
🔶 Pred  206 ms Sync   18 ms | Sent   864 kB Recv  1191 kB | ,
🔶 Pred  208 ms Sync   16 ms | Sent   864 kB Recv  1191 kB |  each
🔶 Pred  206 ms Sync   17 ms | Sent   864 kB Recv  1191 kB |  CPU
🔶 Pred  208 ms Sync   16 ms | Sent   864 kB Recv  1191 kB |  computes
🔶 Pred  206 ms Sync   17 ms | Sent   864 kB Recv  1191 kB |  its
🔶 Pred  207 ms Sync   18 ms | Sent   864 kB Recv  1191 kB |  portion
🔶 Pred  206 ms Sync   19 ms | Sent   864 kB Recv  1191 kB | ,
🔶 Pred  208 ms Sync   17 ms | Sent   864 kB Recv  1191 kB |  then
🔶 Pred  206 ms Sync   18 ms | Sent   864 kB Recv  1191 kB |  combines
🔶 Pred  220 ms Sync   13 ms | Sent   864 kB Recv  1191 kB |  the
🔶 Pred  209 ms Sync   20 ms | Sent   864 kB Recv  1191 kB |  results
🔶 Pred  209 ms Sync   20 ms | Sent   864 kB Recv  1191 kB |  with
🔶 Pred  211 ms Sync   21 ms | Sent   864 kB Recv  1191 kB |  others
🔶 Pred  205 ms Sync   18 ms | Sent   864 kB Recv  1191 kB |  using
🔶 Pred  208 ms Sync   16 ms | Sent   864 kB Recv  1191 kB |  all
🔶 Pred  206 ms Sync   19 ms | Sent   864 kB Recv  1191 kB | -re
🔶 Pred  208 ms Sync   17 ms | Sent   864 kB Recv  1191 kB | duce
🔶 Pred  206 ms Sync   18 ms | Sent   864 kB Recv  1191 kB |  synchronization
🔶 Pred  208 ms Sync   17 ms | Sent   864 kB Recv  1191 kB | .
🔶 Pred  206 ms Sync   18 ms | Sent   864 kB Recv  1191 kB |  The
🔶 Pred  208 ms Sync   16 ms | Sent   864 kB Recv  1191 kB |  KV
🔶 Pred  206 ms Sync   18 ms | Sent   864 kB Recv  1191 kB | -cache
🔶 Pred  208 ms Sync   17 ms | Sent   864 kB Recv  1191 kB |  helps
🔶 Pred  208 ms Sync   19 ms | Sent   864 kB Recv  1191 kB |  in
🔶 Pred  213 ms Sync   19 ms | Sent   864 kB Recv  1191 kB |  efficiently
🔶 Pred  213 ms Sync   19 ms | Sent   864 kB Recv  1191 kB |  combining
🔶 Pred  206 ms Sync   18 ms | Sent   864 kB Recv  1191 kB |  these
🔶 Pred  208 ms Sync   16 ms | Sent   864 kB Recv  1191 kB |  results
🔶 Pred  206 ms Sync   18 ms | Sent   864 kB Recv  1191 kB |  without
🔶 Pred  208 ms Sync   17 ms | Sent   864 kB Recv  1191 kB |  excessive
🔶 Pred  206 ms Sync   17 ms | Sent   864 kB Recv  1191 kB |  data
🔶 Pred  220 ms Sync   13 ms | Sent   864 kB Recv  1191 kB |  transfer
🔶 Pred  207 ms Sync   18 ms | Sent   864 kB Recv  1191 kB | .
🔶 Pred  209 ms Sync   17 ms | Sent   864 kB Recv  1191 kB |  The
🔶 Pred  207 ms Sync   18 ms | Sent   864 kB Recv  1191 kB |  memory
🔶 Pred  209 ms Sync   16 ms | Sent   864 kB Recv  1191 kB | -band
🔶 Pred  209 ms Sync   18 ms | Sent   864 kB Recv  1191 kB | width
🔶 Pred  214 ms Sync   20 ms | Sent   864 kB Recv  1191 kB |  limit
🔶 Pred  212 ms Sync   17 ms | Sent   864 kB Recv  1191 kB |  ensures
🔶 Pred  207 ms Sync   17 ms | Sent   864 kB Recv  1191 kB |  that
🔶 Pred  209 ms Sync   16 ms | Sent   864 kB Recv  1191 kB |  the
🔶 Pred  207 ms Sync   16 ms | Sent   864 kB Recv  1191 kB |  system
🔶 Pred  208 ms Sync   17 ms | Sent   864 kB Recv  1191 kB |  doesn
🔶 Pred  207 ms Sync   18 ms | Sent   864 kB Recv  1191 kB | 't
🔶 Pred  209 ms Sync   16 ms | Sent   864 kB Recv  1191 kB |  become
🔶 Pred  207 ms Sync   18 ms | Sent   864 kB Recv  1191 kB |  a
🔶 Pred  209 ms Sync   17 ms | Sent   864 kB Recv  1191 kB |  bottleneck
🔶 Pred  207 ms Sync   18 ms | Sent   864 kB Recv  1191 kB | ,
🔶 Pred  211 ms Sync   17 ms | Sent   864 kB Recv  1191 kB |  optimizing
🔶 Pred  210 ms Sync   17 ms | Sent   864 kB Recv  1191 kB |  the
🔶 Pred  219 ms Sync   22 ms | Sent   864 kB Recv  1191 kB |  data
🔶 Pred  211 ms Sync   18 ms | Sent   864 kB Recv  1191 kB |  transfer
🔶 Pred  208 ms Sync   20 ms | Sent   864 kB Recv  1191 kB |  and
🔶 Pred  212 ms Sync   15 ms | Sent   864 kB Recv  1191 kB |  computation
🔶 Pred  209 ms Sync   17 ms | Sent   864 kB Recv  1191 kB |  steps
🔶 Pred  207 ms Sync   18 ms | Sent   864 kB Recv  1191 kB | .


🔶 Pred  209 ms Sync   17 ms | Sent   864 kB Recv  1191 kB | I
🔶 Pred  207 ms Sync   18 ms | Sent   864 kB Recv  1191 kB |  think
🔶 Pred  209 ms Sync   16 ms | Sent   864 kB Recv  1191 kB |  I
🔶 Pred  208 ms Sync   18 ms | Sent   864 kB Recv  1191 kB |  need
🔶 Pred  207 ms Sync   17 ms | Sent   864 kB Recv  1191 kB |  to
🔶 Pred  209 ms Sync   18 ms | Sent   864 kB Recv  1191 kB |  structure
🔶 Pred  207 ms Sync   18 ms | Sent   864 kB Recv  1191 kB |  this
🔶 Pred  219 ms Sync   20 ms | Sent   864 kB Recv  1191 kB |  explanation
🔶 Pred  207 ms Sync   18 ms | Sent   864 kB Recv  1191 kB |  step
🔶 Pred  214 ms Sync   18 ms | Sent   864 kB Recv  1191 kB |  by
🔶 Pred  210 ms Sync   16 ms | Sent   864 kB Recv  1191 kB |  step
🔶 Pred  207 ms Sync   17 ms | Sent   864 kB Recv  1191 kB | ,
🔶 Pred  209 ms Sync   17 ms | Sent   864 kB Recv  1191 kB |  starting
🔶 Pred  207 ms Sync   19 ms | Sent   864 kB Recv  1191 kB |  with
🔶 Pred  210 ms Sync   17 ms | Sent   864 kB Recv  1191 kB |  weight
🔶 Pred  208 ms Sync   18 ms | Sent   864 kB Recv  1191 kB |  sh
🔶 Pred  209 ms Sync   17 ms | Sent   864 kB Recv  1191 kB | arding
🔶 Pred  207 ms Sync   18 ms | Sent   864 kB Recv  1191 kB | ,
🔶 Pred  209 ms Sync   17 ms | Sent   864 kB Recv  1191 kB |  then
🔶 Pred  215 ms Sync   15 ms | Sent   864 kB Recv  1191 kB |  moving
🔶 Pred  220 ms Sync   28 ms | Sent   864 kB Recv  1191 kB |  to
🔶 Pred  210 ms Sync   19 ms | Sent   864 kB Recv  1191 kB |  all
🔶 Pred  213 ms Sync   19 ms | Sent   864 kB Recv  1191 kB | -re
🔶 Pred  207 ms Sync   19 ms | Sent   864 kB Recv  1191 kB | duce
🔶 Pred  210 ms Sync   17 ms | Sent   864 kB Recv  1191 kB | ,
🔶 Pred  208 ms Sync   18 ms | Sent   864 kB Recv  1191 kB |  the
🔶 Pred  209 ms Sync   17 ms | Sent   864 kB Recv  1191 kB |  KV
🔶 Pred  207 ms Sync   18 ms | Sent   864 kB Recv  1191 kB | -cache
🔶 Pred  209 ms Sync   17 ms | Sent   864 kB Recv  1191 kB | ,
🔶 Pred  208 ms Sync   18 ms | Sent   864 kB Recv  1191 kB |  and
🔶 Pred  209 ms Sync   16 ms | Sent   864 kB Recv  1191 kB |  finally
🔶 Pred  208 ms Sync   18 ms | Sent   864 kB Recv  1191 kB |  the
🔶 Pred  210 ms Sync   16 ms | Sent   864 kB Recv  1191 kB |  memory
🔶 Pred  214 ms Sync   21 ms | Sent   864 kB Recv  1191 kB |  constraints
🔶 Pred  209 ms Sync   19 ms | Sent   864 kB Recv  1191 kB | ,
🔶 Pred  212 ms Sync   23 ms | Sent   864 kB Recv  1191 kB |  using
🔶 Pred  208 ms Sync   17 ms | Sent   864 kB Recv  1191 kB |  numerical
🔶 Pred  208 ms Sync   18 ms | Sent   864 kB Recv  1191 kB |  examples
🔶 Pred  207 ms Sync   18 ms | Sent   864 kB Recv  1191 kB |  to
🔶 Pred  208 ms Sync   17 ms | Sent   864 kB Recv  1191 kB |  illustrate
🔶 Pred  210 ms Sync   18 ms | Sent   864 kB Recv  1191 kB |  each
🔶 Pred  214 ms Sync   16 ms | Sent   864 kB Recv  1191 kB |  point
🔶 Pred  208 ms Sync   19 ms | Sent   864 kB Recv  1191 kB | .

🔶 Pred  208 ms Sync   18 ms | Sent   864 kB Recv  1191 kB | </think>
🔶 Pred  209 ms Sync   18 ms | Sent   864 kB Recv  1191 kB | 


🔶 Pred  208 ms Sync   18 ms | Sent   864 kB Recv  1191 kB | **
🔶 Pred  214 ms Sync   23 ms | Sent   864 kB Recv  1191 kB | D
🔶 Pred  209 ms Sync   20 ms | Sent   864 kB Recv  1191 kB | istributed
🔶 Pred  216 ms Sync   19 ms | Sent   864 kB Recv  1191 kB |  Tensor
🔶 Pred  208 ms Sync   19 ms | Sent   864 kB Recv  1191 kB | -
🔶 Pred  210 ms Sync   17 ms | Sent   864 kB Recv  1191 kB | Parallel
🔶 Pred  208 ms Sync   18 ms | Sent   864 kB Recv  1191 kB |  In
🔶 Pred  210 ms Sync   16 ms | Sent   864 kB Recv  1191 kB | ference
🔶 Pred  208 ms Sync   18 ms | Sent   864 kB Recv  1191 kB |  of
🔶 Pred  210 ms Sync   19 ms | Sent   864 kB Recv  1191 kB |  a
🔶 Pred  208 ms Sync   19 ms | Sent   864 kB Recv  1191 kB |  Transformer
🔶 Pred  210 ms Sync   17 ms | Sent   864 kB Recv  1191 kB |  on
🔶 Pred  208 ms Sync   18 ms | Sent   864 kB Recv  1191 kB |  a
🔶 Pred  210 ms Sync   16 ms | Sent   864 kB Recv  1191 kB |  CPU
🔶 Pred  215 ms Sync   21 ms | Sent   864 kB Recv  1191 kB |  Cluster
🔶 Pred  216 ms Sync   18 ms | Sent   864 kB Recv  1191 kB | :
🔶 Pred  211 ms Sync   24 ms | Sent   864 kB Recv  1191 kB |  A
🔶 Pred  217 ms Sync   14 ms | Sent   864 kB Recv  1191 kB |  Detailed
🔶 Pred  212 ms Sync   17 ms | Sent   864 kB Recv  1191 kB |  Explanation
🔶 Pred  209 ms Sync   18 ms | Sent   864 kB Recv  1191 kB | **


🔶 Pred  208 ms Sync   18 ms | Sent   864 kB Recv  1191 kB | **
🔶 Pred  209 ms Sync   19 ms | Sent   864 kB Recv  1191 kB | 1
🔶 Pred  208 ms Sync   19 ms | Sent   864 kB Recv  1191 kB | .
🔶 Pred  209 ms Sync   18 ms | Sent   864 kB Recv  1191 kB |  Weight
🔶 Pred  209 ms Sync   18 ms | Sent   864 kB Recv  1191 kB |  Sh
🔶 Pred  209 ms Sync   18 ms | Sent   864 kB Recv  1191 kB | arding
🔶 Pred  208 ms Sync   18 ms | Sent   864 kB Recv  1191 kB | :
🔶 Pred  213 ms Sync   23 ms | Sent   864 kB Recv  1191 kB | **


🔶 Pred  213 ms Sync   21 ms | Sent   864 kB Recv  1191 kB | In
🔶 Pred  212 ms Sync   24 ms | Sent   864 kB Recv  1191 kB |  distributed
🔶 Pred  208 ms Sync   18 ms | Sent   864 kB Recv  1191 kB |  tensor
🔶 Pred  209 ms Sync   18 ms | Sent   864 kB Recv  1191 kB | -
🔶 Pred  213 ms Sync   19 ms | Sent   864 kB Recv  1191 kB | parallel
🔶 Pred  209 ms Sync   18 ms | Sent   864 kB Recv  1191 kB |  inference
🔶 Pred  209 ms Sync   19 ms | Sent   864 kB Recv  1191 kB | ,
🔶 Pred  209 ms Sync   18 ms | Sent   864 kB Recv  1191 kB |  the
🔶 Pred  209 ms Sync   19 ms | Sent   864 kB Recv  1191 kB |  model
🔶 Pred  210 ms Sync   18 ms | Sent   864 kB Recv  1191 kB | 's
🔶 Pred  208 ms Sync   20 ms | Sent   864 kB Recv  1191 kB |  weights
🔶 Pred  217 ms Sync   15 ms | Sent   864 kB Recv  1191 kB |  are
🔶 Pred  214 ms Sync   22 ms | Sent   864 kB Recv  1191 kB |  split
🔶 Pred  215 ms Sync   18 ms | Sent   864 kB Recv  1191 kB |  across
🔶 Pred  214 ms Sync   21 ms | Sent   864 kB Recv  1191 kB |  multiple
🔶 Pred  209 ms Sync   19 ms | Sent   864 kB Recv  1191 kB |  CPUs
🔶 Pred  211 ms Sync   18 ms | Sent   864 kB Recv  1191 kB | .
🔶 Pred  209 ms Sync   18 ms | Sent   864 kB Recv  1191 kB |  Each
🔶 Pred  212 ms Sync   17 ms | Sent   864 kB Recv  1191 kB |  CPU
🔶 Pred  209 ms Sync   18 ms | Sent   864 kB Recv  1191 kB |  holds
🔶 Pred  211 ms Sync   17 ms | Sent   864 kB Recv  1191 kB |  a
🔶 Pred  209 ms Sync   18 ms | Sent   864 kB Recv  1191 kB |  portion
🔶 Pred  212 ms Sync   16 ms | Sent   864 kB Recv  1191 kB |  of
🔶 Pred  209 ms Sync   19 ms | Sent   864 kB Recv  1191 kB |  the
🔶 Pred  211 ms Sync   17 ms | Sent   864 kB Recv  1191 kB |  weights
🔶 Pred  215 ms Sync   20 ms | Sent   864 kB Recv  1191 kB | ,
🔶 Pred  214 ms Sync   20 ms | Sent   864 kB Recv  1191 kB |  allowing
🔶 Pred  212 ms Sync   22 ms | Sent   864 kB Recv  1191 kB |  it
🔶 Pred  209 ms Sync   19 ms | Sent   864 kB Recv  1191 kB |  to
🔶 Pred  210 ms Sync   18 ms | Sent   864 kB Recv  1191 kB |  compute
🔶 Pred  209 ms Sync   19 ms | Sent   864 kB Recv  1191 kB |  part
🔶 Pred  210 ms Sync   17 ms | Sent   864 kB Recv  1191 kB |  of
🔶 Pred  212 ms Sync   18 ms | Sent   864 kB Recv  1191 kB |  the
🔶 Pred  214 ms Sync   16 ms | Sent   864 kB Recv  1191 kB |  model
🔶 Pred  210 ms Sync   18 ms | Sent   864 kB Recv  1191 kB | 's
🔶 Pred  210 ms Sync   18 ms | Sent   864 kB Recv  1191 kB |  forward
🔶 Pred  210 ms Sync   18 ms | Sent   864 kB Recv  1191 kB |  pass
🔶 Pred  210 ms Sync   19 ms | Sent   864 kB Recv  1191 kB | .
🔶 Pred  214 ms Sync   21 ms | Sent   864 kB Recv  1191 kB |  For
🔶 Pred  211 ms Sync   22 ms | Sent   864 kB Recv  1191 kB |  a
🔶 Pred  212 ms Sync   24 ms | Sent   864 kB Recv  1191 kB |  transformer
🔶 Pred  210 ms Sync   19 ms | Sent   864 kB Recv  1191 kB |  with
🔶 Pred  209 ms Sync   19 ms | Sent   864 kB Recv  1191 kB |  
🔶 Pred  210 ms Sync   19 ms | Sent   864 kB Recv  1191 kB | 8
🔶 Pred  209 ms Sync   20 ms | Sent   864 kB Recv  1191 kB |  attention
🔶 Pred  210 ms Sync   19 ms | Sent   864 kB Recv  1191 kB |  heads
🔶 Pred  210 ms Sync   22 ms | Sent   864 kB Recv  1191 kB |  and
🔶 Pred  210 ms Sync   19 ms | Sent   864 kB Recv  1191 kB |  a
🔶 Pred  209 ms Sync   20 ms | Sent   864 kB Recv  1191 kB |  width
🔶 Pred  210 ms Sync   18 ms | Sent   864 kB Recv  1191 kB |  of
🔶 Pred  209 ms Sync   20 ms | Sent   864 kB Recv  1191 kB |  
🔶 Pred  219 ms Sync   26 ms | Sent   864 kB Recv  1191 kB | 64
🔶 Pred  210 ms Sync   21 ms | Sent   864 kB Recv  1191 kB | ,
🔶 Pred  213 ms Sync   25 ms | Sent   864 kB Recv  1191 kB |  if
🔶 Pred  217 ms Sync   16 ms | Sent   864 kB Recv  1191 kB |  we
🔶 Pred  210 ms Sync   20 ms | Sent   864 kB Recv  1191 kB |  have
🔶 Pred  209 ms Sync   20 ms | Sent   864 kB Recv  1191 kB |  
🔶 Pred  210 ms Sync   19 ms | Sent   864 kB Recv  1191 kB | 4
🔶 Pred  209 ms Sync   19 ms | Sent   864 kB Recv  1191 kB |  CPUs
🔶 Pred  210 ms Sync   20 ms | Sent   864 kB Recv  1191 kB | ,
🔶 Pred  209 ms Sync   19 ms | Sent   864 kB Recv  1191 kB |  each
🔶 Pred  210 ms Sync   19 ms | Sent   864 kB Recv  1191 kB |  CPU
🔶 Pred  209 ms Sync   22 ms | Sent   864 kB Recv  1191 kB |  handles
🔶 Pred  210 ms Sync   20 ms | Sent   864 kB Recv  1191 kB |  
🔶 Pred  217 ms Sync   27 ms | Sent   864 kB Recv  1191 kB | 2
🔶 Pred  211 ms Sync   19 ms | Sent   864 kB Recv  1191 kB |  heads
🔶 Pred  211 ms Sync   20 ms | Sent   864 kB Recv  1191 kB | .
🔶 Pred  210 ms Sync   19 ms | Sent   864 kB Recv  1191 kB |  This
🔶 Pred  210 ms Sync   20 ms | Sent   864 kB Recv  1191 kB |  sh
🔶 Pred  210 ms Sync   19 ms | Sent   864 kB Recv  1191 kB | arding
🔶 Pred  210 ms Sync   20 ms | Sent   864 kB Recv  1191 kB |  allows
🔶 Pred  210 ms Sync   20 ms | Sent   864 kB Recv  1191 kB |  each
🔶 Pred  210 ms Sync   20 ms | Sent   864 kB Recv  1191 kB |  CPU
🔶 Pred  210 ms Sync   19 ms | Sent   864 kB Recv  1191 kB |  to
🔶 Pred  211 ms Sync   18 ms | Sent   864 kB Recv  1191 kB |  process
🔶 Pred  212 ms Sync   19 ms | Sent   864 kB Recv  1191 kB |  its
🔶 Pred  222 ms Sync   17 ms | Sent   864 kB Recv  1191 kB |  portion
🔶 Pred  219 ms Sync   22 ms | Sent   864 kB Recv  1191 kB |  of
🔶 Pred  215 ms Sync   22 ms | Sent   864 kB Recv  1191 kB |  the
🔶 Pred  213 ms Sync   18 ms | Sent   864 kB Recv  1191 kB |  input
🔶 Pred  211 ms Sync   20 ms | Sent   864 kB Recv  1191 kB |  sequence
🔶 Pred  210 ms Sync   19 ms | Sent   864 kB Recv  1191 kB |  independently
🔶 Pred  211 ms Sync   22 ms | Sent   864 kB Recv  1191 kB | .


🔶 Pred  211 ms Sync   20 ms | Sent   864 kB Recv  1191 kB | **
🔶 Pred  210 ms Sync   19 ms | Sent   864 kB Recv  1191 kB | Numer
🔶 Pred  211 ms Sync   19 ms | Sent   864 kB Recv  1191 kB | ical
🔶 Pred  210 ms Sync   20 ms | Sent   864 kB Recv  1191 kB |  Example
🔶 Pred  210 ms Sync   20 ms | Sent   864 kB Recv  1191 kB | :
🔶 Pred  212 ms Sync   20 ms | Sent   864 kB Recv  1191 kB | **

🔶 Pred  211 ms Sync   20 ms | Sent   864 kB Recv  1191 kB | -
🔶 Pred  218 ms Sync   25 ms | Sent   864 kB Recv  1191 kB |  Each
🔶 Pred  214 ms Sync   25 ms | Sent   864 kB Recv  1191 kB |  CPU
🔶 Pred  211 ms Sync   19 ms | Sent   864 kB Recv  1191 kB |  handles
🔶 Pred  210 ms Sync   20 ms | Sent   864 kB Recv  1191 kB |  
🔶 Pred  211 ms Sync   19 ms | Sent   864 kB Recv  1191 kB | 2
🔶 Pred  210 ms Sync   19 ms | Sent   864 kB Recv  1191 kB |  heads
🔶 Pred  211 ms Sync   19 ms | Sent   864 kB Recv  1191 kB |  (
🔶 Pred  228 ms Sync   15 ms | Sent   864 kB Recv  1191 kB | 8
🔶 Pred  212 ms Sync   19 ms | Sent   864 kB Recv  1191 kB |  heads
🔶 Pred  211 ms Sync   20 ms | Sent   864 kB Recv  1191 kB |  /
🔶 Pred  230 ms Sync   18 ms | Sent   864 kB Recv  1191 kB |  
🔶 Pred  211 ms Sync   19 ms | Sent   864 kB Recv  1191 kB | 4
🔶 Pred  215 ms Sync   21 ms | Sent   864 kB Recv  1191 kB |  CPUs
🔶 Pred  220 ms Sync   21 ms | Sent   864 kB Recv  1191 kB |  =
🔶 Pred  213 ms Sync   23 ms | Sent   864 kB Recv  1191 kB |  
🔶 Pred  210 ms Sync   20 ms | Sent   864 kB Recv  1191 kB | 2
🔶 Pred  212 ms Sync   18 ms | Sent   864 kB Recv  1191 kB |  heads
🔶 Pred  210 ms Sync   20 ms | Sent   864 kB Recv  1191 kB |  per
🔶 Pred  214 ms Sync   18 ms | Sent   864 kB Recv  1191 kB |  CPU
🔶 Pred  210 ms Sync   20 ms | Sent   864 kB Recv  1191 kB | ).

🔶 Pred  212 ms Sync   19 ms | Sent   864 kB Recv  1191 kB | -
🔶 Pred  210 ms Sync   21 ms | Sent   864 kB Recv  1191 kB |  Each
🔶 Pred  213 ms Sync   17 ms | Sent   864 kB Recv  1191 kB |  head
🔶 Pred  210 ms Sync   21 ms | Sent   864 kB Recv  1191 kB |  has
🔶 Pred  212 ms Sync   19 ms | Sent   864 kB Recv  1191 kB |  a
🔶 Pred  218 ms Sync   20 ms | Sent   864 kB Recv  1191 kB |  key
🔶 Pred  216 ms Sync   21 ms | Sent   864 kB Recv  1191 kB |  and
🔶 Pred  216 ms Sync   24 ms | Sent   864 kB Recv  1191 kB |  value
🔶 Pred  216 ms Sync   17 ms | Sent   864 kB Recv  1191 kB |  of
🔶 Pred  212 ms Sync   19 ms | Sent   864 kB Recv  1191 kB |  size
🔶 Pred  212 ms Sync   19 ms | Sent   864 kB Recv  1191 kB |  
🔶 Pred  211 ms Sync   22 ms | Sent   864 kB Recv  1191 kB | 64
🔶 Pred  211 ms Sync   20 ms | Sent   864 kB Recv  1191 kB | .

🔶 Pred  211 ms Sync   19 ms | Sent   864 kB Recv  1191 kB | -
🔶 Pred  212 ms Sync   19 ms | Sent   864 kB Recv  1191 kB |  For
🔶 Pred  211 ms Sync   19 ms | Sent   864 kB Recv  1191 kB |  a
🔶 Pred  212 ms Sync   18 ms | Sent   864 kB Recv  1191 kB |  batch
🔶 Pred  211 ms Sync   20 ms | Sent   864 kB Recv  1191 kB |  of
🔶 Pred  221 ms Sync   24 ms | Sent   864 kB Recv  1191 kB |  
🔶 Pred  213 ms Sync   20 ms | Sent   864 kB Recv  1191 kB | 100
🔶 Pred  215 ms Sync   24 ms | Sent   864 kB Recv  1191 kB | 0
🔶 Pred  212 ms Sync   20 ms | Sent   864 kB Recv  1191 kB |  tokens
🔶 Pred  212 ms Sync   19 ms | Sent   864 kB Recv  1191 kB | ,
🔶 Pred  211 ms Sync   20 ms | Sent   864 kB Recv  1191 kB |  each
🔶 Pred  212 ms Sync   20 ms | Sent   864 kB Recv  1191 kB |  CPU
🔶 Pred  212 ms Sync   19 ms | Sent   864 kB Recv  1191 kB |  computes
🔶 Pred  212 ms Sync   20 ms | Sent   864 kB Recv  1191 kB |  
🔶 Pred  212 ms Sync   21 ms | Sent   864 kB Recv  1191 kB | 2
🔶 Pred  212 ms Sync   20 ms | Sent   864 kB Recv  1191 kB |  heads
🔶 Pred  215 ms Sync   18 ms | Sent   864 kB Recv  1191 kB | ,
🔶 Pred  219 ms Sync   17 ms | Sent   864 kB Recv  1191 kB |  each
🔶 Pred  225 ms Sync   22 ms | Sent   864 kB Recv  1191 kB |  with
🔶 Pred  217 ms Sync   23 ms | Sent   864 kB Recv  1191 kB |  
🔶 Pred  212 ms Sync   19 ms | Sent   864 kB Recv  1191 kB | 100
🔶 Pred  212 ms Sync   19 ms | Sent   864 kB Recv  1191 kB | 0
🔶 Pred  214 ms Sync   18 ms | Sent   864 kB Recv  1191 kB |  tokens
🔶 Pred  212 ms Sync   19 ms | Sent   864 kB Recv  1191 kB | .


🔶 Pred  214 ms Sync   19 ms | Sent   864 kB Recv  1191 kB | **
🔶 Pred  212 ms Sync   20 ms | Sent   864 kB Recv  1191 kB | 2
🔶 Pred  214 ms Sync   18 ms | Sent   864 kB Recv  1191 kB | .
🔶 Pred  212 ms Sync   20 ms | Sent   864 kB Recv  1191 kB |  All
🔶 Pred  214 ms Sync   18 ms | Sent   864 kB Recv  1191 kB | -
🔶 Pred  213 ms Sync   17 ms | Sent   864 kB Recv  1191 kB | Reduce
🔶 Pred  216 ms Sync   19 ms | Sent   864 kB Recv  1191 kB |  S
🔶 Pred  216 ms Sync   27 ms | Sent   864 kB Recv  1191 kB | ynchronization
🔶 Pred  217 ms Sync   25 ms | Sent   864 kB Recv  1191 kB | :
🔶 Pred  214 ms Sync   20 ms | Sent   864 kB Recv  1191 kB | **


🔶 Pred  212 ms Sync   18 ms | Sent   864 kB Recv  1191 kB | Period
🔶 Pred  214 ms Sync   18 ms | Sent   864 kB Recv  1191 kB | ically
🔶 Pred  212 ms Sync   20 ms | Sent   864 kB Recv  1191 kB | ,
🔶 Pred  216 ms Sync   18 ms | Sent   864 kB Recv  1191 kB |  all
🔶 Pred  217 ms Sync   18 ms | Sent   864 kB Recv  1191 kB |  CPUs
🔶 Pred  213 ms Sync   19 ms | Sent   864 kB Recv  1191 kB |  synchronize
🔶 Pred  211 ms Sync   20 ms | Sent   864 kB Recv  1191 kB |  their
🔶 Pred  215 ms Sync   17 ms | Sent   864 kB Recv  1191 kB |  weights
🔶 Pred  211 ms Sync   20 ms | Sent   864 kB Recv  1191 kB |  using
🔶 Pred  219 ms Sync   21 ms | Sent   864 kB Recv  1191 kB |  an
🔶 Pred  217 ms Sync   22 ms | Sent   864 kB Recv  1191 kB |  all
🔶 Pred  218 ms Sync   22 ms | Sent   864 kB Recv  1191 kB | -re
🔶 Pred  212 ms Sync   18 ms | Sent   864 kB Recv  1191 kB | duce
🔶 Pred  214 ms Sync   18 ms | Sent   864 kB Recv  1191 kB |  operation
🔶 Pred  214 ms Sync   21 ms | Sent   864 kB Recv  1191 kB | .
🔶 Pred  214 ms Sync   19 ms | Sent   864 kB Recv  1191 kB |  This
🔶 Pred  212 ms Sync   20 ms | Sent   864 kB Recv  1191 kB |  ensures
🔶 Pred  214 ms Sync   19 ms | Sent   864 kB Recv  1191 kB |  consistency
🔶 Pred  212 ms Sync   20 ms | Sent   864 kB Recv  1191 kB |  across
🔶 Pred  214 ms Sync   18 ms | Sent   864 kB Recv  1191 kB |  all
🔶 Pred  213 ms Sync   19 ms | Sent   864 kB Recv  1191 kB |  CPUs
🔶 Pred  214 ms Sync   18 ms | Sent   864 kB Recv  1191 kB | ,
🔶 Pred  220 ms Sync   28 ms | Sent   864 kB Recv  1191 kB |  maintaining
🔶 Pred  215 ms Sync   19 ms | Sent   864 kB Recv  1191 kB |  the
🔶 Pred  215 ms Sync   23 ms | Sent   864 kB Recv  1191 kB |  model
🔶 Pred  228 ms Sync   15 ms | Sent   864 kB Recv  1191 kB | 's
🔶 Pred  213 ms Sync   20 ms | Sent   864 kB Recv  1191 kB |  behavior
🔶 Pred  214 ms Sync   19 ms | Sent   864 kB Recv  1191 kB | .
🔶 Pred  213 ms Sync   21 ms | Sent   864 kB Recv  1191 kB |  The
🔶 Pred  214 ms Sync   19 ms | Sent   864 kB Recv  1191 kB |  synchronization
🔶 Pred  213 ms Sync   20 ms | Sent   864 kB Recv  1191 kB |  frequency
🔶 Pred  214 ms Sync   19 ms | Sent   864 kB Recv  1191 kB |  depends
🔶 Pred  213 ms Sync   20 ms | Sent   864 kB Recv  1191 kB |  on
🔶 Pred  215 ms Sync   19 ms | Sent   864 kB Recv  1191 kB |  factors
🔶 Pred  214 ms Sync   20 ms | Sent   864 kB Recv  1191 kB |  like
🔶 Pred  225 ms Sync   23 ms | Sent   864 kB Recv  1191 kB |  the
🔶 Pred  217 ms Sync   21 ms | Sent   864 kB Recv  1191 kB |  model
🔶 Pred  214 ms Sync   19 ms | Sent   864 kB Recv  1191 kB | 's
🔶 Pred  213 ms Sync   21 ms | Sent   864 kB Recv  1191 kB |  depth
🔶 Pred  214 ms Sync   18 ms | Sent   864 kB Recv  1191 kB |  and
🔶 Pred  213 ms Sync   20 ms | Sent   864 kB Recv  1191 kB |  sequence
🔶 Pred  215 ms Sync   19 ms | Sent   864 kB Recv  1191 kB |  length
🔶 Pred  213 ms Sync   20 ms | Sent   864 kB Recv  1191 kB | .


🔶 Pred  215 ms Sync   20 ms | Sent   864 kB Recv  1191 kB | **
🔶 Pred  213 ms Sync   19 ms | Sent   864 kB Recv  1191 kB | Numer
🔶 Pred  215 ms Sync   19 ms | Sent   864 kB Recv  1191 kB | ical
🔶 Pred  220 ms Sync   16 ms | Sent   864 kB Recv  1191 kB |  Example
🔶 Pred  220 ms Sync   19 ms | Sent   864 kB Recv  1191 kB | :
🔶 Pred  218 ms Sync   26 ms | Sent   864 kB Recv  1191 kB | **

🔶 Pred  220 ms Sync   21 ms | Sent   864 kB Recv  1191 kB | -
🔶 Pred  214 ms Sync   20 ms | Sent   864 kB Recv  1191 kB |  Each
🔶 Pred  215 ms Sync   20 ms | Sent   864 kB Recv  1191 kB |  CPU
🔶 Pred  213 ms Sync   20 ms | Sent   864 kB Recv  1191 kB | 's
🔶 Pred  214 ms Sync   19 ms | Sent   864 kB Recv  1191 kB |  
🔶 Pred  213 ms Sync   20 ms | Sent   864 kB Recv  1191 kB | 2
🔶 Pred  218 ms Sync   18 ms | Sent   864 kB Recv  1191 kB |  heads
🔶 Pred  215 ms Sync   19 ms | Sent   864 kB Recv  1191 kB |  require
🔶 Pred  214 ms Sync   21 ms | Sent   864 kB Recv  1191 kB |  combining
🔶 Pred  215 ms Sync   20 ms | Sent   864 kB Recv  1191 kB |  with
🔶 Pred  214 ms Sync   20 ms | Sent   864 kB Recv  1191 kB |  
🔶 Pred  231 ms Sync   20 ms | Sent   864 kB Recv  1191 kB | 8
🔶 Pred  214 ms Sync   18 ms | Sent   864 kB Recv  1191 kB |  heads
🔶 Pred  216 ms Sync   21 ms | Sent   864 kB Recv  1191 kB |  across
🔶 Pred  214 ms Sync   19 ms | Sent   864 kB Recv  1191 kB |  all
🔶 Pred  213 ms Sync   20 ms | Sent   864 kB Recv  1191 kB |  CPUs
🔶 Pred  215 ms Sync   19 ms | Sent   864 kB Recv  1191 kB | .

🔶 Pred  214 ms Sync   19 ms | Sent   864 kB Recv  1191 kB | -
🔶 Pred  227 ms Sync   14 ms | Sent   864 kB Recv  1191 kB |  Each
🔶 Pred  214 ms Sync   20 ms | Sent   864 kB Recv  1191 kB |  CPU
🔶 Pred  216 ms Sync   19 ms | Sent   864 kB Recv  1191 kB |  sends
🔶 Pred  214 ms Sync   20 ms | Sent   864 kB Recv  1191 kB |  
🔶 Pred  216 ms Sync   19 ms | Sent   864 kB Recv  1191 kB | 6
🔶 Pred  219 ms Sync   21 ms | Sent   864 kB Recv  1191 kB |  keys
🔶 Pred  223 ms Sync   26 ms | Sent   864 kB Recv  1191 kB |  and
🔶 Pred  217 ms Sync   21 ms | Sent   864 kB Recv  1191 kB |  
🔶 Pred  215 ms Sync   18 ms | Sent   864 kB Recv  1191 kB | 6
🔶 Pred  214 ms Sync   20 ms | Sent   864 kB Recv  1191 kB |  values
🔶 Pred  216 ms Sync   20 ms | Sent   864 kB Recv  1191 kB |  (
🔶 Pred  214 ms Sync   18 ms | Sent   864 kB Recv  1191 kB | 3
🔶 Pred  216 ms Sync   19 ms | Sent   864 kB Recv  1191 kB |  other
🔶 Pred  214 ms Sync   21 ms | Sent   864 kB Recv  1191 kB |  CPUs
🔶 Pred  216 ms Sync   18 ms | Sent   864 kB Recv  1191 kB |  *
🔶 Pred  214 ms Sync   20 ms | Sent   864 kB Recv  1191 kB |  
🔶 Pred  216 ms Sync   19 ms | Sent   864 kB Recv  1191 kB | 2
🔶 Pred  214 ms Sync   20 ms | Sent   864 kB Recv  1191 kB |  heads
🔶 Pred  223 ms Sync   17 ms | Sent   864 kB Recv  1191 kB |  each
🔶 Pred  222 ms Sync   19 ms | Sent   864 kB Recv  1191 kB | )
🔶 Pred  219 ms Sync   23 ms | Sent   864 kB Recv  1191 kB |  of
🔶 Pred  222 ms Sync   17 ms | Sent   864 kB Recv  1191 kB |  size
🔶 Pred  217 ms Sync   19 ms | Sent   864 kB Recv  1191 kB |  
🔶 Pred  214 ms Sync   21 ms | Sent   864 kB Recv  1191 kB | 64
🔶 Pred  215 ms Sync   20 ms | Sent   864 kB Recv  1191 kB | .

🔶 Pred  214 ms Sync   20 ms | Sent   864 kB Recv  1191 kB | -
🔶 Pred  216 ms Sync   18 ms | Sent   864 kB Recv  1191 kB |  Total
🔶 Pred  214 ms Sync   20 ms | Sent   864 kB Recv  1191 kB |  data
🔶 Pred  216 ms Sync   19 ms | Sent   864 kB Recv  1191 kB |  transfer
🔶 Pred  214 ms Sync   21 ms | Sent   864 kB Recv  1191 kB |  per
🔶 Pred  216 ms Sync   20 ms | Sent   864 kB Recv  1191 kB |  step
🔶 Pred  229 ms Sync   22 ms | Sent   864 kB Recv  1191 kB | :
🔶 Pred  219 ms Sync   23 ms | Sent   864 kB Recv  1191 kB |  
🔶 Pred  215 ms Sync   19 ms | Sent   864 kB Recv  1191 kB | 6
🔶 Pred  215 ms Sync   20 ms | Sent   864 kB Recv  1191 kB |  *
🔶 Pred  216 ms Sync   19 ms | Sent   864 kB Recv  1191 kB |  
🔶 Pred  214 ms Sync   19 ms | Sent   864 kB Recv  1191 kB | 128
🔶 Pred  216 ms Sync   18 ms | Sent   864 kB Recv  1191 kB |  =
🔶 Pred  215 ms Sync   20 ms | Sent   864 kB Recv  1191 kB |  
🔶 Pred  216 ms Sync   18 ms | Sent   864 kB Recv  1191 kB | 768
🔶 Pred  215 ms Sync   20 ms | Sent   864 kB Recv  1191 kB |  per
🔶 Pred  216 ms Sync   19 ms | Sent   864 kB Recv  1191 kB |  CPU
🔶 Pred  217 ms Sync   17 ms | Sent   864 kB Recv  1191 kB | .

🔶 Pred  235 ms Sync   16 ms | Sent   864 kB Recv  1191 kB | -
🔶 Pred  224 ms Sync   23 ms | Sent   864 kB Recv  1191 kB |  Over
🔶 Pred  220 ms Sync   23 ms | Sent   864 kB Recv  1191 kB |  
🔶 Pred  216 ms Sync   17 ms | Sent   864 kB Recv  1191 kB | 100
🔶 Pred  215 ms Sync   19 ms | Sent   864 kB Recv  1191 kB | 0
🔶 Pred  216 ms Sync   20 ms | Sent   864 kB Recv  1191 kB |  tokens
🔶 Pred  215 ms Sync   20 ms | Sent   864 kB Recv  1191 kB | :
🔶 Pred  217 ms Sync   18 ms | Sent   864 kB Recv  1191 kB |  
🔶 Pred  215 ms Sync   20 ms | Sent   864 kB Recv  1191 kB | 768
🔶 Pred  217 ms Sync   19 ms | Sent   864 kB Recv  1191 kB |  *
🔶 Pred  216 ms Sync   19 ms | Sent   864 kB Recv  1191 kB |  
🔶 Pred  217 ms Sync   18 ms | Sent   864 kB Recv  1191 kB | 100
🔶 Pred  215 ms Sync   20 ms | Sent   864 kB Recv  1191 kB | 0
🔶 Pred  230 ms Sync   26 ms | Sent   864 kB Recv  1191 kB |  =
🔶 Pred  218 ms Sync   19 ms | Sent   864 kB Recv  1191 kB |  
🔶 Pred  218 ms Sync   18 ms | Sent   864 kB Recv  1191 kB | 768
🔶 Pred  215 ms Sync   20 ms | Sent   864 kB Recv  1191 kB | ,
🔶 Pred  217 ms Sync   19 ms | Sent   864 kB Recv  1191 kB | 000
🔶 Pred  217 ms Sync   18 ms | Sent   864 kB Recv  1191 kB |  operations
🔶 Pred  215 ms Sync   20 ms | Sent   864 kB Recv  1191 kB |  per
🔶 Pred  230 ms Sync   14 ms | Sent   864 kB Recv  1191 kB |  CPU
🔶 Pred  215 ms Sync   19 ms | Sent   864 kB Recv  1191 kB | .


🔶 Pred  217 ms Sync   19 ms | Sent   864 kB Recv  1191 kB | **
🔶 Pred  215 ms Sync   19 ms | Sent   864 kB Recv  1191 kB | 3
🔶 Pred  217 ms Sync   18 ms | Sent   864 kB Recv  1191 kB | .
🔶 Pred  217 ms Sync   26 ms | Sent   864 kB Recv  1191 kB |  KV
🔶 Pred  227 ms Sync   19 ms | Sent   864 kB Recv  1191 kB | -C
🔶 Pred  219 ms Sync   24 ms | Sent   864 kB Recv  1191 kB | ache
🔶 Pred  216 ms Sync   19 ms | Sent   864 kB Recv  1191 kB | :
🔶 Pred  216 ms Sync   20 ms | Sent   864 kB Recv  1191 kB | **


🔶 Pred  217 ms Sync   17 ms | Sent   864 kB Recv  1191 kB | The
🔶 Pred  215 ms Sync   21 ms | Sent   864 kB Recv  1191 kB |  KV
🔶 Pred  217 ms Sync   18 ms | Sent   864 kB Recv  1191 kB | -cache
🔶 Pred  215 ms Sync   19 ms | Sent   864 kB Recv  1191 kB |  stores
🔶 Pred  217 ms Sync   20 ms | Sent   864 kB Recv  1191 kB |  intermediate
🔶 Pred  216 ms Sync   19 ms | Sent   864 kB Recv  1191 kB |  results
🔶 Pred  217 ms Sync   19 ms | Sent   864 kB Recv  1191 kB |  from
🔶 Pred  216 ms Sync   18 ms | Sent   864 kB Recv  1191 kB |  each
🔶 Pred  228 ms Sync   21 ms | Sent   864 kB Recv  1191 kB |  head
🔶 Pred  216 ms Sync   20 ms | Sent   864 kB Recv  1191 kB | ,
🔶 Pred  222 ms Sync   20 ms | Sent   864 kB Recv  1191 kB |  allowing
🔶 Pred  227 ms Sync   16 ms | Sent   864 kB Recv  1191 kB |  efficient
🔶 Pred  216 ms Sync   19 ms | Sent   864 kB Recv  1191 kB |  combination
🔶 Pred  216 ms Sync   20 ms | Sent   864 kB Recv  1191 kB |  during
🔶 Pred  216 ms Sync   20 ms | Sent   864 kB Recv  1191 kB |  attention
🔶 Pred  216 ms Sync   19 ms | Sent   864 kB Recv  1191 kB |  computation
🔶 Pred  216 ms Sync   20 ms | Sent   864 kB Recv  1191 kB | .
🔶 Pred  216 ms Sync   20 ms | Sent   864 kB Recv  1191 kB |  Each
🔶 Pred  216 ms Sync   20 ms | Sent   864 kB Recv  1191 kB |  CPU
🔶 Pred  216 ms Sync   19 ms | Sent   864 kB Recv  1191 kB | 's
🔶 Pred  216 ms Sync   20 ms | Sent   864 kB Recv  1191 kB |  computed
🔶 Pred  230 ms Sync   21 ms | Sent   864 kB Recv  1191 kB |  keys
🔶 Pred  219 ms Sync   22 ms | Sent   864 kB Recv  1191 kB |  and
🔶 Pred  217 ms Sync   20 ms | Sent   864 kB Recv  1191 kB |  values
🔶 Pred  216 ms Sync   19 ms | Sent   864 kB Recv  1191 kB |  are
🔶 Pred  217 ms Sync   19 ms | Sent   864 kB Recv  1191 kB |  stored
🔶 Pred  216 ms Sync   20 ms | Sent   864 kB Recv  1191 kB | ,
🔶 Pred  218 ms Sync   19 ms | Sent   864 kB Recv  1191 kB |  so
🔶 Pred  216 ms Sync   20 ms | Sent   864 kB Recv  1191 kB |  other
🔶 Pred  218 ms Sync   18 ms | Sent   864 kB Recv  1191 kB |  CPUs
🔶 Pred  216 ms Sync   20 ms | Sent   864 kB Recv  1191 kB |  can
🔶 Pred  220 ms Sync   18 ms | Sent   864 kB Recv  1191 kB |  retrieve
🔶 Pred  223 ms Sync   16 ms | Sent   864 kB Recv  1191 kB |  them
🔶 Pred  224 ms Sync   24 ms | Sent   864 kB Recv  1191 kB |  without
🔶 Pred  218 ms Sync   19 ms | Sent   864 kB Recv  1191 kB |  data
🔶 Pred  224 ms Sync   20 ms | Sent   864 kB Recv  1191 kB |  transmission
🔶 Pred  215 ms Sync   19 ms | Sent   864 kB Recv  1191 kB | .


🔶 Pred  218 ms Sync   19 ms | Sent   864 kB Recv  1191 kB | **
🔶 Pred  215 ms Sync   21 ms | Sent   864 kB Recv  1191 kB | Numer
🔶 Pred  220 ms Sync   18 ms | Sent   864 kB Recv  1191 kB | ical
🔶 Pred  216 ms Sync   21 ms | Sent   864 kB Recv  1191 kB |  Example
🔶 Pred  219 ms Sync   18 ms | Sent   864 kB Recv  1191 kB | :
🔶 Pred  217 ms Sync   20 ms | Sent   864 kB Recv  1191 kB | **

🔶 Pred  218 ms Sync   20 ms | Sent   864 kB Recv  1191 kB | -
🔶 Pred  217 ms Sync   21 ms | Sent   864 kB Recv  1191 kB |  Each
🔶 Pred  222 ms Sync   16 ms | Sent   864 kB Recv  1191 kB |  CPU
🔶 Pred  223 ms Sync   27 ms | Sent   864 kB Recv  1191 kB | 's
🔶 Pred  224 ms Sync   20 ms | Sent   864 kB Recv  1191 kB |  
🔶 Pred  217 ms Sync   20 ms | Sent   864 kB Recv  1191 kB | 2
🔶 Pred  219 ms Sync   19 ms | Sent   864 kB Recv  1191 kB |  heads
🔶 Pred  217 ms Sync   22 ms | Sent   864 kB Recv  1191 kB |  contribute
🔶 Pred  219 ms Sync   18 ms | Sent   864 kB Recv  1191 kB |  
🔶 Pred  219 ms Sync   20 ms | Sent   864 kB Recv  1191 kB | 2
🔶 Pred  226 ms Sync   17 ms | Sent   864 kB Recv  1191 kB |  *
🔶 Pred  217 ms Sync   20 ms | Sent   864 kB Recv  1191 kB |  
🔶 Pred  219 ms Sync   19 ms | Sent   864 kB Recv  1191 kB | 64
🔶 Pred  219 ms Sync   19 ms | Sent   864 kB Recv  1191 kB |  =
🔶 Pred  218 ms Sync   19 ms | Sent   864 kB Recv  1191 kB |  
🔶 Pred  227 ms Sync   30 ms | Sent   864 kB Recv  1191 kB | 128
🔶 Pred  218 ms Sync   21 ms | Sent   864 kB Recv  1191 kB |  dimensions
🔶 Pred  219 ms Sync   23 ms | Sent   864 kB Recv  1191 kB | .

🔶 Pred  217 ms Sync   19 ms | Sent   864 kB Recv  1191 kB | -
🔶 Pred  220 ms Sync   16 ms | Sent   864 kB Recv  1191 kB |  KV
🔶 Pred  217 ms Sync   20 ms | Sent   864 kB Recv  1191 kB | -cache
🔶 Pred  219 ms Sync   19 ms | Sent   864 kB Recv  1191 kB |  stores
🔶 Pred  217 ms Sync   20 ms | Sent   864 kB Recv  1191 kB |  these
🔶 Pred  219 ms Sync   18 ms | Sent   864 kB Recv  1191 kB |  for
🔶 Pred  217 ms Sync   21 ms | Sent   864 kB Recv  1191 kB |  quick
🔶 Pred  219 ms Sync   19 ms | Sent   864 kB Recv  1191 kB |  access
🔶 Pred  217 ms Sync   20 ms | Sent   864 kB Recv  1191 kB | ,
🔶 Pred  221 ms Sync   21 ms | Sent   864 kB Recv  1191 kB |  reducing
🔶 Pred  225 ms Sync   25 ms | Sent   864 kB Recv  1191 kB |  data
🔶 Pred  221 ms Sync   24 ms | Sent   864 kB Recv  1191 kB |  transfer
🔶 Pred  221 ms Sync   18 ms | Sent   864 kB Recv  1191 kB |  needs
🔶 Pred  219 ms Sync   19 ms | Sent   864 kB Recv  1191 kB | .


🔶 Pred  216 ms Sync   21 ms | Sent   864 kB Recv  1191 kB | **
🔶 Pred  217 ms Sync   21 ms | Sent   864 kB Recv  1191 kB | 4
🔶 Pred  218 ms Sync   20 ms | Sent   864 kB Recv  1191 kB | .
🔶 Pred  217 ms Sync   20 ms | Sent   864 kB Recv  1191 kB |  Memory
🔶 Pred  218 ms Sync   20 ms | Sent   864 kB Recv  1191 kB | -B
🔶 Pred  218 ms Sync   21 ms | Sent   864 kB Recv  1191 kB | and
🔶 Pred  217 ms Sync   20 ms | Sent   864 kB Recv  1191 kB | width
🔶 Pred  217 ms Sync   20 ms | Sent   864 kB Recv  1191 kB |  Limit
🔶 Pred  226 ms Sync   27 ms | Sent   864 kB Recv  1191 kB | :
🔶 Pred  218 ms Sync   20 ms | Sent   864 kB Recv  1191 kB | **


🔶 Pred  219 ms Sync   23 ms | Sent   864 kB Recv  1191 kB | Eff
🔶 Pred  217 ms Sync   20 ms | Sent   864 kB Recv  1191 kB | icient
🔶 Pred  217 ms Sync   20 ms | Sent   864 kB Recv  1191 kB |  data
🔶 Pred  218 ms Sync   20 ms | Sent   864 kB Recv  1191 kB |  transfer
🔶 Pred  217 ms Sync   18 ms | Sent   864 kB Recv  1191 kB |  is
🔶 Pred  218 ms Sync   20 ms | Sent   864 kB Recv  1191 kB |  crucial
🔶 Pred  218 ms Sync   21 ms | Sent   864 kB Recv  1191 kB | .
🔶 Pred  217 ms Sync   20 ms | Sent   864 kB Recv  1191 kB |  The
🔶 Pred  218 ms Sync   21 ms | Sent   864 kB Recv  1191 kB |  system
🔶 Pred  226 ms Sync   18 ms | Sent   864 kB Recv  1191 kB |  balances
🔶 Pred  219 ms Sync   23 ms | Sent   864 kB Recv  1191 kB |  computation
🔶 Pred  224 ms Sync   24 ms | Sent   864 kB Recv  1191 kB |  with
🔶 Pred  221 ms Sync   22 ms | Sent   864 kB Recv  1191 kB |  data
🔶 Pred  217 ms Sync   20 ms | Sent   864 kB Recv  1191 kB |  transfer
🔶 Pred  217 ms Sync   21 ms | Sent   864 kB Recv  1191 kB | ,
🔶 Pred  217 ms Sync   20 ms | Sent   864 kB Recv  1191 kB |  using
🔶 Pred  217 ms Sync   22 ms | Sent   864 kB Recv  1191 kB |  optimizations
🔶 Pred  218 ms Sync   20 ms | Sent   864 kB Recv  1191 kB |  like
🔶 Pred  218 ms Sync   21 ms | Sent   864 kB Recv  1191 kB |  non
🔶 Pred  218 ms Sync   21 ms | Sent   864 kB Recv  1191 kB | -blocking
🔶 Pred  218 ms Sync   20 ms | Sent   864 kB Recv  1191 kB |  transfers
🔶 Pred  218 ms Sync   20 ms | Sent   864 kB Recv  1191 kB |  and
🔶 Pred  218 ms Sync   20 ms | Sent   864 kB Recv  1191 kB |  pip
🔶 Pred  228 ms Sync   27 ms | Sent   864 kB Recv  1191 kB | el
🔶 Pred  220 ms Sync   24 ms | Sent   864 kB Recv  1191 kB | ining
🔶 Pred  219 ms Sync   20 ms | Sent   864 kB Recv  1191 kB |  to
🔶 Pred  221 ms Sync   18 ms | Sent   864 kB Recv  1191 kB |  minimize
🔶 Pred  219 ms Sync   19 ms | Sent   864 kB Recv  1191 kB |  bandwidth
🔶 Pred  220 ms Sync   18 ms | Sent   864 kB Recv  1191 kB |  usage
🔶 Pred  220 ms Sync   19 ms | Sent   864 kB Recv  1191 kB | ,
🔶 Pred  231 ms Sync   15 ms | Sent   864 kB Recv  1191 kB |  ensuring
🔶 Pred  217 ms Sync   21 ms | Sent   864 kB Recv  1191 kB |  the
🔶 Pred  221 ms Sync   18 ms | Sent   864 kB Recv  1191 kB |  system
🔶 Pred  218 ms Sync   20 ms | Sent   864 kB Recv  1191 kB |  doesn
🔶 Pred  220 ms Sync   18 ms | Sent   864 kB Recv  1191 kB | 't
🔶 Pred  222 ms Sync   24 ms | Sent   864 kB Recv  1191 kB |  become
🔶 Pred  224 ms Sync   23 ms | Sent   864 kB Recv  1191 kB |  a
🔶 Pred  225 ms Sync   24 ms | Sent   864 kB Recv  1191 kB |  bottleneck
🔶 Pred  217 ms Sync   22 ms | Sent   864 kB Recv  1191 kB | .


🔶 Pred  221 ms Sync   19 ms | Sent   864 kB Recv  1191 kB | **
🔶 Pred  218 ms Sync   20 ms | Sent   864 kB Recv  1191 kB | Numer
🔶 Pred  220 ms Sync   19 ms | Sent   864 kB Recv  1191 kB | ical
🔶 Pred  218 ms Sync   21 ms | Sent   864 kB Recv  1191 kB |  Example
🔶 Pred  220 ms Sync   21 ms | Sent   864 kB Recv  1191 kB | :
🔶 Pred  218 ms Sync   21 ms | Sent   864 kB Recv  1191 kB | **

🔶 Pred  221 ms Sync   20 ms | Sent   864 kB Recv  1191 kB | -
🔶 Pred  218 ms Sync   20 ms | Sent   864 kB Recv  1191 kB |  Each
🔶 Pred  225 ms Sync   21 ms | Sent   864 kB Recv  1191 kB |  CPU
🔶 Pred  226 ms Sync   28 ms | Sent   864 kB Recv  1191 kB |  handles
🔶 Pred  225 ms Sync   22 ms | Sent   864 kB Recv  1191 kB |  
🔶 Pred  224 ms Sync   18 ms | Sent   864 kB Recv  1191 kB | 2
🔶 Pred  222 ms Sync   19 ms | Sent   864 kB Recv  1191 kB |  heads
🔶 Pred  220 ms Sync   19 ms | Sent   864 kB Recv  1191 kB | ,
🔶 Pred  221 ms Sync   21 ms | Sent   864 kB Recv  1191 kB |  requiring
🔶 Pred  221 ms Sync   19 ms | Sent   864 kB Recv  1191 kB |  
🔶 Pred  221 ms Sync   20 ms | Sent   864 kB Recv  1191 kB | 6
🔶 Pred  222 ms Sync   18 ms | Sent   864 kB Recv  1191 kB |  keys
🔶 Pred  221 ms Sync   20 ms | Sent   864 kB Recv  1191 kB |  and
🔶 Pred  221 ms Sync   19 ms | Sent   864 kB Recv  1191 kB |  
🔶 Pred  221 ms Sync   19 ms | Sent   864 kB Recv  1191 kB | 6
🔶 Pred  235 ms Sync   26 ms | Sent   864 kB Recv  1191 kB |  values
🔶 Pred  224 ms Sync   24 ms | Sent   864 kB Recv  1191 kB |  from
🔶 Pred  221 ms Sync   20 ms | Sent   864 kB Recv  1191 kB |  other
🔶 Pred  220 ms Sync   19 ms | Sent   864 kB Recv  1191 kB |  CPUs
🔶 Pred  221 ms Sync   19 ms | Sent   864 kB Recv  1191 kB | .

🔶 Pred  220 ms Sync   20 ms | Sent   864 kB Recv  1191 kB | -
🔶 Pred  221 ms Sync   19 ms | Sent   864 kB Recv  1191 kB |  Total
🔶 Pred  220 ms Sync   21 ms | Sent   864 kB Recv  1191 kB |  data
🔶 Pred  221 ms Sync   19 ms | Sent   864 kB Recv  1191 kB |  per
🔶 Pred  220 ms Sync   20 ms | Sent   864 kB Recv  1191 kB |  step
🔶 Pred  226 ms Sync   17 ms | Sent   864 kB Recv  1191 kB | :
🔶 Pred  230 ms Sync   18 ms | Sent   864 kB Recv  1191 kB |  
🔶 Pred  233 ms Sync   22 ms | Sent   864 kB Recv  1191 kB | 6
🔶 Pred  221 ms Sync   20 ms | Sent   864 kB Recv  1191 kB |  *
🔶 Pred  226 ms Sync   21 ms | Sent   864 kB Recv  1191 kB |  
🔶 Pred  222 ms Sync   20 ms | Sent   864 kB Recv  1191 kB | 128
🔶 Pred  221 ms Sync   19 ms | Sent   864 kB Recv  1191 kB |  =
🔶 Pred  221 ms Sync   20 ms | Sent   864 kB Recv  1191 kB |  
🔶 Pred  221 ms Sync   20 ms | Sent   864 kB Recv  1191 kB | 768
🔶 Pred  221 ms Sync   21 ms | Sent   864 kB Recv  1191 kB |  per
🔶 Pred  221 ms Sync   20 ms | Sent   864 kB Recv  1191 kB |  CPU
🔶 Pred  221 ms Sync   20 ms | Sent   864 kB Recv  1191 kB | .

🔶 Pred  221 ms Sync   19 ms | Sent   864 kB Recv  1191 kB | -
🔶 Pred  222 ms Sync   20 ms | Sent   864 kB Recv  1191 kB |  Over
🔶 Pred  225 ms Sync   21 ms | Sent   864 kB Recv  1191 kB |  
🔶 Pred  230 ms Sync   22 ms | Sent   864 kB Recv  1191 kB | 100
🔶 Pred  227 ms Sync   23 ms | Sent   864 kB Recv  1191 kB | 0
🔶 Pred  221 ms Sync   19 ms | Sent   864 kB Recv  1191 kB |  tokens
🔶 Pred  222 ms Sync   18 ms | Sent   864 kB Recv  1191 kB | :
🔶 Pred  222 ms Sync   19 ms | Sent   864 kB Recv  1191 kB |  
🔶 Pred  222 ms Sync   18 ms | Sent   864 kB Recv  1191 kB | 768
🔶 Pred  238 ms Sync   17 ms | Sent   864 kB Recv  1191 kB |  *
🔶 Pred  222 ms Sync   19 ms | Sent   864 kB Recv  1191 kB |  
🔶 Pred  223 ms Sync   19 ms | Sent   864 kB Recv  1191 kB | 100
🔶 Pred  222 ms Sync   20 ms | Sent   864 kB Recv  1191 kB | 0
🔶 Pred  222 ms Sync   20 ms | Sent   864 kB Recv  1191 kB |  =
🔶 Pred  226 ms Sync   17 ms | Sent   864 kB Recv  1191 kB |  
🔶 Pred  233 ms Sync   24 ms | Sent   864 kB Recv  1191 kB | 768
🔶 Pred  226 ms Sync   21 ms | Sent   864 kB Recv  1191 kB | ,
🔶 Pred  222 ms Sync   21 ms | Sent   864 kB Recv  1191 kB | 000
🔶 Pred  221 ms Sync   21 ms | Sent   864 kB Recv  1191 kB |  operations
🔶 Pred  221 ms Sync   19 ms | Sent   864 kB Recv  1191 kB |  per
🔶 Pred  222 ms Sync   19 ms | Sent   864 kB Recv  1191 kB |  CPU
🔶 Pred  221 ms Sync   19 ms | Sent   864 kB Recv  1191 kB | .


🔶 Pred  222 ms Sync   20 ms | Sent   864 kB Recv  1191 kB | **
🔶 Pred  222 ms Sync   18 ms | Sent   864 kB Recv  1191 kB | 5
🔶 Pred  222 ms Sync   18 ms | Sent   864 kB Recv  1191 kB | .
🔶 Pred  222 ms Sync   19 ms | Sent   864 kB Recv  1191 kB |  Initialization
🔶 Pred  222 ms Sync   20 ms | Sent   864 kB Recv  1191 kB |  and
🔶 Pred  234 ms Sync   24 ms | Sent   864 kB Recv  1191 kB |  Efficiency
🔶 Pred  226 ms Sync   21 ms | Sent   864 kB Recv  1191 kB |  Consider
🔶 Pred  226 ms Sync   19 ms | Sent   864 kB Recv  1191 kB | ations
🔶 Pred  231 ms Sync   17 ms | Sent   864 kB Recv  1191 kB | :
🔶 Pred  221 ms Sync   20 ms | Sent   864 kB Recv  1191 kB | **


🔶 Pred  222 ms Sync   19 ms | Sent   864 kB Recv  1191 kB | Weights
🔶 Pred  221 ms Sync   20 ms | Sent   864 kB Recv  1191 kB |  are
🔶 Pred  223 ms Sync   20 ms | Sent   864 kB Recv  1191 kB |  initialized
🔶 Pred  222 ms Sync   20 ms | Sent   864 kB Recv  1191 kB |  across
🔶 Pred  222 ms Sync   19 ms | Sent   864 kB Recv  1191 kB |  CPUs
🔶 Pred  222 ms Sync   18 ms | Sent   864 kB Recv  1191 kB | ,
🔶 Pred  222 ms Sync   19 ms | Sent   864 kB Recv  1191 kB |  typically
🔶 Pred  229 ms Sync   25 ms | Sent   864 kB Recv  1191 kB |  using
🔶 Pred  225 ms Sync   20 ms | Sent   864 kB Recv  1191 kB |  a
🔶 Pred  228 ms Sync   21 ms | Sent   864 kB Recv  1191 kB |  parameter
🔶 Pred  222 ms Sync   19 ms | Sent   864 kB Recv  1191 kB |  server
🔶 Pred  222 ms Sync   20 ms | Sent   864 kB Recv  1191 kB | .
🔶 Pred  224 ms Sync   19 ms | Sent   864 kB Recv  1191 kB |  While
🔶 Pred  223 ms Sync   19 ms | Sent   864 kB Recv  1191 kB |  CPUs
🔶 Pred  222 ms Sync   19 ms | Sent   864 kB Recv  1191 kB |  are
🔶 Pred  223 ms Sync   19 ms | Sent   864 kB Recv  1191 kB |  slower
🔶 Pred  223 ms Sync   19 ms | Sent   864 kB Recv  1191 kB |  than
🔶 Pred  223 ms Sync   19 ms | Sent   864 kB Recv  1191 kB |  GPUs
🔶 Pred  237 ms Sync   14 ms | Sent   864 kB Recv  1191 kB | ,
🔶 Pred  228 ms Sync   20 ms | Sent   864 kB Recv  1191 kB |  cost
🔶 Pred  228 ms Sync   21 ms | Sent   864 kB Recv  1191 kB | -effect
🔶 Pred  227 ms Sync   21 ms | Sent   864 kB Recv  1191 kB | iveness
🔶 Pred  222 ms Sync   18 ms | Sent   864 kB Recv  1191 kB |  is
🔶 Pred  222 ms Sync   20 ms | Sent   864 kB Recv  1191 kB |  a
🔶 Pred  221 ms Sync   21 ms | Sent   864 kB Recv  1191 kB |  benefit
🔶 Pred  222 ms Sync   19 ms | Sent   864 kB Recv  1191 kB | ,
🔶 Pred  222 ms Sync   20 ms | Sent   864 kB Recv  1191 kB |  especially
🔶 Pred  223 ms Sync   20 ms | Sent   864 kB Recv  1191 kB |  for
🔶 Pred  223 ms Sync   20 ms | Sent   864 kB Recv  1191 kB |  smaller
🔶 Pred  223 ms Sync   20 ms | Sent   864 kB Recv  1191 kB |  models
🔶 Pred  223 ms Sync   19 ms | Sent   864 kB Recv  1191 kB |  or
🔶 Pred  226 ms Sync   19 ms | Sent   864 kB Recv  1191 kB |  limited
🔶 Pred  232 ms Sync   21 ms | Sent   864 kB Recv  1191 kB |  GPU
🔶 Pred  227 ms Sync   23 ms | Sent   864 kB Recv  1191 kB |  availability
🔶 Pred  220 ms Sync   21 ms | Sent   864 kB Recv  1191 kB | .


🔶 Pred  223 ms Sync   20 ms | Sent   864 kB Recv  1191 kB | **
🔶 Pred  220 ms Sync   22 ms | Sent   864 kB Recv  1191 kB | Conclusion
🔶 Pred  221 ms Sync   21 ms | Sent   864 kB Recv  1191 kB | :
🔶 Pred  236 ms Sync   15 ms | Sent   864 kB Recv  1191 kB | **


🔶 Pred  222 ms Sync   21 ms | Sent   864 kB Recv  1191 kB | D
🔶 Pred  223 ms Sync   20 ms | Sent   864 kB Recv  1191 kB | istributed
🔶 Pred  221 ms Sync   23 ms | Sent   864 kB Recv  1191 kB |  tensor
🔶 Pred  223 ms Sync   20 ms | Sent   864 kB Recv  1191 kB | -
🔶 Pred  220 ms Sync   21 ms | Sent   864 kB Recv  1191 kB | parallel
🔶 Pred  236 ms Sync   24 ms | Sent   864 kB Recv  1191 kB |  inference
🔶 Pred  224 ms Sync   29 ms | Sent   864 kB Recv  1191 kB |  on
🔶 Pred  223 ms Sync   21 ms | Sent   864 kB Recv  1191 kB |  a
🔶 Pred  220 ms Sync   23 ms | Sent   864 kB Recv  1191 kB |  CPU
🔶 Pred  224 ms Sync   19 ms | Sent   864 kB Recv  1191 kB |  cluster
🔶 Pred  220 ms Sync   22 ms | Sent   864 kB Recv  1191 kB |  involves
🔶 Pred  223 ms Sync   20 ms | Sent   864 kB Recv  1191 kB |  weight
🔶 Pred  220 ms Sync   22 ms | Sent   864 kB Recv  1191 kB |  sh
🔶 Pred  223 ms Sync   19 ms | Sent   864 kB Recv  1191 kB | arding
🔶 Pred  221 ms Sync   21 ms | Sent   864 kB Recv  1191 kB | ,
🔶 Pred  223 ms Sync   20 ms | Sent   864 kB Recv  1191 kB |  all
🔶 Pred  221 ms Sync   22 ms | Sent   864 kB Recv  1191 kB | -re
🔶 Pred  240 ms Sync   22 ms | Sent   864 kB Recv  1191 kB | duce
🔶 Pred  224 ms Sync   24 ms | Sent   864 kB Recv  1191 kB |  synchronization
🔶 Pred  232 ms Sync   23 ms | Sent   864 kB Recv  1191 kB | ,
🔶 Pred  224 ms Sync   20 ms | Sent   864 kB Recv  1191 kB |  KV
🔶 Pred  222 ms Sync   20 ms | Sent   864 kB Recv  1191 kB | -cache
🔶 Pred  220 ms Sync   22 ms | Sent   864 kB Recv  1191 kB |  usage
🔶 Pred  224 ms Sync   18 ms | Sent   864 kB Recv  1191 kB | ,
🔶 Pred  220 ms Sync   22 ms | Sent   864 kB Recv  1191 kB |  and
🔶 Pred  225 ms Sync   20 ms | Sent   864 kB Recv  1191 kB |  memory
🔶 Pred  220 ms Sync   22 ms | Sent   864 kB Recv  1191 kB | -band
🔶 Pred  224 ms Sync   19 ms | Sent   864 kB Recv  1191 kB | width
🔶 Pred  221 ms Sync   21 ms | Sent   864 kB Recv  1191 kB |  optimization
🔶 Pred  233 ms Sync   19 ms | Sent   864 kB Recv  1191 kB | .
🔶 Pred  226 ms Sync   22 ms | Sent   864 kB Recv  1191 kB |  Each
🔶 Pred  230 ms Sync   21 ms | Sent   864 kB Recv  1191 kB |  component
🔶 Pred  222 ms Sync   19 ms | Sent   864 kB Recv  1191 kB |  plays
🔶 Pred  223 ms Sync   20 ms | Sent   864 kB Recv  1191 kB |  a
🔶 Pred  222 ms Sync   21 ms | Sent   864 kB Recv  1191 kB |  role
🔶 Pred  223 ms Sync   20 ms | Sent   864 kB Recv  1191 kB |  in
🔶 Pred  222 ms Sync   20 ms | Sent   864 kB Recv  1191 kB |  efficient
🔶 Pred  224 ms Sync   20 ms | Sent   864 kB Recv  1191 kB |  computation
🔶 Pred  223 ms Sync   25 ms | Sent   864 kB Recv  1191 kB | ,
🔶 Pred  227 ms Sync   19 ms | Sent   864 kB Recv  1191 kB |  balancing
🔶 Pred  228 ms Sync   18 ms | Sent   864 kB Recv  1191 kB |  computational
🔶 Pred  232 ms Sync   22 ms | Sent   864 kB Recv  1191 kB |  demands
🔶 Pred  229 ms Sync   24 ms | Sent   864 kB Recv  1191 kB |  with
🔶 Pred  226 ms Sync   26 ms | Sent   864 kB Recv  1191 kB |  data
🔶 Pred  223 ms Sync   18 ms | Sent   864 kB Recv  1191 kB |  management
🔶 Pred  221 ms Sync   20 ms | Sent   864 kB Recv  1191 kB |  to
🔶 Pred  224 ms Sync   19 ms | Sent   864 kB Recv  1191 kB |  achieve
🔶 Pred  222 ms Sync   21 ms | Sent   864 kB Recv  1191 kB |  effective
🔶 Pred  225 ms Sync   20 ms | Sent   864 kB Recv  1191 kB |  inference
🔶 Pred  222 ms Sync   21 ms | Sent   864 kB Recv  1191 kB | .
🔶 Pred  224 ms Sync   20 ms | Sent   864 kB Recv  1191 kB | ~
🔶 Pred  222 ms Sync   22 ms | Sent   864 kB Recv  1191 kB | ~
🔶 Pred  225 ms Sync   20 ms | Sent   864 kB Recv  1191 kB | ://
🔶 Pred  224 ms Sync   22 ms | Sent   864 kB Recv  1191 kB | 


🔶 Pred  235 ms Sync   20 ms | Sent   864 kB Recv  1191 kB | **
🔶 Pred  226 ms Sync   24 ms | Sent   864 kB Recv  1191 kB | Step
🔶 Pred  223 ms Sync   18 ms | Sent   864 kB Recv  1191 kB | -by
🔶 Pred  222 ms Sync   25 ms | Sent   864 kB Recv  1191 kB | -
🔶 Pred  225 ms Sync   18 ms | Sent   864 kB Recv  1191 kB | Step
🔶 Pred  223 ms Sync   20 ms | Sent   864 kB Recv  1191 kB |  Explanation
🔶 Pred  239 ms Sync   16 ms | Sent   864 kB Recv  1191 kB |  of
🔶 Pred  224 ms Sync   21 ms | Sent   864 kB Recv  1191 kB |  Distributed
🔶 Pred  224 ms Sync   20 ms | Sent   864 kB Recv  1191 kB |  Tensor
🔶 Pred  223 ms Sync   20 ms | Sent   864 kB Recv  1191 kB | -
🔶 Pred  224 ms Sync   19 ms | Sent   864 kB Recv  1191 kB | Parallel
🔶 Pred  224 ms Sync   22 ms | Sent   864 kB Recv  1191 kB |  In
🔶 Pred  229 ms Sync   24 ms | Sent   864 kB Recv  1191 kB | ference
🔶 Pred  227 ms Sync   25 ms | Sent   864 kB Recv  1191 kB |  on
🔶 Pred  222 ms Sync   21 ms | Sent   864 kB Recv  1191 kB |  a
🔶 Pred  225 ms Sync   20 ms | Sent   864 kB Recv  1191 kB |  CPU
🔶 Pred  223 ms Sync   21 ms | Sent   864 kB Recv  1191 kB |  Cluster
🔶 Pred  225 ms Sync   20 ms | Sent   864 kB Recv  1191 kB | **


🔶 Pred  223 ms Sync   23 ms | Sent   864 kB Recv  1191 kB | **
🔶 Pred  225 ms Sync   21 ms | Sent   864 kB Recv  1191 kB | 1
🔶 Pred  223 ms Sync   21 ms | Sent   864 kB Recv  1191 kB | .
🔶 Pred  225 ms Sync   19 ms | Sent   864 kB Recv  1191 kB |  Weight
🔶 Pred  224 ms Sync   22 ms | Sent   864 kB Recv  1191 kB |  Sh
🔶 Pred  227 ms Sync   21 ms | Sent   864 kB Recv  1191 kB | arding
🔶 Pred  230 ms Sync   27 ms | Sent   864 kB Recv  1191 kB | :
🔶 Pred  229 ms Sync   22 ms | Sent   864 kB Recv  1191 kB | **


🔶 Pred  233 ms Sync   17 ms | Sent   864 kB Recv  1191 kB | -
🔶 Pred  225 ms Sync   20 ms | Sent   864 kB Recv  1191 kB |  **
🔶 Pred  223 ms Sync   24 ms | Sent   864 kB Recv  1191 kB | Model
🔶 Pred  225 ms Sync   20 ms | Sent   864 kB Recv  1191 kB |  Partition
🔶 Pred  223 ms Sync   22 ms | Sent   864 kB Recv  1191 kB | ing
🔶 Pred  225 ms Sync   21 ms | Sent   864 kB Recv  1191 kB | :**
🔶 Pred  223 ms Sync   23 ms | Sent   864 kB Recv  1191 kB |  The
🔶 Pred  225 ms Sync   21 ms | Sent   864 kB Recv  1191 kB |  transformer
🔶 Pred  223 ms Sync   22 ms | Sent   864 kB Recv  1191 kB |  model
🔶 Pred  225 ms Sync   21 ms | Sent   864 kB Recv  1191 kB | 's
🔶 Pred  233 ms Sync   30 ms | Sent   864 kB Recv  1191 kB |  weights
🔶 Pred  229 ms Sync   24 ms | Sent   864 kB Recv  1191 kB |  are
🔶 Pred  223 ms Sync   22 ms | Sent   864 kB Recv  1191 kB |  divided
🔶 Pred  225 ms Sync   21 ms | Sent   864 kB Recv  1191 kB |  across
🔶 Pred  223 ms Sync   24 ms | Sent   864 kB Recv  1191 kB |  multiple
🔶 Pred  225 ms Sync   20 ms | Sent   864 kB Recv  1191 kB |  CPUs
🔶 Pred  223 ms Sync   23 ms | Sent   864 kB Recv  1191 kB | .
🔶 Pred  225 ms Sync   22 ms | Sent   864 kB Recv  1191 kB |  Each
🔶 Pred  223 ms Sync   23 ms | Sent   864 kB Recv  1191 kB |  CPU
🔶 Pred  224 ms Sync   22 ms | Sent   864 kB Recv  1191 kB |  holds
🔶 Pred  232 ms Sync   18 ms | Sent   864 kB Recv  1191 kB |  a
🔶 Pred  223 ms Sync   23 ms | Sent   864 kB Recv  1191 kB |  portion
🔶 Pred  232 ms Sync   30 ms | Sent   864 kB Recv  1191 kB |  of
🔶 Pred  228 ms Sync   24 ms | Sent   864 kB Recv  1191 kB |  the
🔶 Pred  223 ms Sync   23 ms | Sent   864 kB Recv  1191 kB |  weights
🔶 Pred  224 ms Sync   23 ms | Sent   864 kB Recv  1191 kB | ,
🔶 Pred  223 ms Sync   19 ms | Sent   864 kB Recv  1191 kB |  allowing
🔶 Pred  224 ms Sync   21 ms | Sent   864 kB Recv  1191 kB |  parallel
🔶 Pred  224 ms Sync   21 ms | Sent   864 kB Recv  1191 kB |  computation
🔶 Pred  223 ms Sync   23 ms | Sent   864 kB Recv  1191 kB | .

🔶 Pred  224 ms Sync   21 ms | Sent   864 kB Recv  1191 kB | -
🔶 Pred  224 ms Sync   23 ms | Sent   864 kB Recv  1191 kB |  **
🔶 Pred  225 ms Sync   23 ms | Sent   864 kB Recv  1191 kB | Example
🔶 Pred  223 ms Sync   23 ms | Sent   864 kB Recv  1191 kB | :**
🔶 Pred  235 ms Sync   27 ms | Sent   864 kB Recv  1191 kB |  For
🔶 Pred  227 ms Sync   27 ms | Sent   864 kB Recv  1191 kB |  a
🔶 Pred  224 ms Sync   22 ms | Sent   864 kB Recv  1191 kB |  model
🔶 Pred  224 ms Sync   23 ms | Sent   864 kB Recv  1191 kB |  with
🔶 Pred  223 ms Sync   24 ms | Sent   864 kB Recv  1191 kB |  
🔶 Pred  224 ms Sync   23 ms | Sent   864 kB Recv  1191 kB | 8
🔶 Pred  233 ms Sync   18 ms | Sent   864 kB Recv  1191 kB |  heads
🔶 Pred  225 ms Sync   24 ms | Sent   864 kB Recv  1191 kB |  and
🔶 Pred  224 ms Sync   22 ms | Sent   864 kB Recv  1191 kB |  
🔶 Pred  225 ms Sync   22 ms | Sent   864 kB Recv  1191 kB | 4
🔶 Pred  225 ms Sync   22 ms | Sent   864 kB Recv  1191 kB |  CPUs
🔶 Pred  224 ms Sync   21 ms | Sent   864 kB Recv  1191 kB | ,
🔶 Pred  233 ms Sync   29 ms | Sent   864 kB Recv  1191 kB |  each
🔶 Pred  230 ms Sync   24 ms | Sent   864 kB Recv  1191 kB |  CPU
🔶 Pred  225 ms Sync   25 ms | Sent   864 kB Recv  1191 kB |  handles
🔶 Pred  224 ms Sync   20 ms | Sent   864 kB Recv  1191 kB |  
🔶 Pred  224 ms Sync   23 ms | Sent   864 kB Recv  1191 kB | 2
🔶 Pred  224 ms Sync   24 ms | Sent   864 kB Recv  1191 kB |  heads
🔶 Pred  224 ms Sync   24 ms | Sent   864 kB Recv  1191 kB | ,
🔶 Pred  224 ms Sync   23 ms | Sent   864 kB Recv  1191 kB |  each
🔶 Pred  225 ms Sync   23 ms | Sent   864 kB Recv  1191 kB |  with
🔶 Pred  224 ms Sync   23 ms | Sent   864 kB Recv  1191 kB |  
🔶 Pred  225 ms Sync   23 ms | Sent   864 kB Recv  1191 kB | 64
🔶 Pred  225 ms Sync   23 ms | Sent   864 kB Recv  1191 kB | -dimensional
🔶 Pred  238 ms Sync   24 ms | Sent   864 kB Recv  1191 kB |  keys
🔶 Pred  228 ms Sync   26 ms | Sent   864 kB Recv  1191 kB |  and
🔶 Pred  231 ms Sync   19 ms | Sent   864 kB Recv  1191 kB |  values
🔶 Pred  223 ms Sync   20 ms | Sent   864 kB Recv  1191 kB | .


🔶 Pred  225 ms Sync   23 ms | Sent   864 kB Recv  1191 kB | **
🔶 Pred  224 ms Sync   21 ms | Sent   864 kB Recv  1191 kB | 2
🔶 Pred  225 ms Sync   23 ms | Sent   864 kB Recv  1191 kB | .
🔶 Pred  225 ms Sync   23 ms | Sent   864 kB Recv  1191 kB |  All
🔶 Pred  225 ms Sync   23 ms | Sent   864 kB Recv  1191 kB | -
🔶 Pred  224 ms Sync   22 ms | Sent   864 kB Recv  1191 kB | Reduce
🔶 Pred  225 ms Sync   21 ms | Sent   864 kB Recv  1191 kB |  S
🔶 Pred  229 ms Sync   18 ms | Sent   864 kB Recv  1191 kB | ynchronization
🔶 Pred  233 ms Sync   28 ms | Sent   864 kB Recv  1191 kB | :
🔶 Pred  228 ms Sync   28 ms | Sent   864 kB Recv  1191 kB | **


🔶 Pred  225 ms Sync   22 ms | Sent   864 kB Recv  1191 kB | -
🔶 Pred  225 ms Sync   22 ms | Sent   864 kB Recv  1191 kB |  **
🔶 Pred  224 ms Sync   21 ms | Sent   864 kB Recv  1191 kB | Period
🔶 Pred  225 ms Sync   22 ms | Sent   864 kB Recv  1191 kB | ic
🔶 Pred  225 ms Sync   22 ms | Sent   864 kB Recv  1191 kB |  S
🔶 Pred  226 ms Sync   22 ms | Sent   864 kB Recv  1191 kB | ynchronization
🔶 Pred  225 ms Sync   23 ms | Sent   864 kB Recv  1191 kB | :**
🔶 Pred  225 ms Sync   22 ms | Sent   864 kB Recv  1191 kB |  All
🔶 Pred  235 ms Sync   19 ms | Sent   864 kB Recv  1191 kB |  CPUs
🔶 Pred  229 ms Sync   22 ms | Sent   864 kB Recv  1191 kB |  periodically
🔶 Pred  239 ms Sync   28 ms | Sent   864 kB Recv  1191 kB |  synchronize
🔶 Pred  231 ms Sync   24 ms | Sent   864 kB Recv  1191 kB |  their
🔶 Pred  225 ms Sync   23 ms | Sent   864 kB Recv  1191 kB |  weights
🔶 Pred  226 ms Sync   20 ms | Sent   864 kB Recv  1191 kB |  to
🔶 Pred  225 ms Sync   23 ms | Sent   864 kB Recv  1191 kB |  maintain
🔶 Pred  225 ms Sync   22 ms | Sent   864 kB Recv  1191 kB |  model
🔶 Pred  226 ms Sync   23 ms | Sent   864 kB Recv  1191 kB |  consistency
🔶 Pred  225 ms Sync   22 ms | Sent   864 kB Recv  1191 kB | .

🔶 Pred  225 ms Sync   22 ms | Sent   864 kB Recv  1191 kB | -
🔶 Pred  226 ms Sync   22 ms | Sent   864 kB Recv  1191 kB |  **
🔶 Pred  225 ms Sync   23 ms | Sent   864 kB Recv  1191 kB | Frequency
🔶 Pred  227 ms Sync   23 ms | Sent   864 kB Recv  1191 kB | :**
🔶 Pred  231 ms Sync   30 ms | Sent   864 kB Recv  1191 kB |  Determin
🔶 Pred  231 ms Sync   24 ms | Sent   864 kB Recv  1191 kB | ed
🔶 Pred  225 ms Sync   25 ms | Sent   864 kB Recv  1191 kB |  by
🔶 Pred  225 ms Sync   22 ms | Sent   864 kB Recv  1191 kB |  model
🔶 Pred  225 ms Sync   22 ms | Sent   864 kB Recv  1191 kB |  depth
🔶 Pred  225 ms Sync   22 ms | Sent   864 kB Recv  1191 kB |  and
🔶 Pred  234 ms Sync   17 ms | Sent   864 kB Recv  1191 kB |  sequence
🔶 Pred  225 ms Sync   23 ms | Sent   864 kB Recv  1191 kB |  length
🔶 Pred  226 ms Sync   22 ms | Sent   864 kB Recv  1191 kB | ,
🔶 Pred  226 ms Sync   22 ms | Sent   864 kB Recv  1191 kB |  balancing
🔶 Pred  225 ms Sync   22 ms | Sent   864 kB Recv  1191 kB |  overhead
🔶 Pred  227 ms Sync   23 ms | Sent   864 kB Recv  1191 kB |  and
🔶 Pred  233 ms Sync   31 ms | Sent   864 kB Recv  1191 kB |  consistency
🔶 Pred  234 ms Sync   26 ms | Sent   864 kB Recv  1191 kB | .


🔶 Pred  226 ms Sync   22 ms | Sent   864 kB Recv  1191 kB | **
🔶 Pred  226 ms Sync   22 ms | Sent   864 kB Recv  1191 kB | 3
🔶 Pred  225 ms Sync   22 ms | Sent   864 kB Recv  1191 kB | .
🔶 Pred  228 ms Sync   22 ms | Sent   864 kB Recv  1191 kB |  KV
🔶 Pred  226 ms Sync   23 ms | Sent   864 kB Recv  1191 kB | -C
🔶 Pred  227 ms Sync   21 ms | Sent   864 kB Recv  1191 kB | ache
🔶 Pred  225 ms Sync   23 ms | Sent   864 kB Recv  1191 kB |  Util
🔶 Pred  228 ms Sync   20 ms | Sent   864 kB Recv  1191 kB | ization
🔶 Pred  229 ms Sync   22 ms | Sent   864 kB Recv  1191 kB | :
🔶 Pred  228 ms Sync   25 ms | Sent   864 kB Recv  1191 kB | **


🔶 Pred  234 ms Sync   27 ms | Sent   864 kB Recv  1191 kB | -
🔶 Pred  229 ms Sync   28 ms | Sent   864 kB Recv  1191 kB |  **
🔶 Pred  237 ms Sync   21 ms | Sent   864 kB Recv  1191 kB | Intermediate
🔶 Pred  225 ms Sync   23 ms | Sent   864 kB Recv  1191 kB |  Storage
🔶 Pred  226 ms Sync   22 ms | Sent   864 kB Recv  1191 kB | :**

Evaluation
   nBatches: 32
    nTokens: 60
   tokens/s: 5.51 (181.53 ms/tok)
Prediction
    nTokens: 2440
   tokens/s: 4.62 (216.60 ms/tok)
⭕ Network is closed
