📄 AddBos: 255
📄 BosId: 128000 (<｜begin▁of▁sentence｜>)
📄 EosId: 128001 (<｜end▁of▁sentence｜>) 128001 (<｜end▁of▁sentence｜>) 
📄 RegularVocabSize: 128000
📄 SpecialVocabSize: 256
💡 Arch: Llama
💡 HiddenAct: Silu
💡 Dim: 4096
💡 HeadDim: 128
💡 QDim: 4096
💡 KvDim: 1024
💡 HiddenDim: 14336
💡 VocabSize: 128256
💡 nLayers: 32
💡 nHeads: 32
💡 nKvHeads: 8
💡 OrigSeqLen: 131072
💡 SeqLen: 4096
💡 NormEpsilon: 0.000010
💡 RopeType: Llama3.1
💡 RopeTheta: 500000
💡 RopeScaling: f=8.0, l=1.0, h=4.0, o=8192
📀 RequiredMemory: 3312 MB
⭕ Socket[0]: connecting to 192.168.1.77:9998 worker
⭕ Socket[0]: connected
⭕ Socket[1]: connecting to 192.168.1.75:9998 worker
⭕ Socket[1]: connected
⭕ Socket[2]: connecting to 192.168.1.76:9998 worker
⭕ Socket[2]: connected
⭕ Network is initialized
🧠 CPU: neon fp16
💿 Loading weights...
💿 Loaded 12/32
💿 Loaded 13/32
💿 Loaded 14/32
💿 Loaded 15/32
💿 Loaded 16/32
💿 Loaded 17/32
💿 Loaded 18/32
💿 Loaded 19/32
💿 Loaded 20/32
💿 Loaded 21/32
💿 Loaded 22/32
💿 Loaded 23/32
💿 Loaded 24/32
💿 Loaded 25/32
💿 Loaded 26/32
💿 Loaded 27/32
💿 Loaded 28/32
💿 Loaded 29/32
💿 Loaded 30/32
💿 Loaded 31/32
💿 Loaded 32/32
💿 Weights loaded
🚁 Network is in non-blocking mode
Explain in exhaustive detail, step by step, how distributed tensor-parallel inference of a transformer works on a CPU cluster: weight sharding, all-reduce synchronisation, the KV-cache, and the memory-bandwidth limit on commodity hardware. Include worked numerical examples and keep elaborating at length.
🔷️ Eval 3737 ms Sync  433 ms | Sent 27648 kB Recv 38136 kB | (32 tokens)
🔷️ Eval 3269 ms Sync  390 ms | Sent 24192 kB Recv 33369 kB | (28 tokens)
🔶 Pred  118 ms Sync   16 ms | Sent   864 kB Recv  1191 kB |  


🔶 Pred  118 ms Sync   15 ms | Sent   864 kB Recv  1191 kB | Okay
🔶 Pred  117 ms Sync   16 ms | Sent   864 kB Recv  1191 kB | ,
🔶 Pred  117 ms Sync   17 ms | Sent   864 kB Recv  1191 kB |  so
🔶 Pred  117 ms Sync   17 ms | Sent   864 kB Recv  1191 kB |  I
🔶 Pred  117 ms Sync   16 ms | Sent   864 kB Recv  1191 kB | 'm
🔶 Pred  117 ms Sync   16 ms | Sent   864 kB Recv  1191 kB |  trying
🔶 Pred  117 ms Sync   16 ms | Sent   864 kB Recv  1191 kB |  to
🔶 Pred  117 ms Sync   16 ms | Sent   864 kB Recv  1191 kB |  understand
🔶 Pred  117 ms Sync   16 ms | Sent   864 kB Recv  1191 kB |  how
🔶 Pred  117 ms Sync   17 ms | Sent   864 kB Recv  1191 kB |  distributed
🔶 Pred  117 ms Sync   17 ms | Sent   864 kB Recv  1191 kB |  tensor
🔶 Pred  117 ms Sync   16 ms | Sent   864 kB Recv  1191 kB | -
🔶 Pred  117 ms Sync   16 ms | Sent   864 kB Recv  1191 kB | parallel
🔶 Pred  117 ms Sync   16 ms | Sent   864 kB Recv  1191 kB |  inference
🔶 Pred  128 ms Sync   27 ms | Sent   864 kB Recv  1191 kB |  of
🔶 Pred  130 ms Sync   35 ms | Sent   864 kB Recv  1191 kB |  a
🔶 Pred  117 ms Sync   16 ms | Sent   864 kB Recv  1191 kB |  transformer
🔶 Pred  123 ms Sync   31 ms | Sent   864 kB Recv  1191 kB |  works
🔶 Pred  117 ms Sync   16 ms | Sent   864 kB Recv  1191 kB |  on
🔶 Pred  117 ms Sync   16 ms | Sent   864 kB Recv  1191 kB |  a
🔶 Pred  117 ms Sync   17 ms | Sent   864 kB Recv  1191 kB |  CPU
🔶 Pred  117 ms Sync   16 ms | Sent   864 kB Recv  1191 kB |  cluster
🔶 Pred  117 ms Sync   16 ms | Sent   864 kB Recv  1191 kB | .
🔶 Pred  117 ms Sync   16 ms | Sent   864 kB Recv  1191 kB |  I
🔶 Pred  117 ms Sync   16 ms | Sent   864 kB Recv  1191 kB |  know
🔶 Pred  117 ms Sync   17 ms | Sent   864 kB Recv  1191 kB |  transformers
🔶 Pred  117 ms Sync   16 ms | Sent   864 kB Recv  1191 kB |  are
🔶 Pred  117 ms Sync   16 ms | Sent   864 kB Recv  1191 kB |  used
🔶 Pred  117 ms Sync   16 ms | Sent   864 kB Recv  1191 kB |  in
🔶 Pred  122 ms Sync   21 ms | Sent   864 kB Recv  1191 kB |  models
🔶 Pred  129 ms Sync   15 ms | Sent   864 kB Recv  1191 kB |  like
🔶 Pred  123 ms Sync   14 ms | Sent   864 kB Recv  1191 kB |  G
🔶 Pred  132 ms Sync   13 ms | Sent   864 kB Recv  1191 kB | PT
🔶 Pred  119 ms Sync   15 ms | Sent   864 kB Recv  1191 kB | ,
🔶 Pred  118 ms Sync   17 ms | Sent   864 kB Recv  1191 kB |  and
🔶 Pred  129 ms Sync   22 ms | Sent   864 kB Recv  1191 kB |  they
🔶 Pred  135 ms Sync   34 ms | Sent   864 kB Recv  1191 kB |  rely
🔶 Pred  118 ms Sync   16 ms | Sent   864 kB Recv  1191 kB |  on
🔶 Pred  128 ms Sync   23 ms | Sent   864 kB Recv  1191 kB |  self
🔶 Pred  119 ms Sync   16 ms | Sent   864 kB Recv  1191 kB | -
🔶 Pred  118 ms Sync   16 ms | Sent   864 kB Recv  1191 kB | attention
🔶 Pred  118 ms Sync   16 ms | Sent   864 kB Recv  1191 kB |  mechanisms
🔶 Pred  118 ms Sync   16 ms | Sent   864 kB Recv  1191 kB | .
🔶 Pred  119 ms Sync   15 ms | Sent   864 kB Recv  1191 kB |  But
🔶 Pred  118 ms Sync   15 ms | Sent   864 kB Recv  1191 kB |  the
🔶 Pred  118 ms Sync   16 ms | Sent   864 kB Recv  1191 kB |  details
🔶 Pred  118 ms Sync   16 ms | Sent   864 kB Recv  1191 kB |  of
🔶 Pred  118 ms Sync   16 ms | Sent   864 kB Recv  1191 kB |  how
🔶 Pred  118 ms Sync   16 ms | Sent   864 kB Recv  1191 kB |  they
🔶 Pred  118 ms Sync   16 ms | Sent   864 kB Recv  1191 kB |  work
🔶 Pred  118 ms Sync   16 ms | Sent   864 kB Recv  1191 kB |  in
🔶 Pred  118 ms Sync   15 ms | Sent   864 kB Recv  1191 kB |  a
🔶 Pred  118 ms Sync   16 ms | Sent   864 kB Recv  1191 kB |  distributed
🔶 Pred  121 ms Sync   16 ms | Sent   864 kB Recv  1191 kB |  setting
🔶 Pred  120 ms Sync   15 ms | Sent   864 kB Recv  1191 kB |  are
🔶 Pred  118 ms Sync   16 ms | Sent   864 kB Recv  1191 kB |  a
🔶 Pred  118 ms Sync   17 ms | Sent   864 kB Recv  1191 kB |  bit
🔶 Pred  126 ms Sync   25 ms | Sent   864 kB Recv  1191 kB |  fuzzy
🔶 Pred  155 ms Sync   29 ms | Sent   864 kB Recv  1191 kB |  to
🔶 Pred  119 ms Sync   21 ms | Sent   864 kB Recv  1191 kB |  me
🔶 Pred  132 ms Sync   19 ms | Sent   864 kB Recv  1191 kB | .


🔶 Pred  119 ms Sync   15 ms | Sent   864 kB Recv  1191 kB | First
🔶 Pred  118 ms Sync   16 ms | Sent   864 kB Recv  1191 kB | ,
🔶 Pred  119 ms Sync   16 ms | Sent   864 kB Recv  1191 kB |  I
🔶 Pred  118 ms Sync   16 ms | Sent   864 kB Recv  1191 kB |  remember
🔶 Pred  119 ms Sync   16 ms | Sent   864 kB Recv  1191 kB |  that
🔶 Pred  132 ms Sync   10 ms | Sent   864 kB Recv  1191 kB |  in
🔶 Pred  140 ms Sync   11 ms | Sent   864 kB Recv  1191 kB |  training
🔶 Pred  119 ms Sync   16 ms | Sent   864 kB Recv  1191 kB |  a
🔶 Pred  118 ms Sync   16 ms | Sent   864 kB Recv  1191 kB |  transformer
🔶 Pred  118 ms Sync   16 ms | Sent   864 kB Recv  1191 kB | ,
🔶 Pred  118 ms Sync   16 ms | Sent   864 kB Recv  1191 kB |  you
🔶 Pred  118 ms Sync   16 ms | Sent   864 kB Recv  1191 kB |  often
🔶 Pred  118 ms Sync   16 ms | Sent   864 kB Recv  1191 kB |  use
🔶 Pred  118 ms Sync   16 ms | Sent   864 kB Recv  1191 kB |  GPUs
🔶 Pred  118 ms Sync   16 ms | Sent   864 kB Recv  1191 kB |  because
🔶 Pred  118 ms Sync   16 ms | Sent   864 kB Recv  1191 kB |  they
🔶 Pred  118 ms Sync   16 ms | Sent   864 kB Recv  1191 kB |  can
🔶 Pred  124 ms Sync   29 ms | Sent   864 kB Recv  1191 kB |  handle
🔶 Pred  133 ms Sync   42 ms | Sent   864 kB Recv  1191 kB |  the
🔶 Pred  118 ms Sync   16 ms | Sent   864 kB Recv  1191 kB |  massive
🔶 Pred  124 ms Sync   27 ms | Sent   864 kB Recv  1191 kB |  computations
🔶 Pred  123 ms Sync   15 ms | Sent   864 kB Recv  1191 kB |  more
🔶 Pred  119 ms Sync   16 ms | Sent   864 kB Recv  1191 kB |  efficiently
🔶 Pred  119 ms Sync   16 ms | Sent   864 kB Recv  1191 kB | .
🔶 Pred  119 ms Sync   16 ms | Sent   864 kB Recv  1191 kB |  But
🔶 Pred  119 ms Sync   16 ms | Sent   864 kB Recv  1191 kB |  for
🔶 Pred  119 ms Sync   15 ms | Sent   864 kB Recv  1191 kB |  inference
🔶 Pred  119 ms Sync   16 ms | Sent   864 kB Recv  1191 kB | ,
🔶 Pred  119 ms Sync   16 ms | Sent   864 kB Recv  1191 kB |  maybe
🔶 Pred  118 ms Sync   16 ms | Sent   864 kB Recv  1191 kB |  it
🔶 Pred  118 ms Sync   16 ms | Sent   864 kB Recv  1191 kB | 's
🔶 Pred  119 ms Sync   16 ms | Sent   864 kB Recv  1191 kB |  different
🔶 Pred  119 ms Sync   16 ms | Sent   864 kB Recv  1191 kB | .
🔶 Pred  119 ms Sync   16 ms | Sent   864 kB Recv  1191 kB |  In
🔶 Pred  119 ms Sync   16 ms | Sent   864 kB Recv  1191 kB | ference
🔶 Pred  119 ms Sync   16 ms | Sent   864 kB Recv  1191 kB |  is
🔶 Pred  119 ms Sync   16 ms | Sent   864 kB Recv  1191 kB |  when
🔶 Pred  122 ms Sync   18 ms | Sent   864 kB Recv  1191 kB |  you
🔶 Pred  121 ms Sync   17 ms | Sent   864 kB Recv  1191 kB |  use
🔶 Pred  139 ms Sync   29 ms | Sent   864 kB Recv  1191 kB |  the
🔶 Pred  132 ms Sync   15 ms | Sent   864 kB Recv  1191 kB |  model
🔶 Pred  152 ms Sync   20 ms | Sent   864 kB Recv  1191 kB |  to
🔶 Pred  160 ms Sync   17 ms | Sent   864 kB Recv  1191 kB |  generate
🔶 Pred  118 ms Sync   17 ms | Sent   864 kB Recv  1191 kB |  text
🔶 Pred  118 ms Sync   17 ms | Sent   864 kB Recv  1191 kB | ,
🔶 Pred  119 ms Sync   16 ms | Sent   864 kB Recv  1191 kB |  right
🔶 Pred  118 ms Sync   16 ms | Sent   864 kB Recv  1191 kB | ?
🔶 Pred  119 ms Sync   16 ms | Sent   864 kB Recv  1191 kB |  So
🔶 Pred  119 ms Sync   18 ms | Sent   864 kB Recv  1191 kB | ,
🔶 Pred  119 ms Sync   17 ms | Sent   864 kB Recv  1191 kB |  for
🔶 Pred  119 ms Sync   16 ms | Sent   864 kB Recv  1191 kB |  that
🔶 Pred  119 ms Sync   17 ms | Sent   864 kB Recv  1191 kB | ,
🔶 Pred  119 ms Sync   16 ms | Sent   864 kB Recv  1191 kB |  you
🔶 Pred  118 ms Sync   16 ms | Sent   864 kB Recv  1191 kB |  might
🔶 Pred  118 ms Sync   16 ms | Sent   864 kB Recv  1191 kB |  not
🔶 Pred  119 ms Sync   16 ms | Sent   864 kB Recv  1191 kB |  need
🔶 Pred  118 ms Sync   16 ms | Sent   864 kB Recv  1191 kB |  as
🔶 Pred  119 ms Sync   17 ms | Sent   864 kB Recv  1191 kB |  much
🔶 Pred  119 ms Sync   17 ms | Sent   864 kB Recv  1191 kB |  computation
🔶 Pred  121 ms Sync   19 ms | Sent   864 kB Recv  1191 kB | ,
🔶 Pred  128 ms Sync   50 ms | Sent   864 kB Recv  1191 kB |  but
🔶 Pred  131 ms Sync   15 ms | Sent   864 kB Recv  1191 kB |  you
🔶 Pred  119 ms Sync   26 ms | Sent   864 kB Recv  1191 kB |  still
🔶 Pred  129 ms Sync   21 ms | Sent   864 kB Recv  1191 kB |  need
🔶 Pred  119 ms Sync   16 ms | Sent   864 kB Recv  1191 kB |  to
🔶 Pred  119 ms Sync   16 ms | Sent   864 kB Recv  1191 kB |  process
🔶 Pred  119 ms Sync   16 ms | Sent   864 kB Recv  1191 kB |  a
🔶 Pred  119 ms Sync   16 ms | Sent   864 kB Recv  1191 kB |  lot
🔶 Pred  119 ms Sync   16 ms | Sent   864 kB Recv  1191 kB |  of
🔶 Pred  119 ms Sync   16 ms | Sent   864 kB Recv  1191 kB |  data
🔶 Pred  119 ms Sync   16 ms | Sent   864 kB Recv  1191 kB | ,
🔶 Pred  119 ms Sync   16 ms | Sent   864 kB Recv  1191 kB |  which
🔶 Pred  119 ms Sync   16 ms | Sent   864 kB Recv  1191 kB |  could
🔶 Pred  119 ms Sync   16 ms | Sent   864 kB Recv  1191 kB |  be
🔶 Pred  120 ms Sync   16 ms | Sent   864 kB Recv  1191 kB |  a
🔶 Pred  120 ms Sync   16 ms | Sent   864 kB Recv  1191 kB |  problem
🔶 Pred  134 ms Sync   11 ms | Sent   864 kB Recv  1191 kB |  on
🔶 Pred  139 ms Sync   13 ms | Sent   864 kB Recv  1191 kB |  a
🔶 Pred  120 ms Sync   16 ms | Sent   864 kB Recv  1191 kB |  single
🔶 Pred  120 ms Sync   16 ms | Sent   864 kB Recv  1191 kB |  CPU
🔶 Pred  122 ms Sync   19 ms | Sent   864 kB Recv  1191 kB | .


🔶 Pred  146 ms Sync   30 ms | Sent   864 kB Recv  1191 kB | The
🔶 Pred  119 ms Sync   19 ms | Sent   864 kB Recv  1191 kB |  user
🔶 Pred  126 ms Sync   18 ms | Sent   864 kB Recv  1191 kB |  mentioned
🔶 Pred  128 ms Sync   24 ms | Sent   864 kB Recv  1191 kB |  weight
🔶 Pred  119 ms Sync   17 ms | Sent   864 kB Recv  1191 kB |  sh
🔶 Pred  119 ms Sync   16 ms | Sent   864 kB Recv  1191 kB | arding
🔶 Pred  119 ms Sync   16 ms | Sent   864 kB Recv  1191 kB | .
🔶 Pred  119 ms Sync   16 ms | Sent   864 kB Recv  1191 kB |  I
🔶 Pred  119 ms Sync   16 ms | Sent   864 kB Recv  1191 kB |  think
🔶 Pred  119 ms Sync   16 ms | Sent   864 kB Recv  1191 kB |  this
🔶 Pred  119 ms Sync   16 ms | Sent   864 kB Recv  1191 kB |  is
🔶 Pred  119 ms Sync   16 ms | Sent   864 kB Recv  1191 kB |  when
🔶 Pred  119 ms Sync   17 ms | Sent   864 kB Recv  1191 kB |  the
🔶 Pred  119 ms Sync   17 ms | Sent   864 kB Recv  1191 kB |  model
🔶 Pred  119 ms Sync   16 ms | Sent   864 kB Recv  1191 kB | 's
🔶 Pred  120 ms Sync   16 ms | Sent   864 kB Recv  1191 kB |  weights
🔶 Pred  120 ms Sync   16 ms | Sent   864 kB Recv  1191 kB |  are
🔶 Pred  120 ms Sync   16 ms | Sent   864 kB Recv  1191 kB |  split
🔶 Pred  119 ms Sync   16 ms | Sent   864 kB Recv  1191 kB |  across
🔶 Pred  120 ms Sync   16 ms | Sent   864 kB Recv  1191 kB |  multiple
🔶 Pred  120 ms Sync   16 ms | Sent   864 kB Recv  1191 kB |  processes
🔶 Pred  132 ms Sync   16 ms | Sent   864 kB Recv  1191 kB | .
🔶 Pred  140 ms Sync   32 ms | Sent   864 kB Recv  1191 kB |  So
🔶 Pred  124 ms Sync   21 ms | Sent   864 kB Recv  1191 kB | ,
🔶 Pred  131 ms Sync   38 ms | Sent   864 kB Recv  1191 kB |  each
🔶 Pred  120 ms Sync   17 ms | Sent   864 kB Recv  1191 kB |  process
🔶 Pred  120 ms Sync   17 ms | Sent   864 kB Recv  1191 kB |  has
🔶 Pred  119 ms Sync   16 ms | Sent   864 kB Recv  1191 kB |  a
🔶 Pred  119 ms Sync   16 ms | Sent   864 kB Recv  1191 kB |  part
🔶 Pred  120 ms Sync   16 ms | Sent   864 kB Recv  1191 kB |  of
🔶 Pred  126 ms Sync   12 ms | Sent   864 kB Recv  1191 kB |  the
🔶 Pred  132 ms Sync   13 ms | Sent   864 kB Recv  1191 kB |  weights
🔶 Pred  136 ms Sync   24 ms | Sent   864 kB Recv  1191 kB | .
🔶 Pred  120 ms Sync   15 ms | Sent   864 kB Recv  1191 kB |  That
🔶 Pred  120 ms Sync   15 ms | Sent   864 kB Recv  1191 kB |  makes
🔶 Pred  120 ms Sync   16 ms | Sent   864 kB Recv  1191 kB |  sense
🔶 Pred  120 ms Sync   15 ms | Sent   864 kB Recv  1191 kB |  because
🔶 Pred  120 ms Sync   16 ms | Sent   864 kB Recv  1191 kB |  if
🔶 Pred  120 ms Sync   16 ms | Sent   864 kB Recv  1191 kB |  you
🔶 Pred  120 ms Sync   16 ms | Sent   864 kB Recv  1191 kB |  have
🔶 Pred  120 ms Sync   16 ms | Sent   864 kB Recv  1191 kB |  multiple
🔶 Pred  120 ms Sync   16 ms | Sent   864 kB Recv  1191 kB |  CPUs
🔶 Pred  138 ms Sync   26 ms | Sent   864 kB Recv  1191 kB | ,
🔶 Pred  133 ms Sync   35 ms | Sent   864 kB Recv  1191 kB |  you
🔶 Pred  136 ms Sync   16 ms | Sent   864 kB Recv  1191 kB |  can
🔶 Pred  134 ms Sync   22 ms | Sent   864 kB Recv  1191 kB |  distribute
🔶 Pred  120 ms Sync   18 ms | Sent   864 kB Recv  1191 kB |  the
🔶 Pred  120 ms Sync   16 ms | Sent   864 kB Recv  1191 kB |  work
🔶 Pred  120 ms Sync   16 ms | Sent   864 kB Recv  1191 kB | .
🔶 Pred  120 ms Sync   16 ms | Sent   864 kB Recv  1191 kB |  But
🔶 Pred  119 ms Sync   16 ms | Sent   864 kB Recv  1191 kB |  how
🔶 Pred  120 ms Sync   16 ms | Sent   864 kB Recv  1191 kB |  does
🔶 Pred  120 ms Sync   16 ms | Sent   864 kB Recv  1191 kB |  that
🔶 Pred  120 ms Sync   16 ms | Sent   864 kB Recv  1191 kB |  work
🔶 Pred  120 ms Sync   16 ms | Sent   864 kB Recv  1191 kB |  in
🔶 Pred  120 ms Sync   16 ms | Sent   864 kB Recv  1191 kB |  practice
🔶 Pred  120 ms Sync   16 ms | Sent   864 kB Recv  1191 kB | ?
🔶 Pred  120 ms Sync   16 ms | Sent   864 kB Recv  1191 kB |  Maybe
🔶 Pred  120 ms Sync   16 ms | Sent   864 kB Recv  1191 kB |  each
🔶 Pred  120 ms Sync   16 ms | Sent   864 kB Recv  1191 kB |  CPU
🔶 Pred  120 ms Sync   16 ms | Sent   864 kB Recv  1191 kB |  holds
🔶 Pred  120 ms Sync   16 ms | Sent   864 kB Recv  1191 kB |  a
🔶 Pred  120 ms Sync   16 ms | Sent   864 kB Recv  1191 kB |  portion
🔶 Pred  123 ms Sync   34 ms | Sent   864 kB Recv  1191 kB |  of
🔶 Pred  173 ms Sync   23 ms | Sent   864 kB Recv  1191 kB |  the
🔶 Pred  137 ms Sync   21 ms | Sent   864 kB Recv  1191 kB |  weights
🔶 Pred  139 ms Sync   16 ms | Sent   864 kB Recv  1191 kB | ,
🔶 Pred  120 ms Sync   16 ms | Sent   864 kB Recv  1191 kB |  and
🔶 Pred  120 ms Sync   17 ms | Sent   864 kB Recv  1191 kB |  when
🔶 Pred  120 ms Sync   16 ms | Sent   864 kB Recv  1191 kB |  you
🔶 Pred  120 ms Sync   16 ms | Sent   864 kB Recv  1191 kB |  need
🔶 Pred  120 ms Sync   16 ms | Sent   864 kB Recv  1191 kB |  to
🔶 Pred  120 ms Sync   16 ms | Sent   864 kB Recv  1191 kB |  compute
🔶 Pred  120 ms Sync   16 ms | Sent   864 kB Recv  1191 kB |  something
🔶 Pred  120 ms Sync   16 ms | Sent   864 kB Recv  1191 kB | ,
🔶 Pred  120 ms Sync   16 ms | Sent   864 kB Recv  1191 kB |  you
🔶 Pred  120 ms Sync   16 ms | Sent   864 kB Recv  1191 kB |  combine
🔶 Pred  120 ms Sync   16 ms | Sent   864 kB Recv  1191 kB |  the
🔶 Pred  120 ms Sync   16 ms | Sent   864 kB Recv  1191 kB |  relevant
🔶 Pred  120 ms Sync   17 ms | Sent   864 kB Recv  1191 kB |  parts
🔶 Pred  120 ms Sync   17 ms | Sent   864 kB Recv  1191 kB |  from
🔶 Pred  120 ms Sync   16 ms | Sent   864 kB Recv  1191 kB |  all
🔶 Pred  120 ms Sync   17 ms | Sent   864 kB Recv  1191 kB |  processes
🔶 Pred  121 ms Sync   18 ms | Sent   864 kB Recv  1191 kB | .


🔶 Pred  125 ms Sync   34 ms | Sent   864 kB Recv  1191 kB | Then
🔶 Pred  135 ms Sync   41 ms | Sent   864 kB Recv  1191 kB |  there
🔶 Pred  120 ms Sync   23 ms | Sent   864 kB Recv  1191 kB | 's
🔶 Pred  128 ms Sync   26 ms | Sent   864 kB Recv  1191 kB |  all
🔶 Pred  121 ms Sync   16 ms | Sent   864 kB Recv  1191 kB | -re
🔶 Pred  120 ms Sync   16 ms | Sent   864 kB Recv  1191 kB | duce
🔶 Pred  121 ms Sync   21 ms | Sent   864 kB Recv  1191 kB |  synchronization
🔶 Pred  121 ms Sync   16 ms | Sent   864 kB Recv  1191 kB | .
🔶 Pred  120 ms Sync   16 ms | Sent   864 kB Recv  1191 kB |  I
🔶 Pred  120 ms Sync   16 ms | Sent   864 kB Recv  1191 kB | 've
🔶 Pred  120 ms Sync   16 ms | Sent   864 kB Recv  1191 kB |  heard
🔶 Pred  120 ms Sync   16 ms | Sent   864 kB Recv  1191 kB |  of
🔶 Pred  120 ms Sync   17 ms | Sent   864 kB Recv  1191 kB |  this
🔶 Pred  120 ms Sync   16 ms | Sent   864 kB Recv  1191 kB |  in
🔶 Pred  120 ms Sync   16 ms | Sent   864 kB Recv  1191 kB |  the
🔶 Pred  120 ms Sync   16 ms | Sent   864 kB Recv  1191 kB |  context
🔶 Pred  132 ms Sync   14 ms | Sent   864 kB Recv  1191 kB |  of
🔶 Pred  133 ms Sync   14 ms | Sent   864 kB Recv  1191 kB |  distributed
🔶 Pred  121 ms Sync   16 ms | Sent   864 kB Recv  1191 kB |  training
🔶 Pred  120 ms Sync   16 ms | Sent   864 kB Recv  1191 kB | .
🔶 Pred  121 ms Sync   16 ms | Sent   864 kB Recv  1191 kB |  All
🔶 Pred  127 ms Sync   37 ms | Sent   864 kB Recv  1191 kB | -re
🔶 Pred  133 ms Sync   38 ms | Sent   864 kB Recv  1191 kB | duce
🔶 Pred  120 ms Sync   18 ms | Sent   864 kB Recv  1191 kB |  is
🔶 Pred  127 ms Sync   28 ms | Sent   864 kB Recv  1191 kB |  a
🔶 Pred  120 ms Sync   17 ms | Sent   864 kB Recv  1191 kB |  way
🔶 Pred  121 ms Sync   16 ms | Sent   864 kB Recv  1191 kB |  to
🔶 Pred  121 ms Sync   16 ms | Sent   864 kB Recv  1191 kB |  aggregate
🔶 Pred  121 ms Sync   16 ms | Sent   864 kB Recv  1191 kB |  values
🔶 Pred  121 ms Sync   16 ms | Sent   864 kB Recv  1191 kB |  across
🔶 Pred  120 ms Sync   16 ms | Sent   864 kB Recv  1191 kB |  processes
🔶 Pred  121 ms Sync   16 ms | Sent   864 kB Recv  1191 kB | .
🔶 Pred  121 ms Sync   16 ms | Sent   864 kB Recv  1191 kB |  So
🔶 Pred  120 ms Sync   16 ms | Sent   864 kB Recv  1191 kB | ,
🔶 Pred  121 ms Sync   16 ms | Sent   864 kB Recv  1191 kB |  if
🔶 Pred  120 ms Sync   17 ms | Sent   864 kB Recv  1191 kB |  each
🔶 Pred  120 ms Sync   17 ms | Sent   864 kB Recv  1191 kB |  process
🔶 Pred  121 ms Sync   16 ms | Sent   864 kB Recv  1191 kB |  has
🔶 Pred  121 ms Sync   16 ms | Sent   864 kB Recv  1191 kB |  a
🔶 Pred  120 ms Sync   16 ms | Sent   864 kB Recv  1191 kB |  partial
🔶 Pred  121 ms Sync   19 ms | Sent   864 kB Recv  1191 kB |  sum
🔶 Pred  121 ms Sync   17 ms | Sent   864 kB Recv  1191 kB | ,
🔶 Pred  123 ms Sync   29 ms | Sent   864 kB Recv  1191 kB |  all
🔶 Pred  138 ms Sync   37 ms | Sent   864 kB Recv  1191 kB | -re
🔶 Pred  121 ms Sync   16 ms | Sent   864 kB Recv  1191 kB | duce
🔶 Pred  126 ms Sync   31 ms | Sent   864 kB Recv  1191 kB |  would
🔶 Pred  158 ms Sync   23 ms | Sent   864 kB Recv  1191 kB |  sum
🔶 Pred  121 ms Sync   16 ms | Sent   864 kB Recv  1191 kB |  them
🔶 Pred  122 ms Sync   15 ms | Sent   864 kB Recv  1191 kB |  all
🔶 Pred  122 ms Sync   16 ms | Sent   864 kB Recv  1191 kB |  together
🔶 Pred  133 ms Sync   14 ms | Sent   864 kB Recv  1191 kB |  into
🔶 Pred  149 ms Sync   11 ms | Sent   864 kB Recv  1191 kB |  one
🔶 Pred  122 ms Sync   17 ms | Sent   864 kB Recv  1191 kB |  value
🔶 Pred  122 ms Sync   17 ms | Sent   864 kB Recv  1191 kB | .
🔶 Pred  122 ms Sync   16 ms | Sent   864 kB Recv  1191 kB |  But
🔶 Pred  122 ms Sync   16 ms | Sent   864 kB Recv  1191 kB |  in
🔶 Pred  122 ms Sync   16 ms | Sent   864 kB Recv  1191 kB |  inference
🔶 Pred  122 ms Sync   16 ms | Sent   864 kB Recv  1191 kB | ,
🔶 Pred  122 ms Sync   16 ms | Sent   864 kB Recv  1191 kB |  maybe
🔶 Pred  122 ms Sync   16 ms | Sent   864 kB Recv  1191 kB |  this
🔶 Pred  122 ms Sync   16 ms | Sent   864 kB Recv  1191 kB |  is
🔶 Pred  122 ms Sync   16 ms | Sent   864 kB Recv  1191 kB |  used
🔶 Pred  124 ms Sync   25 ms | Sent   864 kB Recv  1191 kB |  for
🔶 Pred  137 ms Sync   41 ms | Sent   864 kB Recv  1191 kB |  things
🔶 Pred  121 ms Sync   16 ms | Sent   864 kB Recv  1191 kB |  like
🔶 Pred  135 ms Sync   31 ms | Sent   864 kB Recv  1191 kB |  attention
🔶 Pred  121 ms Sync   17 ms | Sent   864 kB Recv  1191 kB |  scores
🔶 Pred  121 ms Sync   17 ms | Sent   864 kB Recv  1191 kB | .
🔶 Pred  121 ms Sync   16 ms | Sent   864 kB Recv  1191 kB |  Each
🔶 Pred  121 ms Sync   16 ms | Sent   864 kB Recv  1191 kB |  process
🔶 Pred  121 ms Sync   16 ms | Sent   864 kB Recv  1191 kB |  computes
🔶 Pred  121 ms Sync   16 ms | Sent   864 kB Recv  1191 kB |  its
🔶 Pred  121 ms Sync   16 ms | Sent   864 kB Recv  1191 kB |  own
🔶 Pred  126 ms Sync   18 ms | Sent   864 kB Recv  1191 kB |  attention
🔶 Pred  121 ms Sync   16 ms | Sent   864 kB Recv  1191 kB |  scores
🔶 Pred  121 ms Sync   16 ms | Sent   864 kB Recv  1191 kB | ,
🔶 Pred  121 ms Sync   17 ms | Sent   864 kB Recv  1191 kB |  and
🔶 Pred  121 ms Sync   16 ms | Sent   864 kB Recv  1191 kB |  then
🔶 Pred  121 ms Sync   16 ms | Sent   864 kB Recv  1191 kB |  all
🔶 Pred  121 ms Sync   16 ms | Sent   864 kB Recv  1191 kB | -re
🔶 Pred  121 ms Sync   16 ms | Sent   864 kB Recv  1191 kB | duce
🔶 Pred  121 ms Sync   16 ms | Sent   864 kB Recv  1191 kB |  combines
🔶 Pred  121 ms Sync   16 ms | Sent   864 kB Recv  1191 kB |  them
🔶 Pred  128 ms Sync   23 ms | Sent   864 kB Recv  1191 kB |  to
🔶 Pred  138 ms Sync   52 ms | Sent   864 kB Recv  1191 kB |  get
🔶 Pred  144 ms Sync   19 ms | Sent   864 kB Recv  1191 kB |  the
🔶 Pred  142 ms Sync   28 ms | Sent   864 kB Recv  1191 kB |  full
🔶 Pred  122 ms Sync   16 ms | Sent   864 kB Recv  1191 kB |  attention
🔶 Pred  125 ms Sync   16 ms | Sent   864 kB Recv  1191 kB |  scores
🔶 Pred  122 ms Sync   15 ms | Sent   864 kB Recv  1191 kB |  for
🔶 Pred  122 ms Sync   15 ms | Sent   864 kB Recv  1191 kB |  each
🔶 Pred  122 ms Sync   16 ms | Sent   864 kB Recv  1191 kB |  position
🔶 Pred  122 ms Sync   16 ms | Sent   864 kB Recv  1191 kB | .


🔶 Pred  121 ms Sync   16 ms | Sent   864 kB Recv  1191 kB | The
🔶 Pred  122 ms Sync   16 ms | Sent   864 kB Recv  1191 kB |  KV
🔶 Pred  122 ms Sync   16 ms | Sent   864 kB Recv  1191 kB | -cache
🔶 Pred  123 ms Sync   15 ms | Sent   864 kB Recv  1191 kB |  is
🔶 Pred  122 ms Sync   16 ms | Sent   864 kB Recv  1191 kB |  another
🔶 Pred  122 ms Sync   16 ms | Sent   864 kB Recv  1191 kB |  term
🔶 Pred  123 ms Sync   16 ms | Sent   864 kB Recv  1191 kB |  I
🔶 Pred  122 ms Sync   16 ms | Sent   864 kB Recv  1191 kB | 've
🔶 Pred  122 ms Sync   16 ms | Sent   864 kB Recv  1191 kB |  come
🔶 Pred  122 ms Sync   16 ms | Sent   864 kB Recv  1191 kB |  across
🔶 Pred  122 ms Sync   16 ms | Sent   864 kB Recv  1191 kB | .
🔶 Pred  135 ms Sync   25 ms | Sent   864 kB Recv  1191 kB |  I
🔶 Pred  124 ms Sync   61 ms | Sent   864 kB Recv  1191 kB |  think
🔶 Pred  126 ms Sync   16 ms | Sent   864 kB Recv  1191 kB |  it
🔶 Pred  136 ms Sync   26 ms | Sent   864 kB Recv  1191 kB | 's
🔶 Pred  122 ms Sync   16 ms | Sent   864 kB Recv  1191 kB |  a
🔶 Pred  122 ms Sync   16 ms | Sent   864 kB Recv  1191 kB |  cache
🔶 Pred  122 ms Sync   16 ms | Sent   864 kB Recv  1191 kB |  that
🔶 Pred  123 ms Sync   16 ms | Sent   864 kB Recv  1191 kB |  stores
🔶 Pred  123 ms Sync   16 ms | Sent   864 kB Recv  1191 kB |  key
🔶 Pred  122 ms Sync   16 ms | Sent   864 kB Recv  1191 kB | -value
🔶 Pred  123 ms Sync   16 ms | Sent   864 kB Recv  1191 kB |  pairs
🔶 Pred  122 ms Sync   16 ms | Sent   864 kB Recv  1191 kB | .
🔶 Pred  122 ms Sync   16 ms | Sent   864 kB Recv  1191 kB |  In
🔶 Pred  123 ms Sync   16 ms | Sent   864 kB Recv  1191 kB |  transformers
🔶 Pred  123 ms Sync   15 ms | Sent   864 kB Recv  1191 kB | ,
🔶 Pred  129 ms Sync   13 ms | Sent   864 kB Recv  1191 kB |  the
🔶 Pred  137 ms Sync   10 ms | Sent   864 kB Recv  1191 kB |  key
🔶 Pred  136 ms Sync   13 ms | Sent   864 kB Recv  1191 kB |  is
🔶 Pred  122 ms Sync   16 ms | Sent   864 kB Recv  1191 kB |  the
🔶 Pred  123 ms Sync   16 ms | Sent   864 kB Recv  1191 kB |  previous
🔶 Pred  126 ms Sync   23 ms | Sent   864 kB Recv  1191 kB |  tokens
🔶 Pred  137 ms Sync   37 ms | Sent   864 kB Recv  1191 kB | ,
🔶 Pred  166 ms Sync   21 ms | Sent   864 kB Recv  1191 kB |  and
🔶 Pred  134 ms Sync   32 ms | Sent   864 kB Recv  1191 kB |  the
🔶 Pred  123 ms Sync   16 ms | Sent   864 kB Recv  1191 kB |  value
🔶 Pred  121 ms Sync   17 ms | Sent   864 kB Recv  1191 kB |  is
🔶 Pred  122 ms Sync   16 ms | Sent   864 kB Recv  1191 kB |  the
🔶 Pred  122 ms Sync   16 ms | Sent   864 kB Recv  1191 kB |  next
🔶 Pred  122 ms Sync   16 ms | Sent   864 kB Recv  1191 kB |  tokens
🔶 Pred  122 ms Sync   16 ms | Sent   864 kB Recv  1191 kB | .
🔶 Pred  122 ms Sync   16 ms | Sent   864 kB Recv  1191 kB |  So
🔶 Pred  122 ms Sync   16 ms | Sent   864 kB Recv  1191 kB | ,
🔶 Pred  122 ms Sync   16 ms | Sent   864 kB Recv  1191 kB |  during
🔶 Pred  122 ms Sync   16 ms | Sent   864 kB Recv  1191 kB |  inference
🔶 Pred  122 ms Sync   16 ms | Sent   864 kB Recv  1191 kB | ,
🔶 Pred  122 ms Sync   16 ms | Sent   864 kB Recv  1191 kB |  as
🔶 Pred  125 ms Sync   19 ms | Sent   864 kB Recv  1191 kB |  you
🔶 Pred  123 ms Sync   16 ms | Sent   864 kB Recv  1191 kB |  process
🔶 Pred  124 ms Sync   15 ms | Sent   864 kB Recv  1191 kB |  each
🔶 Pred  123 ms Sync   16 ms | Sent   864 kB Recv  1191 kB |  token
🔶 Pred  123 ms Sync   15 ms | Sent   864 kB Recv  1191 kB | ,
🔶 Pred  136 ms Sync   21 ms | Sent   864 kB Recv  1191 kB |  you
🔶 Pred  141 ms Sync   37 ms | Sent   864 kB Recv  1191 kB |  can
🔶 Pred  123 ms Sync   16 ms | Sent   864 kB Recv  1191 kB |  look
🔶 Pred  132 ms Sync   31 ms | Sent   864 kB Recv  1191 kB |  up
🔶 Pred  124 ms Sync   18 ms | Sent   864 kB Recv  1191 kB |  the
🔶 Pred  123 ms Sync   16 ms | Sent   864 kB Recv  1191 kB |  KV
🔶 Pred  123 ms Sync   16 ms | Sent   864 kB Recv  1191 kB |  pairs
🔶 Pred  122 ms Sync   16 ms | Sent   864 kB Recv  1191 kB |  in
🔶 Pred  132 ms Sync   14 ms | Sent   864 kB Recv  1191 kB |  the
🔶 Pred  150 ms Sync   11 ms | Sent   864 kB Recv  1191 kB |  cache
🔶 Pred  123 ms Sync   16 ms | Sent   864 kB Recv  1191 kB |  to
🔶 Pred  122 ms Sync   16 ms | Sent   864 kB Recv  1191 kB |  speed
🔶 Pred  123 ms Sync   16 ms | Sent   864 kB Recv  1191 kB |  up
🔶 Pred  123 ms Sync   16 ms | Sent   864 kB Recv  1191 kB |  the
🔶 Pred  123 ms Sync   15 ms | Sent   864 kB Recv  1191 kB |  computation
🔶 Pred  123 ms Sync   15 ms | Sent   864 kB Recv  1191 kB | .
🔶 Pred  124 ms Sync   15 ms | Sent   864 kB Recv  1191 kB |  But
🔶 Pred  123 ms Sync   17 ms | Sent   864 kB Recv  1191 kB |  in
🔶 Pred  123 ms Sync   16 ms | Sent   864 kB Recv  1191 kB |  a
🔶 Pred  123 ms Sync   16 ms | Sent   864 kB Recv  1191 kB |  distributed
🔶 Pred  124 ms Sync   16 ms | Sent   864 kB Recv  1191 kB |  setting
🔶 Pred  132 ms Sync   22 ms | Sent   864 kB Recv  1191 kB | ,
🔶 Pred  143 ms Sync   39 ms | Sent   864 kB Recv  1191 kB |  each
🔶 Pred  122 ms Sync   17 ms | Sent   864 kB Recv  1191 kB |  process
🔶 Pred  134 ms Sync   31 ms | Sent   864 kB Recv  1191 kB |  has
🔶 Pred  123 ms Sync   16 ms | Sent   864 kB Recv  1191 kB |  its
🔶 Pred  123 ms Sync   16 ms | Sent   864 kB Recv  1191 kB |  own
🔶 Pred  123 ms Sync   16 ms | Sent   864 kB Recv  1191 kB |  cache
🔶 Pred  123 ms Sync   16 ms | Sent   864 kB Recv  1191 kB | .
🔶 Pred  123 ms Sync   16 ms | Sent   864 kB Recv  1191 kB |  So
🔶 Pred  123 ms Sync   15 ms | Sent   864 kB Recv  1191 kB | ,
🔶 Pred  124 ms Sync   16 ms | Sent   864 kB Recv  1191 kB |  when
🔶 Pred  123 ms Sync   16 ms | Sent   864 kB Recv  1191 kB |  a
🔶 Pred  123 ms Sync   16 ms | Sent   864 kB Recv  1191 kB |  process
🔶 Pred  123 ms Sync   16 ms | Sent   864 kB Recv  1191 kB |  needs
🔶 Pred  123 ms Sync   15 ms | Sent   864 kB Recv  1191 kB |  a
🔶 Pred  123 ms Sync   15 ms | Sent   864 kB Recv  1191 kB |  key
🔶 Pred  123 ms Sync   16 ms | Sent   864 kB Recv  1191 kB | ,
🔶 Pred  123 ms Sync   16 ms | Sent   864 kB Recv  1191 kB |  it
🔶 Pred  123 ms Sync   16 ms | Sent   864 kB Recv  1191 kB |  has
🔶 Pred  123 ms Sync   16 ms | Sent   864 kB Recv  1191 kB |  to
🔶 Pred  132 ms Sync   15 ms | Sent   864 kB Recv  1191 kB |  check
🔶 Pred  158 ms Sync   30 ms | Sent   864 kB Recv  1191 kB |  all
🔶 Pred  143 ms Sync   11 ms | Sent   864 kB Recv  1191 kB |  other
🔶 Pred  173 ms Sync   39 ms | Sent   864 kB Recv  1191 kB |  caches
🔶 Pred  123 ms Sync   16 ms | Sent   864 kB Recv  1191 kB |  to
🔶 Pred  123 ms Sync   17 ms | Sent   864 kB Recv  1191 kB |  find
🔶 Pred  123 ms Sync   16 ms | Sent   864 kB Recv  1191 kB |  it
🔶 Pred  123 ms Sync   16 ms | Sent   864 kB Recv  1191 kB | ,
🔶 Pred  123 ms Sync   16 ms | Sent   864 kB Recv  1191 kB |  which
🔶 Pred  123 ms Sync   16 ms | Sent   864 kB Recv  1191 kB |  could
🔶 Pred  123 ms Sync   16 ms | Sent   864 kB Recv  1191 kB |  be
🔶 Pred  123 ms Sync   16 ms | Sent   864 kB Recv  1191 kB |  slow
🔶 Pred  123 ms Sync   16 ms | Sent   864 kB Recv  1191 kB |  if
🔶 Pred  123 ms Sync   17 ms | Sent   864 kB Recv  1191 kB |  the
🔶 Pred  123 ms Sync   17 ms | Sent   864 kB Recv  1191 kB |  data
🔶 Pred  123 ms Sync   16 ms | Sent   864 kB Recv  1191 kB |  isn
🔶 Pred  123 ms Sync   16 ms | Sent   864 kB Recv  1191 kB | 't
🔶 Pred  123 ms Sync   16 ms | Sent   864 kB Recv  1191 kB |  distributed
🔶 Pred  123 ms Sync   16 ms | Sent   864 kB Recv  1191 kB |  properly
🔶 Pred  123 ms Sync   18 ms | Sent   864 kB Recv  1191 kB | .


🔶 Pred  123 ms Sync   16 ms | Sent   864 kB Recv  1191 kB | Lastly
🔶 Pred  135 ms Sync   33 ms | Sent   864 kB Recv  1191 kB | ,
🔶 Pred  143 ms Sync   40 ms | Sent   864 kB Recv  1191 kB |  the
🔶 Pred  123 ms Sync   17 ms | Sent   864 kB Recv  1191 kB |  memory
🔶 Pred  130 ms Sync   26 ms | Sent   864 kB Recv  1191 kB | -band
🔶 Pred  130 ms Sync   16 ms | Sent   864 kB Recv  1191 kB | width
🔶 Pred  124 ms Sync   16 ms | Sent   864 kB Recv  1191 kB |  limit
🔶 Pred  124 ms Sync   15 ms | Sent   864 kB Recv  1191 kB | .
🔶 Pred  124 ms Sync   15 ms | Sent   864 kB Recv  1191 kB |  I
🔶 Pred  123 ms Sync   16 ms | Sent   864 kB Recv  1191 kB |  know
🔶 Pred  124 ms Sync   16 ms | Sent   864 kB Recv  1191 kB |  that
🔶 Pred  125 ms Sync   15 ms | Sent   864 kB Recv  1191 kB |  on
🔶 Pred  124 ms Sync   18 ms | Sent   864 kB Recv  1191 kB |  CPUs
🔶 Pred  124 ms Sync   16 ms | Sent   864 kB Recv  1191 kB | ,
🔶 Pred  124 ms Sync   16 ms | Sent   864 kB Recv  1191 kB |  especially
🔶 Pred  124 ms Sync   16 ms | Sent   864 kB Recv  1191 kB |  commodity
🔶 Pred  144 ms Sync   13 ms | Sent   864 kB Recv  1191 kB |  ones
🔶 Pred  183 ms Sync   23 ms | Sent   864 kB Recv  1191 kB | ,
🔶 Pred  123 ms Sync   16 ms | Sent   864 kB Recv  1191 kB |  the
🔶 Pred  123 ms Sync   17 ms | Sent   864 kB Recv  1191 kB |  memory
🔶 Pred  131 ms Sync   22 ms | Sent   864 kB Recv  1191 kB |  bandwidth
🔶 Pred  138 ms Sync   49 ms | Sent   864 kB Recv  1191 kB |  is
🔶 Pred  124 ms Sync   16 ms | Sent   864 kB Recv  1191 kB |  limited
🔶 Pred  135 ms Sync   20 ms | Sent   864 kB Recv  1191 kB | .
🔶 Pred  126 ms Sync   15 ms | Sent   864 kB Recv  1191 kB |  So
🔶 Pred  124 ms Sync   16 ms | Sent   864 kB Recv  1191 kB | ,
🔶 Pred  124 ms Sync   16 ms | Sent   864 kB Recv  1191 kB |  if
🔶 Pred  124 ms Sync   16 ms | Sent   864 kB Recv  1191 kB |  you
🔶 Pred  124 ms Sync   16 ms | Sent   864 kB Recv  1191 kB |  have
🔶 Pred  124 ms Sync   16 ms | Sent   864 kB Recv  1191 kB |  too
🔶 Pred  127 ms Sync   14 ms | Sent   864 kB Recv  1191 kB |  much
🔶 Pred  124 ms Sync   16 ms | Sent   864 kB Recv  1191 kB |  data
🔶 Pred  124 ms Sync   16 ms | Sent   864 kB Recv  1191 kB |  in
🔶 Pred  124 ms Sync   16 ms | Sent   864 kB Recv  1191 kB |  memory
🔶 Pred  124 ms Sync   16 ms | Sent   864 kB Recv  1191 kB |  at
🔶 Pred  124 ms Sync   16 ms | Sent   864 kB Recv  1191 kB |  once
🔶 Pred  124 ms Sync   16 ms | Sent   864 kB Recv  1191 kB | ,
🔶 Pred  124 ms Sync   16 ms | Sent   864 kB Recv  1191 kB |  it
🔶 Pred  124 ms Sync   16 ms | Sent   864 kB Recv  1191 kB |  can
🔶 Pred  124 ms Sync   15 ms | Sent   864 kB Recv  1191 kB |  slow
🔶 Pred  124 ms Sync   17 ms | Sent   864 kB Recv  1191 kB |  things
🔶 Pred  135 ms Sync   23 ms | Sent   864 kB Recv  1191 kB |  down
🔶 Pred  144 ms Sync   41 ms | Sent   864 kB Recv  1191 kB | .
🔶 Pred  125 ms Sync   16 ms | Sent   864 kB Recv  1191 kB |  In
🔶 Pred  137 ms Sync   28 ms | Sent   864 kB Recv  1191 kB |  distributed
🔶 Pred  125 ms Sync   15 ms | Sent   864 kB Recv  1191 kB |  inference
🔶 Pred  124 ms Sync   16 ms | Sent   864 kB Recv  1191 kB | ,
🔶 Pred  125 ms Sync   15 ms | Sent   864 kB Recv  1191 kB |  each
🔶 Pred  124 ms Sync   16 ms | Sent   864 kB Recv  1191 kB |  process
🔶 Pred  132 ms Sync   14 ms | Sent   864 kB Recv  1191 kB |  might
🔶 Pred  147 ms Sync    9 ms | Sent   864 kB Recv  1191 kB |  be
🔶 Pred  127 ms Sync   15 ms | Sent   864 kB Recv  1191 kB |  holding
🔶 Pred  124 ms Sync   15 ms | Sent   864 kB Recv  1191 kB |  a
🔶 Pred  124 ms Sync   16 ms | Sent   864 kB Recv  1191 kB |  lot
🔶 Pred  124 ms Sync   16 ms | Sent   864 kB Recv  1191 kB |  of
🔶 Pred  125 ms Sync   16 ms | Sent   864 kB Recv  1191 kB |  data
🔶 Pred  125 ms Sync   16 ms | Sent   864 kB Recv  1191 kB | ,
🔶 Pred  125 ms Sync   16 ms | Sent   864 kB Recv  1191 kB |  so
🔶 Pred  124 ms Sync   16 ms | Sent   864 kB Recv  1191 kB |  you
🔶 Pred  125 ms Sync   15 ms | Sent   864 kB Recv  1191 kB |  have
🔶 Pred  124 ms Sync   16 ms | Sent   864 kB Recv  1191 kB |  to
🔶 Pred  132 ms Sync   19 ms | Sent   864 kB Recv  1191 kB |  manage
🔶 Pred  149 ms Sync   32 ms | Sent   864 kB Recv  1191 kB |  how
🔶 Pred  125 ms Sync   16 ms | Sent   864 kB Recv  1191 kB |  much
🔶 Pred  131 ms Sync   28 ms | Sent   864 kB Recv  1191 kB |  each
🔶 Pred  128 ms Sync   16 ms | Sent   864 kB Recv  1191 kB |  process
🔶 Pred  125 ms Sync   17 ms | Sent   864 kB Recv  1191 kB |  holds
🔶 Pred  125 ms Sync   16 ms | Sent   864 kB Recv  1191 kB |  to
🔶 Pred  125 ms Sync   15 ms | Sent   864 kB Recv  1191 kB |  stay
🔶 Pred  127 ms Sync   20 ms | Sent   864 kB Recv  1191 kB |  within
🔶 Pred  125 ms Sync   15 ms | Sent   864 kB Recv  1191 kB |  the
🔶 Pred  125 ms Sync   15 ms | Sent   864 kB Recv  1191 kB |  memory
🔶 Pred  125 ms Sync   15 ms | Sent   864 kB Recv  1191 kB |  limits
🔶 Pred  125 ms Sync   16 ms | Sent   864 kB Recv  1191 kB | .
🔶 Pred  125 ms Sync   15 ms | Sent   864 kB Recv  1191 kB |  Maybe
🔶 Pred  125 ms Sync   15 ms | Sent   864 kB Recv  1191 kB |  you
🔶 Pred  125 ms Sync   16 ms | Sent   864 kB Recv  1191 kB |  have
🔶 Pred  125 ms Sync   16 ms | Sent   864 kB Recv  1191 kB |  to
🔶 Pred  125 ms Sync   16 ms | Sent   864 kB Recv  1191 kB |  off
🔶 Pred  125 ms Sync   15 ms | Sent   864 kB Recv  1191 kB | load
🔶 Pred  125 ms Sync   16 ms | Sent   864 kB Recv  1191 kB |  data
🔶 Pred  125 ms Sync   16 ms | Sent   864 kB Recv  1191 kB |  to
🔶 Pred  136 ms Sync   17 ms | Sent   864 kB Recv  1191 kB |  disk
🔶 Pred  151 ms Sync   34 ms | Sent   864 kB Recv  1191 kB |  or
🔶 Pred  166 ms Sync   14 ms | Sent   864 kB Recv  1191 kB |  other
🔶 Pred  172 ms Sync   20 ms | Sent   864 kB Recv  1191 kB |  processes
🔶 Pred  125 ms Sync   15 ms | Sent   864 kB Recv  1191 kB |  to
🔶 Pred  125 ms Sync   15 ms | Sent   864 kB Recv  1191 kB |  free
🔶 Pred  125 ms Sync   16 ms | Sent   864 kB Recv  1191 kB |  up
🔶 Pred  125 ms Sync   15 ms | Sent   864 kB Recv  1191 kB |  memory
🔶 Pred  125 ms Sync   16 ms | Sent   864 kB Recv  1191 kB | .


🔶 Pred  126 ms Sync   15 ms | Sent   864 kB Recv  1191 kB | Let
🔶 Pred  125 ms Sync   16 ms | Sent   864 kB Recv  1191 kB |  me
🔶 Pred  125 ms Sync   15 ms | Sent   864 kB Recv  1191 kB |  try
🔶 Pred  125 ms Sync   16 ms | Sent   864 kB Recv  1191 kB |  to
🔶 Pred  125 ms Sync   15 ms | Sent   864 kB Recv  1191 kB |  put
🔶 Pred  126 ms Sync   15 ms | Sent   864 kB Recv  1191 kB |  this
🔶 Pred  125 ms Sync   16 ms | Sent   864 kB Recv  1191 kB |  together
🔶 Pred  126 ms Sync   15 ms | Sent   864 kB Recv  1191 kB | .
🔶 Pred  126 ms Sync   15 ms | Sent   864 kB Recv  1191 kB |  When
🔶 Pred  126 ms Sync   16 ms | Sent   864 kB Recv  1191 kB |  you
🔶 Pred  125 ms Sync   16 ms | Sent   864 kB Recv  1191 kB |  have
🔶 Pred  132 ms Sync   16 ms | Sent   864 kB Recv  1191 kB |  a
🔶 Pred  145 ms Sync   50 ms | Sent   864 kB Recv  1191 kB |  transformer
🔶 Pred  125 ms Sync   16 ms | Sent   864 kB Recv  1191 kB |  model
🔶 Pred  137 ms Sync   21 ms | Sent   864 kB Recv  1191 kB |  and
🔶 Pred  125 ms Sync   16 ms | Sent   864 kB Recv  1191 kB |  you
🔶 Pred  125 ms Sync   16 ms | Sent   864 kB Recv  1191 kB |  want
🔶 Pred  125 ms Sync   16 ms | Sent   864 kB Recv  1191 kB |  to
🔶 Pred  125 ms Sync   16 ms | Sent   864 kB Recv  1191 kB |  do
🔶 Pred  125 ms Sync   16 ms | Sent   864 kB Recv  1191 kB |  inference
🔶 Pred  125 ms Sync   16 ms | Sent   864 kB Recv  1191 kB |  on
🔶 Pred  125 ms Sync   16 ms | Sent   864 kB Recv  1191 kB |  a
🔶 Pred  125 ms Sync   16 ms | Sent   864 kB Recv  1191 kB |  CPU
🔶 Pred  125 ms Sync   15 ms | Sent   864 kB Recv  1191 kB |  cluster
🔶 Pred  125 ms Sync   16 ms | Sent   864 kB Recv  1191 kB | ,
🔶 Pred  125 ms Sync   16 ms | Sent   864 kB Recv  1191 kB |  you
🔶 Pred  134 ms Sync   13 ms | Sent   864 kB Recv  1191 kB |  split
🔶 Pred  154 ms Sync   11 ms | Sent   864 kB Recv  1191 kB |  the
🔶 Pred  127 ms Sync   15 ms | Sent   864 kB Recv  1191 kB |  model
🔶 Pred  126 ms Sync   16 ms | Sent   864 kB Recv  1191 kB |  weights
🔶 Pred  125 ms Sync   16 ms | Sent   864 kB Recv  1191 kB |  across
🔶 Pred  133 ms Sync   18 ms | Sent   864 kB Recv  1191 kB |  all
🔶 Pred  147 ms Sync   37 ms | Sent   864 kB Recv  1191 kB |  the
🔶 Pred  126 ms Sync   17 ms | Sent   864 kB Recv  1191 kB |  CPUs
🔶 Pred  136 ms Sync   22 ms | Sent   864 kB Recv  1191 kB |  (
🔶 Pred  126 ms Sync   28 ms | Sent   864 kB Recv  1191 kB | weight
🔶 Pred  125 ms Sync   16 ms | Sent   864 kB Recv  1191 kB |  sh
🔶 Pred  126 ms Sync   15 ms | Sent   864 kB Recv  1191 kB | arding
🔶 Pred  126 ms Sync   15 ms | Sent   864 kB Recv  1191 kB | ).
🔶 Pred  126 ms Sync   15 ms | Sent   864 kB Recv  1191 kB |  Each
🔶 Pred  126 ms Sync   16 ms | Sent   864 kB Recv  1191 kB |  CPU
🔶 Pred  126 ms Sync   15 ms | Sent   864 kB Recv  1191 kB |  has
🔶 Pred  126 ms Sync   16 ms | Sent   864 kB Recv  1191 kB |  a
🔶 Pred  130 ms Sync   18 ms | Sent   864 kB Recv  1191 kB |  part
🔶 Pred  126 ms Sync   16 ms | Sent   864 kB Recv  1191 kB |  of
🔶 Pred  126 ms Sync   16 ms | Sent   864 kB Recv  1191 kB |  the
🔶 Pred  126 ms Sync   15 ms | Sent   864 kB Recv  1191 kB |  weights
🔶 Pred  126 ms Sync   16 ms | Sent   864 kB Recv  1191 kB | .
🔶 Pred  126 ms Sync   16 ms | Sent   864 kB Recv  1191 kB |  Then
🔶 Pred  126 ms Sync   16 ms | Sent   864 kB Recv  1191 kB | ,
🔶 Pred  126 ms Sync   16 ms | Sent   864 kB Recv  1191 kB |  for
🔶 Pred  126 ms Sync   16 ms | Sent   864 kB Recv  1191 kB |  each
🔶 Pred  147 ms Sync   19 ms | Sent   864 kB Recv  1191 kB |  token
🔶 Pred  136 ms Sync   34 ms | Sent   864 kB Recv  1191 kB |  in
🔶 Pred  133 ms Sync   14 ms | Sent   864 kB Recv  1191 kB |  the
🔶 Pred  129 ms Sync   28 ms | Sent   864 kB Recv  1191 kB |  input
🔶 Pred  126 ms Sync   16 ms | Sent   864 kB Recv  1191 kB | ,
🔶 Pred  126 ms Sync   16 ms | Sent   864 kB Recv  1191 kB |  each
🔶 Pred  126 ms Sync   16 ms | Sent   864 kB Recv  1191 kB |  CPU
🔶 Pred  126 ms Sync   16 ms | Sent   864 kB Recv  1191 kB |  computes
🔶 Pred  144 ms Sync   11 ms | Sent   864 kB Recv  1191 kB |  its
🔶 Pred  144 ms Sync   12 ms | Sent   864 kB Recv  1191 kB |  own
🔶 Pred  126 ms Sync   16 ms | Sent   864 kB Recv  1191 kB |  attention
🔶 Pred  126 ms Sync   16 ms | Sent   864 kB Recv  1191 kB |  scores
🔶 Pred  126 ms Sync   16 ms | Sent   864 kB Recv  1191 kB |  using
🔶 Pred  127 ms Sync   15 ms | Sent   864 kB Recv  1191 kB |  its
🔶 Pred  126 ms Sync   16 ms | Sent   864 kB Recv  1191 kB |  portion
🔶 Pred  126 ms Sync   16 ms | Sent   864 kB Recv  1191 kB |  of
🔶 Pred  126 ms Sync   16 ms | Sent   864 kB Recv  1191 kB |  the
🔶 Pred  126 ms Sync   16 ms | Sent   864 kB Recv  1191 kB |  weights
🔶 Pred  126 ms Sync   16 ms | Sent   864 kB Recv  1191 kB |  and
🔶 Pred  126 ms Sync   16 ms | Sent   864 kB Recv  1191 kB |  the
🔶 Pred  142 ms Sync   27 ms | Sent   864 kB Recv  1191 kB |  KV
🔶 Pred  140 ms Sync   29 ms | Sent   864 kB Recv  1191 kB |  cache
🔶 Pred  126 ms Sync   15 ms | Sent   864 kB Recv  1191 kB | .
🔶 Pred  136 ms Sync   23 ms | Sent   864 kB Recv  1191 kB |  After
🔶 Pred  127 ms Sync   16 ms | Sent   864 kB Recv  1191 kB |  computing
🔶 Pred  127 ms Sync   16 ms | Sent   864 kB Recv  1191 kB |  the
🔶 Pred  127 ms Sync   15 ms | Sent   864 kB Recv  1191 kB |  attention
🔶 Pred  127 ms Sync   16 ms | Sent   864 kB Recv  1191 kB |  scores
🔶 Pred  127 ms Sync   15 ms | Sent   864 kB Recv  1191 kB | ,
🔶 Pred  127 ms Sync   16 ms | Sent   864 kB Recv  1191 kB |  these
🔶 Pred  127 ms Sync   16 ms | Sent   864 kB Recv  1191 kB |  scores
🔶 Pred  127 ms Sync   16 ms | Sent   864 kB Recv  1191 kB |  are
🔶 Pred  127 ms Sync   16 ms | Sent   864 kB Recv  1191 kB |  combined
🔶 Pred  127 ms Sync   16 ms | Sent   864 kB Recv  1191 kB |  across
🔶 Pred  127 ms Sync   16 ms | Sent   864 kB Recv  1191 kB |  all
🔶 Pred  127 ms Sync   15 ms | Sent   864 kB Recv  1191 kB |  CPUs
🔶 Pred  126 ms Sync   16 ms | Sent   864 kB Recv  1191 kB |  using
🔶 Pred  127 ms Sync   15 ms | Sent   864 kB Recv  1191 kB |  all
🔶 Pred  126 ms Sync   16 ms | Sent   864 kB Recv  1191 kB | -re
🔶 Pred  127 ms Sync   15 ms | Sent   864 kB Recv  1191 kB | duce
🔶 Pred  133 ms Sync   19 ms | Sent   864 kB Recv  1191 kB |  to
🔶 Pred  160 ms Sync   37 ms | Sent   864 kB Recv  1191 kB |  get
🔶 Pred  164 ms Sync   10 ms | Sent   864 kB Recv  1191 kB |  the
🔶 Pred  139 ms Sync   30 ms | Sent   864 kB Recv  1191 kB |  full
🔶 Pred  126 ms Sync   16 ms | Sent   864 kB Recv  1191 kB |  attention
🔶 Pred  127 ms Sync   16 ms | Sent   864 kB Recv  1191 kB |  matrix
🔶 Pred  127 ms Sync   16 ms | Sent   864 kB Recv  1191 kB | .
🔶 Pred  127 ms Sync   16 ms | Sent   864 kB Recv  1191 kB |  Then
🔶 Pred  127 ms Sync   15 ms | Sent   864 kB Recv  1191 kB | ,
🔶 Pred  126 ms Sync   16 ms | Sent   864 kB Recv  1191 kB |  using
🔶 Pred  127 ms Sync   16 ms | Sent   864 kB Recv  1191 kB |  the
🔶 Pred  127 ms Sync   15 ms | Sent   864 kB Recv  1191 kB |  KV
🔶 Pred  127 ms Sync   16 ms | Sent   864 kB Recv  1191 kB |  cache
🔶 Pred  127 ms Sync   16 ms | Sent   864 kB Recv  1191 kB | ,
🔶 Pred  127 ms Sync   16 ms | Sent   864 kB Recv  1191 kB |  you
🔶 Pred  129 ms Sync   18 ms | Sent   864 kB Recv  1191 kB |  look
🔶 Pred  127 ms Sync   16 ms | Sent   864 kB Recv  1191 kB |  up
🔶 Pred  127 ms Sync   16 ms | Sent   864 kB Recv  1191 kB |  the
🔶 Pred  126 ms Sync   16 ms | Sent   864 kB Recv  1191 kB |  next
🔶 Pred  131 ms Sync   16 ms | Sent   864 kB Recv  1191 kB |  tokens
🔶 Pred  135 ms Sync   20 ms | Sent   864 kB Recv  1191 kB |  for
🔶 Pred  148 ms Sync   36 ms | Sent   864 kB Recv  1191 kB |  each
🔶 Pred  127 ms Sync   16 ms | Sent   864 kB Recv  1191 kB |  position
🔶 Pred  138 ms Sync   37 ms | Sent   864 kB Recv  1191 kB |  and
🔶 Pred  127 ms Sync   16 ms | Sent   864 kB Recv  1191 kB |  generate
🔶 Pred  127 ms Sync   16 ms | Sent   864 kB Recv  1191 kB |  the
🔶 Pred  127 ms Sync   16 ms | Sent   864 kB Recv  1191 kB |  output
🔶 Pred  127 ms Sync   16 ms | Sent   864 kB Recv  1191 kB | .


🔶 Pred  127 ms Sync   16 ms | Sent   864 kB Recv  1191 kB | But
🔶 Pred  127 ms Sync   16 ms | Sent   864 kB Recv  1191 kB |  wait
🔶 Pred  127 ms Sync   16 ms | Sent   864 kB Recv  1191 kB | ,
🔶 Pred  127 ms Sync   16 ms | Sent   864 kB Recv  1191 kB |  how
🔶 Pred  127 ms Sync   16 ms | Sent   864 kB Recv  1191 kB |  does
🔶 Pred  127 ms Sync   16 ms | Sent   864 kB Recv  1191 kB |  the
🔶 Pred  127 ms Sync   16 ms | Sent   864 kB Recv  1191 kB |  KV
🔶 Pred  140 ms Sync   13 ms | Sent   864 kB Recv  1191 kB |  cache
🔶 Pred  148 ms Sync   12 ms | Sent   864 kB Recv  1191 kB |  work
🔶 Pred  127 ms Sync   16 ms | Sent   864 kB Recv  1191 kB |  in
🔶 Pred  127 ms Sync   16 ms | Sent   864 kB Recv  1191 kB |  distribution
🔶 Pred  127 ms Sync   16 ms | Sent   864 kB Recv  1191 kB | ?
🔶 Pred  134 ms Sync   24 ms | Sent   864 kB Recv  1191 kB |  Each
🔶 Pred  148 ms Sync   38 ms | Sent   864 kB Recv  1191 kB |  process
🔶 Pred  127 ms Sync   21 ms | Sent   864 kB Recv  1191 kB |  has
🔶 Pred  140 ms Sync   28 ms | Sent   864 kB Recv  1191 kB |  its
🔶 Pred  127 ms Sync   26 ms | Sent   864 kB Recv  1191 kB |  own
🔶 Pred  127 ms Sync   16 ms | Sent   864 kB Recv  1191 kB |  cache
🔶 Pred  128 ms Sync   16 ms | Sent   864 kB Recv  1191 kB | ,
🔶 Pred  128 ms Sync   15 ms | Sent   864 kB Recv  1191 kB |  so
🔶 Pred  127 ms Sync   16 ms | Sent   864 kB Recv  1191 kB |  when
🔶 Pred  127 ms Sync   16 ms | Sent   864 kB Recv  1191 kB |  a
🔶 Pred  127 ms Sync   16 ms | Sent   864 kB Recv  1191 kB |  process
🔶 Pred  127 ms Sync   16 ms | Sent   864 kB Recv  1191 kB |  needs
🔶 Pred  127 ms Sync   16 ms | Sent   864 kB Recv  1191 kB |  a
🔶 Pred  128 ms Sync   16 ms | Sent   864 kB Recv  1191 kB |  key
🔶 Pred  127 ms Sync   16 ms | Sent   864 kB Recv  1191 kB | ,
🔶 Pred  127 ms Sync   16 ms | Sent   864 kB Recv  1191 kB |  it
🔶 Pred  127 ms Sync   16 ms | Sent   864 kB Recv  1191 kB |  has
🔶 Pred  127 ms Sync   16 ms | Sent   864 kB Recv  1191 kB |  to
🔶 Pred  127 ms Sync   16 ms | Sent   864 kB Recv  1191 kB |  search
🔶 Pred  127 ms Sync   16 ms | Sent   864 kB Recv  1191 kB |  all
🔶 Pred  131 ms Sync   24 ms | Sent   864 kB Recv  1191 kB |  other
🔶 Pred  153 ms Sync   34 ms | Sent   864 kB Recv  1191 kB |  caches
🔶 Pred  127 ms Sync   22 ms | Sent   864 kB Recv  1191 kB | .
🔶 Pred  138 ms Sync   22 ms | Sent   864 kB Recv  1191 kB |  That
🔶 Pred  128 ms Sync   24 ms | Sent   864 kB Recv  1191 kB |  sounds
🔶 Pred  128 ms Sync   16 ms | Sent   864 kB Recv  1191 kB |  inefficient
🔶 Pred  128 ms Sync   16 ms | Sent   864 kB Recv  1191 kB | .
🔶 Pred  128 ms Sync   16 ms | Sent   864 kB Recv  1191 kB |  Maybe
🔶 Pred  138 ms Sync   13 ms | Sent   864 kB Recv  1191 kB |  there
🔶 Pred  150 ms Sync   10 ms | Sent   864 kB Recv  1191 kB | 's
🔶 Pred  128 ms Sync   16 ms | Sent   864 kB Recv  1191 kB |  a
🔶 Pred  128 ms Sync   16 ms | Sent   864 kB Recv  1191 kB |  way
🔶 Pred  128 ms Sync   16 ms | Sent   864 kB Recv  1191 kB |  to
🔶 Pred  128 ms Sync   16 ms | Sent   864 kB Recv  1191 kB |  distribute
🔶 Pred  129 ms Sync   15 ms | Sent   864 kB Recv  1191 kB |  the
🔶 Pred  128 ms Sync   16 ms | Sent   864 kB Recv  1191 kB |  KV
🔶 Pred  128 ms Sync   16 ms | Sent   864 kB Recv  1191 kB |  pairs
🔶 Pred  128 ms Sync   16 ms | Sent   864 kB Recv  1191 kB |  across
🔶 Pred  128 ms Sync   16 ms | Sent   864 kB Recv  1191 kB |  the
🔶 Pred  128 ms Sync   16 ms | Sent   864 kB Recv  1191 kB |  processes
🔶 Pred  136 ms Sync   23 ms | Sent   864 kB Recv  1191 kB |  so
🔶 Pred  147 ms Sync   47 ms | Sent   864 kB Recv  1191 kB |  that
🔶 Pred  128 ms Sync   15 ms | Sent   864 kB Recv  1191 kB |  each
🔶 Pred  140 ms Sync   27 ms | Sent   864 kB Recv  1191 kB |  process
🔶 Pred  128 ms Sync   16 ms | Sent   864 kB Recv  1191 kB |  only
🔶 Pred  128 ms Sync   16 ms | Sent   864 kB Recv  1191 kB |  holds
🔶 Pred  128 ms Sync   16 ms | Sent   864 kB Recv  1191 kB |  a
🔶 Pred  128 ms Sync   16 ms | Sent   864 kB Recv  1191 kB |  part
🔶 Pred  128 ms Sync   16 ms | Sent   864 kB Recv  1191 kB |  of
🔶 Pred  128 ms Sync   16 ms | Sent   864 kB Recv  1191 kB |  the
🔶 Pred  128 ms Sync   16 ms | Sent   864 kB Recv  1191 kB |  cache
🔶 Pred  128 ms Sync   16 ms | Sent   864 kB Recv  1191 kB | ,
🔶 Pred  128 ms Sync   16 ms | Sent   864 kB Recv  1191 kB |  reducing
🔶 Pred  128 ms Sync   17 ms | Sent   864 kB Recv  1191 kB |  the
🔶 Pred  128 ms Sync   16 ms | Sent   864 kB Recv  1191 kB |  search
🔶 Pred  128 ms Sync   16 ms | Sent   864 kB Recv  1191 kB |  time
🔶 Pred  128 ms Sync   16 ms | Sent   864 kB Recv  1191 kB | .


🔶 Pred  129 ms Sync   15 ms | Sent   864 kB Recv  1191 kB | Also
🔶 Pred  128 ms Sync   16 ms | Sent   864 kB Recv  1191 kB | ,
🔶 Pred  129 ms Sync   16 ms | Sent   864 kB Recv  1191 kB |  the
🔶 Pred  139 ms Sync   19 ms | Sent   864 kB Recv  1191 kB |  memory
🔶 Pred  158 ms Sync   37 ms | Sent   864 kB Recv  1191 kB | -band
🔶 Pred  167 ms Sync   36 ms | Sent   864 kB Recv  1191 kB | width
🔶 Pred  133 ms Sync   30 ms | Sent   864 kB Recv  1191 kB |  issue
🔶 Pred  128 ms Sync   16 ms | Sent   864 kB Recv  1191 kB | .
🔶 Pred  128 ms Sync   16 ms | Sent   864 kB Recv  1191 kB |  If
🔶 Pred  128 ms Sync   16 ms | Sent   864 kB Recv  1191 kB |  each
🔶 Pred  128 ms Sync   16 ms | Sent   864 kB Recv  1191 kB |  process
🔶 Pred  129 ms Sync   16 ms | Sent   864 kB Recv  1191 kB |  is
🔶 Pred  128 ms Sync   17 ms | Sent   864 kB Recv  1191 kB |  holding
🔶 Pred  128 ms Sync   16 ms | Sent   864 kB Recv  1191 kB |  a
🔶 Pred  128 ms Sync   16 ms | Sent   864 kB Recv  1191 kB |  chunk
🔶 Pred  129 ms Sync   16 ms | Sent   864 kB Recv  1191 kB |  of
🔶 Pred  129 ms Sync   16 ms | Sent   864 kB Recv  1191 kB |  the
🔶 Pred  128 ms Sync   19 ms | Sent   864 kB Recv  1191 kB |  model
🔶 Pred  129 ms Sync   16 ms | Sent   864 kB Recv  1191 kB |  and
🔶 Pred  129 ms Sync   16 ms | Sent   864 kB Recv  1191 kB |  the
🔶 Pred  128 ms Sync   16 ms | Sent   864 kB Recv  1191 kB |  KV
🔶 Pred  128 ms Sync   16 ms | Sent   864 kB Recv  1191 kB |  cache
🔶 Pred  128 ms Sync   17 ms | Sent   864 kB Recv  1191 kB | ,
🔶 Pred  138 ms Sync   24 ms | Sent   864 kB Recv  1191 kB |  the
🔶 Pred  148 ms Sync   34 ms | Sent   864 kB Recv  1191 kB |  total
🔶 Pred  129 ms Sync   16 ms | Sent   864 kB Recv  1191 kB |  memory
🔶 Pred  140 ms Sync   32 ms | Sent   864 kB Recv  1191 kB |  used
🔶 Pred  129 ms Sync   16 ms | Sent   864 kB Recv  1191 kB |  could
🔶 Pred  129 ms Sync   16 ms | Sent   864 kB Recv  1191 kB |  exceed
🔶 Pred  128 ms Sync   16 ms | Sent   864 kB Recv  1191 kB |  what
🔶 Pred  129 ms Sync   16 ms | Sent   864 kB Recv  1191 kB | 's
🔶 Pred  129 ms Sync   16 ms | Sent   864 kB Recv  1191 kB |  available
🔶 Pred  129 ms Sync   16 ms | Sent   864 kB Recv  1191 kB |  on
🔶 Pred  129 ms Sync   16 ms | Sent   864 kB Recv  1191 kB |  each
🔶 Pred  129 ms Sync   16 ms | Sent   864 kB Recv  1191 kB |  CPU
🔶 Pred  128 ms Sync   16 ms | Sent   864 kB Recv  1191 kB | .
🔶 Pred  129 ms Sync   17 ms | Sent   864 kB Recv  1191 kB |  So
🔶 Pred  137 ms Sync   14 ms | Sent   864 kB Recv  1191 kB | ,
🔶 Pred  160 ms Sync   11 ms | Sent   864 kB Recv  1191 kB |  you
🔶 Pred  129 ms Sync   16 ms | Sent   864 kB Recv  1191 kB |  might
🔶 Pred  129 ms Sync   16 ms | Sent   864 kB Recv  1191 kB |  have
🔶 Pred  129 ms Sync   16 ms | Sent   864 kB Recv  1191 kB |  to
🔶 Pred  132 ms Sync   16 ms | Sent   864 kB Recv  1191 kB |  implement
🔶 Pred  161 ms Sync   27 ms | Sent   864 kB Recv  1191 kB |  techniques
🔶 Pred  129 ms Sync   24 ms | Sent   864 kB Recv  1191 kB |  like
🔶 Pred  145 ms Sync   20 ms | Sent   864 kB Recv  1191 kB |  model
🔶 Pred  129 ms Sync   19 ms | Sent   864 kB Recv  1191 kB |  rep
🔶 Pred  136 ms Sync   16 ms | Sent   864 kB Recv  1191 kB | lications
🔶 Pred  129 ms Sync   16 ms | Sent   864 kB Recv  1191 kB | ,
🔶 Pred  129 ms Sync   16 ms | Sent   864 kB Recv  1191 kB |  where
🔶 Pred  129 ms Sync   16 ms | Sent   864 kB Recv  1191 kB |  each
🔶 Pred  129 ms Sync   16 ms | Sent   864 kB Recv  1191 kB |  process
🔶 Pred  129 ms Sync   16 ms | Sent   864 kB Recv  1191 kB |  holds
🔶 Pred  130 ms Sync   16 ms | Sent   864 kB Recv  1191 kB |  a
🔶 Pred  129 ms Sync   16 ms | Sent   864 kB Recv  1191 kB |  full
🔶 Pred  129 ms Sync   16 ms | Sent   864 kB Recv  1191 kB |  copy
🔶 Pred  129 ms Sync   17 ms | Sent   864 kB Recv  1191 kB |  of
🔶 Pred  129 ms Sync   16 ms | Sent   864 kB Recv  1191 kB |  the
🔶 Pred  129 ms Sync   16 ms | Sent   864 kB Recv  1191 kB |  model
🔶 Pred  129 ms Sync   16 ms | Sent   864 kB Recv  1191 kB |  but
🔶 Pred  129 ms Sync   16 ms | Sent   864 kB Recv  1191 kB |  only
🔶 Pred  129 ms Sync   16 ms | Sent   864 kB Recv  1191 kB |  processes
🔶 Pred  133 ms Sync   15 ms | Sent   864 kB Recv  1191 kB |  a
🔶 Pred  152 ms Sync   37 ms | Sent   864 kB Recv  1191 kB |  subset
🔶 Pred  129 ms Sync   18 ms | Sent   864 kB Recv  1191 kB |  of
🔶 Pred  138 ms Sync   24 ms | Sent   864 kB Recv  1191 kB |  the
🔶 Pred  131 ms Sync   19 ms | Sent   864 kB Recv  1191 kB |  data
🔶 Pred  129 ms Sync   16 ms | Sent   864 kB Recv  1191 kB | .
🔶 Pred  129 ms Sync   16 ms | Sent   864 kB Recv  1191 kB |  Or
🔶 Pred  129 ms Sync   16 ms | Sent   864 kB Recv  1191 kB |  use
🔶 Pred  138 ms Sync   15 ms | Sent   864 kB Recv  1191 kB |  techniques
🔶 Pred  149 ms Sync   10 ms | Sent   864 kB Recv  1191 kB |  like
🔶 Pred  172 ms Sync   23 ms | Sent   864 kB Recv  1191 kB |  gradient
🔶 Pred  129 ms Sync   16 ms | Sent   864 kB Recv  1191 kB |  accumulation
🔶 Pred  129 ms Sync   16 ms | Sent   864 kB Recv  1191 kB | ,
🔶 Pred  129 ms Sync   19 ms | Sent   864 kB Recv  1191 kB |  but
🔶 Pred  129 ms Sync   16 ms | Sent   864 kB Recv  1191 kB |  I
🔶 Pred  129 ms Sync   16 ms | Sent   864 kB Recv  1191 kB | 'm
🔶 Pred  130 ms Sync   16 ms | Sent   864 kB Recv  1191 kB |  not
🔶 Pred  130 ms Sync   16 ms | Sent   864 kB Recv  1191 kB |  sure
🔶 Pred  129 ms Sync   16 ms | Sent   864 kB Recv  1191 kB |  if
🔶 Pred  129 ms Sync   16 ms | Sent   864 kB Recv  1191 kB |  that
🔶 Pred  147 ms Sync   23 ms | Sent   864 kB Recv  1191 kB |  applies
🔶 Pred  169 ms Sync   31 ms | Sent   864 kB Recv  1191 kB |  here
🔶 Pred  140 ms Sync   22 ms | Sent   864 kB Recv  1191 kB | .


🔶 Pred  129 ms Sync   22 ms | Sent   864 kB Recv  1191 kB | I
🔶 Pred  129 ms Sync   17 ms | Sent   864 kB Recv  1191 kB | 'm
🔶 Pred  129 ms Sync   16 ms | Sent   864 kB Recv  1191 kB |  a
🔶 Pred  129 ms Sync   16 ms | Sent   864 kB Recv  1191 kB |  bit
🔶 Pred  129 ms Sync   16 ms | Sent   864 kB Recv  1191 kB |  confused
🔶 Pred  129 ms Sync   16 ms | Sent   864 kB Recv  1191 kB |  about
🔶 Pred  129 ms Sync   16 ms | Sent   864 kB Recv  1191 kB |  how
🔶 Pred  129 ms Sync   17 ms | Sent   864 kB Recv  1191 kB |  the
🔶 Pred  129 ms Sync   16 ms | Sent   864 kB Recv  1191 kB |  all
🔶 Pred  129 ms Sync   16 ms | Sent   864 kB Recv  1191 kB | -re
🔶 Pred  129 ms Sync   16 ms | Sent   864 kB Recv  1191 kB | duce
🔶 Pred  129 ms Sync   16 ms | Sent   864 kB Recv  1191 kB |  is
🔶 Pred  129 ms Sync   16 ms | Sent   864 kB Recv  1191 kB |  used
🔶 Pred  129 ms Sync   16 ms | Sent   864 kB Recv  1191 kB |  in
🔶 Pred  129 ms Sync   16 ms | Sent   864 kB Recv  1191 kB |  inference
🔶 Pred  129 ms Sync   16 ms | Sent   864 kB Recv  1191 kB | .
🔶 Pred  130 ms Sync   19 ms | Sent   864 kB Recv  1191 kB |  In
🔶 Pred  146 ms Sync   47 ms | Sent   864 kB Recv  1191 kB |  training
🔶 Pred  173 ms Sync   20 ms | Sent   864 kB Recv  1191 kB | ,
🔶 Pred  142 ms Sync   41 ms | Sent   864 kB Recv  1191 kB |  all
🔶 Pred  131 ms Sync   16 ms | Sent   864 kB Recv  1191 kB | -re
🔶 Pred  130 ms Sync   16 ms | Sent   864 kB Recv  1191 kB | duce
🔶 Pred  130 ms Sync   16 ms | Sent   864 kB Recv  1191 kB |  is
🔶 Pred  130 ms Sync   16 ms | Sent   864 kB Recv  1191 kB |  used
🔶 Pred  130 ms Sync   16 ms | Sent   864 kB Recv  1191 kB |  for
🔶 Pred  130 ms Sync   16 ms | Sent   864 kB Recv  1191 kB |  the
🔶 Pred  137 ms Sync   20 ms | Sent   864 kB Recv  1191 kB |  backward
🔶 Pred  130 ms Sync   17 ms | Sent   864 kB Recv  1191 kB |  pass
🔶 Pred  130 ms Sync   16 ms | Sent   864 kB Recv  1191 kB |  to
🔶 Pred  130 ms Sync   16 ms | Sent   864 kB Recv  1191 kB |  sum
🔶 Pred  130 ms Sync   16 ms | Sent   864 kB Recv  1191 kB |  gradients
🔶 Pred  130 ms Sync   16 ms | Sent   864 kB Recv  1191 kB |  across
🔶 Pred  130 ms Sync   16 ms | Sent   864 kB Recv  1191 kB |  processes
🔶 Pred  130 ms Sync   16 ms | Sent   864 kB Recv  1191 kB | .
🔶 Pred  130 ms Sync   16 ms | Sent   864 kB Recv  1191 kB |  But
🔶 Pred  130 ms Sync   16 ms | Sent   864 kB Recv  1191 kB |  in
🔶 Pred  144 ms Sync   18 ms | Sent   864 kB Recv  1191 kB |  inference
🔶 Pred  145 ms Sync   31 ms | Sent   864 kB Recv  1191 kB | ,
🔶 Pred  130 ms Sync   16 ms | Sent   864 kB Recv  1191 kB |  maybe
🔶 Pred  140 ms Sync   33 ms | Sent   864 kB Recv  1191 kB |  it
🔶 Pred  130 ms Sync   16 ms | Sent   864 kB Recv  1191 kB | 's
🔶 Pred  131 ms Sync   16 ms | Sent   864 kB Recv  1191 kB |  used
🔶 Pred  131 ms Sync   16 ms | Sent   864 kB Recv  1191 kB |  for
🔶 Pred  131 ms Sync   16 ms | Sent   864 kB Recv  1191 kB |  combining
🔶 Pred  131 ms Sync   16 ms | Sent   864 kB Recv  1191 kB |  the
🔶 Pred  131 ms Sync   16 ms | Sent   864 kB Recv  1191 kB |  attention
🔶 Pred  130 ms Sync   16 ms | Sent   864 kB Recv  1191 kB |  scores
🔶 Pred  131 ms Sync   16 ms | Sent   864 kB Recv  1191 kB | .
🔶 Pred  130 ms Sync   16 ms | Sent   864 kB Recv  1191 kB |  Each
🔶 Pred  130 ms Sync   16 ms | Sent   864 kB Recv  1191 kB |  process
🔶 Pred  148 ms Sync   10 ms | Sent   864 kB Recv  1191 kB |  computes
🔶 Pred  157 ms Sync   12 ms | Sent   864 kB Recv  1191 kB |  its
🔶 Pred  131 ms Sync   16 ms | Sent   864 kB Recv  1191 kB |  own
🔶 Pred  131 ms Sync   16 ms | Sent   864 kB Recv  1191 kB |  attention
🔶 Pred  131 ms Sync   16 ms | Sent   864 kB Recv  1191 kB |  scores
🔶 Pred  136 ms Sync   19 ms | Sent   864 kB Recv  1191 kB |  for
🔶 Pred  158 ms Sync   33 ms | Sent   864 kB Recv  1191 kB |  each
🔶 Pred  131 ms Sync   16 ms | Sent   864 kB Recv  1191 kB |  token
🔶 Pred  142 ms Sync   31 ms | Sent   864 kB Recv  1191 kB | ,
🔶 Pred  131 ms Sync   16 ms | Sent   864 kB Recv  1191 kB |  and
🔶 Pred  131 ms Sync   16 ms | Sent   864 kB Recv  1191 kB |  then
🔶 Pred  131 ms Sync   16 ms | Sent   864 kB Recv  1191 kB |  all
🔶 Pred  131 ms Sync   16 ms | Sent   864 kB Recv  1191 kB | -re
🔶 Pred  131 ms Sync   16 ms | Sent   864 kB Recv  1191 kB | duce
🔶 Pred  131 ms Sync   16 ms | Sent   864 kB Recv  1191 kB |  combines
🔶 Pred  131 ms Sync   16 ms | Sent   864 kB Recv  1191 kB |  them
🔶 Pred  131 ms Sync   16 ms | Sent   864 kB Recv  1191 kB |  into
🔶 Pred  131 ms Sync   16 ms | Sent   864 kB Recv  1191 kB |  a
🔶 Pred  131 ms Sync   16 ms | Sent   864 kB Recv  1191 kB |  single
🔶 Pred  131 ms Sync   16 ms | Sent   864 kB Recv  1191 kB |  matrix
🔶 Pred  131 ms Sync   17 ms | Sent   864 kB Recv  1191 kB |  that
🔶 Pred  131 ms Sync   16 ms | Sent   864 kB Recv  1191 kB |  each
🔶 Pred  131 ms Sync   16 ms | Sent   864 kB Recv  1191 kB |  process
🔶 Pred  131 ms Sync   17 ms | Sent   864 kB Recv  1191 kB |  can
🔶 Pred  131 ms Sync   16 ms | Sent   864 kB Recv  1191 kB |  use
🔶 Pred  141 ms Sync   19 ms | Sent   864 kB Recv  1191 kB | .


🔶 Pred  150 ms Sync   30 ms | Sent   864 kB Recv  1191 kB | Another
🔶 Pred  131 ms Sync   16 ms | Sent   864 kB Recv  1191 kB |  thing
🔶 Pred  141 ms Sync   29 ms | Sent   864 kB Recv  1191 kB |  is
🔶 Pred  132 ms Sync   16 ms | Sent   864 kB Recv  1191 kB |  the
🔶 Pred  132 ms Sync   15 ms | Sent   864 kB Recv  1191 kB |  computational
🔶 Pred  131 ms Sync   16 ms | Sent   864 kB Recv  1191 kB |  cost
🔶 Pred  138 ms Sync   12 ms | Sent   864 kB Recv  1191 kB | .
🔶 Pred  154 ms Sync   10 ms | Sent   864 kB Recv  1191 kB |  If
🔶 Pred  141 ms Sync   14 ms | Sent   864 kB Recv  1191 kB |  you
🔶 Pred  131 ms Sync   16 ms | Sent   864 kB Recv  1191 kB |  have
🔶 Pred  131 ms Sync   16 ms | Sent   864 kB Recv  1191 kB |  N
🔶 Pred  131 ms Sync   16 ms | Sent   864 kB Recv  1191 kB |  processes
🔶 Pred  131 ms Sync   16 ms | Sent   864 kB Recv  1191 kB | ,
🔶 Pred  131 ms Sync   16 ms | Sent   864 kB Recv  1191 kB |  each
🔶 Pred  131 ms Sync   16 ms | Sent   864 kB Recv  1191 kB |  process
🔶 Pred  137 ms Sync   15 ms | Sent   864 kB Recv  1191 kB |  is
🔶 Pred  131 ms Sync   16 ms | Sent   864 kB Recv  1191 kB |  doing
🔶 Pred  131 ms Sync   16 ms | Sent   864 kB Recv  1191 kB |  
🔶 Pred  134 ms Sync   15 ms | Sent   864 kB Recv  1191 kB | 1
🔶 Pred  195 ms Sync   44 ms | Sent   864 kB Recv  1191 kB | /N
🔶 Pred  131 ms Sync   17 ms | Sent   864 kB Recv  1191 kB |  of
🔶 Pred  140 ms Sync   31 ms | Sent   864 kB Recv  1191 kB |  the
🔶 Pred  131 ms Sync   18 ms | Sent   864 kB Recv  1191 kB |  computation
🔶 Pred  131 ms Sync   17 ms | Sent   864 kB Recv  1191 kB | .
🔶 Pred  131 ms Sync   16 ms | Sent   864 kB Recv  1191 kB |  But
🔶 Pred  131 ms Sync   16 ms | Sent   864 kB Recv  1191 kB |  the
🔶 Pred  131 ms Sync   17 ms | Sent   864 kB Recv  1191 kB |  all
🔶 Pred  131 ms Sync   16 ms | Sent   864 kB Recv  1191 kB | -re
🔶 Pred  131 ms Sync   16 ms | Sent   864 kB Recv  1191 kB | duce
🔶 Pred  131 ms Sync   16 ms | Sent   864 kB Recv  1191 kB |  operations
🔶 Pred  131 ms Sync   16 ms | Sent   864 kB Recv  1191 kB |  take
🔶 Pred  131 ms Sync   17 ms | Sent   864 kB Recv  1191 kB |  time
🔶 Pred  131 ms Sync   16 ms | Sent   864 kB Recv  1191 kB |  proportional
🔶 Pred  131 ms Sync   17 ms | Sent   864 kB Recv  1191 kB |  to
🔶 Pred  131 ms Sync   16 ms | Sent   864 kB Recv  1191 kB |  the
🔶 Pred  131 ms Sync   17 ms | Sent   864 kB Recv  1191 kB |  number
🔶 Pred  132 ms Sync   16 ms | Sent   864 kB Recv  1191 kB |  of
🔶 Pred  131 ms Sync   17 ms | Sent   864 kB Recv  1191 kB |  processes
🔶 Pred  136 ms Sync   27 ms | Sent   864 kB Recv  1191 kB | .
🔶 Pred  178 ms Sync   29 ms | Sent   864 kB Recv  1191 kB |  So
🔶 Pred  144 ms Sync   21 ms | Sent   864 kB Recv  1191 kB | ,
🔶 Pred  138 ms Sync   18 ms | Sent   864 kB Recv  1191 kB |  there
🔶 Pred  132 ms Sync   16 ms | Sent   864 kB Recv  1191 kB | 's
🔶 Pred  132 ms Sync   16 ms | Sent   864 kB Recv  1191 kB |  a
🔶 Pred  132 ms Sync   16 ms | Sent   864 kB Recv  1191 kB |  trade
🔶 Pred  132 ms Sync   16 ms | Sent   864 kB Recv  1191 kB | -off
🔶 Pred  132 ms Sync   17 ms | Sent   864 kB Recv  1191 kB |  between
🔶 Pred  132 ms Sync   16 ms | Sent   864 kB Recv  1191 kB |  the
🔶 Pred  132 ms Sync   17 ms | Sent   864 kB Recv  1191 kB |  number
🔶 Pred  132 ms Sync   16 ms | Sent   864 kB Recv  1191 kB |  of
🔶 Pred  132 ms Sync   16 ms | Sent   864 kB Recv  1191 kB |  processes
🔶 Pred  132 ms Sync   16 ms | Sent   864 kB Recv  1191 kB |  and
🔶 Pred  132 ms Sync   16 ms | Sent   864 kB Recv  1191 kB |  the
🔶 Pred  132 ms Sync   16 ms | Sent   864 kB Recv  1191 kB |  overhead
🔶 Pred  132 ms Sync   16 ms | Sent   864 kB Recv  1191 kB |  of
🔶 Pred  132 ms Sync   16 ms | Sent   864 kB Recv  1191 kB |  all
🔶 Pred  132 ms Sync   16 ms | Sent   864 kB Recv  1191 kB | -re
🔶 Pred  141 ms Sync   25 ms | Sent   864 kB Recv  1191 kB | duce
🔶 Pred  156 ms Sync   41 ms | Sent   864 kB Recv  1191 kB | .


🔶 Pred  132 ms Sync   16 ms | Sent   864 kB Recv  1191 kB | Let
🔶 Pred  141 ms Sync   26 ms | Sent   864 kB Recv  1191 kB |  me
🔶 Pred  132 ms Sync   17 ms | Sent   864 kB Recv  1191 kB |  think
🔶 Pred  132 ms Sync   16 ms | Sent   864 kB Recv  1191 kB |  about
🔶 Pred  133 ms Sync   16 ms | Sent   864 kB Recv  1191 kB |  a
🔶 Pred  132 ms Sync   16 ms | Sent   864 kB Recv  1191 kB |  numerical
🔶 Pred  132 ms Sync   16 ms | Sent   864 kB Recv  1191 kB |  example
🔶 Pred  132 ms Sync   17 ms | Sent   864 kB Recv  1191 kB | .
🔶 Pred  132 ms Sync   16 ms | Sent   864 kB Recv  1191 kB |  Suppose
🔶 Pred  133 ms Sync   16 ms | Sent   864 kB Recv  1191 kB |  I
🔶 Pred  133 ms Sync   16 ms | Sent   864 kB Recv  1191 kB |  have
🔶 Pred  133 ms Sync   16 ms | Sent   864 kB Recv  1191 kB |  
🔶 Pred  139 ms Sync   14 ms | Sent   864 kB Recv  1191 kB | 4
🔶 Pred  153 ms Sync   10 ms | Sent   864 kB Recv  1191 kB |  CPUs
🔶 Pred  135 ms Sync   15 ms | Sent   864 kB Recv  1191 kB | .
🔶 Pred  133 ms Sync   16 ms | Sent   864 kB Recv  1191 kB |  The
🔶 Pred  133 ms Sync   17 ms | Sent   864 kB Recv  1191 kB |  model
🔶 Pred  135 ms Sync   21 ms | Sent   864 kB Recv  1191 kB |  has
🔶 Pred  151 ms Sync   42 ms | Sent   864 kB Recv  1191 kB |  a
🔶 Pred  138 ms Sync   26 ms | Sent   864 kB Recv  1191 kB |  certain
🔶 Pred  146 ms Sync   28 ms | Sent   864 kB Recv  1191 kB |  number
🔶 Pred  133 ms Sync   25 ms | Sent   864 kB Recv  1191 kB |  of
🔶 Pred  133 ms Sync   16 ms | Sent   864 kB Recv  1191 kB |  parameters
🔶 Pred  133 ms Sync   16 ms | Sent   864 kB Recv  1191 kB | ,
🔶 Pred  133 ms Sync   16 ms | Sent   864 kB Recv  1191 kB |  say
🔶 Pred  133 ms Sync   16 ms | Sent   864 kB Recv  1191 kB |  
🔶 Pred  133 ms Sync   16 ms | Sent   864 kB Recv  1191 kB | 100
🔶 Pred  133 ms Sync   16 ms | Sent   864 kB Recv  1191 kB |  million
🔶 Pred  133 ms Sync   16 ms | Sent   864 kB Recv  1191 kB | ,
🔶 Pred  133 ms Sync   16 ms | Sent   864 kB Recv  1191 kB |  so
🔶 Pred  133 ms Sync   16 ms | Sent   864 kB Recv  1191 kB |  each
🔶 Pred  133 ms Sync   16 ms | Sent   864 kB Recv  1191 kB |  CPU
🔶 Pred  133 ms Sync   16 ms | Sent   864 kB Recv  1191 kB |  gets
🔶 Pred  133 ms Sync   16 ms | Sent   864 kB Recv  1191 kB |  
🔶 Pred  133 ms Sync   16 ms | Sent   864 kB Recv  1191 kB | 25
🔶 Pred  133 ms Sync   16 ms | Sent   864 kB Recv  1191 kB |  million
🔶 Pred  133 ms Sync   19 ms | Sent   864 kB Recv  1191 kB |  parameters
🔶 Pred  147 ms Sync   34 ms | Sent   864 kB Recv  1191 kB | .
🔶 Pred  147 ms Sync   30 ms | Sent   864 kB Recv  1191 kB |  For
🔶 Pred  141 ms Sync   20 ms | Sent   864 kB Recv  1191 kB |  each
🔶 Pred  137 ms Sync   29 ms | Sent   864 kB Recv  1191 kB |  token
🔶 Pred  133 ms Sync   16 ms | Sent   864 kB Recv  1191 kB |  in
🔶 Pred  133 ms Sync   16 ms | Sent   864 kB Recv  1191 kB |  the
🔶 Pred  133 ms Sync   16 ms | Sent   864 kB Recv  1191 kB |  input
🔶 Pred  152 ms Sync   12 ms | Sent   864 kB Recv  1191 kB | ,
🔶 Pred  151 ms Sync   13 ms | Sent   864 kB Recv  1191 kB |  each
🔶 Pred  134 ms Sync   16 ms | Sent   864 kB Recv  1191 kB |  CPU
🔶 Pred  133 ms Sync   16 ms | Sent   864 kB Recv  1191 kB |  computes
🔶 Pred  133 ms Sync   16 ms | Sent   864 kB Recv  1191 kB |  its
🔶 Pred  134 ms Sync   16 ms | Sent   864 kB Recv  1191 kB |  own
🔶 Pred  134 ms Sync   16 ms | Sent   864 kB Recv  1191 kB |  attention
🔶 Pred  134 ms Sync   16 ms | Sent   864 kB Recv  1191 kB |  scores
🔶 Pred  134 ms Sync   16 ms | Sent   864 kB Recv  1191 kB |  using
🔶 Pred  133 ms Sync   16 ms | Sent   864 kB Recv  1191 kB |  its
🔶 Pred  133 ms Sync   16 ms | Sent   864 kB Recv  1191 kB |  
🔶 Pred  134 ms Sync   17 ms | Sent   864 kB Recv  1191 kB | 25
🔶 Pred  143 ms Sync   28 ms | Sent   864 kB Recv  1191 kB | M
🔶 Pred  152 ms Sync   30 ms | Sent   864 kB Recv  1191 kB |  parameters
🔶 Pred  134 ms Sync   23 ms | Sent   864 kB Recv  1191 kB | .
🔶 Pred  145 ms Sync   20 ms | Sent   864 kB Recv  1191 kB |  Then
🔶 Pred  133 ms Sync   17 ms | Sent   864 kB Recv  1191 kB | ,
🔶 Pred  133 ms Sync   17 ms | Sent   864 kB Recv  1191 kB |  after
🔶 Pred  133 ms Sync   16 ms | Sent   864 kB Recv  1191 kB |  computing
🔶 Pred  133 ms Sync   16 ms | Sent   864 kB Recv  1191 kB |  all
🔶 Pred  133 ms Sync   17 ms | Sent   864 kB Recv  1191 kB |  
🔶 Pred  133 ms Sync   16 ms | Sent   864 kB Recv  1191 kB | 4
🔶 Pred  133 ms Sync   16 ms | Sent   864 kB Recv  1191 kB |  attention
🔶 Pred  133 ms Sync   16 ms | Sent   864 kB Recv  1191 kB |  scores
🔶 Pred  133 ms Sync   17 ms | Sent   864 kB Recv  1191 kB |  for
🔶 Pred  133 ms Sync   17 ms | Sent   864 kB Recv  1191 kB |  each
🔶 Pred  134 ms Sync   16 ms | Sent   864 kB Recv  1191 kB |  token
🔶 Pred  133 ms Sync   17 ms | Sent   864 kB Recv  1191 kB | ,
🔶 Pred  134 ms Sync   16 ms | Sent   864 kB Recv  1191 kB |  they
🔶 Pred  133 ms Sync   17 ms | Sent   864 kB Recv  1191 kB |  all
🔶 Pred  133 ms Sync   17 ms | Sent   864 kB Recv  1191 kB | -re
🔶 Pred  137 ms Sync   28 ms | Sent   864 kB Recv  1191 kB | duce
🔶 Pred  165 ms Sync   41 ms | Sent   864 kB Recv  1191 kB |  to
🔶 Pred  149 ms Sync   16 ms | Sent   864 kB Recv  1191 kB |  get
🔶 Pred  147 ms Sync   28 ms | Sent   864 kB Recv  1191 kB |  the
🔶 Pred  134 ms Sync   20 ms | Sent   864 kB Recv  1191 kB |  full
🔶 Pred  135 ms Sync   22 ms | Sent   864 kB Recv  1191 kB |  attention
🔶 Pred  134 ms Sync   16 ms | Sent   864 kB Recv  1191 kB |  matrix
🔶 Pred  134 ms Sync   16 ms | Sent   864 kB Recv  1191 kB | .
🔶 Pred  134 ms Sync   16 ms | Sent   864 kB Recv  1191 kB |  Then
🔶 Pred  134 ms Sync   16 ms | Sent   864 kB Recv  1191 kB | ,
🔶 Pred  134 ms Sync   17 ms | Sent   864 kB Recv  1191 kB |  using
🔶 Pred  134 ms Sync   16 ms | Sent   864 kB Recv  1191 kB |  the
🔶 Pred  134 ms Sync   17 ms | Sent   864 kB Recv  1191 kB |  KV
🔶 Pred  134 ms Sync   16 ms | Sent   864 kB Recv  1191 kB |  cache
🔶 Pred  135 ms Sync   18 ms | Sent   864 kB Recv  1191 kB | ,
🔶 Pred  135 ms Sync   16 ms | Sent   864 kB Recv  1191 kB |  each
🔶 Pred  134 ms Sync   16 ms | Sent   864 kB Recv  1191 kB |  process
🔶 Pred  134 ms Sync   16 ms | Sent   864 kB Recv  1191 kB |  can
🔶 Pred  134 ms Sync   18 ms | Sent   864 kB Recv  1191 kB |  look
🔶 Pred  145 ms Sync   22 ms | Sent   864 kB Recv  1191 kB |  up
🔶 Pred  154 ms Sync   28 ms | Sent   864 kB Recv  1191 kB |  the
🔶 Pred  134 ms Sync   16 ms | Sent   864 kB Recv  1191 kB |  next
🔶 Pred  150 ms Sync   26 ms | Sent   864 kB Recv  1191 kB |  tokens
🔶 Pred  134 ms Sync   16 ms | Sent   864 kB Recv  1191 kB |  and
🔶 Pred  134 ms Sync   16 ms | Sent   864 kB Recv  1191 kB |  generate
🔶 Pred  134 ms Sync   16 ms | Sent   864 kB Recv  1191 kB |  the
🔶 Pred  134 ms Sync   16 ms | Sent   864 kB Recv  1191 kB |  output
🔶 Pred  134 ms Sync   16 ms | Sent   864 kB Recv  1191 kB | .


🔶 Pred  134 ms Sync   16 ms | Sent   864 kB Recv  1191 kB | But
🔶 Pred  134 ms Sync   16 ms | Sent   864 kB Recv  1191 kB |  wait
🔶 Pred  134 ms Sync   16 ms | Sent   864 kB Recv  1191 kB | ,
🔶 Pred  134 ms Sync   17 ms | Sent   864 kB Recv  1191 kB |  the
🔶 Pred  134 ms Sync   16 ms | Sent   864 kB Recv  1191 kB |  KV
🔶 Pred  147 ms Sync   12 ms | Sent   864 kB Recv  1191 kB |  cache
🔶 Pred  150 ms Sync   13 ms | Sent   864 kB Recv  1191 kB |  is
🔶 Pred  135 ms Sync   16 ms | Sent   864 kB Recv  1191 kB |  supposed
🔶 Pred  134 ms Sync   17 ms | Sent   864 kB Recv  1191 kB |  to
🔶 Pred  135 ms Sync   16 ms | Sent   864 kB Recv  1191 kB |  speed
🔶 Pred  144 ms Sync   23 ms | Sent   864 kB Recv  1191 kB |  up
🔶 Pred  154 ms Sync   39 ms | Sent   864 kB Recv  1191 kB |  the
🔶 Pred  135 ms Sync   16 ms | Sent   864 kB Recv  1191 kB |  process
🔶 Pred  145 ms Sync   37 ms | Sent   864 kB Recv  1191 kB | .
🔶 Pred  134 ms Sync   16 ms | Sent   864 kB Recv  1191 kB |  If
🔶 Pred  135 ms Sync   16 ms | Sent   864 kB Recv  1191 kB |  each
🔶 Pred  135 ms Sync   16 ms | Sent   864 kB Recv  1191 kB |  process
🔶 Pred  136 ms Sync   16 ms | Sent   864 kB Recv  1191 kB |  has
🔶 Pred  134 ms Sync   16 ms | Sent   864 kB Recv  1191 kB |  its
🔶 Pred  134 ms Sync   16 ms | Sent   864 kB Recv  1191 kB |  own
🔶 Pred  135 ms Sync   16 ms | Sent   864 kB Recv  1191 kB |  cache
🔶 Pred  135 ms Sync   16 ms | Sent   864 kB Recv  1191 kB | ,
🔶 Pred  135 ms Sync   16 ms | Sent   864 kB Recv  1191 kB |  maybe
🔶 Pred  135 ms Sync   16 ms | Sent   864 kB Recv  1191 kB |  the
🔶 Pred  135 ms Sync   16 ms | Sent   864 kB Recv  1191 kB |  lookup
🔶 Pred  135 ms Sync   16 ms | Sent   864 kB Recv  1191 kB |  is
🔶 Pred  135 ms Sync   16 ms | Sent   864 kB Recv  1191 kB |  slower
🔶 Pred  135 ms Sync   16 ms | Sent   864 kB Recv  1191 kB |  because
🔶 Pred  135 ms Sync   16 ms | Sent   864 kB Recv  1191 kB |  you
🔶 Pred  140 ms Sync   24 ms | Sent   864 kB Recv  1191 kB |  have
🔶 Pred  156 ms Sync   37 ms | Sent   864 kB Recv  1191 kB |  to
🔶 Pred  135 ms Sync   17 ms | Sent   864 kB Recv  1191 kB |  check
🔶 Pred  146 ms Sync   27 ms | Sent   864 kB Recv  1191 kB |  all
🔶 Pred  135 ms Sync   17 ms | Sent   864 kB Recv  1191 kB |  caches
🔶 Pred  135 ms Sync   16 ms | Sent   864 kB Recv  1191 kB | .
🔶 Pred  135 ms Sync   16 ms | Sent   864 kB Recv  1191 kB |  So
🔶 Pred  143 ms Sync   14 ms | Sent   864 kB Recv  1191 kB | ,
🔶 Pred  150 ms Sync   14 ms | Sent   864 kB Recv  1191 kB |  maybe
🔶 Pred  177 ms Sync   25 ms | Sent   864 kB Recv  1191 kB |  the
🔶 Pred  137 ms Sync   22 ms | Sent   864 kB Recv  1191 kB |  KV
🔶 Pred  135 ms Sync   16 ms | Sent   864 kB Recv  1191 kB |  cache
🔶 Pred  135 ms Sync   17 ms | Sent   864 kB Recv  1191 kB |  needs
🔶 Pred  135 ms Sync   16 ms | Sent   864 kB Recv  1191 kB |  to
🔶 Pred  135 ms Sync   17 ms | Sent   864 kB Recv  1191 kB |  be
🔶 Pred  135 ms Sync   16 ms | Sent   864 kB Recv  1191 kB |  distributed
🔶 Pred  135 ms Sync   16 ms | Sent   864 kB Recv  1191 kB |  in
🔶 Pred  135 ms Sync   17 ms | Sent   864 kB Recv  1191 kB |  a
🔶 Pred  136 ms Sync   17 ms | Sent   864 kB Recv  1191 kB |  way
🔶 Pred  149 ms Sync   28 ms | Sent   864 kB Recv  1191 kB |  that
🔶 Pred  151 ms Sync   31 ms | Sent   864 kB Recv  1191 kB |  each
🔶 Pred  137 ms Sync   22 ms | Sent   864 kB Recv  1191 kB |  process
🔶 Pred  173 ms Sync   24 ms | Sent   864 kB Recv  1191 kB |  only
🔶 Pred  135 ms Sync   17 ms | Sent   864 kB Recv  1191 kB |  holds
🔶 Pred  135 ms Sync   16 ms | Sent   864 kB Recv  1191 kB |  a
🔶 Pred  135 ms Sync   17 ms | Sent   864 kB Recv  1191 kB |  part
🔶 Pred  135 ms Sync   16 ms | Sent   864 kB Recv  1191 kB |  of
🔶 Pred  135 ms Sync   17 ms | Sent   864 kB Recv  1191 kB |  the
🔶 Pred  136 ms Sync   16 ms | Sent   864 kB Recv  1191 kB |  cache
🔶 Pred  135 ms Sync   17 ms | Sent   864 kB Recv  1191 kB | ,
🔶 Pred  135 ms Sync   16 ms | Sent   864 kB Recv  1191 kB |  so
🔶 Pred  135 ms Sync   17 ms | Sent   864 kB Recv  1191 kB |  the
🔶 Pred  135 ms Sync   17 ms | Sent   864 kB Recv  1191 kB |  lookup
🔶 Pred  135 ms Sync   17 ms | Sent   864 kB Recv  1191 kB |  can
🔶 Pred  135 ms Sync   16 ms | Sent   864 kB Recv  1191 kB |  be
🔶 Pred  135 ms Sync   17 ms | Sent   864 kB Recv  1191 kB |  done
🔶 Pred  136 ms Sync   17 ms | Sent   864 kB Recv  1191 kB |  efficiently
🔶 Pred  136 ms Sync   17 ms | Sent   864 kB Recv  1191 kB | .


🔶 Pred  144 ms Sync   39 ms | Sent   864 kB Recv  1191 kB | I
🔶 Pred  212 ms Sync   12 ms | Sent   864 kB Recv  1191 kB | 'm
🔶 Pred  145 ms Sync   33 ms | Sent   864 kB Recv  1191 kB |  also
🔶 Pred  137 ms Sync   16 ms | Sent   864 kB Recv  1191 kB |  not
🔶 Pred  136 ms Sync   18 ms | Sent   864 kB Recv  1191 kB |  sure
🔶 Pred  136 ms Sync   17 ms | Sent   864 kB Recv  1191 kB |  about
🔶 Pred  136 ms Sync   16 ms | Sent   864 kB Recv  1191 kB |  the
🔶 Pred  136 ms Sync   16 ms | Sent   864 kB Recv  1191 kB |  exact
🔶 Pred  135 ms Sync   17 ms | Sent   864 kB Recv  1191 kB |  role
🔶 Pred  136 ms Sync   16 ms | Sent   864 kB Recv  1191 kB |  of
🔶 Pred  136 ms Sync   16 ms | Sent   864 kB Recv  1191 kB |  the
🔶 Pred  136 ms Sync   17 ms | Sent   864 kB Recv  1191 kB |  KV
🔶 Pred  136 ms Sync   16 ms | Sent   864 kB Recv  1191 kB |  cache
🔶 Pred  136 ms Sync   17 ms | Sent   864 kB Recv  1191 kB |  in
🔶 Pred  136 ms Sync   17 ms | Sent   864 kB Recv  1191 kB |  this
🔶 Pred  136 ms Sync   16 ms | Sent   864 kB Recv  1191 kB |  setup
🔶 Pred  136 ms Sync   18 ms | Sent   864 kB Recv  1191 kB | .
🔶 Pred  136 ms Sync   17 ms | Sent   864 kB Recv  1191 kB |  In
🔶 Pred  140 ms Sync   26 ms | Sent   864 kB Recv  1191 kB |  some
🔶 Pred  152 ms Sync   48 ms | Sent   864 kB Recv  1191 kB |  implementations
🔶 Pred  138 ms Sync   17 ms | Sent   864 kB Recv  1191 kB | ,
🔶 Pred  147 ms Sync   31 ms | Sent   864 kB Recv  1191 kB |  the
🔶 Pred  136 ms Sync   16 ms | Sent   864 kB Recv  1191 kB |  KV
🔶 Pred  136 ms Sync   16 ms | Sent   864 kB Recv  1191 kB |  cache
🔶 Pred  136 ms Sync   16 ms | Sent   864 kB Recv  1191 kB |  is
🔶 Pred  136 ms Sync   17 ms | Sent   864 kB Recv  1191 kB |  used
🔶 Pred  136 ms Sync   17 ms | Sent   864 kB Recv  1191 kB |  to
🔶 Pred  136 ms Sync   17 ms | Sent   864 kB Recv  1191 kB |  store
🔶 Pred  136 ms Sync   17 ms | Sent   864 kB Recv  1191 kB |  the
🔶 Pred  136 ms Sync   17 ms | Sent   864 kB Recv  1191 kB |  history
🔶 Pred  136 ms Sync   17 ms | Sent   864 kB Recv  1191 kB |  of
🔶 Pred  136 ms Sync   17 ms | Sent   864 kB Recv  1191 kB |  tokens
🔶 Pred  165 ms Sync   15 ms | Sent   864 kB Recv  1191 kB |  for
🔶 Pred  149 ms Sync   13 ms | Sent   864 kB Recv  1191 kB |  each
🔶 Pred  136 ms Sync   17 ms | Sent   864 kB Recv  1191 kB |  position
🔶 Pred  136 ms Sync   17 ms | Sent   864 kB Recv  1191 kB | ,
🔶 Pred  136 ms Sync   17 ms | Sent   864 kB Recv  1191 kB |  which
🔶 Pred  144 ms Sync   27 ms | Sent   864 kB Recv  1191 kB |  helps
🔶 Pred  154 ms Sync   34 ms | Sent   864 kB Recv  1191 kB |  in
🔶 Pred  137 ms Sync   20 ms | Sent   864 kB Recv  1191 kB |  generating
🔶 Pred  145 ms Sync   16 ms | Sent   864 kB Recv  1191 kB |  the
🔶 Pred  137 ms Sync   16 ms | Sent   864 kB Recv  1191 kB |  next
🔶 Pred  137 ms Sync   16 ms | Sent   864 kB Recv  1191 kB |  tokens
🔶 Pred  136 ms Sync   16 ms | Sent   864 kB Recv  1191 kB | .
🔶 Pred  136 ms Sync   16 ms | Sent   864 kB Recv  1191 kB |  But
🔶 Pred  136 ms Sync   17 ms | Sent   864 kB Recv  1191 kB |  in
🔶 Pred  136 ms Sync   20 ms | Sent   864 kB Recv  1191 kB |  a
🔶 Pred  137 ms Sync   17 ms | Sent   864 kB Recv  1191 kB |  distributed
🔶 Pred  136 ms Sync   16 ms | Sent   864 kB Recv  1191 kB |  setting
🔶 Pred  137 ms Sync   17 ms | Sent   864 kB Recv  1191 kB | ,
🔶 Pred  137 ms Sync   17 ms | Sent   864 kB Recv  1191 kB |  this
🔶 Pred  137 ms Sync   16 ms | Sent   864 kB Recv  1191 kB |  might
🔶 Pred  137 ms Sync   16 ms | Sent   864 kB Recv  1191 kB |  require
🔶 Pred  137 ms Sync   17 ms | Sent   864 kB Recv  1191 kB |  more
🔶 Pred  137 ms Sync   17 ms | Sent   864 kB Recv  1191 kB |  coordination
🔶 Pred  137 ms Sync   17 ms | Sent   864 kB Recv  1191 kB | .


🔶 Pred  144 ms Sync   21 ms | Sent   864 kB Recv  1191 kB | Regarding
🔶 Pred  150 ms Sync   42 ms | Sent   864 kB Recv  1191 kB |  memory
🔶 Pred  137 ms Sync   21 ms | Sent   864 kB Recv  1191 kB |  bandwidth
🔶 Pred  146 ms Sync   23 ms | Sent   864 kB Recv  1191 kB | ,
🔶 Pred  137 ms Sync   16 ms | Sent   864 kB Recv  1191 kB |  if
🔶 Pred  137 ms Sync   16 ms | Sent   864 kB Recv  1191 kB |  each
🔶 Pred  137 ms Sync   16 ms | Sent   864 kB Recv  1191 kB |  process
🔶 Pred  150 ms Sync   13 ms | Sent   864 kB Recv  1191 kB |  is
🔶 Pred  156 ms Sync   12 ms | Sent   864 kB Recv  1191 kB |  holding
🔶 Pred  137 ms Sync   16 ms | Sent   864 kB Recv  1191 kB |  a
🔶 Pred  137 ms Sync   17 ms | Sent   864 kB Recv  1191 kB |  large
🔶 Pred  137 ms Sync   17 ms | Sent   864 kB Recv  1191 kB |  portion
🔶 Pred  137 ms Sync   17 ms | Sent   864 kB Recv  1191 kB |  of
🔶 Pred  137 ms Sync   19 ms | Sent   864 kB Recv  1191 kB |  the
🔶 Pred  137 ms Sync   17 ms | Sent   864 kB Recv  1191 kB |  model
🔶 Pred  137 ms Sync   17 ms | Sent   864 kB Recv  1191 kB |  and
🔶 Pred  137 ms Sync   18 ms | Sent   864 kB Recv  1191 kB |  the
🔶 Pred  137 ms Sync   17 ms | Sent   864 kB Recv  1191 kB |  KV
🔶 Pred  138 ms Sync   17 ms | Sent   864 kB Recv  1191 kB |  cache
🔶 Pred  154 ms Sync   92 ms | Sent   864 kB Recv  1191 kB | ,
🔶 Pred  138 ms Sync   16 ms | Sent   864 kB Recv  1191 kB |  the
🔶 Pred  150 ms Sync   34 ms | Sent   864 kB Recv  1191 kB |  memory
🔶 Pred  138 ms Sync   16 ms | Sent   864 kB Recv  1191 kB |  usage
🔶 Pred  138 ms Sync   16 ms | Sent   864 kB Recv  1191 kB |  per
🔶 Pred  138 ms Sync   16 ms | Sent   864 kB Recv  1191 kB |  process
🔶 Pred  138 ms Sync   16 ms | Sent   864 kB Recv  1191 kB |  could
🔶 Pred  137 ms Sync   16 ms | Sent   864 kB Recv  1191 kB |  be
🔶 Pred  137 ms Sync   16 ms | Sent   864 kB Recv  1191 kB |  high
🔶 Pred  138 ms Sync   16 ms | Sent   864 kB Recv  1191 kB | .
🔶 Pred  138 ms Sync   16 ms | Sent   864 kB Recv  1191 kB |  So
🔶 Pred  138 ms Sync   17 ms | Sent   864 kB Recv  1191 kB | ,
🔶 Pred  138 ms Sync   17 ms | Sent   864 kB Recv  1191 kB |  you
🔶 Pred  138 ms Sync   16 ms | Sent   864 kB Recv  1191 kB |  might
🔶 Pred  138 ms Sync   17 ms | Sent   864 kB Recv  1191 kB |  need
🔶 Pred  138 ms Sync   16 ms | Sent   864 kB Recv  1191 kB |  to
🔶 Pred  138 ms Sync   17 ms | Sent   864 kB Recv  1191 kB |  use
🔶 Pred  138 ms Sync   16 ms | Sent   864 kB Recv  1191 kB |  techniques
🔶 Pred  145 ms Sync   21 ms | Sent   864 kB Recv  1191 kB |  like
🔶 Pred  236 ms Sync   32 ms | Sent   864 kB Recv  1191 kB |  off
🔶 Pred  151 ms Sync   33 ms | Sent   864 kB Recv  1191 kB | loading
🔶 Pred  138 ms Sync   17 ms | Sent   864 kB Recv  1191 kB |  data
🔶 Pred  138 ms Sync   17 ms | Sent   864 kB Recv  1191 kB |  to
🔶 Pred  138 ms Sync   17 ms | Sent   864 kB Recv  1191 kB |  disk
🔶 Pred  138 ms Sync   17 ms | Sent   864 kB Recv  1191 kB |  or
🔶 Pred  138 ms Sync   17 ms | Sent   864 kB Recv  1191 kB |  using
🔶 Pred  138 ms Sync   16 ms | Sent   864 kB Recv  1191 kB |  more
🔶 Pred  138 ms Sync   17 ms | Sent   864 kB Recv  1191 kB |  advanced
🔶 Pred  138 ms Sync   17 ms | Sent   864 kB Recv  1191 kB |  memory
🔶 Pred  138 ms Sync   17 ms | Sent   864 kB Recv  1191 kB |  management
🔶 Pred  138 ms Sync   17 ms | Sent   864 kB Recv  1191 kB |  to
🔶 Pred  138 ms Sync   17 ms | Sent   864 kB Recv  1191 kB |  stay
🔶 Pred  138 ms Sync   17 ms | Sent   864 kB Recv  1191 kB |  within
🔶 Pred  138 ms Sync   17 ms | Sent   864 kB Recv  1191 kB |  the
🔶 Pred  138 ms Sync   17 ms | Sent   864 kB Recv  1191 kB |  memory
🔶 Pred  138 ms Sync   17 ms | Sent   864 kB Recv  1191 kB |  limits
🔶 Pred  139 ms Sync   16 ms | Sent   864 kB Recv  1191 kB | .


🔶 Pred  159 ms Sync   45 ms | Sent   864 kB Recv  1191 kB | I
🔶 Pred  140 ms Sync   16 ms | Sent   864 kB Recv  1191 kB |  think
🔶 Pred  148 ms Sync   37 ms | Sent   864 kB Recv  1191 kB |  I
🔶 Pred  139 ms Sync   16 ms | Sent   864 kB Recv  1191 kB |  need
🔶 Pred  138 ms Sync   16 ms | Sent   864 kB Recv  1191 kB |  to
🔶 Pred  139 ms Sync   19 ms | Sent   864 kB Recv  1191 kB |  break
🔶 Pred  139 ms Sync   16 ms | Sent   864 kB Recv  1191 kB |  this
🔶 Pred  139 ms Sync   16 ms | Sent   864 kB Recv  1191 kB |  down
🔶 Pred  139 ms Sync   16 ms | Sent   864 kB Recv  1191 kB |  step
🔶 Pred  139 ms Sync   16 ms | Sent   864 kB Recv  1191 kB |  by
🔶 Pred  138 ms Sync   16 ms | Sent   864 kB Recv  1191 kB |  step
🔶 Pred  139 ms Sync   16 ms | Sent   864 kB Recv  1191 kB | :


🔶 Pred  143 ms Sync   14 ms | Sent   864 kB Recv  1191 kB | 1
🔶 Pred  158 ms Sync    9 ms | Sent   864 kB Recv  1191 kB | .
🔶 Pred  146 ms Sync   13 ms | Sent   864 kB Recv  1191 kB |  Weight
🔶 Pred  139 ms Sync   16 ms | Sent   864 kB Recv  1191 kB |  Sh
🔶 Pred  139 ms Sync   16 ms | Sent   864 kB Recv  1191 kB | arding
🔶 Pred  139 ms Sync   16 ms | Sent   864 kB Recv  1191 kB | :
🔶 Pred  156 ms Sync   22 ms | Sent   864 kB Recv  1191 kB |  Split
🔶 Pred  156 ms Sync   25 ms | Sent   864 kB Recv  1191 kB |  the
🔶 Pred  147 ms Sync   19 ms | Sent   864 kB Recv  1191 kB |  model
🔶 Pred  179 ms Sync   26 ms | Sent   864 kB Recv  1191 kB |  weights
🔶 Pred  139 ms Sync   16 ms | Sent   864 kB Recv  1191 kB |  across
🔶 Pred  139 ms Sync   16 ms | Sent   864 kB Recv  1191 kB |  all
🔶 Pred  139 ms Sync   16 ms | Sent   864 kB Recv  1191 kB |  processes
🔶 Pred  139 ms Sync   16 ms | Sent   864 kB Recv  1191 kB | .
🔶 Pred  139 ms Sync   16 ms | Sent   864 kB Recv  1191 kB |  Each
🔶 Pred  139 ms Sync   17 ms | Sent   864 kB Recv  1191 kB |  process
🔶 Pred  139 ms Sync   16 ms | Sent   864 kB Recv  1191 kB |  has
🔶 Pred  139 ms Sync   16 ms | Sent   864 kB Recv  1191 kB |  a
🔶 Pred  140 ms Sync   16 ms | Sent   864 kB Recv  1191 kB |  portion
🔶 Pred  139 ms Sync   17 ms | Sent   864 kB Recv  1191 kB |  of
🔶 Pred  139 ms Sync   16 ms | Sent   864 kB Recv  1191 kB |  the
🔶 Pred  139 ms Sync   17 ms | Sent   864 kB Recv  1191 kB |  weights
🔶 Pred  139 ms Sync   17 ms | Sent   864 kB Recv  1191 kB | .


🔶 Pred  139 ms Sync   17 ms | Sent   864 kB Recv  1191 kB | 2
🔶 Pred  142 ms Sync   27 ms | Sent   864 kB Recv  1191 kB | .
🔶 Pred  159 ms Sync   44 ms | Sent   864 kB Recv  1191 kB |  All
🔶 Pred  139 ms Sync   17 ms | Sent   864 kB Recv  1191 kB | -
🔶 Pred  157 ms Sync   34 ms | Sent   864 kB Recv  1191 kB | Reduce
🔶 Pred  139 ms Sync   16 ms | Sent   864 kB Recv  1191 kB |  S
🔶 Pred  142 ms Sync   22 ms | Sent   864 kB Recv  1191 kB | ynchronization
🔶 Pred  139 ms Sync   17 ms | Sent   864 kB Recv  1191 kB | :
🔶 Pred  155 ms Sync   10 ms | Sent   864 kB Recv  1191 kB |  For
🔶 Pred  161 ms Sync   12 ms | Sent   864 kB Recv  1191 kB |  operations
🔶 Pred  140 ms Sync   16 ms | Sent   864 kB Recv  1191 kB |  that
🔶 Pred  140 ms Sync   16 ms | Sent   864 kB Recv  1191 kB |  require
🔶 Pred  140 ms Sync   16 ms | Sent   864 kB Recv  1191 kB |  combining
🔶 Pred  141 ms Sync   16 ms | Sent   864 kB Recv  1191 kB |  results
🔶 Pred  142 ms Sync   16 ms | Sent   864 kB Recv  1191 kB |  from
🔶 Pred  141 ms Sync   16 ms | Sent   864 kB Recv  1191 kB |  all
🔶 Pred  140 ms Sync   16 ms | Sent   864 kB Recv  1191 kB |  processes
🔶 Pred  140 ms Sync   16 ms | Sent   864 kB Recv  1191 kB | ,
🔶 Pred  141 ms Sync   16 ms | Sent   864 kB Recv  1191 kB |  like
🔶 Pred  149 ms Sync   15 ms | Sent   864 kB Recv  1191 kB |  attention
🔶 Pred  161 ms Sync   78 ms | Sent   864 kB Recv  1191 kB |  scores
🔶 Pred  141 ms Sync   17 ms | Sent   864 kB Recv  1191 kB | ,
🔶 Pred  151 ms Sync   23 ms | Sent   864 kB Recv  1191 kB |  perform
🔶 Pred  139 ms Sync   21 ms | Sent   864 kB Recv  1191 kB |  all
🔶 Pred  140 ms Sync   17 ms | Sent   864 kB Recv  1191 kB | -re
🔶 Pred  140 ms Sync   16 ms | Sent   864 kB Recv  1191 kB | duce
🔶 Pred  140 ms Sync   17 ms | Sent   864 kB Recv  1191 kB |  to
🔶 Pred  140 ms Sync   16 ms | Sent   864 kB Recv  1191 kB |  sum
🔶 Pred  140 ms Sync   17 ms | Sent   864 kB Recv  1191 kB |  the
🔶 Pred  140 ms Sync   17 ms | Sent   864 kB Recv  1191 kB |  contributions
🔶 Pred  140 ms Sync   16 ms | Sent   864 kB Recv  1191 kB |  from
🔶 Pred  140 ms Sync   18 ms | Sent   864 kB Recv  1191 kB |  each
🔶 Pred  140 ms Sync   17 ms | Sent   864 kB Recv  1191 kB |  process
🔶 Pred  140 ms Sync   16 ms | Sent   864 kB Recv  1191 kB | .


🔶 Pred  141 ms Sync   16 ms | Sent   864 kB Recv  1191 kB | 3
🔶 Pred  139 ms Sync   17 ms | Sent   864 kB Recv  1191 kB | .
🔶 Pred  139 ms Sync   17 ms | Sent   864 kB Recv  1191 kB |  KV
🔶 Pred  140 ms Sync   17 ms | Sent   864 kB Recv  1191 kB |  Cache
🔶 Pred  175 ms Sync   38 ms | Sent   864 kB Recv  1191 kB | :
🔶 Pred  171 ms Sync   13 ms | Sent   864 kB Recv  1191 kB |  Each
🔶 Pred  154 ms Sync   27 ms | Sent   864 kB Recv  1191 kB |  process
🔶 Pred  140 ms Sync   16 ms | Sent   864 kB Recv  1191 kB |  maintains
🔶 Pred  140 ms Sync   16 ms | Sent   864 kB Recv  1191 kB |  a
🔶 Pred  140 ms Sync   16 ms | Sent   864 kB Recv  1191 kB |  cache
🔶 Pred  140 ms Sync   16 ms | Sent   864 kB Recv  1191 kB |  of
🔶 Pred  140 ms Sync   16 ms | Sent   864 kB Recv  1191 kB |  key
🔶 Pred  140 ms Sync   16 ms | Sent   864 kB Recv  1191 kB | -value
🔶 Pred  140 ms Sync   16 ms | Sent   864 kB Recv  1191 kB |  pairs
🔶 Pred  140 ms Sync   17 ms | Sent   864 kB Recv  1191 kB | .
🔶 Pred  140 ms Sync   16 ms | Sent   864 kB Recv  1191 kB |  When
🔶 Pred  142 ms Sync   16 ms | Sent   864 kB Recv  1191 kB |  generating
🔶 Pred  140 ms Sync   16 ms | Sent   864 kB Recv  1191 kB |  the
🔶 Pred  140 ms Sync   17 ms | Sent   864 kB Recv  1191 kB |  next
🔶 Pred  140 ms Sync   17 ms | Sent   864 kB Recv  1191 kB |  tokens
🔶 Pred  140 ms Sync   17 ms | Sent   864 kB Recv  1191 kB | ,
🔶 Pred  140 ms Sync   17 ms | Sent   864 kB Recv  1191 kB |  each
🔶 Pred  156 ms Sync   20 ms | Sent   864 kB Recv  1191 kB |  process
🔶 Pred  160 ms Sync   26 ms | Sent   864 kB Recv  1191 kB |  uses
🔶 Pred  146 ms Sync   21 ms | Sent   864 kB Recv  1191 kB |  its
🔶 Pred  145 ms Sync   27 ms | Sent   864 kB Recv  1191 kB |  cache
🔶 Pred  140 ms Sync   17 ms | Sent   864 kB Recv  1191 kB |  to
🔶 Pred  141 ms Sync   16 ms | Sent   864 kB Recv  1191 kB |  look
🔶 Pred  140 ms Sync   17 ms | Sent   864 kB Recv  1191 kB |  up
🔶 Pred  141 ms Sync   18 ms | Sent   864 kB Recv  1191 kB |  the
🔶 Pred  140 ms Sync   16 ms | Sent   864 kB Recv  1191 kB |  necessary
🔶 Pred  140 ms Sync   16 ms | Sent   864 kB Recv  1191 kB |  keys
🔶 Pred  140 ms Sync   16 ms | Sent   864 kB Recv  1191 kB |  and
🔶 Pred  144 ms Sync   22 ms | Sent   864 kB Recv  1191 kB |  values
🔶 Pred  141 ms Sync   16 ms | Sent   864 kB Recv  1191 kB | .


🔶 Pred  162 ms Sync   12 ms | Sent   864 kB Recv  1191 kB | 4
🔶 Pred  159 ms Sync   13 ms | Sent   864 kB Recv  1191 kB | .
🔶 Pred  141 ms Sync   17 ms | Sent   864 kB Recv  1191 kB |  Memory
🔶 Pred  141 ms Sync   17 ms | Sent   864 kB Recv  1191 kB | -B
🔶 Pred  141 ms Sync   16 ms | Sent   864 kB Recv  1191 kB | and
🔶 Pred  151 ms Sync   22 ms | Sent   864 kB Recv  1191 kB | width
🔶 Pred  162 ms Sync   33 ms | Sent   864 kB Recv  1191 kB |  Limit
🔶 Pred  142 ms Sync   16 ms | Sent   864 kB Recv  1191 kB | :
🔶 Pred  153 ms Sync   31 ms | Sent   864 kB Recv  1191 kB |  Ensure
🔶 Pred  142 ms Sync   16 ms | Sent   864 kB Recv  1191 kB |  that
🔶 Pred  141 ms Sync   17 ms | Sent   864 kB Recv  1191 kB |  the
🔶 Pred  141 ms Sync   17 ms | Sent   864 kB Recv  1191 kB |  data
🔶 Pred  141 ms Sync   16 ms | Sent   864 kB Recv  1191 kB |  being
🔶 Pred  141 ms Sync   17 ms | Sent   864 kB Recv  1191 kB |  accessed
🔶 Pred  141 ms Sync   17 ms | Sent   864 kB Recv  1191 kB |  in
🔶 Pred  141 ms Sync   16 ms | Sent   864 kB Recv  1191 kB |  memory
🔶 Pred  141 ms Sync   16 ms | Sent   864 kB Recv  1191 kB |  doesn
🔶 Pred  141 ms Sync   16 ms | Sent   864 kB Recv  1191 kB | 't
🔶 Pred  141 ms Sync   17 ms | Sent   864 kB Recv  1191 kB |  exceed
🔶 Pred  141 ms Sync   17 ms | Sent   864 kB Recv  1191 kB |  the
🔶 Pred  141 ms Sync   17 ms | Sent   864 kB Recv  1191 kB |  available
🔶 Pred  142 ms Sync   17 ms | Sent   864 kB Recv  1191 kB |  bandwidth
🔶 Pred  141 ms Sync   17 ms | Sent   864 kB Recv  1191 kB | .
🔶 Pred  147 ms Sync   15 ms | Sent   864 kB Recv  1191 kB |  This
🔶 Pred  187 ms Sync   50 ms | Sent   864 kB Recv  1191 kB |  might
🔶 Pred  141 ms Sync   17 ms | Sent   864 kB Recv  1191 kB |  involve
🔶 Pred  154 ms Sync   24 ms | Sent   864 kB Recv  1191 kB |  techniques
🔶 Pred  141 ms Sync   17 ms | Sent   864 kB Recv  1191 kB |  like
🔶 Pred  141 ms Sync   17 ms | Sent   864 kB Recv  1191 kB |  data
🔶 Pred  141 ms Sync   17 ms | Sent   864 kB Recv  1191 kB |  sh
🔶 Pred  161 ms Sync   13 ms | Sent   864 kB Recv  1191 kB | uffling
🔶 Pred  159 ms Sync   14 ms | Sent   864 kB Recv  1191 kB |  or
🔶 Pred  141 ms Sync   17 ms | Sent   864 kB Recv  1191 kB |  off
🔶 Pred  142 ms Sync   17 ms | Sent   864 kB Recv  1191 kB | loading
🔶 Pred  141 ms Sync   17 ms | Sent   864 kB Recv  1191 kB |  to
🔶 Pred  141 ms Sync   18 ms | Sent   864 kB Recv  1191 kB |  avoid
🔶 Pred  142 ms Sync   16 ms | Sent   864 kB Recv  1191 kB |  memory
🔶 Pred  141 ms Sync   20 ms | Sent   864 kB Recv  1191 kB |  bott
🔶 Pred  142 ms Sync   17 ms | Sent   864 kB Recv  1191 kB | lene
🔶 Pred  141 ms Sync   17 ms | Sent   864 kB Recv  1191 kB | cks
🔶 Pred  141 ms Sync   17 ms | Sent   864 kB Recv  1191 kB | .


🔶 Pred  143 ms Sync   18 ms | Sent   864 kB Recv  1191 kB | Now
🔶 Pred  168 ms Sync   37 ms | Sent   864 kB Recv  1191 kB | ,
🔶 Pred  142 ms Sync   19 ms | Sent   864 kB Recv  1191 kB |  putting
🔶 Pred  154 ms Sync   32 ms | Sent   864 kB Recv  1191 kB |  this
🔶 Pred  141 ms Sync   18 ms | Sent   864 kB Recv  1191 kB |  into
🔶 Pred  142 ms Sync   17 ms | Sent   864 kB Recv  1191 kB |  a
🔶 Pred  142 ms Sync   17 ms | Sent   864 kB Recv  1191 kB |  workflow
🔶 Pred  142 ms Sync   16 ms | Sent   864 kB Recv  1191 kB | :


🔶 Pred  142 ms Sync   18 ms | Sent   864 kB Recv  1191 kB | -
🔶 Pred  142 ms Sync   18 ms | Sent   864 kB Recv  1191 kB |  Each
🔶 Pred  142 ms Sync   17 ms | Sent   864 kB Recv  1191 kB |  process
🔶 Pred  141 ms Sync   17 ms | Sent   864 kB Recv  1191 kB |  receives
🔶 Pred  142 ms Sync   17 ms | Sent   864 kB Recv  1191 kB |  a
🔶 Pred  142 ms Sync   17 ms | Sent   864 kB Recv  1191 kB |  portion
🔶 Pred  142 ms Sync   17 ms | Sent   864 kB Recv  1191 kB |  of
🔶 Pred  142 ms Sync   19 ms | Sent   864 kB Recv  1191 kB |  the
🔶 Pred  142 ms Sync   17 ms | Sent   864 kB Recv  1191 kB |  input
🔶 Pred  145 ms Sync   22 ms | Sent   864 kB Recv  1191 kB |  sequence
🔶 Pred  142 ms Sync   16 ms | Sent   864 kB Recv  1191 kB | .


🔶 Pred  200 ms Sync   37 ms | Sent   864 kB Recv  1191 kB | -
🔶 Pred  176 ms Sync   24 ms | Sent   864 kB Recv  1191 kB |  Each
🔶 Pred  155 ms Sync   29 ms | Sent   864 kB Recv  1191 kB |  process
🔶 Pred  142 ms Sync   17 ms | Sent   864 kB Recv  1191 kB |  computes
🔶 Pred  143 ms Sync   16 ms | Sent   864 kB Recv  1191 kB |  its
🔶 Pred  143 ms Sync   16 ms | Sent   864 kB Recv  1191 kB |  own
🔶 Pred  143 ms Sync   17 ms | Sent   864 kB Recv  1191 kB |  attention
🔶 Pred  143 ms Sync   16 ms | Sent   864 kB Recv  1191 kB |  scores
🔶 Pred  144 ms Sync   16 ms | Sent   864 kB Recv  1191 kB |  using
🔶 Pred  142 ms Sync   16 ms | Sent   864 kB Recv  1191 kB |  its
🔶 Pred  143 ms Sync   16 ms | Sent   864 kB Recv  1191 kB |  portion
🔶 Pred  143 ms Sync   16 ms | Sent   864 kB Recv  1191 kB |  of
🔶 Pred  143 ms Sync   17 ms | Sent   864 kB Recv  1191 kB |  the
🔶 Pred  143 ms Sync   17 ms | Sent   864 kB Recv  1191 kB |  weights
🔶 Pred  142 ms Sync   16 ms | Sent   864 kB Recv  1191 kB |  and
🔶 Pred  143 ms Sync   16 ms | Sent   864 kB Recv  1191 kB |  the
🔶 Pred  142 ms Sync   16 ms | Sent   864 kB Recv  1191 kB |  KV
🔶 Pred  150 ms Sync   22 ms | Sent   864 kB Recv  1191 kB |  cache
🔶 Pred  168 ms Sync   33 ms | Sent   864 kB Recv  1191 kB | .


🔶 Pred  144 ms Sync   16 ms | Sent   864 kB Recv  1191 kB | -
🔶 Pred  151 ms Sync   31 ms | Sent   864 kB Recv  1191 kB |  After
🔶 Pred  148 ms Sync   15 ms | Sent   864 kB Recv  1191 kB |  computing
🔶 Pred  143 ms Sync   17 ms | Sent   864 kB Recv  1191 kB |  all
🔶 Pred  143 ms Sync   16 ms | Sent   864 kB Recv  1191 kB |  attention
🔶 Pred  143 ms Sync   16 ms | Sent   864 kB Recv  1191 kB |  scores
🔶 Pred  143 ms Sync   16 ms | Sent   864 kB Recv  1191 kB |  for
🔶 Pred  144 ms Sync   16 ms | Sent   864 kB Recv  1191 kB |  a
🔶 Pred  144 ms Sync   16 ms | Sent   864 kB Recv  1191 kB |  token
🔶 Pred  143 ms Sync   16 ms | Sent   864 kB Recv  1191 kB | ,
🔶 Pred  142 ms Sync   17 ms | Sent   864 kB Recv  1191 kB |  the
🔶 Pred  152 ms Sync   14 ms | Sent   864 kB Recv  1191 kB |  processes
🔶 Pred  168 ms Sync   11 ms | Sent   864 kB Recv  1191 kB |  perform
🔶 Pred  144 ms Sync   16 ms | Sent   864 kB Recv  1191 kB |  all
🔶 Pred  143 ms Sync   16 ms | Sent   864 kB Recv  1191 kB | -re
🔶 Pred  144 ms Sync   19 ms | Sent   864 kB Recv  1191 kB | duce
🔶 Pred  149 ms Sync   23 ms | Sent   864 kB Recv  1191 kB |  to
🔶 Pred  168 ms Sync   41 ms | Sent   864 kB Recv  1191 kB |  combine
🔶 Pred  143 ms Sync   17 ms | Sent   864 kB Recv  1191 kB |  them
🔶 Pred  156 ms Sync   29 ms | Sent   864 kB Recv  1191 kB |  into
🔶 Pred  143 ms Sync   16 ms | Sent   864 kB Recv  1191 kB |  a
🔶 Pred  143 ms Sync   17 ms | Sent   864 kB Recv  1191 kB |  single
🔶 Pred  144 ms Sync   15 ms | Sent   864 kB Recv  1191 kB |  attention
🔶 Pred  144 ms Sync   17 ms | Sent   864 kB Recv  1191 kB |  matrix
🔶 Pred  144 ms Sync   16 ms | Sent   864 kB Recv  1191 kB | .


🔶 Pred  144 ms Sync   17 ms | Sent   864 kB Recv  1191 kB | -
🔶 Pred  144 ms Sync   16 ms | Sent   864 kB Recv  1191 kB |  Using
🔶 Pred  145 ms Sync   17 ms | Sent   864 kB Recv  1191 kB |  the
🔶 Pred  143 ms Sync   17 ms | Sent   864 kB Recv  1191 kB |  combined
🔶 Pred  144 ms Sync   17 ms | Sent   864 kB Recv  1191 kB |  attention
🔶 Pred  144 ms Sync   16 ms | Sent   864 kB Recv  1191 kB |  matrix
🔶 Pred  144 ms Sync   16 ms | Sent   864 kB Recv  1191 kB | ,
🔶 Pred  144 ms Sync   16 ms | Sent   864 kB Recv  1191 kB |  each
🔶 Pred  144 ms Sync   16 ms | Sent   864 kB Recv  1191 kB |  process
🔶 Pred  150 ms Sync   21 ms | Sent   864 kB Recv  1191 kB |  can
🔶 Pred  167 ms Sync   38 ms | Sent   864 kB Recv  1191 kB |  look
🔶 Pred  145 ms Sync   15 ms | Sent   864 kB Recv  1191 kB |  up
🔶 Pred  153 ms Sync   32 ms | Sent   864 kB Recv  1191 kB |  the
🔶 Pred  146 ms Sync   21 ms | Sent   864 kB Recv  1191 kB |  KV
🔶 Pred  145 ms Sync   15 ms | Sent   864 kB Recv  1191 kB |  pairs
🔶 Pred  144 ms Sync   16 ms | Sent   864 kB Recv  1191 kB |  and
🔶 Pred  158 ms Sync   11 ms | Sent   864 kB Recv  1191 kB |  generate
🔶 Pred  160 ms Sync   13 ms | Sent   864 kB Recv  1191 kB |  the
🔶 Pred  144 ms Sync   17 ms | Sent   864 kB Recv  1191 kB |  next
🔶 Pred  143 ms Sync   17 ms | Sent   864 kB Recv  1191 kB |  tokens
🔶 Pred  143 ms Sync   16 ms | Sent   864 kB Recv  1191 kB | .


🔶 Pred  143 ms Sync   17 ms | Sent   864 kB Recv  1191 kB | -
🔶 Pred  145 ms Sync   18 ms | Sent   864 kB Recv  1191 kB |  The
🔶 Pred  143 ms Sync   17 ms | Sent   864 kB Recv  1191 kB |  generated
🔶 Pred  143 ms Sync   17 ms | Sent   864 kB Recv  1191 kB |  tokens
🔶 Pred  143 ms Sync   17 ms | Sent   864 kB Recv  1191 kB |  are
🔶 Pred  144 ms Sync   17 ms | Sent   864 kB Recv  1191 kB |  then
🔶 Pred  148 ms Sync   22 ms | Sent   864 kB Recv  1191 kB |  passed
🔶 Pred  161 ms Sync   43 ms | Sent   864 kB Recv  1191 kB |  to
🔶 Pred  145 ms Sync   17 ms | Sent   864 kB Recv  1191 kB |  the
🔶 Pred  153 ms Sync   30 ms | Sent   864 kB Recv  1191 kB |  next
🔶 Pred  144 ms Sync   17 ms | Sent   864 kB Recv  1191 kB |  process
🔶 Pred  145 ms Sync   19 ms | Sent   864 kB Recv  1191 kB |  or
🔶 Pred  145 ms Sync   16 ms | Sent   864 kB Recv  1191 kB |  collected
🔶 Pred  144 ms Sync   17 ms | Sent   864 kB Recv  1191 kB |  as
🔶 Pred  145 ms Sync   16 ms | Sent   864 kB Recv  1191 kB |  output
🔶 Pred  145 ms Sync   17 ms | Sent   864 kB Recv  1191 kB | .


🔶 Pred  144 ms Sync   19 ms | Sent   864 kB Recv  1191 kB | But
🔶 Pred  144 ms Sync   17 ms | Sent   864 kB Recv  1191 kB |  I
🔶 Pred  145 ms Sync   17 ms | Sent   864 kB Recv  1191 kB | 'm
🔶 Pred  144 ms Sync   18 ms | Sent   864 kB Recv  1191 kB |  still
🔶 Pred  144 ms Sync   17 ms | Sent   864 kB Recv  1191 kB |  unclear
🔶 Pred  144 ms Sync   16 ms | Sent   864 kB Recv  1191 kB |  on
🔶 Pred  145 ms Sync   16 ms | Sent   864 kB Recv  1191 kB |  how
🔶 Pred  145 ms Sync   16 ms | Sent   864 kB Recv  1191 kB |  the
🔶 Pred  148 ms Sync   27 ms | Sent   864 kB Recv  1191 kB |  KV
🔶 Pred  206 ms Sync   29 ms | Sent   864 kB Recv  1191 kB |  cache
🔶 Pred  144 ms Sync   24 ms | Sent   864 kB Recv  1191 kB |  is
🔶 Pred  150 ms Sync   33 ms | Sent   864 kB Recv  1191 kB |  managed
🔶 Pred  144 ms Sync   16 ms | Sent   864 kB Recv  1191 kB |  across
🔶 Pred  145 ms Sync   16 ms | Sent   864 kB Recv  1191 kB |  processes
🔶 Pred  145 ms Sync   16 ms | Sent   864 kB Recv  1191 kB | .
🔶 Pred  144 ms Sync   17 ms | Sent   864 kB Recv  1191 kB |  Maybe
🔶 Pred  145 ms Sync   18 ms | Sent   864 kB Recv  1191 kB |  each
🔶 Pred  145 ms Sync   18 ms | Sent   864 kB Recv  1191 kB |  process
🔶 Pred  145 ms Sync   17 ms | Sent   864 kB Recv  1191 kB |  only
🔶 Pred  145 ms Sync   17 ms | Sent   864 kB Recv  1191 kB |  needs
🔶 Pred  145 ms Sync   16 ms | Sent   864 kB Recv  1191 kB |  to
🔶 Pred  145 ms Sync   17 ms | Sent   864 kB Recv  1191 kB |  hold
🔶 Pred  145 ms Sync   17 ms | Sent   864 kB Recv  1191 kB |  a
🔶 Pred  145 ms Sync   17 ms | Sent   864 kB Recv  1191 kB |  subset
🔶 Pred  145 ms Sync   17 ms | Sent   864 kB Recv  1191 kB |  of
🔶 Pred  146 ms Sync   16 ms | Sent   864 kB Recv  1191 kB |  the
🔶 Pred  162 ms Sync   27 ms | Sent   864 kB Recv  1191 kB |  KV
🔶 Pred  156 ms Sync   39 ms | Sent   864 kB Recv  1191 kB |  pairs
🔶 Pred  156 ms Sync   31 ms | Sent   864 kB Recv  1191 kB | ,
🔶 Pred  145 ms Sync   19 ms | Sent   864 kB Recv  1191 kB |  and
🔶 Pred  145 ms Sync   16 ms | Sent   864 kB Recv  1191 kB |  when
🔶 Pred  145 ms Sync   18 ms | Sent   864 kB Recv  1191 kB |  a
🔶 Pred  146 ms Sync   16 ms | Sent   864 kB Recv  1191 kB |  key
🔶 Pred  148 ms Sync   20 ms | Sent   864 kB Recv  1191 kB |  is
🔶 Pred  146 ms Sync   16 ms | Sent   864 kB Recv  1191 kB |  needed
🔶 Pred  145 ms Sync   18 ms | Sent   864 kB Recv  1191 kB | ,
🔶 Pred  146 ms Sync   16 ms | Sent   864 kB Recv  1191 kB |  it
🔶 Pred  148 ms Sync   16 ms | Sent   864 kB Recv  1191 kB | 's
🔶 Pred  154 ms Sync   14 ms | Sent   864 kB Recv  1191 kB |  looked
🔶 Pred  176 ms Sync   12 ms | Sent   864 kB Recv  1191 kB |  up
🔶 Pred  144 ms Sync   17 ms | Sent   864 kB Recv  1191 kB |  across
🔶 Pred  145 ms Sync   17 ms | Sent   864 kB Recv  1191 kB |  all
🔶 Pred  145 ms Sync   16 ms | Sent   864 kB Recv  1191 kB |  processes
🔶 Pred  148 ms Sync   18 ms | Sent   864 kB Recv  1191 kB | .
🔶 Pred  171 ms Sync   27 ms | Sent   864 kB Recv  1191 kB |  Or
🔶 Pred  145 ms Sync   29 ms | Sent   864 kB Recv  1191 kB |  perhaps
🔶 Pred  156 ms Sync   29 ms | Sent   864 kB Recv  1191 kB |  the
🔶 Pred  146 ms Sync   17 ms | Sent   864 kB Recv  1191 kB |  KV
🔶 Pred  146 ms Sync   17 ms | Sent   864 kB Recv  1191 kB |  pairs
🔶 Pred  146 ms Sync   16 ms | Sent   864 kB Recv  1191 kB |  are
🔶 Pred  146 ms Sync   17 ms | Sent   864 kB Recv  1191 kB |  distributed
🔶 Pred  145 ms Sync   17 ms | Sent   864 kB Recv  1191 kB |  in
🔶 Pred  146 ms Sync   17 ms | Sent   864 kB Recv  1191 kB |  a
🔶 Pred  145 ms Sync   16 ms | Sent   864 kB Recv  1191 kB |  way
🔶 Pred  146 ms Sync   16 ms | Sent   864 kB Recv  1191 kB |  that
🔶 Pred  146 ms Sync   16 ms | Sent   864 kB Recv  1191 kB |  each
🔶 Pred  146 ms Sync   16 ms | Sent   864 kB Recv  1191 kB |  process
🔶 Pred  146 ms Sync   17 ms | Sent   864 kB Recv  1191 kB |  holds
🔶 Pred  146 ms Sync   16 ms | Sent   864 kB Recv  1191 kB |  a
🔶 Pred  145 ms Sync   16 ms | Sent   864 kB Recv  1191 kB |  part
🔶 Pred  146 ms Sync   19 ms | Sent   864 kB Recv  1191 kB |  of
🔶 Pred  151 ms Sync   23 ms | Sent   864 kB Recv  1191 kB |  them
🔶 Pred  173 ms Sync   32 ms | Sent   864 kB Recv  1191 kB | ,
🔶 Pred  145 ms Sync   17 ms | Sent   864 kB Recv  1191 kB |  making
🔶 Pred  157 ms Sync   29 ms | Sent   864 kB Recv  1191 kB |  the
🔶 Pred  145 ms Sync   17 ms | Sent   864 kB Recv  1191 kB |  lookup
🔶 Pred  145 ms Sync   16 ms | Sent   864 kB Recv  1191 kB |  more
🔶 Pred  149 ms Sync   14 ms | Sent   864 kB Recv  1191 kB |  efficient
🔶 Pred  172 ms Sync   10 ms | Sent   864 kB Recv  1191 kB | .


🔶 Pred  147 ms Sync   16 ms | Sent   864 kB Recv  1191 kB | Also
🔶 Pred  145 ms Sync   17 ms | Sent   864 kB Recv  1191 kB | ,
🔶 Pred  145 ms Sync   17 ms | Sent   864 kB Recv  1191 kB |  the
🔶 Pred  145 ms Sync   17 ms | Sent   864 kB Recv  1191 kB |  memory
🔶 Pred  145 ms Sync   17 ms | Sent   864 kB Recv  1191 kB |  bandwidth
🔶 Pred  145 ms Sync   17 ms | Sent   864 kB Recv  1191 kB |  part
🔶 Pred  145 ms Sync   17 ms | Sent   864 kB Recv  1191 kB |  is
🔶 Pred  145 ms Sync   17 ms | Sent   864 kB Recv  1191 kB |  crucial
🔶 Pred  145 ms Sync   18 ms | Sent   864 kB Recv  1191 kB | .
🔶 Pred  145 ms Sync   17 ms | Sent   864 kB Recv  1191 kB |  If
🔶 Pred  153 ms Sync   20 ms | Sent   864 kB Recv  1191 kB |  each
🔶 Pred  191 ms Sync   47 ms | Sent   864 kB Recv  1191 kB |  process
🔶 Pred  154 ms Sync   28 ms | Sent   864 kB Recv  1191 kB |  is
🔶 Pred  146 ms Sync   18 ms | Sent   864 kB Recv  1191 kB |  holding
🔶 Pred  146 ms Sync   16 ms | Sent   864 kB Recv  1191 kB |  a
🔶 Pred  146 ms Sync   17 ms | Sent   864 kB Recv  1191 kB |  large
🔶 Pred  146 ms Sync   17 ms | Sent   864 kB Recv  1191 kB |  chunk
🔶 Pred  146 ms Sync   18 ms | Sent   864 kB Recv  1191 kB |  of
🔶 Pred  146 ms Sync   18 ms | Sent   864 kB Recv  1191 kB |  data
🔶 Pred  146 ms Sync   17 ms | Sent   864 kB Recv  1191 kB | ,
🔶 Pred  146 ms Sync   20 ms | Sent   864 kB Recv  1191 kB |  the
🔶 Pred  146 ms Sync   17 ms | Sent   864 kB Recv  1191 kB |  system
🔶 Pred  147 ms Sync   18 ms | Sent   864 kB Recv  1191 kB |  might
🔶 Pred  151 ms Sync   21 ms | Sent   864 kB Recv  1191 kB |  run
🔶 Pred  146 ms Sync   19 ms | Sent   864 kB Recv  1191 kB |  into
🔶 Pred  147 ms Sync   17 ms | Sent   864 kB Recv  1191 kB |  memory
🔶 Pred  147 ms Sync   19 ms | Sent   864 kB Recv  1191 kB |  constraints
🔶 Pred  152 ms Sync   16 ms | Sent   864 kB Recv  1191 kB | .
🔶 Pred  243 ms Sync   37 ms | Sent   864 kB Recv  1191 kB |  So
🔶 Pred  145 ms Sync   21 ms | Sent   864 kB Recv  1191 kB | ,
🔶 Pred  150 ms Sync   33 ms | Sent   864 kB Recv  1191 kB |  techniques
🔶 Pred  145 ms Sync   18 ms | Sent   864 kB Recv  1191 kB |  like
🔶 Pred  145 ms Sync   18 ms | Sent   864 kB Recv  1191 kB |  data
🔶 Pred  145 ms Sync   18 ms | Sent   864 kB Recv  1191 kB |  sh
🔶 Pred  145 ms Sync   18 ms | Sent   864 kB Recv  1191 kB | uffling
🔶 Pred  145 ms Sync   19 ms | Sent   864 kB Recv  1191 kB | ,
🔶 Pred  145 ms Sync   18 ms | Sent   864 kB Recv  1191 kB |  where
🔶 Pred  145 ms Sync   17 ms | Sent   864 kB Recv  1191 kB |  data
🔶 Pred  146 ms Sync   18 ms | Sent   864 kB Recv  1191 kB |  is
🔶 Pred  146 ms Sync   19 ms | Sent   864 kB Recv  1191 kB |  pre
🔶 Pred  145 ms Sync   18 ms | Sent   864 kB Recv  1191 kB | loaded
🔶 Pred  145 ms Sync   18 ms | Sent   864 kB Recv  1191 kB |  into
🔶 Pred  145 ms Sync   18 ms | Sent   864 kB Recv  1191 kB |  memory
🔶 Pred  146 ms Sync   18 ms | Sent   864 kB Recv  1191 kB |  in
🔶 Pred  146 ms Sync   18 ms | Sent   864 kB Recv  1191 kB |  a
🔶 Pred  152 ms Sync   37 ms | Sent   864 kB Recv  1191 kB |  way
🔶 Pred  160 ms Sync   28 ms | Sent   864 kB Recv  1191 kB |  that
🔶 Pred  151 ms Sync   27 ms | Sent   864 kB Recv  1191 kB |  minim
🔶 Pred  152 ms Sync   17 ms | Sent   864 kB Recv  1191 kB | izes
🔶 Pred  146 ms Sync   18 ms | Sent   864 kB Recv  1191 kB |  cache
🔶 Pred  147 ms Sync   17 ms | Sent   864 kB Recv  1191 kB |  misses
🔶 Pred  147 ms Sync   17 ms | Sent   864 kB Recv  1191 kB | ,
🔶 Pred  148 ms Sync   17 ms | Sent   864 kB Recv  1191 kB |  or
🔶 Pred  147 ms Sync   17 ms | Sent   864 kB Recv  1191 kB |  using
🔶 Pred  147 ms Sync   17 ms | Sent   864 kB Recv  1191 kB |  slower
🔶 Pred  147 ms Sync   17 ms | Sent   864 kB Recv  1191 kB |  but
🔶 Pred  148 ms Sync   17 ms | Sent   864 kB Recv  1191 kB |  more
🔶 Pred  164 ms Sync   11 ms | Sent   864 kB Recv  1191 kB |  memory
🔶 Pred  199 ms Sync   26 ms | Sent   864 kB Recv  1191 kB | -efficient
🔶 Pred  146 ms Sync   19 ms | Sent   864 kB Recv  1191 kB |  storage
🔶 Pred  145 ms Sync   18 ms | Sent   864 kB Recv  1191 kB |  (
🔶 Pred  146 ms Sync   18 ms | Sent   864 kB Recv  1191 kB | like
🔶 Pred  152 ms Sync   27 ms | Sent   864 kB Recv  1191 kB |  disk
🔶 Pred  194 ms Sync   41 ms | Sent   864 kB Recv  1191 kB | )
🔶 Pred  161 ms Sync   22 ms | Sent   864 kB Recv  1191 kB |  for
🔶 Pred  147 ms Sync   18 ms | Sent   864 kB Recv  1191 kB |  parts
🔶 Pred  147 ms Sync   17 ms | Sent   864 kB Recv  1191 kB |  of
🔶 Pred  147 ms Sync   17 ms | Sent   864 kB Recv  1191 kB |  the
🔶 Pred  148 ms Sync   17 ms | Sent   864 kB Recv  1191 kB |  data
🔶 Pred  148 ms Sync   17 ms | Sent   864 kB Recv  1191 kB |  that
🔶 Pred  147 ms Sync   17 ms | Sent   864 kB Recv  1191 kB |  aren
🔶 Pred  148 ms Sync   17 ms | Sent   864 kB Recv  1191 kB | 't
🔶 Pred  148 ms Sync   17 ms | Sent   864 kB Recv  1191 kB |  actively
🔶 Pred  148 ms Sync   17 ms | Sent   864 kB Recv  1191 kB |  used
🔶 Pred  147 ms Sync   18 ms | Sent   864 kB Recv  1191 kB | .


🔶 Pred  147 ms Sync   17 ms | Sent   864 kB Recv  1191 kB | I
🔶 Pred  148 ms Sync   17 ms | Sent   864 kB Recv  1191 kB |  think
🔶 Pred  148 ms Sync   17 ms | Sent   864 kB Recv  1191 kB |  I
🔶 Pred  151 ms Sync   24 ms | Sent   864 kB Recv  1191 kB |  need
🔶 Pred  153 ms Sync   18 ms | Sent   864 kB Recv  1191 kB |  to
🔶 Pred  172 ms Sync   48 ms | Sent   864 kB Recv  1191 kB |  consider
🔶 Pred  149 ms Sync   17 ms | Sent   864 kB Recv  1191 kB |  the
🔶 Pred  161 ms Sync   34 ms | Sent   864 kB Recv  1191 kB |  computational
🔶 Pred  148 ms Sync   19 ms | Sent   864 kB Recv  1191 kB |  and
🔶 Pred  148 ms Sync   17 ms | Sent   864 kB Recv  1191 kB |  memory
🔶 Pred  156 ms Sync   16 ms | Sent   864 kB Recv  1191 kB |  costs
🔶 Pred  174 ms Sync   12 ms | Sent   864 kB Recv  1191 kB | .
🔶 Pred  148 ms Sync   17 ms | Sent   864 kB Recv  1191 kB |  If
🔶 Pred  148 ms Sync   17 ms | Sent   864 kB Recv  1191 kB |  you
🔶 Pred  147 ms Sync   18 ms | Sent   864 kB Recv  1191 kB |  have
🔶 Pred  148 ms Sync   17 ms | Sent   864 kB Recv  1191 kB |  more
🔶 Pred  148 ms Sync   17 ms | Sent   864 kB Recv  1191 kB |  processes
🔶 Pred  148 ms Sync   17 ms | Sent   864 kB Recv  1191 kB | ,
🔶 Pred  148 ms Sync   17 ms | Sent   864 kB Recv  1191 kB |  the
🔶 Pred  148 ms Sync   17 ms | Sent   864 kB Recv  1191 kB |  all
🔶 Pred  149 ms Sync   16 ms | Sent   864 kB Recv  1191 kB | -re
🔶 Pred  148 ms Sync   17 ms | Sent   864 kB Recv  1191 kB | duce
🔶 Pred  158 ms Sync   35 ms | Sent   864 kB Recv  1191 kB |  operations
🔶 Pred  163 ms Sync   25 ms | Sent   864 kB Recv  1191 kB |  become
🔶 Pred  155 ms Sync   29 ms | Sent   864 kB Recv  1191 kB |  more
🔶 Pred  149 ms Sync   16 ms | Sent   864 kB Recv  1191 kB |  frequent
🔶 Pred  148 ms Sync   17 ms | Sent   864 kB Recv  1191 kB |  and
🔶 Pred  147 ms Sync   17 ms | Sent   864 kB Recv  1191 kB |  take
🔶 Pred  147 ms Sync   18 ms | Sent   864 kB Recv  1191 kB |  longer
🔶 Pred  148 ms Sync   16 ms | Sent   864 kB Recv  1191 kB | ,
🔶 Pred  148 ms Sync   17 ms | Sent   864 kB Recv  1191 kB |  but
🔶 Pred  148 ms Sync   17 ms | Sent   864 kB Recv  1191 kB |  each
🔶 Pred  148 ms Sync   17 ms | Sent   864 kB Recv  1191 kB |  process
🔶 Pred  148 ms Sync   16 ms | Sent   864 kB Recv  1191 kB |  handles
🔶 Pred  149 ms Sync   16 ms | Sent   864 kB Recv  1191 kB |  less
🔶 Pred  148 ms Sync   16 ms | Sent   864 kB Recv  1191 kB |  computation
🔶 Pred  148 ms Sync   18 ms | Sent   864 kB Recv  1191 kB | .
🔶 Pred  149 ms Sync   17 ms | Sent   864 kB Recv  1191 kB |  On
🔶 Pred  149 ms Sync   17 ms | Sent   864 kB Recv  1191 kB |  the
🔶 Pred  154 ms Sync   22 ms | Sent   864 kB Recv  1191 kB |  other
🔶 Pred  202 ms Sync   29 ms | Sent   864 kB Recv  1191 kB |  hand
🔶 Pred  149 ms Sync   19 ms | Sent   864 kB Recv  1191 kB | ,
🔶 Pred  160 ms Sync   23 ms | Sent   864 kB Recv  1191 kB |  fewer
🔶 Pred  148 ms Sync   17 ms | Sent   864 kB Recv  1191 kB |  processes
🔶 Pred  149 ms Sync   17 ms | Sent   864 kB Recv  1191 kB |  mean
🔶 Pred  149 ms Sync   16 ms | Sent   864 kB Recv  1191 kB |  less
🔶 Pred  149 ms Sync   16 ms | Sent   864 kB Recv  1191 kB |  all
🔶 Pred  148 ms Sync   17 ms | Sent   864 kB Recv  1191 kB | -re
🔶 Pred  148 ms Sync   17 ms | Sent   864 kB Recv  1191 kB | duce
🔶 Pred  148 ms Sync   18 ms | Sent   864 kB Recv  1191 kB |  overhead
🔶 Pred  149 ms Sync   16 ms | Sent   864 kB Recv  1191 kB |  but
🔶 Pred  149 ms Sync   17 ms | Sent   864 kB Recv  1191 kB |  more
🔶 Pred  149 ms Sync   16 ms | Sent   864 kB Recv  1191 kB |  work
🔶 Pred  149 ms Sync   17 ms | Sent   864 kB Recv  1191 kB |  per
🔶 Pred  148 ms Sync   18 ms | Sent   864 kB Recv  1191 kB |  process
🔶 Pred  148 ms Sync   17 ms | Sent   864 kB Recv  1191 kB | .


🔶 Pred  149 ms Sync   16 ms | Sent   864 kB Recv  1191 kB | In
🔶 Pred  156 ms Sync   42 ms | Sent   864 kB Recv  1191 kB |  terms
🔶 Pred  164 ms Sync   24 ms | Sent   864 kB Recv  1191 kB |  of
🔶 Pred  158 ms Sync   20 ms | Sent   864 kB Recv  1191 kB |  numerical
🔶 Pred  148 ms Sync   26 ms | Sent   864 kB Recv  1191 kB |  examples
🔶 Pred  150 ms Sync   26 ms | Sent   864 kB Recv  1191 kB | ,
🔶 Pred  148 ms Sync   18 ms | Sent   864 kB Recv  1191 kB |  let
🔶 Pred  149 ms Sync   17 ms | Sent   864 kB Recv  1191 kB | 's
🔶 Pred  149 ms Sync   18 ms | Sent   864 kB Recv  1191 kB |  say
🔶 Pred  149 ms Sync   18 ms | Sent   864 kB Recv  1191 kB |  we
🔶 Pred  148 ms Sync   18 ms | Sent   864 kB Recv  1191 kB |  have
🔶 Pred  149 ms Sync   18 ms | Sent   864 kB Recv  1191 kB |  
🔶 Pred  151 ms Sync   17 ms | Sent   864 kB Recv  1191 kB | 4
🔶 Pred  164 ms Sync   12 ms | Sent   864 kB Recv  1191 kB |  processes
🔶 Pred  164 ms Sync   16 ms | Sent   864 kB Recv  1191 kB | .
🔶 Pred  148 ms Sync   18 ms | Sent   864 kB Recv  1191 kB |  The
🔶 Pred  148 ms Sync   19 ms | Sent   864 kB Recv  1191 kB |  model
🔶 Pred  148 ms Sync   18 ms | Sent   864 kB Recv  1191 kB |  has
🔶 Pred  157 ms Sync   30 ms | Sent   864 kB Recv  1191 kB |  
🔶 Pred  162 ms Sync   56 ms | Sent   864 kB Recv  1191 kB | 100
🔶 Pred  157 ms Sync   36 ms | Sent   864 kB Recv  1191 kB | M
🔶 Pred  148 ms Sync   18 ms | Sent   864 kB Recv  1191 kB |  parameters
🔶 Pred  148 ms Sync   17 ms | Sent   864 kB Recv  1191 kB | ,
🔶 Pred  148 ms Sync   16 ms | Sent   864 kB Recv  1191 kB |  so
🔶 Pred  147 ms Sync   18 ms | Sent   864 kB Recv  1191 kB |  each
🔶 Pred  147 ms Sync   17 ms | Sent   864 kB Recv  1191 kB |  process
🔶 Pred  148 ms Sync   16 ms | Sent   864 kB Recv  1191 kB |  gets
🔶 Pred  148 ms Sync   18 ms | Sent   864 kB Recv  1191 kB |  
🔶 Pred  148 ms Sync   17 ms | Sent   864 kB Recv  1191 kB | 25
🔶 Pred  148 ms Sync   17 ms | Sent   864 kB Recv  1191 kB | M
🔶 Pred  150 ms Sync   16 ms | Sent   864 kB Recv  1191 kB | .
🔶 Pred  148 ms Sync   17 ms | Sent   864 kB Recv  1191 kB |  For
🔶 Pred  148 ms Sync   16 ms | Sent   864 kB Recv  1191 kB |  each
🔶 Pred  148 ms Sync   18 ms | Sent   864 kB Recv  1191 kB |  token
🔶 Pred  148 ms Sync   17 ms | Sent   864 kB Recv  1191 kB | ,
🔶 Pred  155 ms Sync   23 ms | Sent   864 kB Recv  1191 kB |  each
🔶 Pred  169 ms Sync   48 ms | Sent   864 kB Recv  1191 kB |  process
🔶 Pred  149 ms Sync   19 ms | Sent   864 kB Recv  1191 kB |  computes
🔶 Pred  163 ms Sync   33 ms | Sent   864 kB Recv  1191 kB |  
🔶 Pred  148 ms Sync   16 ms | Sent   864 kB Recv  1191 kB | 25
🔶 Pred  148 ms Sync   17 ms | Sent   864 kB Recv  1191 kB | M
🔶 Pred  162 ms Sync   12 ms | Sent   864 kB Recv  1191 kB |  *
🔶 Pred  174 ms Sync   12 ms | Sent   864 kB Recv  1191 kB |  
🔶 Pred  149 ms Sync   16 ms | Sent   864 kB Recv  1191 kB | 100
🔶 Pred  148 ms Sync   17 ms | Sent   864 kB Recv  1191 kB |  (
🔶 Pred  148 ms Sync   16 ms | Sent   864 kB Recv  1191 kB | assuming
🔶 Pred  148 ms Sync   16 ms | Sent   864 kB Recv  1191 kB |  
🔶 Pred  148 ms Sync   17 ms | Sent   864 kB Recv  1191 kB | 100
🔶 Pred  148 ms Sync   18 ms | Sent   864 kB Recv  1191 kB |  tokens
🔶 Pred  148 ms Sync   19 ms | Sent   864 kB Recv  1191 kB | )
🔶 Pred  148 ms Sync   20 ms | Sent   864 kB Recv  1191 kB |  operations
🔶 Pred  148 ms Sync   20 ms | Sent   864 kB Recv  1191 kB | .
🔶 Pred  148 ms Sync   19 ms | Sent   864 kB Recv  1191 kB |  Then
🔶 Pred  168 ms Sync   38 ms | Sent   864 kB Recv  1191 kB | ,
🔶 Pred  154 ms Sync   20 ms | Sent   864 kB Recv  1191 kB |  after
🔶 Pred  162 ms Sync   27 ms | Sent   864 kB Recv  1191 kB |  computing
🔶 Pred  148 ms Sync   20 ms | Sent   864 kB Recv  1191 kB |  all
🔶 Pred  149 ms Sync   18 ms | Sent   864 kB Recv  1191 kB |  
🔶 Pred  148 ms Sync   19 ms | Sent   864 kB Recv  1191 kB | 4
🔶 Pred  148 ms Sync   19 ms | Sent   864 kB Recv  1191 kB |  attention
🔶 Pred  149 ms Sync   21 ms | Sent   864 kB Recv  1191 kB |  scores
🔶 Pred  183 ms Sync   26 ms | Sent   864 kB Recv  1191 kB | ,
🔶 Pred  148 ms Sync   20 ms | Sent   864 kB Recv  1191 kB |  they
🔶 Pred  149 ms Sync   18 ms | Sent   864 kB Recv  1191 kB |  all
🔶 Pred  149 ms Sync   19 ms | Sent   864 kB Recv  1191 kB | -re
🔶 Pred  148 ms Sync   19 ms | Sent   864 kB Recv  1191 kB | duce
🔶 Pred  148 ms Sync   18 ms | Sent   864 kB Recv  1191 kB |  to
🔶 Pred  149 ms Sync   19 ms | Sent   864 kB Recv  1191 kB |  combine
🔶 Pred  148 ms Sync   19 ms | Sent   864 kB Recv  1191 kB |  into
🔶 Pred  148 ms Sync   19 ms | Sent   864 kB Recv  1191 kB |  a
🔶 Pred  222 ms Sync   26 ms | Sent   864 kB Recv  1191 kB |  single
🔶 Pred  190 ms Sync   26 ms | Sent   864 kB Recv  1191 kB |  
🔶 Pred  160 ms Sync   43 ms | Sent   864 kB Recv  1191 kB | 100
🔶 Pred  149 ms Sync   19 ms | Sent   864 kB Recv  1191 kB | x
🔶 Pred  149 ms Sync   20 ms | Sent   864 kB Recv  1191 kB | 100
🔶 Pred  149 ms Sync   19 ms | Sent   864 kB Recv  1191 kB |  matrix
🔶 Pred  149 ms Sync   19 ms | Sent   864 kB Recv  1191 kB | .
🔶 Pred  149 ms Sync   19 ms | Sent   864 kB Recv  1191 kB |  The
🔶 Pred  149 ms Sync   20 ms | Sent   864 kB Recv  1191 kB |  KV
🔶 Pred  149 ms Sync   20 ms | Sent   864 kB Recv  1191 kB |  cache
🔶 Pred  150 ms Sync   18 ms | Sent   864 kB Recv  1191 kB |  allows
🔶 Pred  149 ms Sync   18 ms | Sent   864 kB Recv  1191 kB |  each
🔶 Pred  149 ms Sync   18 ms | Sent   864 kB Recv  1191 kB |  process
🔶 Pred  149 ms Sync   19 ms | Sent   864 kB Recv  1191 kB |  to
🔶 Pred  149 ms Sync   19 ms | Sent   864 kB Recv  1191 kB |  look
🔶 Pred  149 ms Sync   21 ms | Sent   864 kB Recv  1191 kB |  up
🔶 Pred  156 ms Sync   22 ms | Sent   864 kB Recv  1191 kB |  the
🔶 Pred  171 ms Sync   53 ms | Sent   864 kB Recv  1191 kB |  next
🔶 Pred  151 ms Sync   19 ms | Sent   864 kB Recv  1191 kB |  tokens
🔶 Pred  158 ms Sync   31 ms | Sent   864 kB Recv  1191 kB |  quickly
🔶 Pred  150 ms Sync   18 ms | Sent   864 kB Recv  1191 kB | .


🔶 Pred  150 ms Sync   18 ms | Sent   864 kB Recv  1191 kB | But
🔶 Pred  150 ms Sync   17 ms | Sent   864 kB Recv  1191 kB |  wait
🔶 Pred  150 ms Sync   16 ms | Sent   864 kB Recv  1191 kB | ,
🔶 Pred  150 ms Sync   17 ms | Sent   864 kB Recv  1191 kB |  the
🔶 Pred  150 ms Sync   17 ms | Sent   864 kB Recv  1191 kB |  KV
🔶 Pred  150 ms Sync   17 ms | Sent   864 kB Recv  1191 kB |  cache
🔶 Pred  151 ms Sync   16 ms | Sent   864 kB Recv  1191 kB |  is
🔶 Pred  163 ms Sync   14 ms | Sent   864 kB Recv  1191 kB |  supposed
🔶 Pred  195 ms Sync   25 ms | Sent   864 kB Recv  1191 kB |  to
🔶 Pred  149 ms Sync   19 ms | Sent   864 kB Recv  1191 kB |  store
🔶 Pred  150 ms Sync   19 ms | Sent   864 kB Recv  1191 kB |  the
🔶 Pred  149 ms Sync   19 ms | Sent   864 kB Recv  1191 kB |  history
🔶 Pred  154 ms Sync   26 ms | Sent   864 kB Recv  1191 kB | .
🔶 Pred  170 ms Sync   41 ms | Sent   864 kB Recv  1191 kB |  So
🔶 Pred  149 ms Sync   18 ms | Sent   864 kB Recv  1191 kB | ,
🔶 Pred  158 ms Sync   26 ms | Sent   864 kB Recv  1191 kB |  each
🔶 Pred  150 ms Sync   19 ms | Sent   864 kB Recv  1191 kB |  process
🔶 Pred  150 ms Sync   18 ms | Sent   864 kB Recv  1191 kB |  has
🔶 Pred  150 ms Sync   18 ms | Sent   864 kB Recv  1191 kB |  a
🔶 Pred  150 ms Sync   17 ms | Sent   864 kB Recv  1191 kB |  cache
🔶 Pred  149 ms Sync   17 ms | Sent   864 kB Recv  1191 kB |  of
🔶 Pred  150 ms Sync   18 ms | Sent   864 kB Recv  1191 kB |  previous
🔶 Pred  150 ms Sync   19 ms | Sent   864 kB Recv  1191 kB |  tokens
🔶 Pred  150 ms Sync   18 ms | Sent   864 kB Recv  1191 kB | .
🔶 Pred  150 ms Sync   18 ms | Sent   864 kB Recv  1191 kB |  When
🔶 Pred  154 ms Sync   66 ms | Sent   864 kB Recv  1191 kB |  generating
🔶 Pred  150 ms Sync   18 ms | Sent   864 kB Recv  1191 kB |  the
🔶 Pred  151 ms Sync   17 ms | Sent   864 kB Recv  1191 kB |  next
🔶 Pred  152 ms Sync   16 ms | Sent   864 kB Recv  1191 kB |  token
🔶 Pred  155 ms Sync   25 ms | Sent   864 kB Recv  1191 kB | ,
🔶 Pred  172 ms Sync   47 ms | Sent   864 kB Recv  1191 kB |  each
🔶 Pred  154 ms Sync   16 ms | Sent   864 kB Recv  1191 kB |  process
🔶 Pred  168 ms Sync   35 ms | Sent   864 kB Recv  1191 kB |  uses
🔶 Pred  150 ms Sync   19 ms | Sent   864 kB Recv  1191 kB |  its
🔶 Pred  150 ms Sync   18 ms | Sent   864 kB Recv  1191 kB |  cache
🔶 Pred  157 ms Sync   15 ms | Sent   864 kB Recv  1191 kB |  to
🔶 Pred  166 ms Sync   13 ms | Sent   864 kB Recv  1191 kB |  find
🔶 Pred  152 ms Sync   18 ms | Sent   864 kB Recv  1191 kB |  possible
🔶 Pred  151 ms Sync   17 ms | Sent   864 kB Recv  1191 kB |  next
🔶 Pred  151 ms Sync   18 ms | Sent   864 kB Recv  1191 kB |  tokens
🔶 Pred  153 ms Sync   17 ms | Sent   864 kB Recv  1191 kB | .
🔶 Pred  151 ms Sync   18 ms | Sent   864 kB Recv  1191 kB |  But
🔶 Pred  151 ms Sync   17 ms | Sent   864 kB Recv  1191 kB |  in
🔶 Pred  151 ms Sync   18 ms | Sent   864 kB Recv  1191 kB |  a
🔶 Pred  151 ms Sync   19 ms | Sent   864 kB Recv  1191 kB |  distributed
🔶 Pred  153 ms Sync   17 ms | Sent   864 kB Recv  1191 kB |  setting
🔶 Pred  162 ms Sync   23 ms | Sent   864 kB Recv  1191 kB | ,
🔶 Pred  177 ms Sync   36 ms | Sent   864 kB Recv  1191 kB |  the
🔶 Pred  151 ms Sync   18 ms | Sent   864 kB Recv  1191 kB |  caches
🔶 Pred  164 ms Sync   30 ms | Sent   864 kB Recv  1191 kB |  need
🔶 Pred  150 ms Sync   19 ms | Sent   864 kB Recv  1191 kB |  to
🔶 Pred  150 ms Sync   18 ms | Sent   864 kB Recv  1191 kB |  be
🔶 Pred  150 ms Sync   17 ms | Sent   864 kB Recv  1191 kB |  coordinated
🔶 Pred  150 ms Sync   19 ms | Sent   864 kB Recv  1191 kB | .
🔶 Pred  150 ms Sync   18 ms | Sent   864 kB Recv  1191 kB |  Maybe
🔶 Pred  150 ms Sync   17 ms | Sent   864 kB Recv  1191 kB |  each
🔶 Pred  150 ms Sync   18 ms | Sent   864 kB Recv  1191 kB |  process
🔶 Pred  152 ms Sync   17 ms | Sent   864 kB Recv  1191 kB |  only
🔶 Pred  150 ms Sync   18 ms | Sent   864 kB Recv  1191 kB |  needs
🔶 Pred  150 ms Sync   19 ms | Sent   864 kB Recv  1191 kB |  to
🔶 Pred  150 ms Sync   18 ms | Sent   864 kB Recv  1191 kB |  hold
🔶 Pred  150 ms Sync   19 ms | Sent   864 kB Recv  1191 kB |  a
🔶 Pred  150 ms Sync   19 ms | Sent   864 kB Recv  1191 kB |  small
🔶 Pred  171 ms Sync   21 ms | Sent   864 kB Recv  1191 kB |  part
🔶 Pred  202 ms Sync   27 ms | Sent   864 kB Recv  1191 kB |  of
🔶 Pred  150 ms Sync   21 ms | Sent   864 kB Recv  1191 kB |  the
🔶 Pred  160 ms Sync   25 ms | Sent   864 kB Recv  1191 kB |  cache
🔶 Pred  151 ms Sync   18 ms | Sent   864 kB Recv  1191 kB | ,
🔶 Pred  150 ms Sync   19 ms | Sent   864 kB Recv  1191 kB |  so
🔶 Pred  150 ms Sync   22 ms | Sent   864 kB Recv  1191 kB |  the
🔶 Pred  150 ms Sync   19 ms | Sent   864 kB Recv  1191 kB |  lookup
🔶 Pred  150 ms Sync   19 ms | Sent   864 kB Recv  1191 kB |  can
🔶 Pred  150 ms Sync   19 ms | Sent   864 kB Recv  1191 kB |  be
🔶 Pred  150 ms Sync   20 ms | Sent   864 kB Recv  1191 kB |  done
🔶 Pred  150 ms Sync   19 ms | Sent   864 kB Recv  1191 kB |  efficiently
🔶 Pred  150 ms Sync   19 ms | Sent   864 kB Recv  1191 kB |  across
🔶 Pred  150 ms Sync   18 ms | Sent   864 kB Recv  1191 kB |  all
🔶 Pred  150 ms Sync   19 ms | Sent   864 kB Recv  1191 kB |  processes
🔶 Pred  150 ms Sync   19 ms | Sent   864 kB Recv  1191 kB | .


🔶 Pred  154 ms Sync   21 ms | Sent   864 kB Recv  1191 kB | I
🔶 Pred  157 ms Sync   20 ms | Sent   864 kB Recv  1191 kB | 'm
🔶 Pred  176 ms Sync   40 ms | Sent   864 kB Recv  1191 kB |  also
🔶 Pred  152 ms Sync   18 ms | Sent   864 kB Recv  1191 kB |  thinking
🔶 Pred  163 ms Sync   44 ms | Sent   864 kB Recv  1191 kB |  about
🔶 Pred  150 ms Sync   18 ms | Sent   864 kB Recv  1191 kB |  how
🔶 Pred  150 ms Sync   19 ms | Sent   864 kB Recv  1191 kB |  the
🔶 Pred  150 ms Sync   20 ms | Sent   864 kB Recv  1191 kB |  model
🔶 Pred  150 ms Sync   18 ms | Sent   864 kB Recv  1191 kB |  is
🔶 Pred  150 ms Sync   19 ms | Sent   864 kB Recv  1191 kB |  updated
🔶 Pred  151 ms Sync   18 ms | Sent   864 kB Recv  1191 kB |  during
🔶 Pred  150 ms Sync   18 ms | Sent   864 kB Recv  1191 kB |  inference
🔶 Pred  150 ms Sync   20 ms | Sent   864 kB Recv  1191 kB | .
🔶 Pred  171 ms Sync   14 ms | Sent   864 kB Recv  1191 kB |  In
🔶 Pred  165 ms Sync   17 ms | Sent   864 kB Recv  1191 kB |  training
🔶 Pred  151 ms Sync   19 ms | Sent   864 kB Recv  1191 kB | ,
🔶 Pred  150 ms Sync   21 ms | Sent   864 kB Recv  1191 kB |  you
🔶 Pred  151 ms Sync   20 ms | Sent   864 kB Recv  1191 kB |  have
🔶 Pred  168 ms Sync   28 ms | Sent   864 kB Recv  1191 kB |  backward
🔶 Pred  154 ms Sync   74 ms | Sent   864 kB Recv  1191 kB |  passes
🔶 Pred  162 ms Sync   32 ms | Sent   864 kB Recv  1191 kB |  and
🔶 Pred  152 ms Sync   20 ms | Sent   864 kB Recv  1191 kB |  gradients
🔶 Pred  151 ms Sync   19 ms | Sent   864 kB Recv  1191 kB |  are
🔶 Pred  151 ms Sync   20 ms | Sent   864 kB Recv  1191 kB |  all
🔶 Pred  151 ms Sync   20 ms | Sent   864 kB Recv  1191 kB | -re
🔶 Pred  151 ms Sync   21 ms | Sent   864 kB Recv  1191 kB | duced
🔶 Pred  150 ms Sync   22 ms | Sent   864 kB Recv  1191 kB | .
🔶 Pred  151 ms Sync   19 ms | Sent   864 kB Recv  1191 kB |  But
🔶 Pred  151 ms Sync   20 ms | Sent   864 kB Recv  1191 kB |  in
🔶 Pred  151 ms Sync   20 ms | Sent   864 kB Recv  1191 kB |  inference
🔶 Pred  151 ms Sync   21 ms | Sent   864 kB Recv  1191 kB | ,
🔶 Pred  150 ms Sync   24 ms | Sent   864 kB Recv  1191 kB |  there
🔶 Pred  151 ms Sync   21 ms | Sent   864 kB Recv  1191 kB | 's
🔶 Pred  151 ms Sync   19 ms | Sent   864 kB Recv  1191 kB |  no
🔶 Pred  151 ms Sync   20 ms | Sent   864 kB Recv  1191 kB |  backward
🔶 Pred  169 ms Sync   20 ms | Sent   864 kB Recv  1191 kB |  pass
🔶 Pred  171 ms Sync   36 ms | Sent   864 kB Recv  1191 kB | ,
🔶 Pred  160 ms Sync   33 ms | Sent   864 kB Recv  1191 kB |  so
🔶 Pred  151 ms Sync   22 ms | Sent   864 kB Recv  1191 kB |  all
🔶 Pred  151 ms Sync   19 ms | Sent   864 kB Recv  1191 kB | -re
🔶 Pred  160 ms Sync   17 ms | Sent   864 kB Recv  1191 kB | duce
🔶 Pred  183 ms Sync   14 ms | Sent   864 kB Recv  1191 kB |  is
🔶 Pred  151 ms Sync   20 ms | Sent   864 kB Recv  1191 kB |  only
🔶 Pred  151 ms Sync   18 ms | Sent   864 kB Recv  1191 kB |  used
🔶 Pred  150 ms Sync   22 ms | Sent   864 kB Recv  1191 kB |  for
🔶 Pred  151 ms Sync   19 ms | Sent   864 kB Recv  1191 kB |  combining
🔶 Pred  152 ms Sync   20 ms | Sent   864 kB Recv  1191 kB |  the
🔶 Pred  151 ms Sync   19 ms | Sent   864 kB Recv  1191 kB |  attention
🔶 Pred  151 ms Sync   20 ms | Sent   864 kB Recv  1191 kB |  scores
🔶 Pred  151 ms Sync   20 ms | Sent   864 kB Recv  1191 kB | .


🔶 Pred  151 ms Sync   19 ms | Sent   864 kB Recv  1191 kB | Another
🔶 Pred  151 ms Sync   19 ms | Sent   864 kB Recv  1191 kB |  point
🔶 Pred  178 ms Sync   40 ms | Sent   864 kB Recv  1191 kB |  is
🔶 Pred  157 ms Sync   35 ms | Sent   864 kB Recv  1191 kB |  the
🔶 Pred  166 ms Sync   26 ms | Sent   864 kB Recv  1191 kB |  efficiency
🔶 Pred  153 ms Sync   25 ms | Sent   864 kB Recv  1191 kB |  of
🔶 Pred  153 ms Sync   19 ms | Sent   864 kB Recv  1191 kB |  all
🔶 Pred  153 ms Sync   19 ms | Sent   864 kB Recv  1191 kB | -re
🔶 Pred  153 ms Sync   19 ms | Sent   864 kB Recv  1191 kB | duce
🔶 Pred  153 ms Sync   18 ms | Sent   864 kB Recv  1191 kB |  operations
🔶 Pred  153 ms Sync   20 ms | Sent   864 kB Recv  1191 kB | .
🔶 Pred  153 ms Sync   18 ms | Sent   864 kB Recv  1191 kB |  On
🔶 Pred  153 ms Sync   19 ms | Sent   864 kB Recv  1191 kB |  CPUs
🔶 Pred  152 ms Sync   20 ms | Sent   864 kB Recv  1191 kB | ,
🔶 Pred  153 ms Sync   20 ms | Sent   864 kB Recv  1191 kB |  all
🔶 Pred  153 ms Sync   21 ms | Sent   864 kB Recv  1191 kB | -re
🔶 Pred  153 ms Sync   20 ms | Sent   864 kB Recv  1191 kB | duce
🔶 Pred  153 ms Sync   20 ms | Sent   864 kB Recv  1191 kB |  can
🔶 Pred  160 ms Sync   29 ms | Sent   864 kB Recv  1191 kB |  be
🔶 Pred  208 ms Sync   26 ms | Sent   864 kB Recv  1191 kB |  implemented
🔶 Pred  156 ms Sync   20 ms | Sent   864 kB Recv  1191 kB |  using
🔶 Pred  160 ms Sync   29 ms | Sent   864 kB Recv  1191 kB |  operations
🔶 Pred  153 ms Sync   20 ms | Sent   864 kB Recv  1191 kB |  like
🔶 Pred  154 ms Sync   17 ms | Sent   864 kB Recv  1191 kB |  addition
🔶 Pred  153 ms Sync   18 ms | Sent   864 kB Recv  1191 kB | ,
🔶 Pred  154 ms Sync   19 ms | Sent   864 kB Recv  1191 kB |  which
🔶 Pred  154 ms Sync   18 ms | Sent   864 kB Recv  1191 kB |  are
🔶 Pred  153 ms Sync   19 ms | Sent   864 kB Recv  1191 kB |  fast
🔶 Pred  152 ms Sync   19 ms | Sent   864 kB Recv  1191 kB | .
🔶 Pred  154 ms Sync   18 ms | Sent   864 kB Recv  1191 kB |  But
🔶 Pred  154 ms Sync   17 ms | Sent   864 kB Recv  1191 kB |  the
🔶 Pred  154 ms Sync   17 ms | Sent   864 kB Recv  1191 kB |  overhead
🔶 Pred  154 ms Sync   18 ms | Sent   864 kB Recv  1191 kB |  of
🔶 Pred  154 ms Sync   18 ms | Sent   864 kB Recv  1191 kB |  all
🔶 Pred  154 ms Sync   18 ms | Sent   864 kB Recv  1191 kB | -re
🔶 Pred  167 ms Sync   20 ms | Sent   864 kB Recv  1191 kB | duce
🔶 Pred  178 ms Sync   34 ms | Sent   864 kB Recv  1191 kB |  might
🔶 Pred  173 ms Sync   21 ms | Sent   864 kB Recv  1191 kB |  increase
🔶 Pred  153 ms Sync   32 ms | Sent   864 kB Recv  1191 kB |  with
🔶 Pred  154 ms Sync   19 ms | Sent   864 kB Recv  1191 kB |  the
🔶 Pred  153 ms Sync   21 ms | Sent   864 kB Recv  1191 kB |  number
🔶 Pred  153 ms Sync   21 ms | Sent   864 kB Recv  1191 kB |  of
🔶 Pred  153 ms Sync   20 ms | Sent   864 kB Recv  1191 kB |  processes
🔶 Pred  153 ms Sync   19 ms | Sent   864 kB Recv  1191 kB | .
🔶 Pred  153 ms Sync   21 ms | Sent   864 kB Recv  1191 kB |  So
🔶 Pred  154 ms Sync   20 ms | Sent   864 kB Recv  1191 kB | ,
🔶 Pred  167 ms Sync   16 ms | Sent   864 kB Recv  1191 kB |  there
🔶 Pred  177 ms Sync   14 ms | Sent   864 kB Recv  1191 kB | 's
🔶 Pred  154 ms Sync   19 ms | Sent   864 kB Recv  1191 kB |  a
🔶 Pred  153 ms Sync   19 ms | Sent   864 kB Recv  1191 kB |  trade
🔶 Pred  155 ms Sync   19 ms | Sent   864 kB Recv  1191 kB | -off
🔶 Pred  155 ms Sync   17 ms | Sent   864 kB Recv  1191 kB |  between
🔶 Pred  180 ms Sync   35 ms | Sent   864 kB Recv  1191 kB |  the
🔶 Pred  155 ms Sync   67 ms | Sent   864 kB Recv  1191 kB |  number
🔶 Pred  170 ms Sync   27 ms | Sent   864 kB Recv  1191 kB |  of
🔶 Pred  154 ms Sync   21 ms | Sent   864 kB Recv  1191 kB |  processes
🔶 Pred  154 ms Sync   20 ms | Sent   864 kB Recv  1191 kB |  and
🔶 Pred  153 ms Sync   20 ms | Sent   864 kB Recv  1191 kB |  the
🔶 Pred  153 ms Sync   21 ms | Sent   864 kB Recv  1191 kB |  speed
🔶 Pred  160 ms Sync   21 ms | Sent   864 kB Recv  1191 kB |  of
🔶 Pred  153 ms Sync   23 ms | Sent   864 kB Recv  1191 kB |  all
🔶 Pred  153 ms Sync   20 ms | Sent   864 kB Recv  1191 kB | -re
🔶 Pred  154 ms Sync   20 ms | Sent   864 kB Recv  1191 kB | duce
🔶 Pred  154 ms Sync   19 ms | Sent   864 kB Recv  1191 kB | .


🔶 Pred  154 ms Sync   20 ms | Sent   864 kB Recv  1191 kB | In
🔶 Pred  154 ms Sync   21 ms | Sent   864 kB Recv  1191 kB |  terms
🔶 Pred  154 ms Sync   21 ms | Sent   864 kB Recv  1191 kB |  of
🔶 Pred  156 ms Sync   21 ms | Sent   864 kB Recv  1191 kB |  the
🔶 Pred  171 ms Sync   23 ms | Sent   864 kB Recv  1191 kB |  KV
🔶 Pred  171 ms Sync   61 ms | Sent   864 kB Recv  1191 kB |  cache
🔶 Pred  164 ms Sync   26 ms | Sent   864 kB Recv  1191 kB | ,
🔶 Pred  155 ms Sync   21 ms | Sent   864 kB Recv  1191 kB |  if
🔶 Pred  156 ms Sync   19 ms | Sent   864 kB Recv  1191 kB |  each
🔶 Pred  162 ms Sync   18 ms | Sent   864 kB Recv  1191 kB |  process
🔶 Pred  179 ms Sync   13 ms | Sent   864 kB Recv  1191 kB |  has
🔶 Pred  156 ms Sync   21 ms | Sent   864 kB Recv  1191 kB |  its
🔶 Pred  154 ms Sync   20 ms | Sent   864 kB Recv  1191 kB |  own
🔶 Pred  155 ms Sync   19 ms | Sent   864 kB Recv  1191 kB |  cache
🔶 Pred  155 ms Sync   20 ms | Sent   864 kB Recv  1191 kB | ,
🔶 Pred  155 ms Sync   20 ms | Sent   864 kB Recv  1191 kB |  the
🔶 Pred  156 ms Sync   20 ms | Sent   864 kB Recv  1191 kB |  lookup
🔶 Pred  155 ms Sync   20 ms | Sent   864 kB Recv  1191 kB |  becomes
🔶 Pred  155 ms Sync   20 ms | Sent   864 kB Recv  1191 kB |  a
🔶 Pred  156 ms Sync   21 ms | Sent   864 kB Recv  1191 kB |  matter
🔶 Pred  163 ms Sync   22 ms | Sent   864 kB Recv  1191 kB |  of
🔶 Pred  175 ms Sync   46 ms | Sent   864 kB Recv  1191 kB |  checking
🔶 Pred  155 ms Sync   19 ms | Sent   864 kB Recv  1191 kB |  all
🔶 Pred  164 ms Sync   30 ms | Sent   864 kB Recv  1191 kB |  caches
🔶 Pred  155 ms Sync   17 ms | Sent   864 kB Recv  1191 kB | .
🔶 Pred  154 ms Sync   18 ms | Sent   864 kB Recv  1191 kB |  This
🔶 Pred  155 ms Sync   17 ms | Sent   864 kB Recv  1191 kB |  can
🔶 Pred  154 ms Sync   21 ms | Sent   864 kB Recv  1191 kB |  be
🔶 Pred  155 ms Sync   21 ms | Sent   864 kB Recv  1191 kB |  slow
🔶 Pred  155 ms Sync   22 ms | Sent   864 kB Recv  1191 kB |  if
🔶 Pred  156 ms Sync   21 ms | Sent   864 kB Recv  1191 kB |  the
🔶 Pred  156 ms Sync   20 ms | Sent   864 kB Recv  1191 kB |  data
🔶 Pred  155 ms Sync   20 ms | Sent   864 kB Recv  1191 kB |  isn
🔶 Pred  155 ms Sync   21 ms | Sent   864 kB Recv  1191 kB | 't
🔶 Pred  155 ms Sync   21 ms | Sent   864 kB Recv  1191 kB |  distributed
🔶 Pred  154 ms Sync   22 ms | Sent   864 kB Recv  1191 kB |  properly
🔶 Pred  155 ms Sync   20 ms | Sent   864 kB Recv  1191 kB | .
🔶 Pred  201 ms Sync   25 ms | Sent   864 kB Recv  1191 kB |  So
🔶 Pred  181 ms Sync   25 ms | Sent   864 kB Recv  1191 kB | ,
🔶 Pred  167 ms Sync   32 ms | Sent   864 kB Recv  1191 kB |  maybe
🔶 Pred  156 ms Sync   19 ms | Sent   864 kB Recv  1191 kB |  the
🔶 Pred  154 ms Sync   21 ms | Sent   864 kB Recv  1191 kB |  KV
🔶 Pred  156 ms Sync   20 ms | Sent   864 kB Recv  1191 kB |  cache
🔶 Pred  155 ms Sync   21 ms | Sent   864 kB Recv  1191 kB |  needs
🔶 Pred  155 ms Sync   22 ms | Sent   864 kB Recv  1191 kB |  to
🔶 Pred  156 ms Sync   21 ms | Sent   864 kB Recv  1191 kB |  be
🔶 Pred  156 ms Sync   21 ms | Sent   864 kB Recv  1191 kB |  distributed
🔶 Pred  160 ms Sync   23 ms | Sent   864 kB Recv  1191 kB |  in
🔶 Pred  156 ms Sync   22 ms | Sent   864 kB Recv  1191 kB |  a
🔶 Pred  155 ms Sync   21 ms | Sent   864 kB Recv  1191 kB |  way
🔶 Pred  156 ms Sync   21 ms | Sent   864 kB Recv  1191 kB |  that
🔶 Pred  154 ms Sync   23 ms | Sent   864 kB Recv  1191 kB |  each
🔶 Pred  155 ms Sync   20 ms | Sent   864 kB Recv  1191 kB |  process
🔶 Pred  165 ms Sync   24 ms | Sent   864 kB Recv  1191 kB |  holds
🔶 Pred  179 ms Sync   39 ms | Sent   864 kB Recv  1191 kB |  a
🔶 Pred  157 ms Sync   21 ms | Sent   864 kB Recv  1191 kB |  part
🔶 Pred  198 ms Sync   29 ms | Sent   864 kB Recv  1191 kB |  of
🔶 Pred  155 ms Sync   21 ms | Sent   864 kB Recv  1191 kB |  the
🔶 Pred  155 ms Sync   22 ms | Sent   864 kB Recv  1191 kB |  cache
🔶 Pred  155 ms Sync   22 ms | Sent   864 kB Recv  1191 kB | ,
🔶 Pred  155 ms Sync   23 ms | Sent   864 kB Recv  1191 kB |  allowing
🔶 Pred  155 ms Sync   23 ms | Sent   864 kB Recv  1191 kB |  for
🔶 Pred  155 ms Sync   21 ms | Sent   864 kB Recv  1191 kB |  faster
🔶 Pred  155 ms Sync   23 ms | Sent   864 kB Recv  1191 kB |  look
🔶 Pred  171 ms Sync   17 ms | Sent   864 kB Recv  1191 kB | ups
🔶 Pred  176 ms Sync   16 ms | Sent   864 kB Recv  1191 kB | .


🔶 Pred  156 ms Sync   22 ms | Sent   864 kB Recv  1191 kB | Regarding
🔶 Pred  156 ms Sync   23 ms | Sent   864 kB Recv  1191 kB |  memory
🔶 Pred  156 ms Sync   24 ms | Sent   864 kB Recv  1191 kB |  bandwidth
🔶 Pred  167 ms Sync   32 ms | Sent   864 kB Recv  1191 kB | ,
🔶 Pred  172 ms Sync   34 ms | Sent   864 kB Recv  1191 kB |  if
🔶 Pred  162 ms Sync   39 ms | Sent   864 kB Recv  1191 kB |  each
🔶 Pred  156 ms Sync   18 ms | Sent   864 kB Recv  1191 kB |  process
🔶 Pred  156 ms Sync   17 ms | Sent   864 kB Recv  1191 kB |  is
🔶 Pred  156 ms Sync   19 ms | Sent   864 kB Recv  1191 kB |  holding
🔶 Pred  155 ms Sync   22 ms | Sent   864 kB Recv  1191 kB |  a
🔶 Pred  156 ms Sync   19 ms | Sent   864 kB Recv  1191 kB |  large
🔶 Pred  156 ms Sync   21 ms | Sent   864 kB Recv  1191 kB |  portion
🔶 Pred  156 ms Sync   22 ms | Sent   864 kB Recv  1191 kB |  of
🔶 Pred  155 ms Sync   22 ms | Sent   864 kB Recv  1191 kB |  the
🔶 Pred  157 ms Sync   22 ms | Sent   864 kB Recv  1191 kB |  data
🔶 Pred  156 ms Sync   21 ms | Sent   864 kB Recv  1191 kB | ,
🔶 Pred  156 ms Sync   21 ms | Sent   864 kB Recv  1191 kB |  the
🔶 Pred  155 ms Sync   23 ms | Sent   864 kB Recv  1191 kB |  system
🔶 Pred  157 ms Sync   23 ms | Sent   864 kB Recv  1191 kB |  might
🔶 Pred  157 ms Sync   20 ms | Sent   864 kB Recv  1191 kB |  run
🔶 Pred  188 ms Sync   29 ms | Sent   864 kB Recv  1191 kB |  into
🔶 Pred  158 ms Sync   29 ms | Sent   864 kB Recv  1191 kB |  memory
🔶 Pred  172 ms Sync   33 ms | Sent   864 kB Recv  1191 kB |  limits
🔶 Pred  156 ms Sync   22 ms | Sent   864 kB Recv  1191 kB | .
🔶 Pred  155 ms Sync   23 ms | Sent   864 kB Recv  1191 kB |  So
🔶 Pred  177 ms Sync   13 ms | Sent   864 kB Recv  1191 kB | ,
🔶 Pred  193 ms Sync   30 ms | Sent   864 kB Recv  1191 kB |  techniques
🔶 Pred  156 ms Sync   22 ms | Sent   864 kB Recv  1191 kB |  like
🔶 Pred  155 ms Sync   22 ms | Sent   864 kB Recv  1191 kB |  using
🔶 Pred  155 ms Sync   21 ms | Sent   864 kB Recv  1191 kB |  slower
🔶 Pred  157 ms Sync   21 ms | Sent   864 kB Recv  1191 kB |  but
🔶 Pred  156 ms Sync   21 ms | Sent   864 kB Recv  1191 kB |  larger
🔶 Pred  155 ms Sync   23 ms | Sent   864 kB Recv  1191 kB |  memory
🔶 Pred  155 ms Sync   23 ms | Sent   864 kB Recv  1191 kB |  (
🔶 Pred  156 ms Sync   21 ms | Sent   864 kB Recv  1191 kB | like
🔶 Pred  159 ms Sync   26 ms | Sent   864 kB Recv  1191 kB |  SSD
🔶 Pred  181 ms Sync   83 ms | Sent   864 kB Recv  1191 kB | s
🔶 Pred  156 ms Sync   22 ms | Sent   864 kB Recv  1191 kB | )
🔶 Pred  164 ms Sync   30 ms | Sent   864 kB Recv  1191 kB |  or
🔶 Pred  156 ms Sync   21 ms | Sent   864 kB Recv  1191 kB |  off
🔶 Pred  156 ms Sync   22 ms | Sent   864 kB Recv  1191 kB | loading
🔶 Pred  156 ms Sync   23 ms | Sent   864 kB Recv  1191 kB |  data
🔶 Pred  157 ms Sync   21 ms | Sent   864 kB Recv  1191 kB |  to
🔶 Pred  157 ms Sync   23 ms | Sent   864 kB Recv  1191 kB |  disk
🔶 Pred  156 ms Sync   22 ms | Sent   864 kB Recv  1191 kB |  when
🔶 Pred  158 ms Sync   20 ms | Sent   864 kB Recv  1191 kB |  it
🔶 Pred  156 ms Sync   22 ms | Sent   864 kB Recv  1191 kB | 's
🔶 Pred  157 ms Sync   21 ms | Sent   864 kB Recv  1191 kB |  not
🔶 Pred  157 ms Sync   21 ms | Sent   864 kB Recv  1191 kB |  being
🔶 Pred  157 ms Sync   21 ms | Sent   864 kB Recv  1191 kB |  used
🔶 Pred  157 ms Sync   23 ms | Sent   864 kB Recv  1191 kB |  can
🔶 Pred  157 ms Sync   22 ms | Sent   864 kB Recv  1191 kB |  help
🔶 Pred  224 ms Sync   43 ms | Sent   864 kB Recv  1191 kB |  manage
🔶 Pred  161 ms Sync   20 ms | Sent   864 kB Recv  1191 kB |  memory
🔶 Pred  169 ms Sync   29 ms | Sent   864 kB Recv  1191 kB |  usage
🔶 Pred  157 ms Sync   21 ms | Sent   864 kB Recv  1191 kB | .


🔶 Pred  157 ms Sync   21 ms | Sent   864 kB Recv  1191 kB | I
🔶 Pred  157 ms Sync   21 ms | Sent   864 kB Recv  1191 kB |  think
🔶 Pred  157 ms Sync   21 ms | Sent   864 kB Recv  1191 kB |  I
🔶 Pred  157 ms Sync   21 ms | Sent   864 kB Recv  1191 kB |  need
🔶 Pred  156 ms Sync   22 ms | Sent   864 kB Recv  1191 kB |  to
🔶 Pred  157 ms Sync   21 ms | Sent   864 kB Recv  1191 kB |  outline
🔶 Pred  157 ms Sync   22 ms | Sent   864 kB Recv  1191 kB |  the
🔶 Pred  157 ms Sync   21 ms | Sent   864 kB Recv  1191 kB |  steps
🔶 Pred  156 ms Sync   22 ms | Sent   864 kB Recv  1191 kB |  in
🔶 Pred  157 ms Sync   23 ms | Sent   864 kB Recv  1191 kB |  more
🔶 Pred  157 ms Sync   24 ms | Sent   864 kB Recv  1191 kB |  detail
🔶 Pred  157 ms Sync   21 ms | Sent   864 kB Recv  1191 kB | :


🔶 Pred  181 ms Sync   50 ms | Sent   864 kB Recv  1191 kB | 1
🔶 Pred  157 ms Sync   20 ms | Sent   864 kB Recv  1191 kB | .
🔶 Pred  172 ms Sync   31 ms | Sent   864 kB Recv  1191 kB |  **
🔶 Pred  156 ms Sync   21 ms | Sent   864 kB Recv  1191 kB | Weight
🔶 Pred  157 ms Sync   21 ms | Sent   864 kB Recv  1191 kB |  Sh
🔶 Pred  158 ms Sync   21 ms | Sent   864 kB Recv  1191 kB | arding
🔶 Pred  159 ms Sync   23 ms | Sent   864 kB Recv  1191 kB | **:
🔶 Pred  158 ms Sync   20 ms | Sent   864 kB Recv  1191 kB |  The
🔶 Pred  158 ms Sync   20 ms | Sent   864 kB Recv  1191 kB |  model
🔶 Pred  158 ms Sync   20 ms | Sent   864 kB Recv  1191 kB | 's
🔶 Pred  164 ms Sync   19 ms | Sent   864 kB Recv  1191 kB |  weights
🔶 Pred  186 ms Sync   16 ms | Sent   864 kB Recv  1191 kB |  are
🔶 Pred  158 ms Sync   21 ms | Sent   864 kB Recv  1191 kB |  split
🔶 Pred  156 ms Sync   22 ms | Sent   864 kB Recv  1191 kB |  across
🔶 Pred  158 ms Sync   21 ms | Sent   864 kB Recv  1191 kB |  all
🔶 Pred  159 ms Sync   20 ms | Sent   864 kB Recv  1191 kB |  processes
🔶 Pred  176 ms Sync   29 ms | Sent   864 kB Recv  1191 kB | .
🔶 Pred  167 ms Sync   38 ms | Sent   864 kB Recv  1191 kB |  Each
🔶 Pred  170 ms Sync   39 ms | Sent   864 kB Recv  1191 kB |  process
🔶 Pred  159 ms Sync   20 ms | Sent   864 kB Recv  1191 kB |  has
🔶 Pred  159 ms Sync   22 ms | Sent   864 kB Recv  1191 kB |  a
🔶 Pred  158 ms Sync   22 ms | Sent   864 kB Recv  1191 kB |  portion
🔶 Pred  159 ms Sync   21 ms | Sent   864 kB Recv  1191 kB |  of
🔶 Pred  159 ms Sync   22 ms | Sent   864 kB Recv  1191 kB |  the
🔶 Pred  158 ms Sync   22 ms | Sent   864 kB Recv  1191 kB |  weights
🔶 Pred  157 ms Sync   24 ms | Sent   864 kB Recv  1191 kB | ,
🔶 Pred  157 ms Sync   21 ms | Sent   864 kB Recv  1191 kB |  typically
🔶 Pred  157 ms Sync   23 ms | Sent   864 kB Recv  1191 kB |  
🔶 Pred  157 ms Sync   22 ms | Sent   864 kB Recv  1191 kB | 1
🔶 Pred  158 ms Sync   21 ms | Sent   864 kB Recv  1191 kB | /N
🔶 Pred  158 ms Sync   21 ms | Sent   864 kB Recv  1191 kB |  of
🔶 Pred  158 ms Sync   22 ms | Sent   864 kB Recv  1191 kB |  the
🔶 Pred  163 ms Sync   46 ms | Sent   864 kB Recv  1191 kB |  total
🔶 Pred  171 ms Sync   29 ms | Sent   864 kB Recv  1191 kB |  weights
🔶 Pred  169 ms Sync   25 ms | Sent   864 kB Recv  1191 kB | ,
🔶 Pred  157 ms Sync   21 ms | Sent   864 kB Recv  1191 kB |  where
🔶 Pred  158 ms Sync   23 ms | Sent   864 kB Recv  1191 kB |  N
🔶 Pred  169 ms Sync   19 ms | Sent   864 kB Recv  1191 kB |  is
🔶 Pred  180 ms Sync   15 ms | Sent   864 kB Recv  1191 kB |  the
🔶 Pred  159 ms Sync   21 ms | Sent   864 kB Recv  1191 kB |  number
🔶 Pred  159 ms Sync   21 ms | Sent   864 kB Recv  1191 kB |  of
🔶 Pred  158 ms Sync   23 ms | Sent   864 kB Recv  1191 kB |  processes
🔶 Pred  158 ms Sync   22 ms | Sent   864 kB Recv  1191 kB | .


🔶 Pred  158 ms Sync   23 ms | Sent   864 kB Recv  1191 kB | 2
🔶 Pred  158 ms Sync   23 ms | Sent   864 kB Recv  1191 kB | .
🔶 Pred  159 ms Sync   22 ms | Sent   864 kB Recv  1191 kB |  **
🔶 Pred  157 ms Sync   24 ms | Sent   864 kB Recv  1191 kB | All
🔶 Pred  158 ms Sync   24 ms | Sent   864 kB Recv  1191 kB | -
🔶 Pred  163 ms Sync   31 ms | Sent   864 kB Recv  1191 kB | Reduce
🔶 Pred  167 ms Sync   43 ms | Sent   864 kB Recv  1191 kB |  S
🔶 Pred  166 ms Sync   36 ms | Sent   864 kB Recv  1191 kB | ynchronization
🔶 Pred  158 ms Sync   21 ms | Sent   864 kB Recv  1191 kB | **:
🔶 Pred  159 ms Sync   20 ms | Sent   864 kB Recv  1191 kB |  For
🔶 Pred  158 ms Sync   21 ms | Sent   864 kB Recv  1191 kB |  operations
🔶 Pred  158 ms Sync   23 ms | Sent   864 kB Recv  1191 kB |  that
🔶 Pred  159 ms Sync   22 ms | Sent   864 kB Recv  1191 kB |  require
🔶 Pred  158 ms Sync   23 ms | Sent   864 kB Recv  1191 kB |  combining
🔶 Pred  158 ms Sync   23 ms | Sent   864 kB Recv  1191 kB |  results
🔶 Pred  159 ms Sync   22 ms | Sent   864 kB Recv  1191 kB |  from
🔶 Pred  159 ms Sync   23 ms | Sent   864 kB Recv  1191 kB |  all
🔶 Pred  158 ms Sync   24 ms | Sent   864 kB Recv  1191 kB |  processes
🔶 Pred  159 ms Sync   23 ms | Sent   864 kB Recv  1191 kB |  (
🔶 Pred  158 ms Sync   23 ms | Sent   864 kB Recv  1191 kB | like
🔶 Pred  158 ms Sync   25 ms | Sent   864 kB Recv  1191 kB |  attention
🔶 Pred  209 ms Sync   46 ms | Sent   864 kB Recv  1191 kB |  scores
🔶 Pred  188 ms Sync   28 ms | Sent   864 kB Recv  1191 kB | ),
🔶 Pred  172 ms Sync   38 ms | Sent   864 kB Recv  1191 kB |  each
🔶 Pred  159 ms Sync   22 ms | Sent   864 kB Recv  1191 kB |  process
🔶 Pred  159 ms Sync   23 ms | Sent   864 kB Recv  1191 kB |  computes
🔶 Pred  162 ms Sync   21 ms | Sent   864 kB Recv  1191 kB |  its
🔶 Pred  159 ms Sync   24 ms | Sent   864 kB Recv  1191 kB |  own
🔶 Pred  158 ms Sync   24 ms | Sent   864 kB Recv  1191 kB |  contribution
🔶 Pred  158 ms Sync   22 ms | Sent   864 kB Recv  1191 kB |  and
🔶 Pred  157 ms Sync   25 ms | Sent   864 kB Recv  1191 kB |  then
🔶 Pred  158 ms Sync   24 ms | Sent   864 kB Recv  1191 kB |  performs
🔶 Pred  158 ms Sync   20 ms | Sent   864 kB Recv  1191 kB |  an
🔶 Pred  158 ms Sync   24 ms | Sent   864 kB Recv  1191 kB |  all
🔶 Pred  159 ms Sync   23 ms | Sent   864 kB Recv  1191 kB | -re
🔶 Pred  160 ms Sync   22 ms | Sent   864 kB Recv  1191 kB | duce
🔶 Pred  158 ms Sync   23 ms | Sent   864 kB Recv  1191 kB |  operation
🔶 Pred  178 ms Sync   51 ms | Sent   864 kB Recv  1191 kB |  to
🔶 Pred  159 ms Sync   21 ms | Sent   864 kB Recv  1191 kB |  sum
🔶 Pred  166 ms Sync   37 ms | Sent   864 kB Recv  1191 kB |  them
🔶 Pred  159 ms Sync   22 ms | Sent   864 kB Recv  1191 kB |  into
🔶 Pred  160 ms Sync   20 ms | Sent   864 kB Recv  1191 kB |  a
🔶 Pred  159 ms Sync   22 ms | Sent   864 kB Recv  1191 kB |  single
🔶 Pred  158 ms Sync   22 ms | Sent   864 kB Recv  1191 kB |  value
🔶 Pred  159 ms Sync   23 ms | Sent   864 kB Recv  1191 kB |  or
🔶 Pred  158 ms Sync   25 ms | Sent   864 kB Recv  1191 kB |  matrix
🔶 Pred  159 ms Sync   22 ms | Sent   864 kB Recv  1191 kB | .


🔶 Pred  168 ms Sync   20 ms | Sent   864 kB Recv  1191 kB | 3
🔶 Pred  186 ms Sync   16 ms | Sent   864 kB Recv  1191 kB | .
🔶 Pred  159 ms Sync   27 ms | Sent   864 kB Recv  1191 kB |  **
🔶 Pred  158 ms Sync   24 ms | Sent   864 kB Recv  1191 kB | KV
🔶 Pred  159 ms Sync   23 ms | Sent   864 kB Recv  1191 kB |  Cache
🔶 Pred  164 ms Sync   21 ms | Sent   864 kB Recv  1191 kB | **:
🔶 Pred  184 ms Sync   44 ms | Sent   864 kB Recv  1191 kB |  Each
🔶 Pred  160 ms Sync   22 ms | Sent   864 kB Recv  1191 kB |  process
🔶 Pred  166 ms Sync   33 ms | Sent   864 kB Recv  1191 kB |  maintains
🔶 Pred  158 ms Sync   22 ms | Sent   864 kB Recv  1191 kB |  a
🔶 Pred  159 ms Sync   24 ms | Sent   864 kB Recv  1191 kB |  cache
🔶 Pred  158 ms Sync   24 ms | Sent   864 kB Recv  1191 kB |  of
🔶 Pred  158 ms Sync   23 ms | Sent   864 kB Recv  1191 kB |  key
🔶 Pred  159 ms Sync   22 ms | Sent   864 kB Recv  1191 kB | -value
🔶 Pred  162 ms Sync   23 ms | Sent   864 kB Recv  1191 kB |  pairs
🔶 Pred  159 ms Sync   22 ms | Sent   864 kB Recv  1191 kB | .
🔶 Pred  159 ms Sync   25 ms | Sent   864 kB Recv  1191 kB |  When
🔶 Pred  159 ms Sync   24 ms | Sent   864 kB Recv  1191 kB |  generating
🔶 Pred  159 ms Sync   21 ms | Sent   864 kB Recv  1191 kB |  the
🔶 Pred  159 ms Sync   23 ms | Sent   864 kB Recv  1191 kB |  next
🔶 Pred  160 ms Sync   20 ms | Sent   864 kB Recv  1191 kB |  tokens
🔶 Pred  163 ms Sync   20 ms | Sent   864 kB Recv  1191 kB | ,
🔶 Pred  185 ms Sync   42 ms | Sent   864 kB Recv  1191 kB |  each
🔶 Pred  160 ms Sync   23 ms | Sent   864 kB Recv  1191 kB |  process
🔶 Pred  168 ms Sync   40 ms | Sent   864 kB Recv  1191 kB |  uses
🔶 Pred  159 ms Sync   21 ms | Sent   864 kB Recv  1191 kB |  its
🔶 Pred  162 ms Sync   20 ms | Sent   864 kB Recv  1191 kB |  cache
🔶 Pred  180 ms Sync   15 ms | Sent   864 kB Recv  1191 kB |  to
🔶 Pred  163 ms Sync   21 ms | Sent   864 kB Recv  1191 kB |  look
🔶 Pred  158 ms Sync   23 ms | Sent   864 kB Recv  1191 kB |  up
🔶 Pred  164 ms Sync   25 ms | Sent   864 kB Recv  1191 kB |  possible
🔶 Pred  159 ms Sync   21 ms | Sent   864 kB Recv  1191 kB |  next
🔶 Pred  159 ms Sync   22 ms | Sent   864 kB Recv  1191 kB |  tokens
🔶 Pred  159 ms Sync   21 ms | Sent   864 kB Recv  1191 kB | .
🔶 Pred  160 ms Sync   22 ms | Sent   864 kB Recv  1191 kB |  In
🔶 Pred  161 ms Sync   21 ms | Sent   864 kB Recv  1191 kB |  a
🔶 Pred  160 ms Sync   23 ms | Sent   864 kB Recv  1191 kB |  distributed
🔶 Pred  164 ms Sync   29 ms | Sent   864 kB Recv  1191 kB |  setting
🔶 Pred  180 ms Sync   44 ms | Sent   864 kB Recv  1191 kB | ,
🔶 Pred  157 ms Sync   27 ms | Sent   864 kB Recv  1191 kB |  the
🔶 Pred  169 ms Sync   25 ms | Sent   864 kB Recv  1191 kB |  cache
🔶 Pred  159 ms Sync   21 ms | Sent   864 kB Recv  1191 kB |  might
🔶 Pred  158 ms Sync   23 ms | Sent   864 kB Recv  1191 kB |  need
🔶 Pred  158 ms Sync   24 ms | Sent   864 kB Recv  1191 kB |  to
🔶 Pred  159 ms Sync   24 ms | Sent   864 kB Recv  1191 kB |  be
🔶 Pred  158 ms Sync   24 ms | Sent   864 kB Recv  1191 kB |  distributed
🔶 Pred  158 ms Sync   25 ms | Sent   864 kB Recv  1191 kB |  across
🔶 Pred  158 ms Sync   23 ms | Sent   864 kB Recv  1191 kB |  processes
🔶 Pred  158 ms Sync   23 ms | Sent   864 kB Recv  1191 kB |  to
🔶 Pred  158 ms Sync   25 ms | Sent   864 kB Recv  1191 kB |  allow
🔶 Pred  159 ms Sync   27 ms | Sent   864 kB Recv  1191 kB |  efficient
🔶 Pred  158 ms Sync   25 ms | Sent   864 kB Recv  1191 kB |  look
🔶 Pred  159 ms Sync   22 ms | Sent   864 kB Recv  1191 kB | ups
🔶 Pred  177 ms Sync   27 ms | Sent   864 kB Recv  1191 kB | .


🔶 Pred  210 ms Sync   41 ms | Sent   864 kB Recv  1191 kB | 4
🔶 Pred  160 ms Sync   30 ms | Sent   864 kB Recv  1191 kB | .
🔶 Pred  165 ms Sync   26 ms | Sent   864 kB Recv  1191 kB |  **
🔶 Pred  167 ms Sync   19 ms | Sent   864 kB Recv  1191 kB | Memory
🔶 Pred  160 ms Sync   23 ms | Sent   864 kB Recv  1191 kB | -B
🔶 Pred  161 ms Sync   23 ms | Sent   864 kB Recv  1191 kB | and
🔶 Pred  161 ms Sync   22 ms | Sent   864 kB Recv  1191 kB | width
🔶 Pred  161 ms Sync   22 ms | Sent   864 kB Recv  1191 kB |  Limit
🔶 Pred  162 ms Sync   22 ms | Sent   864 kB Recv  1191 kB | **:
🔶 Pred  161 ms Sync   23 ms | Sent   864 kB Recv  1191 kB |  To
🔶 Pred  160 ms Sync   24 ms | Sent   864 kB Recv  1191 kB |  avoid
🔶 Pred  160 ms Sync   24 ms | Sent   864 kB Recv  1191 kB |  exceeding
🔶 Pred  161 ms Sync   23 ms | Sent   864 kB Recv  1191 kB |  the
🔶 Pred  161 ms Sync   21 ms | Sent   864 kB Recv  1191 kB |  memory
🔶 Pred  162 ms Sync   21 ms | Sent   864 kB Recv  1191 kB |  bandwidth
🔶 Pred  189 ms Sync   28 ms | Sent   864 kB Recv  1191 kB | ,
🔶 Pred  170 ms Sync   38 ms | Sent   864 kB Recv  1191 kB |  processes
🔶 Pred  174 ms Sync   29 ms | Sent   864 kB Recv  1191 kB |  might
🔶 Pred  160 ms Sync   21 ms | Sent   864 kB Recv  1191 kB |  off
🔶 Pred  158 ms Sync   23 ms | Sent   864 kB Recv  1191 kB | load
🔶 Pred  159 ms Sync   23 ms | Sent   864 kB Recv  1191 kB |  data
🔶 Pred  159 ms Sync   22 ms | Sent   864 kB Recv  1191 kB |  to
🔶 Pred  159 ms Sync   23 ms | Sent   864 kB Recv  1191 kB |  slower
🔶 Pred  159 ms Sync   24 ms | Sent   864 kB Recv  1191 kB |  storage
🔶 Pred  159 ms Sync   23 ms | Sent   864 kB Recv  1191 kB |  (
🔶 Pred  161 ms Sync   22 ms | Sent   864 kB Recv  1191 kB | like
🔶 Pred  173 ms Sync   15 ms | Sent   864 kB Recv  1191 kB |  disk
🔶 Pred  179 ms Sync   19 ms | Sent   864 kB Recv  1191 kB | )
🔶 Pred  160 ms Sync   22 ms | Sent   864 kB Recv  1191 kB |  when
🔶 Pred  163 ms Sync   23 ms | Sent   864 kB Recv  1191 kB |  it
🔶 Pred  161 ms Sync   22 ms | Sent   864 kB Recv  1191 kB | 's
🔶 Pred  173 ms Sync   49 ms | Sent   864 kB Recv  1191 kB |  not
🔶 Pred  173 ms Sync   26 ms | Sent   864 kB Recv  1191 kB |  actively
🔶 Pred  166 ms Sync   41 ms | Sent   864 kB Recv  1191 kB |  being
🔶 Pred  158 ms Sync   26 ms | Sent   864 kB Recv  1191 kB |  used
🔶 Pred  160 ms Sync   24 ms | Sent   864 kB Recv  1191 kB | .
🔶 Pred  160 ms Sync   27 ms | Sent   864 kB Recv  1191 kB |  This
🔶 Pred  159 ms Sync   22 ms | Sent   864 kB Recv  1191 kB |  helps
🔶 Pred  160 ms Sync   23 ms | Sent   864 kB Recv  1191 kB |  in
🔶 Pred  160 ms Sync   24 ms | Sent   864 kB Recv  1191 kB |  managing
🔶 Pred  159 ms Sync   23 ms | Sent   864 kB Recv  1191 kB |  memory
🔶 Pred  159 ms Sync   24 ms | Sent   864 kB Recv  1191 kB |  usage
🔶 Pred  160 ms Sync   22 ms | Sent   864 kB Recv  1191 kB |  and
🔶 Pred  160 ms Sync   22 ms | Sent   864 kB Recv  1191 kB |  preventing
🔶 Pred  160 ms Sync   23 ms | Sent   864 kB Recv  1191 kB |  bott
🔶 Pred  159 ms Sync   21 ms | Sent   864 kB Recv  1191 kB | lene
🔶 Pred  160 ms Sync   24 ms | Sent   864 kB Recv  1191 kB | cks
🔶 Pred  184 ms Sync   50 ms | Sent   864 kB Recv  1191 kB | .


🔶 Pred  161 ms Sync   24 ms | Sent   864 kB Recv  1191 kB | Now
🔶 Pred  173 ms Sync   31 ms | Sent   864 kB Recv  1191 kB | ,
🔶 Pred  160 ms Sync   26 ms | Sent   864 kB Recv  1191 kB |  considering
🔶 Pred  162 ms Sync   24 ms | Sent   864 kB Recv  1191 kB |  a
🔶 Pred  181 ms Sync   14 ms | Sent   864 kB Recv  1191 kB |  numerical
🔶 Pred  168 ms Sync   20 ms | Sent   864 kB Recv  1191 kB |  example
🔶 Pred  160 ms Sync   24 ms | Sent   864 kB Recv  1191 kB | :


🔶 Pred  160 ms Sync   25 ms | Sent   864 kB Recv  1191 kB | -
🔶 Pred  161 ms Sync   23 ms | Sent   864 kB Recv  1191 kB |  Suppose
🔶 Pred  160 ms Sync   25 ms | Sent   864 kB Recv  1191 kB |  we
🔶 Pred  160 ms Sync   25 ms | Sent   864 kB Recv  1191 kB |  have
🔶 Pred  160 ms Sync   25 ms | Sent   864 kB Recv  1191 kB |  
🔶 Pred  159 ms Sync   25 ms | Sent   864 kB Recv  1191 kB | 4
🔶 Pred  159 ms Sync   25 ms | Sent   864 kB Recv  1191 kB |  processes
🔶 Pred  166 ms Sync   31 ms | Sent   864 kB Recv  1191 kB |  (
🔶 Pred  206 ms Sync   48 ms | Sent   864 kB Recv  1191 kB | CP
🔶 Pred  173 ms Sync   32 ms | Sent   864 kB Recv  1191 kB | Us
🔶 Pred  161 ms Sync   26 ms | Sent   864 kB Recv  1191 kB | )
🔶 Pred  162 ms Sync   23 ms | Sent   864 kB Recv  1191 kB |  and
🔶 Pred  161 ms Sync   26 ms | Sent   864 kB Recv  1191 kB |  a
🔶 Pred  161 ms Sync   23 ms | Sent   864 kB Recv  1191 kB |  transformer
🔶 Pred  163 ms Sync   24 ms | Sent   864 kB Recv  1191 kB |  model
🔶 Pred  161 ms Sync   26 ms | Sent   864 kB Recv  1191 kB |  with
🔶 Pred  163 ms Sync   23 ms | Sent   864 kB Recv  1191 kB |  
🔶 Pred  163 ms Sync   24 ms | Sent   864 kB Recv  1191 kB | 100
🔶 Pred  162 ms Sync   25 ms | Sent   864 kB Recv  1191 kB | M
🔶 Pred  162 ms Sync   25 ms | Sent   864 kB Recv  1191 kB |  parameters
🔶 Pred  161 ms Sync   25 ms | Sent   864 kB Recv  1191 kB | .


🔶 Pred  162 ms Sync   24 ms | Sent   864 kB Recv  1191 kB | -
🔶 Pred  162 ms Sync   21 ms | Sent   864 kB Recv  1191 kB |  Each
🔶 Pred  230 ms Sync   31 ms | Sent   864 kB Recv  1191 kB |  process
🔶 Pred  172 ms Sync   23 ms | Sent   864 kB Recv  1191 kB |  gets
🔶 Pred  173 ms Sync   29 ms | Sent   864 kB Recv  1191 kB |  
🔶 Pred  161 ms Sync   26 ms | Sent   864 kB Recv  1191 kB | 25
🔶 Pred  162 ms Sync   23 ms | Sent   864 kB Recv  1191 kB | M
🔶 Pred  163 ms Sync   24 ms | Sent   864 kB Recv  1191 kB |  parameters
🔶 Pred  164 ms Sync   21 ms | Sent   864 kB Recv  1191 kB | .


🔶 Pred  162 ms Sync   23 ms | Sent   864 kB Recv  1191 kB | -
🔶 Pred  163 ms Sync   23 ms | Sent   864 kB Recv  1191 kB |  For
🔶 Pred  164 ms Sync   22 ms | Sent   864 kB Recv  1191 kB |  each
🔶 Pred  163 ms Sync   22 ms | Sent   864 kB Recv  1191 kB |  token
🔶 Pred  161 ms Sync   24 ms | Sent   864 kB Recv  1191 kB |  in
🔶 Pred  163 ms Sync   25 ms | Sent   864 kB Recv  1191 kB |  the
🔶 Pred  165 ms Sync   23 ms | Sent   864 kB Recv  1191 kB |  input
🔶 Pred  162 ms Sync   23 ms | Sent   864 kB Recv  1191 kB | ,
🔶 Pred  174 ms Sync   30 ms | Sent   864 kB Recv  1191 kB |  each
🔶 Pred  178 ms Sync   36 ms | Sent   864 kB Recv  1191 kB |  process
🔶 Pred  177 ms Sync   31 ms | Sent   864 kB Recv  1191 kB |  computes
🔶 Pred  162 ms Sync   26 ms | Sent   864 kB Recv  1191 kB |  its
🔶 Pred  163 ms Sync   24 ms | Sent   864 kB Recv  1191 kB |  own
🔶 Pred  162 ms Sync   23 ms | Sent   864 kB Recv  1191 kB |  attention
🔶 Pred  163 ms Sync   22 ms | Sent   864 kB Recv  1191 kB |  scores
🔶 Pred  162 ms Sync   24 ms | Sent   864 kB Recv  1191 kB |  using
🔶 Pred  163 ms Sync   22 ms | Sent   864 kB Recv  1191 kB |  its
🔶 Pred  164 ms Sync   23 ms | Sent   864 kB Recv  1191 kB |  
🔶 Pred  172 ms Sync   19 ms | Sent   864 kB Recv  1191 kB | 25
🔶 Pred  200 ms Sync   14 ms | Sent   864 kB Recv  1191 kB | M
🔶 Pred  161 ms Sync   26 ms | Sent   864 kB Recv  1191 kB |  parameters
🔶 Pred  161 ms Sync   26 ms | Sent   864 kB Recv  1191 kB |  and
🔶 Pred  162 ms Sync   26 ms | Sent   864 kB Recv  1191 kB |  the
🔶 Pred  167 ms Sync   25 ms | Sent   864 kB Recv  1191 kB |  KV
🔶 Pred  179 ms Sync   48 ms | Sent   864 kB Recv  1191 kB |  cache
🔶 Pred  162 ms Sync   26 ms | Sent   864 kB Recv  1191 kB | .


🔶 Pred  178 ms Sync   28 ms | Sent   864 kB Recv  1191 kB | -
🔶 Pred  163 ms Sync   20 ms | Sent   864 kB Recv  1191 kB |  After
🔶 Pred  163 ms Sync   24 ms | Sent   864 kB Recv  1191 kB |  computing
🔶 Pred  162 ms Sync   24 ms | Sent   864 kB Recv  1191 kB |  all
🔶 Pred  163 ms Sync   23 ms | Sent   864 kB Recv  1191 kB |  
🔶 Pred  164 ms Sync   21 ms | Sent   864 kB Recv  1191 kB | 4
🔶 Pred  164 ms Sync   21 ms | Sent   864 kB Recv  1191 kB |  attention
🔶 Pred  162 ms Sync   22 ms | Sent   864 kB Recv  1191 kB |  scores
🔶 Pred  163 ms Sync   21 ms | Sent   864 kB Recv  1191 kB |  for
🔶 Pred  163 ms Sync   23 ms | Sent   864 kB Recv  1191 kB |  a
🔶 Pred  163 ms Sync   20 ms | Sent   864 kB Recv  1191 kB |  token
🔶 Pred  165 ms Sync   20 ms | Sent   864 kB Recv  1191 kB | ,
🔶 Pred  164 ms Sync   19 ms | Sent   864 kB Recv  1191 kB |  they
🔶 Pred  172 ms Sync   22 ms | Sent   864 kB Recv  1191 kB |  perform
🔶 Pred  186 ms Sync   39 ms | Sent   864 kB Recv  1191 kB |  an
🔶 Pred  170 ms Sync   23 ms | Sent   864 kB Recv  1191 kB |  all
🔶 Pred  167 ms Sync   31 ms | Sent   864 kB Recv  1191 kB | -re
🔶 Pred  165 ms Sync   21 ms | Sent   864 kB Recv  1191 kB | duce
🔶 Pred  180 ms Sync   17 ms | Sent   864 kB Recv  1191 kB |  to
🔶 Pred  189 ms Sync   15 ms | Sent   864 kB Recv  1191 kB |  combine
🔶 Pred  162 ms Sync   23 ms | Sent   864 kB Recv  1191 kB |  into
🔶 Pred  162 ms Sync   21 ms | Sent   864 kB Recv  1191 kB |  a
🔶 Pred  165 ms Sync   21 ms | Sent   864 kB Recv  1191 kB |  single
🔶 Pred  163 ms Sync   23 ms | Sent   864 kB Recv  1191 kB |  
🔶 Pred  164 ms Sync   21 ms | Sent   864 kB Recv  1191 kB | 100
🔶 Pred  164 ms Sync   22 ms | Sent   864 kB Recv  1191 kB | x
🔶 Pred  163 ms Sync   23 ms | Sent   864 kB Recv  1191 kB | 100
🔶 Pred  165 ms Sync   20 ms | Sent   864 kB Recv  1191 kB |  attention
🔶 Pred  163 ms Sync   24 ms | Sent   864 kB Recv  1191 kB |  matrix
🔶 Pred  196 ms Sync   37 ms | Sent   864 kB Recv  1191 kB | .


🔶 Pred  163 ms Sync   26 ms | Sent   864 kB Recv  1191 kB | -
🔶 Pred  173 ms Sync   33 ms | Sent   864 kB Recv  1191 kB |  Using
🔶 Pred  165 ms Sync   21 ms | Sent   864 kB Recv  1191 kB |  the
🔶 Pred  164 ms Sync   21 ms | Sent   864 kB Recv  1191 kB |  KV
🔶 Pred  166 ms Sync   19 ms | Sent   864 kB Recv  1191 kB |  cache
🔶 Pred  165 ms Sync   22 ms | Sent   864 kB Recv  1191 kB | ,
🔶 Pred  164 ms Sync   22 ms | Sent   864 kB Recv  1191 kB |  each
🔶 Pred  164 ms Sync   23 ms | Sent   864 kB Recv  1191 kB |  process
🔶 Pred  164 ms Sync   24 ms | Sent   864 kB Recv  1191 kB |  can
🔶 Pred  165 ms Sync   22 ms | Sent   864 kB Recv  1191 kB |  look
🔶 Pred  164 ms Sync   24 ms | Sent   864 kB Recv  1191 kB |  up
🔶 Pred  164 ms Sync   22 ms | Sent   864 kB Recv  1191 kB |  the
🔶 Pred  164 ms Sync   22 ms | Sent   864 kB Recv  1191 kB |  necessary
🔶 Pred  165 ms Sync   20 ms | Sent   864 kB Recv  1191 kB |  keys
🔶 Pred  175 ms Sync   30 ms | Sent   864 kB Recv  1191 kB |  to
🔶 Pred  215 ms Sync   34 ms | Sent   864 kB Recv  1191 kB |  generate
🔶 Pred  164 ms Sync   34 ms | Sent   864 kB Recv  1191 kB |  the
🔶 Pred  210 ms Sync   23 ms | Sent   864 kB Recv  1191 kB |  next
🔶 Pred  165 ms Sync   22 ms | Sent   864 kB Recv  1191 kB |  tokens
🔶 Pred  165 ms Sync   20 ms | Sent   864 kB Recv  1191 kB | .


🔶 Pred  164 ms Sync   21 ms | Sent   864 kB Recv  1191 kB | -
🔶 Pred  165 ms Sync   23 ms | Sent   864 kB Recv  1191 kB |  The
🔶 Pred  165 ms Sync   21 ms | Sent   864 kB Recv  1191 kB |  generated
🔶 Pred  163 ms Sync   23 ms | Sent   864 kB Recv  1191 kB |  tokens
🔶 Pred  165 ms Sync   23 ms | Sent   864 kB Recv  1191 kB |  are
🔶 Pred  164 ms Sync   22 ms | Sent   864 kB Recv  1191 kB |  then
🔶 Pred  164 ms Sync   22 ms | Sent   864 kB Recv  1191 kB |  passed
🔶 Pred  164 ms Sync   21 ms | Sent   864 kB Recv  1191 kB |  to
🔶 Pred  166 ms Sync   21 ms | Sent   864 kB Recv  1191 kB |  the
🔶 Pred  171 ms Sync   18 ms | Sent   864 kB Recv  1191 kB |  next
🔶 Pred  185 ms Sync   48 ms | Sent   864 kB Recv  1191 kB |  process
🔶 Pred  163 ms Sync   24 ms | Sent   864 kB Recv  1191 kB |  or
🔶 Pred  176 ms Sync   35 ms | Sent   864 kB Recv  1191 kB |  collected
🔶 Pred  164 ms Sync   23 ms | Sent   864 kB Recv  1191 kB |  as
🔶 Pred  165 ms Sync   22 ms | Sent   864 kB Recv  1191 kB |  output
🔶 Pred  164 ms Sync   22 ms | Sent   864 kB Recv  1191 kB | .


🔶 Pred  165 ms Sync   22 ms | Sent   864 kB Recv  1191 kB | But
🔶 Pred  164 ms Sync   22 ms | Sent   864 kB Recv  1191 kB |  I
🔶 Pred  162 ms Sync   24 ms | Sent   864 kB Recv  1191 kB | 'm
🔶 Pred  172 ms Sync   22 ms | Sent   864 kB Recv  1191 kB |  still
🔶 Pred  209 ms Sync   16 ms | Sent   864 kB Recv  1191 kB |  unclear
🔶 Pred  161 ms Sync   25 ms | Sent   864 kB Recv  1191 kB |  on
🔶 Pred  161 ms Sync   25 ms | Sent   864 kB Recv  1191 kB |  how
🔶 Pred  160 ms Sync   26 ms | Sent   864 kB Recv  1191 kB |  the
🔶 Pred  161 ms Sync   24 ms | Sent   864 kB Recv  1191 kB |  KV
🔶 Pred  176 ms Sync   33 ms | Sent   864 kB Recv  1191 kB |  cache
🔶 Pred  179 ms Sync   38 ms | Sent   864 kB Recv  1191 kB |  is
🔶 Pred  172 ms Sync   34 ms | Sent   864 kB Recv  1191 kB |  managed
🔶 Pred  161 ms Sync   23 ms | Sent   864 kB Recv  1191 kB |  across
🔶 Pred  161 ms Sync   23 ms | Sent   864 kB Recv  1191 kB |  processes
🔶 Pred  161 ms Sync   22 ms | Sent   864 kB Recv  1191 kB | .
🔶 Pred  161 ms Sync   24 ms | Sent   864 kB Recv  1191 kB |  Maybe
🔶 Pred  161 ms Sync   23 ms | Sent   864 kB Recv  1191 kB |  each
🔶 Pred  161 ms Sync   25 ms | Sent   864 kB Recv  1191 kB |  process
🔶 Pred  160 ms Sync   26 ms | Sent   864 kB Recv  1191 kB |  only
🔶 Pred  160 ms Sync   25 ms | Sent   864 kB Recv  1191 kB |  needs
🔶 Pred  160 ms Sync   26 ms | Sent   864 kB Recv  1191 kB |  to
🔶 Pred  161 ms Sync   23 ms | Sent   864 kB Recv  1191 kB |  hold
🔶 Pred  160 ms Sync   24 ms | Sent   864 kB Recv  1191 kB |  a
🔶 Pred  161 ms Sync   24 ms | Sent   864 kB Recv  1191 kB |  subset
🔶 Pred  160 ms Sync   24 ms | Sent   864 kB Recv  1191 kB |  of
🔶 Pred  196 ms Sync   38 ms | Sent   864 kB Recv  1191 kB |  the
🔶 Pred  161 ms Sync   26 ms | Sent   864 kB Recv  1191 kB |  KV
🔶 Pred  167 ms Sync   38 ms | Sent   864 kB Recv  1191 kB |  pairs
🔶 Pred  161 ms Sync   24 ms | Sent   864 kB Recv  1191 kB | ,
🔶 Pred  164 ms Sync   22 ms | Sent   864 kB Recv  1191 kB |  and
🔶 Pred  199 ms Sync   16 ms | Sent   864 kB Recv  1191 kB |  when
🔶 Pred  161 ms Sync   25 ms | Sent   864 kB Recv  1191 kB |  a
🔶 Pred  160 ms Sync   26 ms | Sent   864 kB Recv  1191 kB |  key
🔶 Pred  163 ms Sync   24 ms | Sent   864 kB Recv  1191 kB |  is
🔶 Pred  163 ms Sync   25 ms | Sent   864 kB Recv  1191 kB |  needed
🔶 Pred  164 ms Sync   23 ms | Sent   864 kB Recv  1191 kB | ,
🔶 Pred  162 ms Sync   23 ms | Sent   864 kB Recv  1191 kB |  it
🔶 Pred  160 ms Sync   27 ms | Sent   864 kB Recv  1191 kB | 's
🔶 Pred  161 ms Sync   26 ms | Sent   864 kB Recv  1191 kB |  looked
🔶 Pred  161 ms Sync   25 ms | Sent   864 kB Recv  1191 kB |  up
🔶 Pred  169 ms Sync   34 ms | Sent   864 kB Recv  1191 kB |  across

Evaluation
   nBatches: 32
    nTokens: 60
   tokens/s: 7.66 (130.52 ms/tok)
Prediction
    nTokens: 2440
   tokens/s: 6.10 (163.86 ms/tok)
⭕ Network is closed
