📄 AddBos: 255
📄 BosId: 128000 (<｜begin▁of▁sentence｜>)
📄 EosId: 128001 (<｜end▁of▁sentence｜>) 128001 (<｜end▁of▁sentence｜>) 
📄 RegularVocabSize: 128000
📄 SpecialVocabSize: 256
💡 Arch: Llama
💡 HiddenAct: Silu
💡 Dim: 4096
💡 HeadDim: 128
💡 QDim: 4096
💡 KvDim: 1024
💡 HiddenDim: 14336
💡 VocabSize: 128256
💡 nLayers: 32
💡 nHeads: 32
💡 nKvHeads: 8
💡 OrigSeqLen: 131072
💡 SeqLen: 8192
💡 NormEpsilon: 0.000010
💡 RopeType: Llama3.1
💡 RopeTheta: 500000
💡 RopeScaling: f=8.0, l=1.0, h=4.0, o=8192
📀 RequiredMemory: 3588 MB
⭕ Socket[0]: connecting to 192.168.1.77:9998 worker
⭕ Socket[0]: connected
⭕ Socket[1]: connecting to 192.168.1.75:9998 worker
⭕ Socket[1]: connected
⭕ Socket[2]: connecting to 192.168.1.76:9998 worker
⭕ Socket[2]: connected
⭕ Network is initialized
🧠 CPU: neon fp16
💿 Loading weights...
💿 Loaded 12/32
💿 Loaded 13/32
💿 Loaded 14/32
💿 Loaded 15/32
💿 Loaded 16/32
💿 Loaded 17/32
💿 Loaded 18/32
💿 Loaded 19/32
💿 Loaded 20/32
💿 Loaded 21/32
💿 Loaded 22/32
💿 Loaded 23/32
💿 Loaded 24/32
💿 Loaded 25/32
💿 Loaded 26/32
💿 Loaded 27/32
💿 Loaded 28/32
💿 Loaded 29/32
💿 Loaded 30/32
💿 Loaded 31/32
💿 Loaded 32/32
💿 Weights loaded
🚁 Network is in non-blocking mode
Write a complete, heavily commented Python implementation of a B-tree supporting insert, delete, and range search, with correctness invariants documented, plus an exhaustive pytest test suite and a complexity analysis.
🔷️ Eval 2964 ms Sync  482 ms | Sent 27648 kB Recv 38136 kB | (32 tokens)
🔷️ Eval  528 ms Sync   92 ms | Sent  5184 kB Recv  7150 kB | (6 tokens)
🔶 Pred   91 ms Sync   18 ms | Sent   864 kB Recv  1191 kB |  The
🔶 Pred   90 ms Sync   17 ms | Sent   864 kB Recv  1191 kB |  B
🔶 Pred   91 ms Sync   17 ms | Sent   864 kB Recv  1191 kB | -tree
🔶 Pred   91 ms Sync   19 ms | Sent   864 kB Recv  1191 kB |  is
🔶 Pred   92 ms Sync   17 ms | Sent   864 kB Recv  1191 kB |  to
🔶 Pred   90 ms Sync   19 ms | Sent   864 kB Recv  1191 kB |  be
🔶 Pred  144 ms Sync   74 ms | Sent   864 kB Recv  1191 kB |  implemented
🔶 Pred  126 ms Sync   29 ms | Sent   864 kB Recv  1191 kB |  with
🔶 Pred   94 ms Sync   50 ms | Sent   864 kB Recv  1191 kB |  pointers
🔶 Pred  135 ms Sync   21 ms | Sent   864 kB Recv  1191 kB |  and
🔶 Pred   91 ms Sync   18 ms | Sent   864 kB Recv  1191 kB |  indexes
🔶 Pred   92 ms Sync   17 ms | Sent   864 kB Recv  1191 kB | ,
🔶 Pred   92 ms Sync   17 ms | Sent   864 kB Recv  1191 kB |  and
🔶 Pred  141 ms Sync   14 ms | Sent   864 kB Recv  1191 kB |  should
🔶 Pred  146 ms Sync   20 ms | Sent   864 kB Recv  1191 kB |  handle
🔶 Pred   91 ms Sync   18 ms | Sent   864 kB Recv  1191 kB |  duplicate
🔶 Pred   91 ms Sync   17 ms | Sent   864 kB Recv  1191 kB |  keys
🔶 Pred   91 ms Sync   17 ms | Sent   864 kB Recv  1191 kB | .


🔶 Pred   90 ms Sync   18 ms | Sent   864 kB Recv  1191 kB | Okay
🔶 Pred   91 ms Sync   18 ms | Sent   864 kB Recv  1191 kB | ,
🔶 Pred   91 ms Sync   17 ms | Sent   864 kB Recv  1191 kB |  so
🔶 Pred   91 ms Sync   19 ms | Sent   864 kB Recv  1191 kB |  I
🔶 Pred   92 ms Sync   18 ms | Sent   864 kB Recv  1191 kB |  need
🔶 Pred   91 ms Sync   17 ms | Sent   864 kB Recv  1191 kB |  to
🔶 Pred   91 ms Sync   17 ms | Sent   864 kB Recv  1191 kB |  write
🔶 Pred   91 ms Sync   17 ms | Sent   864 kB Recv  1191 kB |  a
🔶 Pred   91 ms Sync   17 ms | Sent   864 kB Recv  1191 kB |  Python
🔶 Pred   90 ms Sync   20 ms | Sent   864 kB Recv  1191 kB |  implementation
🔶 Pred   91 ms Sync   18 ms | Sent   864 kB Recv  1191 kB |  of
🔶 Pred   90 ms Sync   18 ms | Sent   864 kB Recv  1191 kB |  a
🔶 Pred  158 ms Sync   58 ms | Sent   864 kB Recv  1191 kB |  B
🔶 Pred   93 ms Sync   42 ms | Sent   864 kB Recv  1191 kB | -tree
🔶 Pred  129 ms Sync   44 ms | Sent   864 kB Recv  1191 kB |  that
🔶 Pred   91 ms Sync   38 ms | Sent   864 kB Recv  1191 kB |  supports
🔶 Pred   91 ms Sync   18 ms | Sent   864 kB Recv  1191 kB |  insert
🔶 Pred   91 ms Sync   17 ms | Sent   864 kB Recv  1191 kB | ,
🔶 Pred   93 ms Sync   16 ms | Sent   864 kB Recv  1191 kB |  delete
🔶 Pred   91 ms Sync   17 ms | Sent   864 kB Recv  1191 kB | ,
🔶 Pred   91 ms Sync   18 ms | Sent   864 kB Recv  1191 kB |  and
🔶 Pred   91 ms Sync   17 ms | Sent   864 kB Recv  1191 kB |  range
🔶 Pred   91 ms Sync   17 ms | Sent   864 kB Recv  1191 kB |  search
🔶 Pred   92 ms Sync   16 ms | Sent   864 kB Recv  1191 kB | .
🔶 Pred   95 ms Sync   15 ms | Sent   864 kB Recv  1191 kB |  The
🔶 Pred   93 ms Sync   17 ms | Sent   864 kB Recv  1191 kB |  user
🔶 Pred   94 ms Sync   15 ms | Sent   864 kB Recv  1191 kB |  also
🔶 Pred   92 ms Sync   16 ms | Sent   864 kB Recv  1191 kB |  mentioned
🔶 Pred   94 ms Sync   15 ms | Sent   864 kB Recv  1191 kB |  that
🔶 Pred   94 ms Sync   18 ms | Sent   864 kB Recv  1191 kB |  correctness
🔶 Pred   94 ms Sync   14 ms | Sent   864 kB Recv  1191 kB |  in
🔶 Pred   94 ms Sync   15 ms | Sent   864 kB Recv  1191 kB | variants
🔶 Pred   98 ms Sync   13 ms | Sent   864 kB Recv  1191 kB |  should
🔶 Pred   97 ms Sync   14 ms | Sent   864 kB Recv  1191 kB |  be
🔶 Pred   95 ms Sync   15 ms | Sent   864 kB Recv  1191 kB |  documented
🔶 Pred   94 ms Sync   16 ms | Sent   864 kB Recv  1191 kB | ,
🔶 Pred   93 ms Sync   16 ms | Sent   864 kB Recv  1191 kB |  and
🔶 Pred  224 ms Sync   44 ms | Sent   864 kB Recv  1191 kB |  I
🔶 Pred   96 ms Sync   15 ms | Sent   864 kB Recv  1191 kB |  need
🔶 Pred  113 ms Sync   54 ms | Sent   864 kB Recv  1191 kB |  to
🔶 Pred   95 ms Sync   15 ms | Sent   864 kB Recv  1191 kB |  include
🔶 Pred   93 ms Sync   16 ms | Sent   864 kB Recv  1191 kB |  an
🔶 Pred   94 ms Sync   16 ms | Sent   864 kB Recv  1191 kB |  exhaustive
🔶 Pred   94 ms Sync   16 ms | Sent   864 kB Recv  1191 kB |  test
🔶 Pred   94 ms Sync   16 ms | Sent   864 kB Recv  1191 kB |  suite
🔶 Pred   94 ms Sync   15 ms | Sent   864 kB Recv  1191 kB |  using
🔶 Pred   94 ms Sync   16 ms | Sent   864 kB Recv  1191 kB |  pytest
🔶 Pred   94 ms Sync   16 ms | Sent   864 kB Recv  1191 kB | ,
🔶 Pred   94 ms Sync   15 ms | Sent   864 kB Recv  1191 kB |  along
🔶 Pred   93 ms Sync   15 ms | Sent   864 kB Recv  1191 kB |  with
🔶 Pred   94 ms Sync   16 ms | Sent   864 kB Recv  1191 kB |  a
🔶 Pred   96 ms Sync   14 ms | Sent   864 kB Recv  1191 kB |  complexity
🔶 Pred  106 ms Sync   27 ms | Sent   864 kB Recv  1191 kB |  analysis
🔶 Pred   94 ms Sync   16 ms | Sent   864 kB Recv  1191 kB | .


🔶 Pred   94 ms Sync   16 ms | Sent   864 kB Recv  1191 kB | First
🔶 Pred   95 ms Sync   18 ms | Sent   864 kB Recv  1191 kB | ,
🔶 Pred   93 ms Sync   23 ms | Sent   864 kB Recv  1191 kB |  I
🔶 Pred   93 ms Sync   22 ms | Sent   864 kB Recv  1191 kB |  should
🔶 Pred   93 ms Sync   18 ms | Sent   864 kB Recv  1191 kB |  recall
🔶 Pred   93 ms Sync   18 ms | Sent   864 kB Recv  1191 kB |  what
🔶 Pred   94 ms Sync   16 ms | Sent   864 kB Recv  1191 kB |  a
🔶 Pred  114 ms Sync   21 ms | Sent   864 kB Recv  1191 kB |  B
🔶 Pred  124 ms Sync   85 ms | Sent   864 kB Recv  1191 kB | -tree
🔶 Pred   95 ms Sync   25 ms | Sent   864 kB Recv  1191 kB |  is
🔶 Pred  115 ms Sync   34 ms | Sent   864 kB Recv  1191 kB | .
🔶 Pred   93 ms Sync  110 ms | Sent   864 kB Recv  1191 kB |  A
🔶 Pred   94 ms Sync   15 ms | Sent   864 kB Recv  1191 kB |  B
🔶 Pred   95 ms Sync   15 ms | Sent   864 kB Recv  1191 kB | -tree
🔶 Pred   95 ms Sync   18 ms | Sent   864 kB Recv  1191 kB |  is
🔶 Pred   98 ms Sync   16 ms | Sent   864 kB Recv  1191 kB |  a
🔶 Pred   94 ms Sync   15 ms | Sent   864 kB Recv  1191 kB |  balanced
🔶 Pred   94 ms Sync   15 ms | Sent   864 kB Recv  1191 kB |  binary
🔶 Pred   94 ms Sync   15 ms | Sent   864 kB Recv  1191 kB |  search
🔶 Pred   94 ms Sync   16 ms | Sent   864 kB Recv  1191 kB |  tree
🔶 Pred   94 ms Sync   16 ms | Sent   864 kB Recv  1191 kB |  where
🔶 Pred   94 ms Sync   16 ms | Sent   864 kB Recv  1191 kB |  each
🔶 Pred   94 ms Sync   15 ms | Sent   864 kB Recv  1191 kB |  node
🔶 Pred  120 ms Sync   12 ms | Sent   864 kB Recv  1191 kB |  has
🔶 Pred  140 ms Sync   17 ms | Sent   864 kB Recv  1191 kB |  a
🔶 Pred   98 ms Sync   14 ms | Sent   864 kB Recv  1191 kB |  key
🔶 Pred   95 ms Sync   15 ms | Sent   864 kB Recv  1191 kB |  and
🔶 Pred   95 ms Sync   16 ms | Sent   864 kB Recv  1191 kB |  pointers
🔶 Pred   94 ms Sync   17 ms | Sent   864 kB Recv  1191 kB |  to
🔶 Pred   95 ms Sync   15 ms | Sent   864 kB Recv  1191 kB |  child
🔶 Pred   94 ms Sync   15 ms | Sent   864 kB Recv  1191 kB |  nodes
🔶 Pred  119 ms Sync   18 ms | Sent   864 kB Recv  1191 kB | .
🔶 Pred  124 ms Sync   57 ms | Sent   864 kB Recv  1191 kB |  The
🔶 Pred   95 ms Sync   16 ms | Sent   864 kB Recv  1191 kB |  structure
🔶 Pred  112 ms Sync   57 ms | Sent   864 kB Recv  1191 kB |  ensures
🔶 Pred   94 ms Sync   16 ms | Sent   864 kB Recv  1191 kB |  that
🔶 Pred   94 ms Sync   17 ms | Sent   864 kB Recv  1191 kB |  the
🔶 Pred   94 ms Sync   15 ms | Sent   864 kB Recv  1191 kB |  tree
🔶 Pred   95 ms Sync   15 ms | Sent   864 kB Recv  1191 kB |  remains
🔶 Pred   94 ms Sync   15 ms | Sent   864 kB Recv  1191 kB |  balanced
🔶 Pred   94 ms Sync   16 ms | Sent   864 kB Recv  1191 kB | ,
🔶 Pred   95 ms Sync   15 ms | Sent   864 kB Recv  1191 kB |  which
🔶 Pred   95 ms Sync   15 ms | Sent   864 kB Recv  1191 kB |  allows
🔶 Pred   94 ms Sync   16 ms | Sent   864 kB Recv  1191 kB |  for
🔶 Pred   94 ms Sync   16 ms | Sent   864 kB Recv  1191 kB |  efficient
🔶 Pred   94 ms Sync   16 ms | Sent   864 kB Recv  1191 kB |  search
🔶 Pred   95 ms Sync   15 ms | Sent   864 kB Recv  1191 kB |  and
🔶 Pred   93 ms Sync   16 ms | Sent   864 kB Recv  1191 kB |  insertion
🔶 Pred   94 ms Sync   16 ms | Sent   864 kB Recv  1191 kB | .
🔶 Pred   94 ms Sync   16 ms | Sent   864 kB Recv  1191 kB |  The
🔶 Pred   95 ms Sync   16 ms | Sent   864 kB Recv  1191 kB |  order
🔶 Pred   95 ms Sync   14 ms | Sent   864 kB Recv  1191 kB |  of
🔶 Pred   95 ms Sync   15 ms | Sent   864 kB Recv  1191 kB |  the
🔶 Pred   95 ms Sync   15 ms | Sent   864 kB Recv  1191 kB |  tree
🔶 Pred   94 ms Sync   18 ms | Sent   864 kB Recv  1191 kB |  is
🔶 Pred   95 ms Sync   15 ms | Sent   864 kB Recv  1191 kB |  determined
🔶 Pred   95 ms Sync   15 ms | Sent   864 kB Recv  1191 kB |  by
🔶 Pred  149 ms Sync   51 ms | Sent   864 kB Recv  1191 kB |  the
🔶 Pred   94 ms Sync   16 ms | Sent   864 kB Recv  1191 kB |  maximum
🔶 Pred  115 ms Sync   38 ms | Sent   864 kB Recv  1191 kB |  number
🔶 Pred   95 ms Sync   15 ms | Sent   864 kB Recv  1191 kB |  of
🔶 Pred   95 ms Sync   15 ms | Sent   864 kB Recv  1191 kB |  keys
🔶 Pred   94 ms Sync   17 ms | Sent   864 kB Recv  1191 kB |  allowed
🔶 Pred   95 ms Sync   16 ms | Sent   864 kB Recv  1191 kB |  per
🔶 Pred   96 ms Sync   15 ms | Sent   864 kB Recv  1191 kB |  node
🔶 Pred  147 ms Sync   18 ms | Sent   864 kB Recv  1191 kB | ,
🔶 Pred  138 ms Sync   22 ms | Sent   864 kB Recv  1191 kB |  which
🔶 Pred   94 ms Sync   15 ms | Sent   864 kB Recv  1191 kB |  is
🔶 Pred   95 ms Sync   15 ms | Sent   864 kB Recv  1191 kB |  usually
🔶 Pred   94 ms Sync   16 ms | Sent   864 kB Recv  1191 kB |  den
🔶 Pred   94 ms Sync   16 ms | Sent   864 kB Recv  1191 kB | oted
🔶 Pred   95 ms Sync   15 ms | Sent   864 kB Recv  1191 kB |  as
🔶 Pred   96 ms Sync   15 ms | Sent   864 kB Recv  1191 kB |  '
🔶 Pred   95 ms Sync   16 ms | Sent   864 kB Recv  1191 kB | order
🔶 Pred   95 ms Sync   16 ms | Sent   864 kB Recv  1191 kB | '
🔶 Pred   94 ms Sync   16 ms | Sent   864 kB Recv  1191 kB |  or
🔶 Pred   94 ms Sync   16 ms | Sent   864 kB Recv  1191 kB |  '
🔶 Pred   95 ms Sync   16 ms | Sent   864 kB Recv  1191 kB | k
🔶 Pred   94 ms Sync   17 ms | Sent   864 kB Recv  1191 kB | '.
🔶 Pred  105 ms Sync   29 ms | Sent   864 kB Recv  1191 kB |  For
🔶 Pred   94 ms Sync   16 ms | Sent   864 kB Recv  1191 kB |  this
🔶 Pred  140 ms Sync   91 ms | Sent   864 kB Recv  1191 kB |  implementation
🔶 Pred  126 ms Sync   16 ms | Sent   864 kB Recv  1191 kB | ,
🔶 Pred  105 ms Sync   38 ms | Sent   864 kB Recv  1191 kB |  I
🔶 Pred  146 ms Sync   23 ms | Sent   864 kB Recv  1191 kB |  think
🔶 Pred   95 ms Sync   15 ms | Sent   864 kB Recv  1191 kB |  I
🔶 Pred   94 ms Sync   17 ms | Sent   864 kB Recv  1191 kB | 'll
🔶 Pred   96 ms Sync   15 ms | Sent   864 kB Recv  1191 kB |  go
🔶 Pred   94 ms Sync   16 ms | Sent   864 kB Recv  1191 kB |  with
🔶 Pred   95 ms Sync   15 ms | Sent   864 kB Recv  1191 kB |  an
🔶 Pred   97 ms Sync   15 ms | Sent   864 kB Recv  1191 kB |  order
🔶 Pred   98 ms Sync   15 ms | Sent   864 kB Recv  1191 kB |  of
🔶 Pred   97 ms Sync   15 ms | Sent   864 kB Recv  1191 kB |  
🔶 Pred   95 ms Sync   16 ms | Sent   864 kB Recv  1191 kB | 3
🔶 Pred   95 ms Sync   17 ms | Sent   864 kB Recv  1191 kB | ,
🔶 Pred   94 ms Sync   17 ms | Sent   864 kB Recv  1191 kB |  meaning
🔶 Pred   95 ms Sync   15 ms | Sent   864 kB Recv  1191 kB |  each
🔶 Pred   95 ms Sync   16 ms | Sent   864 kB Recv  1191 kB |  node
🔶 Pred   95 ms Sync   16 ms | Sent   864 kB Recv  1191 kB |  can
🔶 Pred   94 ms Sync   16 ms | Sent   864 kB Recv  1191 kB |  have
🔶 Pred   95 ms Sync   15 ms | Sent   864 kB Recv  1191 kB |  up
🔶 Pred   95 ms Sync   16 ms | Sent   864 kB Recv  1191 kB |  to
🔶 Pred   95 ms Sync   16 ms | Sent   864 kB Recv  1191 kB |  
🔶 Pred   94 ms Sync   17 ms | Sent   864 kB Recv  1191 kB | 3
🔶 Pred   95 ms Sync   18 ms | Sent   864 kB Recv  1191 kB |  keys
🔶 Pred  108 ms Sync   18 ms | Sent   864 kB Recv  1191 kB | .


🔶 Pred  211 ms Sync   58 ms | Sent   864 kB Recv  1191 kB | Each
🔶 Pred   96 ms Sync   40 ms | Sent   864 kB Recv  1191 kB |  node
🔶 Pred  130 ms Sync   22 ms | Sent   864 kB Recv  1191 kB |  in
🔶 Pred   95 ms Sync   15 ms | Sent   864 kB Recv  1191 kB |  the
🔶 Pred   94 ms Sync   18 ms | Sent   864 kB Recv  1191 kB |  B
🔶 Pred   96 ms Sync   15 ms | Sent   864 kB Recv  1191 kB | -tree
🔶 Pred   96 ms Sync   15 ms | Sent   864 kB Recv  1191 kB |  will
🔶 Pred   95 ms Sync   16 ms | Sent   864 kB Recv  1191 kB |  have
🔶 Pred   95 ms Sync   16 ms | Sent   864 kB Recv  1191 kB | :


🔶 Pred   96 ms Sync   15 ms | Sent   864 kB Recv  1191 kB | -
🔶 Pred   97 ms Sync   16 ms | Sent   864 kB Recv  1191 kB |  A
🔶 Pred   95 ms Sync   16 ms | Sent   864 kB Recv  1191 kB |  key
🔶 Pred   95 ms Sync   15 ms | Sent   864 kB Recv  1191 kB |  (
🔶 Pred   95 ms Sync   16 ms | Sent   864 kB Recv  1191 kB | which
🔶 Pred   95 ms Sync   16 ms | Sent   864 kB Recv  1191 kB |  can
🔶 Pred   96 ms Sync   16 ms | Sent   864 kB Recv  1191 kB |  be
🔶 Pred   94 ms Sync   17 ms | Sent   864 kB Recv  1191 kB |  any
🔶 Pred   95 ms Sync   15 ms | Sent   864 kB Recv  1191 kB |  hash
🔶 Pred   95 ms Sync   17 ms | Sent   864 kB Recv  1191 kB | able
🔶 Pred   95 ms Sync   15 ms | Sent   864 kB Recv  1191 kB |  type
🔶 Pred   95 ms Sync   16 ms | Sent   864 kB Recv  1191 kB | ,
🔶 Pred   95 ms Sync   16 ms | Sent   864 kB Recv  1191 kB |  but
🔶 Pred   96 ms Sync   15 ms | Sent   864 kB Recv  1191 kB |  for
🔶 Pred   94 ms Sync   16 ms | Sent   864 kB Recv  1191 kB |  simplicity
🔶 Pred  115 ms Sync   33 ms | Sent   864 kB Recv  1191 kB | ,
🔶 Pred   96 ms Sync  134 ms | Sent   864 kB Recv  1191 kB |  I
🔶 Pred   95 ms Sync   23 ms | Sent   864 kB Recv  1191 kB | 'll
🔶 Pred  109 ms Sync   38 ms | Sent   864 kB Recv  1191 kB |  use
🔶 Pred   95 ms Sync   16 ms | Sent   864 kB Recv  1191 kB |  integers
🔶 Pred   96 ms Sync   16 ms | Sent   864 kB Recv  1191 kB | )

🔶 Pred   97 ms Sync   15 ms | Sent   864 kB Recv  1191 kB | -
🔶 Pred   95 ms Sync   16 ms | Sent   864 kB Recv  1191 kB |  Point
🔶 Pred   96 ms Sync   15 ms | Sent   864 kB Recv  1191 kB | ers
🔶 Pred   95 ms Sync   16 ms | Sent   864 kB Recv  1191 kB |  to
🔶 Pred   96 ms Sync   16 ms | Sent   864 kB Recv  1191 kB |  its
🔶 Pred   95 ms Sync   16 ms | Sent   864 kB Recv  1191 kB |  left
🔶 Pred   95 ms Sync   15 ms | Sent   864 kB Recv  1191 kB |  and
🔶 Pred   95 ms Sync   16 ms | Sent   864 kB Recv  1191 kB |  right
🔶 Pred   96 ms Sync   15 ms | Sent   864 kB Recv  1191 kB |  child
🔶 Pred   95 ms Sync   16 ms | Sent   864 kB Recv  1191 kB |  nodes
🔶 Pred  114 ms Sync   15 ms | Sent   864 kB Recv  1191 kB | 

🔶 Pred  156 ms Sync   14 ms | Sent   864 kB Recv  1191 kB | -
🔶 Pred   97 ms Sync   15 ms | Sent   864 kB Recv  1191 kB |  The
🔶 Pred   96 ms Sync   15 ms | Sent   864 kB Recv  1191 kB |  index
🔶 Pred   96 ms Sync   16 ms | Sent   864 kB Recv  1191 kB |  of
🔶 Pred   96 ms Sync   16 ms | Sent   864 kB Recv  1191 kB |  its
🔶 Pred   96 ms Sync   16 ms | Sent   864 kB Recv  1191 kB |  parent
🔶 Pred   96 ms Sync   16 ms | Sent   864 kB Recv  1191 kB |  node
🔶 Pred  126 ms Sync   40 ms | Sent   864 kB Recv  1191 kB | 


🔶 Pred  115 ms Sync   46 ms | Sent   864 kB Recv  1191 kB | Wait
🔶 Pred   98 ms Sync   16 ms | Sent   864 kB Recv  1191 kB | ,
🔶 Pred  112 ms Sync   45 ms | Sent   864 kB Recv  1191 kB |  but
🔶 Pred   97 ms Sync   15 ms | Sent   864 kB Recv  1191 kB |  in
🔶 Pred  111 ms Sync   25 ms | Sent   864 kB Recv  1191 kB |  a
🔶 Pred   97 ms Sync   15 ms | Sent   864 kB Recv  1191 kB |  typical
🔶 Pred   96 ms Sync   16 ms | Sent   864 kB Recv  1191 kB |  B
🔶 Pred   97 ms Sync   15 ms | Sent   864 kB Recv  1191 kB | -tree
🔶 Pred   96 ms Sync   16 ms | Sent   864 kB Recv  1191 kB |  implementation
🔶 Pred   96 ms Sync   16 ms | Sent   864 kB Recv  1191 kB | ,
🔶 Pred   95 ms Sync   16 ms | Sent   864 kB Recv  1191 kB |  each
🔶 Pred   95 ms Sync   16 ms | Sent   864 kB Recv  1191 kB |  node
🔶 Pred   96 ms Sync   16 ms | Sent   864 kB Recv  1191 kB |  has
🔶 Pred   95 ms Sync   16 ms | Sent   864 kB Recv  1191 kB |  left
🔶 Pred   96 ms Sync   16 ms | Sent   864 kB Recv  1191 kB |  and
🔶 Pred   95 ms Sync   16 ms | Sent   864 kB Recv  1191 kB |  right
🔶 Pred   96 ms Sync   17 ms | Sent   864 kB Recv  1191 kB |  children
🔶 Pred   96 ms Sync   15 ms | Sent   864 kB Recv  1191 kB | ,
🔶 Pred   96 ms Sync   15 ms | Sent   864 kB Recv  1191 kB |  and
🔶 Pred   96 ms Sync   15 ms | Sent   864 kB Recv  1191 kB |  a
🔶 Pred   96 ms Sync   15 ms | Sent   864 kB Recv  1191 kB |  parent
🔶 Pred   95 ms Sync   18 ms | Sent   864 kB Recv  1191 kB |  pointer
🔶 Pred   96 ms Sync   16 ms | Sent   864 kB Recv  1191 kB | .
🔶 Pred   95 ms Sync   17 ms | Sent   864 kB Recv  1191 kB |  But
🔶 Pred  131 ms Sync   26 ms | Sent   864 kB Recv  1191 kB |  in
🔶 Pred  121 ms Sync   52 ms | Sent   864 kB Recv  1191 kB |  Python
🔶 Pred  103 ms Sync   14 ms | Sent   864 kB Recv  1191 kB | ,
🔶 Pred  111 ms Sync   38 ms | Sent   864 kB Recv  1191 kB |  using
🔶 Pred   97 ms Sync   18 ms | Sent   864 kB Recv  1191 kB |  objects
🔶 Pred   95 ms Sync   18 ms | Sent   864 kB Recv  1191 kB |  with
🔶 Pred   96 ms Sync   16 ms | Sent   864 kB Recv  1191 kB |  attributes
🔶 Pred   97 ms Sync   15 ms | Sent   864 kB Recv  1191 kB |  might
🔶 Pred  136 ms Sync   17 ms | Sent   864 kB Recv  1191 kB |  be
🔶 Pred  125 ms Sync   14 ms | Sent   864 kB Recv  1191 kB |  more
🔶 Pred   98 ms Sync   15 ms | Sent   864 kB Recv  1191 kB |  straightforward
🔶 Pred   96 ms Sync   15 ms | Sent   864 kB Recv  1191 kB | .
🔶 Pred   96 ms Sync   16 ms | Sent   864 kB Recv  1191 kB |  Alternatively
🔶 Pred   95 ms Sync   17 ms | Sent   864 kB Recv  1191 kB | ,
🔶 Pred   97 ms Sync   15 ms | Sent   864 kB Recv  1191 kB |  I
🔶 Pred   96 ms Sync   16 ms | Sent   864 kB Recv  1191 kB |  can
🔶 Pred   96 ms Sync   17 ms | Sent   864 kB Recv  1191 kB |  represent
🔶 Pred   96 ms Sync   17 ms | Sent   864 kB Recv  1191 kB |  the
🔶 Pred   96 ms Sync   16 ms | Sent   864 kB Recv  1191 kB |  tree
🔶 Pred   96 ms Sync   16 ms | Sent   864 kB Recv  1191 kB |  using
🔶 Pred   98 ms Sync   14 ms | Sent   864 kB Recv  1191 kB |  a
🔶 Pred   96 ms Sync   16 ms | Sent   864 kB Recv  1191 kB |  dictionary
🔶 Pred   96 ms Sync   17 ms | Sent   864 kB Recv  1191 kB |  where
🔶 Pred   96 ms Sync   16 ms | Sent   864 kB Recv  1191 kB |  each
🔶 Pred   96 ms Sync   15 ms | Sent   864 kB Recv  1191 kB |  key
🔶 Pred  168 ms Sync   50 ms | Sent   864 kB Recv  1191 kB |  is
🔶 Pred   97 ms Sync   16 ms | Sent   864 kB Recv  1191 kB |  a
🔶 Pred  115 ms Sync   32 ms | Sent   864 kB Recv  1191 kB |  node
🔶 Pred   96 ms Sync   16 ms | Sent   864 kB Recv  1191 kB | ,
🔶 Pred   96 ms Sync   15 ms | Sent   864 kB Recv  1191 kB |  and
🔶 Pred   97 ms Sync   15 ms | Sent   864 kB Recv  1191 kB |  the
🔶 Pred   97 ms Sync   15 ms | Sent   864 kB Recv  1191 kB |  value
🔶 Pred   97 ms Sync   15 ms | Sent   864 kB Recv  1191 kB |  is
🔶 Pred   98 ms Sync   15 ms | Sent   864 kB Recv  1191 kB |  another
🔶 Pred   96 ms Sync   16 ms | Sent   864 kB Recv  1191 kB |  dictionary
🔶 Pred   96 ms Sync   16 ms | Sent   864 kB Recv  1191 kB |  containing
🔶 Pred   96 ms Sync   15 ms | Sent   864 kB Recv  1191 kB |  '
🔶 Pred   95 ms Sync   16 ms | Sent   864 kB Recv  1191 kB | left
🔶 Pred   96 ms Sync   15 ms | Sent   864 kB Recv  1191 kB | ',
🔶 Pred   96 ms Sync   15 ms | Sent   864 kB Recv  1191 kB |  '
🔶 Pred   96 ms Sync   15 ms | Sent   864 kB Recv  1191 kB | right
🔶 Pred   98 ms Sync   15 ms | Sent   864 kB Recv  1191 kB | ',
🔶 Pred   98 ms Sync   16 ms | Sent   864 kB Recv  1191 kB |  and
🔶 Pred   98 ms Sync   16 ms | Sent   864 kB Recv  1191 kB |  '
🔶 Pred   99 ms Sync   16 ms | Sent   864 kB Recv  1191 kB | parent
🔶 Pred   99 ms Sync   22 ms | Sent   864 kB Recv  1191 kB | '
🔶 Pred   95 ms Sync   23 ms | Sent   864 kB Recv  1191 kB |  pointers
🔶 Pred   97 ms Sync   21 ms | Sent   864 kB Recv  1191 kB | ,
🔶 Pred   96 ms Sync   18 ms | Sent   864 kB Recv  1191 kB |  along
🔶 Pred  129 ms Sync   22 ms | Sent   864 kB Recv  1191 kB |  with
🔶 Pred   98 ms Sync  141 ms | Sent   864 kB Recv  1191 kB |  the
🔶 Pred   97 ms Sync   22 ms | Sent   864 kB Recv  1191 kB |  node
🔶 Pred  137 ms Sync   25 ms | Sent   864 kB Recv  1191 kB | 's
🔶 Pred   96 ms Sync   16 ms | Sent   864 kB Recv  1191 kB |  key
🔶 Pred   98 ms Sync   15 ms | Sent   864 kB Recv  1191 kB |  and
🔶 Pred   98 ms Sync   14 ms | Sent   864 kB Recv  1191 kB |  maybe
🔶 Pred   96 ms Sync   15 ms | Sent   864 kB Recv  1191 kB |  other
🔶 Pred   97 ms Sync   15 ms | Sent   864 kB Recv  1191 kB |  info
🔶 Pred   97 ms Sync   15 ms | Sent   864 kB Recv  1191 kB | .


🔶 Pred   97 ms Sync   15 ms | Sent   864 kB Recv  1191 kB | Hmm
🔶 Pred  111 ms Sync   20 ms | Sent   864 kB Recv  1191 kB | ,
🔶 Pred   96 ms Sync   16 ms | Sent   864 kB Recv  1191 kB |  but
🔶 Pred   97 ms Sync   17 ms | Sent   864 kB Recv  1191 kB |  for
🔶 Pred   98 ms Sync   15 ms | Sent   864 kB Recv  1191 kB |  efficiency
🔶 Pred   97 ms Sync   16 ms | Sent   864 kB Recv  1191 kB | ,
🔶 Pred   97 ms Sync   15 ms | Sent   864 kB Recv  1191 kB |  perhaps
🔶 Pred   97 ms Sync   15 ms | Sent   864 kB Recv  1191 kB |  using
🔶 Pred   97 ms Sync   16 ms | Sent   864 kB Recv  1191 kB |  a
🔶 Pred   96 ms Sync   16 ms | Sent   864 kB Recv  1191 kB |  class
🔶 Pred   98 ms Sync   16 ms | Sent   864 kB Recv  1191 kB | -based
🔶 Pred   97 ms Sync   15 ms | Sent   864 kB Recv  1191 kB |  approach
🔶 Pred   97 ms Sync   17 ms | Sent   864 kB Recv  1191 kB |  with
🔶 Pred   97 ms Sync   16 ms | Sent   864 kB Recv  1191 kB |  nodes
🔶 Pred   97 ms Sync   15 ms | Sent   864 kB Recv  1191 kB |  as
🔶 Pred  156 ms Sync   86 ms | Sent   864 kB Recv  1191 kB |  objects
🔶 Pred   98 ms Sync   16 ms | Sent   864 kB Recv  1191 kB |  would
🔶 Pred  118 ms Sync   32 ms | Sent   864 kB Recv  1191 kB |  be
🔶 Pred   97 ms Sync   27 ms | Sent   864 kB Recv  1191 kB |  better
🔶 Pred   96 ms Sync   17 ms | Sent   864 kB Recv  1191 kB | .
🔶 Pred   97 ms Sync   16 ms | Sent   864 kB Recv  1191 kB |  So
🔶 Pred   99 ms Sync   15 ms | Sent   864 kB Recv  1191 kB | ,
🔶 Pred   97 ms Sync   16 ms | Sent   864 kB Recv  1191 kB |  I
🔶 Pred   96 ms Sync   17 ms | Sent   864 kB Recv  1191 kB | 'll
🔶 Pred   97 ms Sync   15 ms | Sent   864 kB Recv  1191 kB |  create
🔶 Pred   97 ms Sync   16 ms | Sent   864 kB Recv  1191 kB |  a
🔶 Pred   96 ms Sync   17 ms | Sent   864 kB Recv  1191 kB |  Node
🔶 Pred   97 ms Sync   15 ms | Sent   864 kB Recv  1191 kB |  class
🔶 Pred   97 ms Sync   16 ms | Sent   864 kB Recv  1191 kB |  with
🔶 Pred   97 ms Sync   17 ms | Sent   864 kB Recv  1191 kB |  attributes
🔶 Pred   97 ms Sync   16 ms | Sent   864 kB Recv  1191 kB | :
🔶 Pred  146 ms Sync   14 ms | Sent   864 kB Recv  1191 kB |  key
🔶 Pred  128 ms Sync   20 ms | Sent   864 kB Recv  1191 kB | ,
🔶 Pred   98 ms Sync   15 ms | Sent   864 kB Recv  1191 kB |  left
🔶 Pred   97 ms Sync   15 ms | Sent   864 kB Recv  1191 kB | ,
🔶 Pred   97 ms Sync   16 ms | Sent   864 kB Recv  1191 kB |  right
🔶 Pred   97 ms Sync   16 ms | Sent   864 kB Recv  1191 kB | ,
🔶 Pred   97 ms Sync   16 ms | Sent   864 kB Recv  1191 kB |  and
🔶 Pred   96 ms Sync   18 ms | Sent   864 kB Recv  1191 kB |  parent
🔶 Pred  160 ms Sync   65 ms | Sent   864 kB Recv  1191 kB | .


🔶 Pred   97 ms Sync   16 ms | Sent   864 kB Recv  1191 kB | Wait
🔶 Pred  111 ms Sync   51 ms | Sent   864 kB Recv  1191 kB | ,
🔶 Pred   98 ms Sync   15 ms | Sent   864 kB Recv  1191 kB |  but
🔶 Pred   97 ms Sync   16 ms | Sent   864 kB Recv  1191 kB |  in
🔶 Pred   97 ms Sync   16 ms | Sent   864 kB Recv  1191 kB |  Python
🔶 Pred  103 ms Sync   15 ms | Sent   864 kB Recv  1191 kB | ,
🔶 Pred   99 ms Sync   16 ms | Sent   864 kB Recv  1191 kB |  using
🔶 Pred   99 ms Sync   16 ms | Sent   864 kB Recv  1191 kB |  a
🔶 Pred   97 ms Sync   16 ms | Sent   864 kB Recv  1191 kB |  class
🔶 Pred   98 ms Sync   15 ms | Sent   864 kB Recv  1191 kB |  for
🔶 Pred   96 ms Sync   16 ms | Sent   864 kB Recv  1191 kB |  each
🔶 Pred   97 ms Sync   15 ms | Sent   864 kB Recv  1191 kB |  node
🔶 Pred   97 ms Sync   16 ms | Sent   864 kB Recv  1191 kB |  might
🔶 Pred   97 ms Sync   16 ms | Sent   864 kB Recv  1191 kB |  comp
🔶 Pred   98 ms Sync   15 ms | Sent   864 kB Recv  1191 kB | licate
🔶 Pred   98 ms Sync   17 ms | Sent   864 kB Recv  1191 kB |  things
🔶 Pred   97 ms Sync   16 ms | Sent   864 kB Recv  1191 kB |  a
🔶 Pred   98 ms Sync   15 ms | Sent   864 kB Recv  1191 kB |  bit
🔶 Pred   98 ms Sync   16 ms | Sent   864 kB Recv  1191 kB | ,
🔶 Pred   98 ms Sync   15 ms | Sent   864 kB Recv  1191 kB |  especially
🔶 Pred   97 ms Sync   17 ms | Sent   864 kB Recv  1191 kB |  when
🔶 Pred   97 ms Sync   16 ms | Sent   864 kB Recv  1191 kB |  dealing
🔶 Pred   97 ms Sync   17 ms | Sent   864 kB Recv  1191 kB |  with
🔶 Pred  130 ms Sync   37 ms | Sent   864 kB Recv  1191 kB |  the
🔶 Pred  112 ms Sync   47 ms | Sent   864 kB Recv  1191 kB |  tree
🔶 Pred   97 ms Sync   16 ms | Sent   864 kB Recv  1191 kB | 's
🔶 Pred  114 ms Sync   43 ms | Sent   864 kB Recv  1191 kB |  structure
🔶 Pred   99 ms Sync   15 ms | Sent   864 kB Recv  1191 kB | .
🔶 Pred   97 ms Sync   18 ms | Sent   864 kB Recv  1191 kB |  Alternatively
🔶 Pred   99 ms Sync   15 ms | Sent   864 kB Recv  1191 kB | ,
🔶 Pred   97 ms Sync   16 ms | Sent   864 kB Recv  1191 kB |  I
🔶 Pred  142 ms Sync   21 ms | Sent   864 kB Recv  1191 kB |  can
🔶 Pred  126 ms Sync   15 ms | Sent   864 kB Recv  1191 kB |  represent
🔶 Pred   98 ms Sync   16 ms | Sent   864 kB Recv  1191 kB |  the
🔶 Pred   97 ms Sync   16 ms | Sent   864 kB Recv  1191 kB |  tree
🔶 Pred   97 ms Sync   16 ms | Sent   864 kB Recv  1191 kB |  as
🔶 Pred   97 ms Sync   17 ms | Sent   864 kB Recv  1191 kB |  a
🔶 Pred   98 ms Sync   16 ms | Sent   864 kB Recv  1191 kB |  dictionary
🔶 Pred   98 ms Sync   16 ms | Sent   864 kB Recv  1191 kB |  where
🔶 Pred   97 ms Sync   17 ms | Sent   864 kB Recv  1191 kB |  each
🔶 Pred   97 ms Sync   17 ms | Sent   864 kB Recv  1191 kB |  key
🔶 Pred   98 ms Sync   15 ms | Sent   864 kB Recv  1191 kB |  is
🔶 Pred  111 ms Sync   26 ms | Sent   864 kB Recv  1191 kB |  a
🔶 Pred   98 ms Sync   16 ms | Sent   864 kB Recv  1191 kB |  node
🔶 Pred   97 ms Sync   17 ms | Sent   864 kB Recv  1191 kB |  identifier
🔶 Pred   98 ms Sync   16 ms | Sent   864 kB Recv  1191 kB | ,
🔶 Pred   98 ms Sync   15 ms | Sent   864 kB Recv  1191 kB |  and
🔶 Pred  129 ms Sync   98 ms | Sent   864 kB Recv  1191 kB |  the
🔶 Pred   99 ms Sync   87 ms | Sent   864 kB Recv  1191 kB |  value
🔶 Pred  119 ms Sync   61 ms | Sent   864 kB Recv  1191 kB |  is
🔶 Pred   99 ms Sync   16 ms | Sent   864 kB Recv  1191 kB |  a
🔶 Pred   98 ms Sync   16 ms | Sent   864 kB Recv  1191 kB |  dictionary
🔶 Pred   98 ms Sync   15 ms | Sent   864 kB Recv  1191 kB |  containing
🔶 Pred   99 ms Sync   16 ms | Sent   864 kB Recv  1191 kB |  '
🔶 Pred   98 ms Sync   16 ms | Sent   864 kB Recv  1191 kB | key
🔶 Pred   98 ms Sync   16 ms | Sent   864 kB Recv  1191 kB | ',
🔶 Pred   98 ms Sync   16 ms | Sent   864 kB Recv  1191 kB |  '
🔶 Pred   97 ms Sync   16 ms | Sent   864 kB Recv  1191 kB | left
🔶 Pred   98 ms Sync   18 ms | Sent   864 kB Recv  1191 kB | ',
🔶 Pred   98 ms Sync   16 ms | Sent   864 kB Recv  1191 kB |  '
🔶 Pred   98 ms Sync   16 ms | Sent   864 kB Recv  1191 kB | right
🔶 Pred   98 ms Sync   16 ms | Sent   864 kB Recv  1191 kB | ',
🔶 Pred   98 ms Sync   16 ms | Sent   864 kB Recv  1191 kB |  and
🔶 Pred   97 ms Sync   17 ms | Sent   864 kB Recv  1191 kB |  '
🔶 Pred   98 ms Sync   15 ms | Sent   864 kB Recv  1191 kB | parent
🔶 Pred   98 ms Sync   17 ms | Sent   864 kB Recv  1191 kB | '.
🔶 Pred   98 ms Sync   18 ms | Sent   864 kB Recv  1191 kB |  But
🔶 Pred   98 ms Sync   16 ms | Sent   864 kB Recv  1191 kB |  that
🔶 Pred   97 ms Sync   18 ms | Sent   864 kB Recv  1191 kB |  might
🔶 Pred   98 ms Sync   17 ms | Sent   864 kB Recv  1191 kB |  get
🔶 Pred   99 ms Sync   16 ms | Sent   864 kB Recv  1191 kB |  a
🔶 Pred  249 ms Sync   57 ms | Sent   864 kB Recv  1191 kB |  bit
🔶 Pred  114 ms Sync  115 ms | Sent   864 kB Recv  1191 kB |  messy
🔶 Pred   98 ms Sync   16 ms | Sent   864 kB Recv  1191 kB | .


🔶 Pred   98 ms Sync   17 ms | Sent   864 kB Recv  1191 kB | Alternatively
🔶 Pred   99 ms Sync   21 ms | Sent   864 kB Recv  1191 kB | ,
🔶 Pred   99 ms Sync   16 ms | Sent   864 kB Recv  1191 kB |  I
🔶 Pred   98 ms Sync   16 ms | Sent   864 kB Recv  1191 kB |  can
🔶 Pred   98 ms Sync   15 ms | Sent   864 kB Recv  1191 kB |  use
🔶 Pred   98 ms Sync   15 ms | Sent   864 kB Recv  1191 kB |  a
🔶 Pred   98 ms Sync   16 ms | Sent   864 kB Recv  1191 kB |  more
🔶 Pred   98 ms Sync   16 ms | Sent   864 kB Recv  1191 kB |  efficient
🔶 Pred   99 ms Sync   15 ms | Sent   864 kB Recv  1191 kB |  data
🔶 Pred   98 ms Sync   20 ms | Sent   864 kB Recv  1191 kB |  structure
🔶 Pred   98 ms Sync   16 ms | Sent   864 kB Recv  1191 kB | ,
🔶 Pred   97 ms Sync   17 ms | Sent   864 kB Recv  1191 kB |  perhaps
🔶 Pred   98 ms Sync   16 ms | Sent   864 kB Recv  1191 kB |  a
🔶 Pred   98 ms Sync   16 ms | Sent   864 kB Recv  1191 kB |  list
🔶 Pred   99 ms Sync   15 ms | Sent   864 kB Recv  1191 kB |  of
🔶 Pred  107 ms Sync   13 ms | Sent   864 kB Recv  1191 kB |  dictionaries
🔶 Pred  110 ms Sync   12 ms | Sent   864 kB Recv  1191 kB | ,
🔶 Pred  104 ms Sync   14 ms | Sent   864 kB Recv  1191 kB |  but
🔶 Pred  100 ms Sync   15 ms | Sent   864 kB Recv  1191 kB |  that
🔶 Pred   99 ms Sync   17 ms | Sent   864 kB Recv  1191 kB |  might
🔶 Pred  141 ms Sync   57 ms | Sent   864 kB Recv  1191 kB |  comp
🔶 Pred  140 ms Sync   17 ms | Sent   864 kB Recv  1191 kB | licate
🔶 Pred  100 ms Sync   25 ms | Sent   864 kB Recv  1191 kB |  the
🔶 Pred  110 ms Sync   37 ms | Sent   864 kB Recv  1191 kB |  indexing
🔶 Pred   99 ms Sync   16 ms | Sent   864 kB Recv  1191 kB | .
🔶 Pred   99 ms Sync   16 ms | Sent   864 kB Recv  1191 kB |  Hmm
🔶 Pred   99 ms Sync   15 ms | Sent   864 kB Recv  1191 kB | .


🔶 Pred   99 ms Sync   15 ms | Sent   864 kB Recv  1191 kB | Wait
🔶 Pred   99 ms Sync   15 ms | Sent   864 kB Recv  1191 kB | ,
🔶 Pred   99 ms Sync   15 ms | Sent   864 kB Recv  1191 kB |  perhaps
🔶 Pred   99 ms Sync   15 ms | Sent   864 kB Recv  1191 kB |  using
🔶 Pred   98 ms Sync   16 ms | Sent   864 kB Recv  1191 kB |  a
🔶 Pred   98 ms Sync   17 ms | Sent   864 kB Recv  1191 kB |  dictionary
🔶 Pred   98 ms Sync   16 ms | Sent   864 kB Recv  1191 kB |  where
🔶 Pred   99 ms Sync   16 ms | Sent   864 kB Recv  1191 kB |  each
🔶 Pred   99 ms Sync   15 ms | Sent   864 kB Recv  1191 kB |  node
🔶 Pred  137 ms Sync   22 ms | Sent   864 kB Recv  1191 kB |  is
🔶 Pred  126 ms Sync   17 ms | Sent   864 kB Recv  1191 kB |  identified
🔶 Pred   99 ms Sync   17 ms | Sent   864 kB Recv  1191 kB |  by
🔶 Pred  100 ms Sync   16 ms | Sent   864 kB Recv  1191 kB |  an
🔶 Pred   98 ms Sync   16 ms | Sent   864 kB Recv  1191 kB |  integer
🔶 Pred   98 ms Sync   16 ms | Sent   864 kB Recv  1191 kB |  key
🔶 Pred  100 ms Sync   15 ms | Sent   864 kB Recv  1191 kB | ,
🔶 Pred   99 ms Sync   15 ms | Sent   864 kB Recv  1191 kB |  and
🔶 Pred  172 ms Sync   62 ms | Sent   864 kB Recv  1191 kB |  each
🔶 Pred   99 ms Sync   16 ms | Sent   864 kB Recv  1191 kB |  node
🔶 Pred  114 ms Sync   54 ms | Sent   864 kB Recv  1191 kB | 's
🔶 Pred  100 ms Sync   15 ms | Sent   864 kB Recv  1191 kB |  value
🔶 Pred   99 ms Sync   17 ms | Sent   864 kB Recv  1191 kB |  is
🔶 Pred  100 ms Sync   15 ms | Sent   864 kB Recv  1191 kB |  another
🔶 Pred   99 ms Sync   15 ms | Sent   864 kB Recv  1191 kB |  dictionary
🔶 Pred   99 ms Sync   15 ms | Sent   864 kB Recv  1191 kB |  with
🔶 Pred   98 ms Sync   16 ms | Sent   864 kB Recv  1191 kB |  '
🔶 Pred  100 ms Sync   15 ms | Sent   864 kB Recv  1191 kB | key
🔶 Pred   99 ms Sync   15 ms | Sent   864 kB Recv  1191 kB | ',
🔶 Pred   99 ms Sync   16 ms | Sent   864 kB Recv  1191 kB |  '
🔶 Pred   99 ms Sync   16 ms | Sent   864 kB Recv  1191 kB | left
🔶 Pred  102 ms Sync   15 ms | Sent   864 kB Recv  1191 kB | ',
🔶 Pred  100 ms Sync   17 ms | Sent   864 kB Recv  1191 kB |  '
🔶 Pred  101 ms Sync   16 ms | Sent   864 kB Recv  1191 kB | right
🔶 Pred   99 ms Sync   17 ms | Sent   864 kB Recv  1191 kB | ',
🔶 Pred   99 ms Sync   15 ms | Sent   864 kB Recv  1191 kB |  and
🔶 Pred  100 ms Sync   15 ms | Sent   864 kB Recv  1191 kB |  '
🔶 Pred   98 ms Sync   16 ms | Sent   864 kB Recv  1191 kB | parent
🔶 Pred   98 ms Sync   17 ms | Sent   864 kB Recv  1191 kB | '
🔶 Pred   99 ms Sync   17 ms | Sent   864 kB Recv  1191 kB |  pointers
🔶 Pred   99 ms Sync   16 ms | Sent   864 kB Recv  1191 kB | .
🔶 Pred   99 ms Sync   17 ms | Sent   864 kB Recv  1191 kB |  That
🔶 Pred  149 ms Sync   91 ms | Sent   864 kB Recv  1191 kB |  could
🔶 Pred  100 ms Sync   16 ms | Sent   864 kB Recv  1191 kB |  work
🔶 Pred  113 ms Sync   42 ms | Sent   864 kB Recv  1191 kB | .


🔶 Pred  100 ms Sync   16 ms | Sent   864 kB Recv  1191 kB | But
🔶 Pred   99 ms Sync   17 ms | Sent   864 kB Recv  1191 kB |  for
🔶 Pred   99 ms Sync   16 ms | Sent   864 kB Recv  1191 kB |  the
🔶 Pred  100 ms Sync   15 ms | Sent   864 kB Recv  1191 kB |  tree
🔶 Pred  140 ms Sync   13 ms | Sent   864 kB Recv  1191 kB |  structure
🔶 Pred  128 ms Sync   15 ms | Sent   864 kB Recv  1191 kB | ,
🔶 Pred  100 ms Sync   15 ms | Sent   864 kB Recv  1191 kB |  the
🔶 Pred   99 ms Sync   16 ms | Sent   864 kB Recv  1191 kB |  root
🔶 Pred   99 ms Sync   16 ms | Sent   864 kB Recv  1191 kB |  is
🔶 Pred   99 ms Sync   16 ms | Sent   864 kB Recv  1191 kB |  a
🔶 Pred   98 ms Sync   17 ms | Sent   864 kB Recv  1191 kB |  special
🔶 Pred   99 ms Sync   16 ms | Sent   864 kB Recv  1191 kB |  node
🔶 Pred   99 ms Sync   16 ms | Sent   864 kB Recv  1191 kB | ,
🔶 Pred   99 ms Sync   17 ms | Sent   864 kB Recv  1191 kB |  perhaps
🔶 Pred  100 ms Sync   15 ms | Sent   864 kB Recv  1191 kB |  with
🔶 Pred   99 ms Sync   15 ms | Sent   864 kB Recv  1191 kB |  a
🔶 Pred   99 ms Sync   16 ms | Sent   864 kB Recv  1191 kB |  key
🔶 Pred   99 ms Sync   16 ms | Sent   864 kB Recv  1191 kB |  of
🔶 Pred   99 ms Sync   17 ms | Sent   864 kB Recv  1191 kB |  None
🔶 Pred   98 ms Sync   17 ms | Sent   864 kB Recv  1191 kB |  or
🔶 Pred  100 ms Sync   18 ms | Sent   864 kB Recv  1191 kB |  
🔶 Pred  156 ms Sync   74 ms | Sent   864 kB Recv  1191 kB | 0
🔶 Pred  100 ms Sync   16 ms | Sent   864 kB Recv  1191 kB | ,
🔶 Pred  115 ms Sync   41 ms | Sent   864 kB Recv  1191 kB |  and
🔶 Pred   99 ms Sync   16 ms | Sent   864 kB Recv  1191 kB |  its
🔶 Pred   99 ms Sync   17 ms | Sent   864 kB Recv  1191 kB |  left
🔶 Pred   99 ms Sync   16 ms | Sent   864 kB Recv  1191 kB |  and
🔶 Pred  101 ms Sync   15 ms | Sent   864 kB Recv  1191 kB |  right
🔶 Pred   99 ms Sync   15 ms | Sent   864 kB Recv  1191 kB |  children
🔶 Pred   98 ms Sync   17 ms | Sent   864 kB Recv  1191 kB |  are
🔶 Pred   99 ms Sync   16 ms | Sent   864 kB Recv  1191 kB |  the
🔶 Pred   98 ms Sync   17 ms | Sent   864 kB Recv  1191 kB |  first
🔶 Pred  100 ms Sync   15 ms | Sent   864 kB Recv  1191 kB |  level
🔶 Pred   99 ms Sync   17 ms | Sent   864 kB Recv  1191 kB |  of
🔶 Pred  100 ms Sync   16 ms | Sent   864 kB Recv  1191 kB |  nodes
🔶 Pred   98 ms Sync   16 ms | Sent   864 kB Recv  1191 kB | .


🔶 Pred  100 ms Sync   16 ms | Sent   864 kB Recv  1191 kB | Wait
🔶 Pred  100 ms Sync   16 ms | Sent   864 kB Recv  1191 kB | ,
🔶 Pred   99 ms Sync   16 ms | Sent   864 kB Recv  1191 kB |  but
🔶 Pred  100 ms Sync   15 ms | Sent   864 kB Recv  1191 kB |  in
🔶 Pred   99 ms Sync   15 ms | Sent   864 kB Recv  1191 kB |  a
🔶 Pred   99 ms Sync   16 ms | Sent   864 kB Recv  1191 kB |  B
🔶 Pred  100 ms Sync   17 ms | Sent   864 kB Recv  1191 kB | -tree
🔶 Pred   99 ms Sync   16 ms | Sent   864 kB Recv  1191 kB | ,
🔶 Pred   99 ms Sync   17 ms | Sent   864 kB Recv  1191 kB |  the
🔶 Pred  198 ms Sync   47 ms | Sent   864 kB Recv  1191 kB |  root
🔶 Pred  106 ms Sync   15 ms | Sent   864 kB Recv  1191 kB |  can
🔶 Pred  120 ms Sync   50 ms | Sent   864 kB Recv  1191 kB |  have
🔶 Pred  100 ms Sync   18 ms | Sent   864 kB Recv  1191 kB |  up
🔶 Pred  101 ms Sync   17 ms | Sent   864 kB Recv  1191 kB |  to
🔶 Pred  104 ms Sync   28 ms | Sent   864 kB Recv  1191 kB |  '
🔶 Pred  102 ms Sync   46 ms | Sent   864 kB Recv  1191 kB | order
🔶 Pred   99 ms Sync   16 ms | Sent   864 kB Recv  1191 kB | '
🔶 Pred   99 ms Sync   16 ms | Sent   864 kB Recv  1191 kB |  keys
🔶 Pred  100 ms Sync   16 ms | Sent   864 kB Recv  1191 kB | .
🔶 Pred  101 ms Sync   18 ms | Sent   864 kB Recv  1191 kB |  So
🔶 Pred  100 ms Sync   15 ms | Sent   864 kB Recv  1191 kB | ,
🔶 Pred   99 ms Sync   16 ms | Sent   864 kB Recv  1191 kB |  for
🔶 Pred  100 ms Sync   16 ms | Sent   864 kB Recv  1191 kB |  order
🔶 Pred  100 ms Sync   15 ms | Sent   864 kB Recv  1191 kB |  
🔶 Pred   99 ms Sync   16 ms | Sent   864 kB Recv  1191 kB | 3
🔶 Pred   99 ms Sync   17 ms | Sent   864 kB Recv  1191 kB | ,
🔶 Pred  100 ms Sync   16 ms | Sent   864 kB Recv  1191 kB |  the
🔶 Pred  100 ms Sync   15 ms | Sent   864 kB Recv  1191 kB |  root
🔶 Pred  100 ms Sync   15 ms | Sent   864 kB Recv  1191 kB |  can
🔶 Pred   99 ms Sync   17 ms | Sent   864 kB Recv  1191 kB |  have
🔶 Pred  100 ms Sync   16 ms | Sent   864 kB Recv  1191 kB |  up
🔶 Pred   99 ms Sync   16 ms | Sent   864 kB Recv  1191 kB |  to
🔶 Pred  100 ms Sync   17 ms | Sent   864 kB Recv  1191 kB |  
🔶 Pred  177 ms Sync   62 ms | Sent   864 kB Recv  1191 kB | 3
🔶 Pred  100 ms Sync   16 ms | Sent   864 kB Recv  1191 kB |  keys
🔶 Pred  118 ms Sync   51 ms | Sent   864 kB Recv  1191 kB | .
🔶 Pred  101 ms Sync   15 ms | Sent   864 kB Recv  1191 kB |  Each
🔶 Pred  100 ms Sync   16 ms | Sent   864 kB Recv  1191 kB |  of
🔶 Pred  102 ms Sync   15 ms | Sent   864 kB Recv  1191 kB |  those
🔶 Pred  100 ms Sync   16 ms | Sent   864 kB Recv  1191 kB |  keys
🔶 Pred  101 ms Sync   15 ms | Sent   864 kB Recv  1191 kB |  would
🔶 Pred  100 ms Sync   16 ms | Sent   864 kB Recv  1191 kB |  then
🔶 Pred  100 ms Sync   16 ms | Sent   864 kB Recv  1191 kB |  have
🔶 Pred  100 ms Sync   16 ms | Sent   864 kB Recv  1191 kB |  their
🔶 Pred  101 ms Sync   17 ms | Sent   864 kB Recv  1191 kB |  own
🔶 Pred  101 ms Sync   16 ms | Sent   864 kB Recv  1191 kB |  left
🔶 Pred  101 ms Sync   16 ms | Sent   864 kB Recv  1191 kB |  and
🔶 Pred  101 ms Sync   15 ms | Sent   864 kB Recv  1191 kB |  right
🔶 Pred  153 ms Sync   12 ms | Sent   864 kB Recv  1191 kB |  children
🔶 Pred  192 ms Sync   16 ms | Sent   864 kB Recv  1191 kB | ,
🔶 Pred  100 ms Sync   18 ms | Sent   864 kB Recv  1191 kB |  which
🔶 Pred  100 ms Sync   16 ms | Sent   864 kB Recv  1191 kB |  can
🔶 Pred  100 ms Sync   18 ms | Sent   864 kB Recv  1191 kB |  have
🔶 Pred  100 ms Sync   15 ms | Sent   864 kB Recv  1191 kB |  up
🔶 Pred  100 ms Sync   17 ms | Sent   864 kB Recv  1191 kB |  to
🔶 Pred  133 ms Sync   46 ms | Sent   864 kB Recv  1191 kB |  
🔶 Pred  120 ms Sync   35 ms | Sent   864 kB Recv  1191 kB | 2
🔶 Pred  102 ms Sync   16 ms | Sent   864 kB Recv  1191 kB |  keys
🔶 Pred  121 ms Sync   34 ms | Sent   864 kB Recv  1191 kB |  each
🔶 Pred  101 ms Sync   16 ms | Sent   864 kB Recv  1191 kB | ,
🔶 Pred  100 ms Sync   17 ms | Sent   864 kB Recv  1191 kB |  and
🔶 Pred  101 ms Sync   16 ms | Sent   864 kB Recv  1191 kB |  so
🔶 Pred  101 ms Sync   17 ms | Sent   864 kB Recv  1191 kB |  on
🔶 Pred  101 ms Sync   16 ms | Sent   864 kB Recv  1191 kB | .


🔶 Pred  101 ms Sync   15 ms | Sent   864 kB Recv  1191 kB | So
🔶 Pred  140 ms Sync   24 ms | Sent   864 kB Recv  1191 kB | ,
🔶 Pred  100 ms Sync   16 ms | Sent   864 kB Recv  1191 kB |  the
🔶 Pred  100 ms Sync   16 ms | Sent   864 kB Recv  1191 kB |  initial
🔶 Pred  101 ms Sync   17 ms | Sent   864 kB Recv  1191 kB |  structure
🔶 Pred  100 ms Sync   16 ms | Sent   864 kB Recv  1191 kB |  would
🔶 Pred  101 ms Sync   16 ms | Sent   864 kB Recv  1191 kB |  be
🔶 Pred  100 ms Sync   16 ms | Sent   864 kB Recv  1191 kB | :


🔶 Pred  101 ms Sync   15 ms | Sent   864 kB Recv  1191 kB | -
🔶 Pred  102 ms Sync   16 ms | Sent   864 kB Recv  1191 kB |  Root
🔶 Pred  100 ms Sync   16 ms | Sent   864 kB Recv  1191 kB |  node
🔶 Pred  100 ms Sync   20 ms | Sent   864 kB Recv  1191 kB |  (
🔶 Pred  102 ms Sync   19 ms | Sent   864 kB Recv  1191 kB | let
🔶 Pred  102 ms Sync   19 ms | Sent   864 kB Recv  1191 kB | 's
🔶 Pred  102 ms Sync   16 ms | Sent   864 kB Recv  1191 kB |  say
🔶 Pred  165 ms Sync   70 ms | Sent   864 kB Recv  1191 kB |  node
🔶 Pred  102 ms Sync   15 ms | Sent   864 kB Recv  1191 kB |  
🔶 Pred  119 ms Sync   57 ms | Sent   864 kB Recv  1191 kB | 0
🔶 Pred  109 ms Sync   16 ms | Sent   864 kB Recv  1191 kB | )
🔶 Pred  101 ms Sync   16 ms | Sent   864 kB Recv  1191 kB |  has
🔶 Pred  102 ms Sync   15 ms | Sent   864 kB Recv  1191 kB |  left
🔶 Pred  102 ms Sync   16 ms | Sent   864 kB Recv  1191 kB |  and
🔶 Pred  156 ms Sync   12 ms | Sent   864 kB Recv  1191 kB |  right
🔶 Pred  137 ms Sync   20 ms | Sent   864 kB Recv  1191 kB |  children
🔶 Pred  106 ms Sync   13 ms | Sent   864 kB Recv  1191 kB | .

🔶 Pred  103 ms Sync   14 ms | Sent   864 kB Recv  1191 kB | -
🔶 Pred  100 ms Sync   20 ms | Sent   864 kB Recv  1191 kB |  Each
🔶 Pred  113 ms Sync   25 ms | Sent   864 kB Recv  1191 kB |  non
🔶 Pred  101 ms Sync   17 ms | Sent   864 kB Recv  1191 kB | -root
🔶 Pred  100 ms Sync   16 ms | Sent   864 kB Recv  1191 kB |  node
🔶 Pred  101 ms Sync   15 ms | Sent   864 kB Recv  1191 kB |  has
🔶 Pred  100 ms Sync   16 ms | Sent   864 kB Recv  1191 kB |  a
🔶 Pred  101 ms Sync   16 ms | Sent   864 kB Recv  1191 kB |  parent
🔶 Pred  100 ms Sync   16 ms | Sent   864 kB Recv  1191 kB | ,
🔶 Pred  100 ms Sync   17 ms | Sent   864 kB Recv  1191 kB |  and
🔶 Pred  100 ms Sync   16 ms | Sent   864 kB Recv  1191 kB |  can
🔶 Pred  101 ms Sync   16 ms | Sent   864 kB Recv  1191 kB |  have
🔶 Pred  101 ms Sync   17 ms | Sent   864 kB Recv  1191 kB |  up
🔶 Pred  158 ms Sync   71 ms | Sent   864 kB Recv  1191 kB |  to
🔶 Pred  101 ms Sync   15 ms | Sent   864 kB Recv  1191 kB |  
🔶 Pred  151 ms Sync   53 ms | Sent   864 kB Recv  1191 kB | 2
🔶 Pred  101 ms Sync   17 ms | Sent   864 kB Recv  1191 kB |  children
🔶 Pred  101 ms Sync   16 ms | Sent   864 kB Recv  1191 kB | .


🔶 Pred  102 ms Sync   15 ms | Sent   864 kB Recv  1191 kB | Wait
🔶 Pred  100 ms Sync   17 ms | Sent   864 kB Recv  1191 kB | ,
🔶 Pred  102 ms Sync   15 ms | Sent   864 kB Recv  1191 kB |  but
🔶 Pred  101 ms Sync   15 ms | Sent   864 kB Recv  1191 kB |  in
🔶 Pred  101 ms Sync   16 ms | Sent   864 kB Recv  1191 kB |  a
🔶 Pred  101 ms Sync   15 ms | Sent   864 kB Recv  1191 kB |  B
🔶 Pred  100 ms Sync   16 ms | Sent   864 kB Recv  1191 kB | -tree
🔶 Pred  101 ms Sync   16 ms | Sent   864 kB Recv  1191 kB | ,
🔶 Pred  101 ms Sync   15 ms | Sent   864 kB Recv  1191 kB |  the
🔶 Pred  101 ms Sync   15 ms | Sent   864 kB Recv  1191 kB |  number
🔶 Pred  100 ms Sync   16 ms | Sent   864 kB Recv  1191 kB |  of
🔶 Pred  101 ms Sync   15 ms | Sent   864 kB Recv  1191 kB |  children
🔶 Pred  101 ms Sync   15 ms | Sent   864 kB Recv  1191 kB |  per
🔶 Pred  101 ms Sync   15 ms | Sent   864 kB Recv  1191 kB |  node
🔶 Pred  101 ms Sync   15 ms | Sent   864 kB Recv  1191 kB |  depends
🔶 Pred  101 ms Sync   17 ms | Sent   864 kB Recv  1191 kB |  on
🔶 Pred  101 ms Sync   16 ms | Sent   864 kB Recv  1191 kB |  the
🔶 Pred  101 ms Sync   16 ms | Sent   864 kB Recv  1191 kB |  order
🔶 Pred  102 ms Sync   16 ms | Sent   864 kB Recv  1191 kB | .
🔶 Pred  123 ms Sync   25 ms | Sent   864 kB Recv  1191 kB |  For
🔶 Pred  172 ms Sync   60 ms | Sent   864 kB Recv  1191 kB |  order
🔶 Pred  101 ms Sync   23 ms | Sent   864 kB Recv  1191 kB |  k
🔶 Pred  122 ms Sync   30 ms | Sent   864 kB Recv  1191 kB | ,
🔶 Pred  101 ms Sync   36 ms | Sent   864 kB Recv  1191 kB |  each
🔶 Pred  103 ms Sync   15 ms | Sent   864 kB Recv  1191 kB |  node
🔶 Pred  101 ms Sync   16 ms | Sent   864 kB Recv  1191 kB |  can
🔶 Pred  101 ms Sync   16 ms | Sent   864 kB Recv  1191 kB |  have
🔶 Pred  102 ms Sync   15 ms | Sent   864 kB Recv  1191 kB |  up
🔶 Pred  101 ms Sync   16 ms | Sent   864 kB Recv  1191 kB |  to
🔶 Pred  101 ms Sync   19 ms | Sent   864 kB Recv  1191 kB |  k
🔶 Pred  103 ms Sync   16 ms | Sent   864 kB Recv  1191 kB |  children
🔶 Pred  104 ms Sync   15 ms | Sent   864 kB Recv  1191 kB | .
🔶 Pred  103 ms Sync   16 ms | Sent   864 kB Recv  1191 kB |  But
🔶 Pred  101 ms Sync   16 ms | Sent   864 kB Recv  1191 kB |  in
🔶 Pred  101 ms Sync   16 ms | Sent   864 kB Recv  1191 kB |  practice
🔶 Pred  101 ms Sync   16 ms | Sent   864 kB Recv  1191 kB | ,
🔶 Pred  103 ms Sync   15 ms | Sent   864 kB Recv  1191 kB |  each
🔶 Pred  102 ms Sync   15 ms | Sent   864 kB Recv  1191 kB |  node
🔶 Pred  101 ms Sync   17 ms | Sent   864 kB Recv  1191 kB |  can
🔶 Pred  101 ms Sync   18 ms | Sent   864 kB Recv  1191 kB |  have
🔶 Pred  102 ms Sync   16 ms | Sent   864 kB Recv  1191 kB |  
🔶 Pred  102 ms Sync   19 ms | Sent   864 kB Recv  1191 kB | 0
🔶 Pred  140 ms Sync   32 ms | Sent   864 kB Recv  1191 kB |  to
🔶 Pred  140 ms Sync   42 ms | Sent   864 kB Recv  1191 kB |  k
🔶 Pred  102 ms Sync   16 ms | Sent   864 kB Recv  1191 kB |  children
🔶 Pred  120 ms Sync   53 ms | Sent   864 kB Recv  1191 kB | ,
🔶 Pred  101 ms Sync   17 ms | Sent   864 kB Recv  1191 kB |  and
🔶 Pred  102 ms Sync   16 ms | Sent   864 kB Recv  1191 kB |  the
🔶 Pred  102 ms Sync   16 ms | Sent   864 kB Recv  1191 kB |  tree
🔶 Pred  102 ms Sync   17 ms | Sent   864 kB Recv  1191 kB |  is
🔶 Pred  101 ms Sync   16 ms | Sent   864 kB Recv  1191 kB |  structured
🔶 Pred  102 ms Sync   16 ms | Sent   864 kB Recv  1191 kB |  so
🔶 Pred  101 ms Sync   16 ms | Sent   864 kB Recv  1191 kB |  that
🔶 Pred  101 ms Sync   16 ms | Sent   864 kB Recv  1191 kB |  all
🔶 Pred  101 ms Sync   17 ms | Sent   864 kB Recv  1191 kB |  leaves
🔶 Pred  101 ms Sync   16 ms | Sent   864 kB Recv  1191 kB |  are
🔶 Pred  102 ms Sync   16 ms | Sent   864 kB Recv  1191 kB |  at
🔶 Pred  103 ms Sync   15 ms | Sent   864 kB Recv  1191 kB |  the
🔶 Pred  151 ms Sync   12 ms | Sent   864 kB Recv  1191 kB |  same
🔶 Pred  137 ms Sync   23 ms | Sent   864 kB Recv  1191 kB |  depth
🔶 Pred  113 ms Sync   16 ms | Sent   864 kB Recv  1191 kB | .


🔶 Pred  102 ms Sync   17 ms | Sent   864 kB Recv  1191 kB | Wait
🔶 Pred  102 ms Sync   16 ms | Sent   864 kB Recv  1191 kB | ,
🔶 Pred  102 ms Sync   20 ms | Sent   864 kB Recv  1191 kB |  perhaps
🔶 Pred  101 ms Sync   16 ms | Sent   864 kB Recv  1191 kB |  I
🔶 Pred  154 ms Sync   83 ms | Sent   864 kB Recv  1191 kB |  should
🔶 Pred  103 ms Sync   15 ms | Sent   864 kB Recv  1191 kB |  think
🔶 Pred  123 ms Sync   41 ms | Sent   864 kB Recv  1191 kB |  in
🔶 Pred  102 ms Sync   16 ms | Sent   864 kB Recv  1191 kB |  terms
🔶 Pred  101 ms Sync   17 ms | Sent   864 kB Recv  1191 kB |  of
🔶 Pred  104 ms Sync   15 ms | Sent   864 kB Recv  1191 kB |  the
🔶 Pred  102 ms Sync   15 ms | Sent   864 kB Recv  1191 kB |  structure
🔶 Pred  102 ms Sync   16 ms | Sent   864 kB Recv  1191 kB | .
🔶 Pred  103 ms Sync   15 ms | Sent   864 kB Recv  1191 kB |  The
🔶 Pred  102 ms Sync   15 ms | Sent   864 kB Recv  1191 kB |  B
🔶 Pred  102 ms Sync   15 ms | Sent   864 kB Recv  1191 kB | -tree
🔶 Pred  102 ms Sync   16 ms | Sent   864 kB Recv  1191 kB |  is
🔶 Pred  102 ms Sync   17 ms | Sent   864 kB Recv  1191 kB |  built
🔶 Pred  102 ms Sync   16 ms | Sent   864 kB Recv  1191 kB |  recursively
🔶 Pred  102 ms Sync   15 ms | Sent   864 kB Recv  1191 kB | .
🔶 Pred  103 ms Sync   16 ms | Sent   864 kB Recv  1191 kB |  Each
🔶 Pred  103 ms Sync   15 ms | Sent   864 kB Recv  1191 kB |  node
🔶 Pred  103 ms Sync   15 ms | Sent   864 kB Recv  1191 kB |  can
🔶 Pred  101 ms Sync   16 ms | Sent   864 kB Recv  1191 kB |  have
🔶 Pred  102 ms Sync   16 ms | Sent   864 kB Recv  1191 kB |  up
🔶 Pred  102 ms Sync   17 ms | Sent   864 kB Recv  1191 kB |  to
🔶 Pred  103 ms Sync   15 ms | Sent   864 kB Recv  1191 kB |  
🔶 Pred  102 ms Sync   16 ms | Sent   864 kB Recv  1191 kB | 2
🔶 Pred  122 ms Sync   27 ms | Sent   864 kB Recv  1191 kB | k
🔶 Pred  141 ms Sync   62 ms | Sent   864 kB Recv  1191 kB |  children
🔶 Pred  102 ms Sync   15 ms | Sent   864 kB Recv  1191 kB | ,
🔶 Pred  120 ms Sync   45 ms | Sent   864 kB Recv  1191 kB |  but
🔶 Pred  104 ms Sync   16 ms | Sent   864 kB Recv  1191 kB |  that
🔶 Pred  104 ms Sync   16 ms | Sent   864 kB Recv  1191 kB | 's
🔶 Pred  104 ms Sync   21 ms | Sent   864 kB Recv  1191 kB |  more
🔶 Pred  102 ms Sync   17 ms | Sent   864 kB Recv  1191 kB |  for
🔶 Pred  150 ms Sync   13 ms | Sent   864 kB Recv  1191 kB |  a
🔶 Pred  131 ms Sync   28 ms | Sent   864 kB Recv  1191 kB |  binary
🔶 Pred  102 ms Sync   15 ms | Sent   864 kB Recv  1191 kB |  search
🔶 Pred  103 ms Sync   15 ms | Sent   864 kB Recv  1191 kB |  tree
🔶 Pred  102 ms Sync   16 ms | Sent   864 kB Recv  1191 kB | .
🔶 Pred  103 ms Sync   15 ms | Sent   864 kB Recv  1191 kB |  Wait
🔶 Pred  103 ms Sync   16 ms | Sent   864 kB Recv  1191 kB | ,
🔶 Pred  104 ms Sync   15 ms | Sent   864 kB Recv  1191 kB |  no
🔶 Pred  103 ms Sync   16 ms | Sent   864 kB Recv  1191 kB | ,
🔶 Pred  103 ms Sync   15 ms | Sent   864 kB Recv  1191 kB |  in
🔶 Pred  103 ms Sync   15 ms | Sent   864 kB Recv  1191 kB |  a
🔶 Pred  103 ms Sync   15 ms | Sent   864 kB Recv  1191 kB |  B
🔶 Pred  103 ms Sync   16 ms | Sent   864 kB Recv  1191 kB | -tree
🔶 Pred  103 ms Sync   16 ms | Sent   864 kB Recv  1191 kB |  of
🔶 Pred  102 ms Sync   17 ms | Sent   864 kB Recv  1191 kB |  order
🔶 Pred  127 ms Sync   82 ms | Sent   864 kB Recv  1191 kB |  k
🔶 Pred  117 ms Sync   40 ms | Sent   864 kB Recv  1191 kB | ,
🔶 Pred  101 ms Sync   25 ms | Sent   864 kB Recv  1191 kB |  each
🔶 Pred  103 ms Sync  127 ms | Sent   864 kB Recv  1191 kB |  node
🔶 Pred  102 ms Sync   16 ms | Sent   864 kB Recv  1191 kB |  can
🔶 Pred  103 ms Sync   17 ms | Sent   864 kB Recv  1191 kB |  have
🔶 Pred  102 ms Sync   17 ms | Sent   864 kB Recv  1191 kB |  up
🔶 Pred  103 ms Sync   15 ms | Sent   864 kB Recv  1191 kB |  to
🔶 Pred  103 ms Sync   15 ms | Sent   864 kB Recv  1191 kB |  k
🔶 Pred  103 ms Sync   15 ms | Sent   864 kB Recv  1191 kB |  keys
🔶 Pred  102 ms Sync   16 ms | Sent   864 kB Recv  1191 kB | ,
🔶 Pred  102 ms Sync   16 ms | Sent   864 kB Recv  1191 kB |  and
🔶 Pred  103 ms Sync   17 ms | Sent   864 kB Recv  1191 kB |  each
🔶 Pred  102 ms Sync   17 ms | Sent   864 kB Recv  1191 kB |  key
🔶 Pred  102 ms Sync   17 ms | Sent   864 kB Recv  1191 kB |  has
🔶 Pred  104 ms Sync   15 ms | Sent   864 kB Recv  1191 kB |  a
🔶 Pred  104 ms Sync   15 ms | Sent   864 kB Recv  1191 kB |  left
🔶 Pred  103 ms Sync   15 ms | Sent   864 kB Recv  1191 kB |  and
🔶 Pred  103 ms Sync   15 ms | Sent   864 kB Recv  1191 kB |  right
🔶 Pred  102 ms Sync   16 ms | Sent   864 kB Recv  1191 kB |  child
🔶 Pred  102 ms Sync   17 ms | Sent   864 kB Recv  1191 kB | ,
🔶 Pred  103 ms Sync   15 ms | Sent   864 kB Recv  1191 kB |  which
🔶 Pred  103 ms Sync   16 ms | Sent   864 kB Recv  1191 kB |  can
🔶 Pred  189 ms Sync   63 ms | Sent   864 kB Recv  1191 kB |  themselves
🔶 Pred  145 ms Sync   14 ms | Sent   864 kB Recv  1191 kB |  have
🔶 Pred  122 ms Sync   78 ms | Sent   864 kB Recv  1191 kB |  up
🔶 Pred  102 ms Sync   17 ms | Sent   864 kB Recv  1191 kB |  to
🔶 Pred  103 ms Sync   16 ms | Sent   864 kB Recv  1191 kB |  k
🔶 Pred  104 ms Sync   15 ms | Sent   864 kB Recv  1191 kB | -
🔶 Pred  103 ms Sync   16 ms | Sent   864 kB Recv  1191 kB | 1
🔶 Pred  103 ms Sync   16 ms | Sent   864 kB Recv  1191 kB |  keys
🔶 Pred  102 ms Sync   20 ms | Sent   864 kB Recv  1191 kB | .


🔶 Pred  103 ms Sync   15 ms | Sent   864 kB Recv  1191 kB | Wait
🔶 Pred  103 ms Sync   17 ms | Sent   864 kB Recv  1191 kB | ,
🔶 Pred  103 ms Sync   16 ms | Sent   864 kB Recv  1191 kB |  I
🔶 Pred  103 ms Sync   17 ms | Sent   864 kB Recv  1191 kB | 'm
🔶 Pred  103 ms Sync   16 ms | Sent   864 kB Recv  1191 kB |  getting
🔶 Pred  103 ms Sync   16 ms | Sent   864 kB Recv  1191 kB |  a
🔶 Pred  104 ms Sync   15 ms | Sent   864 kB Recv  1191 kB |  bit
🔶 Pred  104 ms Sync   15 ms | Sent   864 kB Recv  1191 kB |  confused
🔶 Pred  103 ms Sync   17 ms | Sent   864 kB Recv  1191 kB | .
🔶 Pred  105 ms Sync   15 ms | Sent   864 kB Recv  1191 kB |  Let
🔶 Pred  105 ms Sync   19 ms | Sent   864 kB Recv  1191 kB |  me
🔶 Pred  104 ms Sync   17 ms | Sent   864 kB Recv  1191 kB |  clarify
🔶 Pred  103 ms Sync   17 ms | Sent   864 kB Recv  1191 kB | :
🔶 Pred  103 ms Sync   16 ms | Sent   864 kB Recv  1191 kB |  In
🔶 Pred  157 ms Sync   88 ms | Sent   864 kB Recv  1191 kB |  a
🔶 Pred  104 ms Sync   16 ms | Sent   864 kB Recv  1191 kB |  B
🔶 Pred  121 ms Sync   53 ms | Sent   864 kB Recv  1191 kB | -tree
🔶 Pred  103 ms Sync   18 ms | Sent   864 kB Recv  1191 kB |  of
🔶 Pred  103 ms Sync   16 ms | Sent   864 kB Recv  1191 kB |  order
🔶 Pred  107 ms Sync   15 ms | Sent   864 kB Recv  1191 kB |  k
🔶 Pred  104 ms Sync   15 ms | Sent   864 kB Recv  1191 kB | ,
🔶 Pred  104 ms Sync   16 ms | Sent   864 kB Recv  1191 kB |  each
🔶 Pred  102 ms Sync   16 ms | Sent   864 kB Recv  1191 kB |  node
🔶 Pred  104 ms Sync   15 ms | Sent   864 kB Recv  1191 kB |  can
🔶 Pred  103 ms Sync   16 ms | Sent   864 kB Recv  1191 kB |  have
🔶 Pred  103 ms Sync   17 ms | Sent   864 kB Recv  1191 kB |  at
🔶 Pred  103 ms Sync   16 ms | Sent   864 kB Recv  1191 kB |  most
🔶 Pred  103 ms Sync   17 ms | Sent   864 kB Recv  1191 kB |  k
🔶 Pred  104 ms Sync   16 ms | Sent   864 kB Recv  1191 kB |  keys
🔶 Pred  117 ms Sync   14 ms | Sent   864 kB Recv  1191 kB | .
🔶 Pred  154 ms Sync   20 ms | Sent   864 kB Recv  1191 kB |  These
🔶 Pred  128 ms Sync   27 ms | Sent   864 kB Recv  1191 kB |  keys
🔶 Pred  103 ms Sync   15 ms | Sent   864 kB Recv  1191 kB |  are
🔶 Pred  103 ms Sync   17 ms | Sent   864 kB Recv  1191 kB |  arranged
🔶 Pred  104 ms Sync   16 ms | Sent   864 kB Recv  1191 kB |  in
🔶 Pred  102 ms Sync   18 ms | Sent   864 kB Recv  1191 kB |  a
🔶 Pred  122 ms Sync   38 ms | Sent   864 kB Recv  1191 kB |  sorted
🔶 Pred  137 ms Sync   42 ms | Sent   864 kB Recv  1191 kB |  order
🔶 Pred  104 ms Sync   25 ms | Sent   864 kB Recv  1191 kB | ,
🔶 Pred  119 ms Sync   45 ms | Sent   864 kB Recv  1191 kB |  and
🔶 Pred  102 ms Sync   36 ms | Sent   864 kB Recv  1191 kB |  each
🔶 Pred  103 ms Sync   16 ms | Sent   864 kB Recv  1191 kB |  key
🔶 Pred  104 ms Sync   16 ms | Sent   864 kB Recv  1191 kB |  has
🔶 Pred  103 ms Sync   16 ms | Sent   864 kB Recv  1191 kB |  a
🔶 Pred  103 ms Sync   17 ms | Sent   864 kB Recv  1191 kB |  left
🔶 Pred  104 ms Sync   15 ms | Sent   864 kB Recv  1191 kB |  and
🔶 Pred  103 ms Sync   16 ms | Sent   864 kB Recv  1191 kB |  right
🔶 Pred  103 ms Sync   16 ms | Sent   864 kB Recv  1191 kB |  child
🔶 Pred  103 ms Sync   17 ms | Sent   864 kB Recv  1191 kB | ,
🔶 Pred  103 ms Sync   17 ms | Sent   864 kB Recv  1191 kB |  which
🔶 Pred  103 ms Sync   16 ms | Sent   864 kB Recv  1191 kB |  are
🔶 Pred  103 ms Sync   17 ms | Sent   864 kB Recv  1191 kB |  themselves
🔶 Pred  103 ms Sync   17 ms | Sent   864 kB Recv  1191 kB |  nodes
🔶 Pred  103 ms Sync   16 ms | Sent   864 kB Recv  1191 kB | .
🔶 Pred  103 ms Sync   16 ms | Sent   864 kB Recv  1191 kB |  The
🔶 Pred  103 ms Sync   17 ms | Sent   864 kB Recv  1191 kB |  leaves
🔶 Pred  103 ms Sync   18 ms | Sent   864 kB Recv  1191 kB |  are
🔶 Pred  104 ms Sync   16 ms | Sent   864 kB Recv  1191 kB |  nodes
🔶 Pred  103 ms Sync   16 ms | Sent   864 kB Recv  1191 kB |  with
🔶 Pred  105 ms Sync   16 ms | Sent   864 kB Recv  1191 kB |  no
🔶 Pred  161 ms Sync   93 ms | Sent   864 kB Recv  1191 kB |  children
🔶 Pred  103 ms Sync   16 ms | Sent   864 kB Recv  1191 kB |  (
🔶 Pred  123 ms Sync   48 ms | Sent   864 kB Recv  1191 kB | left
🔶 Pred  104 ms Sync   17 ms | Sent   864 kB Recv  1191 kB |  and
🔶 Pred  105 ms Sync   16 ms | Sent   864 kB Recv  1191 kB |  right
🔶 Pred  104 ms Sync   17 ms | Sent   864 kB Recv  1191 kB |  are
🔶 Pred  103 ms Sync   17 ms | Sent   864 kB Recv  1191 kB |  None
🔶 Pred  165 ms Sync   13 ms | Sent   864 kB Recv  1191 kB | ).
🔶 Pred  137 ms Sync   34 ms | Sent   864 kB Recv  1191 kB |  The
🔶 Pred  105 ms Sync   16 ms | Sent   864 kB Recv  1191 kB |  root
🔶 Pred  105 ms Sync   17 ms | Sent   864 kB Recv  1191 kB |  is
🔶 Pred  105 ms Sync   15 ms | Sent   864 kB Recv  1191 kB |  the
🔶 Pred  105 ms Sync   15 ms | Sent   864 kB Recv  1191 kB |  top
🔶 Pred  104 ms Sync   15 ms | Sent   864 kB Recv  1191 kB |  node
🔶 Pred  104 ms Sync   16 ms | Sent   864 kB Recv  1191 kB | ,
🔶 Pred  104 ms Sync   15 ms | Sent   864 kB Recv  1191 kB |  and
🔶 Pred  104 ms Sync   16 ms | Sent   864 kB Recv  1191 kB |  it
🔶 Pred  104 ms Sync   16 ms | Sent   864 kB Recv  1191 kB |  can
🔶 Pred  103 ms Sync   17 ms | Sent   864 kB Recv  1191 kB |  have
🔶 Pred  104 ms Sync   16 ms | Sent   864 kB Recv  1191 kB |  up
🔶 Pred  103 ms Sync   18 ms | Sent   864 kB Recv  1191 kB |  to
🔶 Pred  104 ms Sync   16 ms | Sent   864 kB Recv  1191 kB |  k
🔶 Pred  123 ms Sync   41 ms | Sent   864 kB Recv  1191 kB |  keys
🔶 Pred  136 ms Sync   57 ms | Sent   864 kB Recv  1191 kB | .
🔶 Pred  104 ms Sync   16 ms | Sent   864 kB Recv  1191 kB |  Each
🔶 Pred  103 ms Sync  164 ms | Sent   864 kB Recv  1191 kB |  non
🔶 Pred  106 ms Sync   15 ms | Sent   864 kB Recv  1191 kB | -root
🔶 Pred  105 ms Sync   15 ms | Sent   864 kB Recv  1191 kB |  node
🔶 Pred  104 ms Sync   16 ms | Sent   864 kB Recv  1191 kB |  can
🔶 Pred  103 ms Sync   19 ms | Sent   864 kB Recv  1191 kB |  have
🔶 Pred  104 ms Sync   15 ms | Sent   864 kB Recv  1191 kB |  up
🔶 Pred  104 ms Sync   15 ms | Sent   864 kB Recv  1191 kB |  to
🔶 Pred  105 ms Sync   15 ms | Sent   864 kB Recv  1191 kB |  k
🔶 Pred  104 ms Sync   17 ms | Sent   864 kB Recv  1191 kB | -
🔶 Pred  103 ms Sync   18 ms | Sent   864 kB Recv  1191 kB | 1
🔶 Pred  104 ms Sync   16 ms | Sent   864 kB Recv  1191 kB |  keys
🔶 Pred  104 ms Sync   18 ms | Sent   864 kB Recv  1191 kB | .


🔶 Pred  103 ms Sync   18 ms | Sent   864 kB Recv  1191 kB | Wait
🔶 Pred  105 ms Sync   15 ms | Sent   864 kB Recv  1191 kB | ,
🔶 Pred  104 ms Sync   15 ms | Sent   864 kB Recv  1191 kB |  no
🔶 Pred  103 ms Sync   17 ms | Sent   864 kB Recv  1191 kB | ,
🔶 Pred  103 ms Sync   18 ms | Sent   864 kB Recv  1191 kB |  that
🔶 Pred  104 ms Sync   16 ms | Sent   864 kB Recv  1191 kB | 's
🔶 Pred  103 ms Sync   16 ms | Sent   864 kB Recv  1191 kB |  not
🔶 Pred  121 ms Sync   24 ms | Sent   864 kB Recv  1191 kB |  quite
🔶 Pred  177 ms Sync   55 ms | Sent   864 kB Recv  1191 kB |  right
🔶 Pred  104 ms Sync   16 ms | Sent   864 kB Recv  1191 kB | .
🔶 Pred  124 ms Sync   33 ms | Sent   864 kB Recv  1191 kB |  The
🔶 Pred  104 ms Sync   16 ms | Sent   864 kB Recv  1191 kB |  root
🔶 Pred  104 ms Sync   16 ms | Sent   864 kB Recv  1191 kB |  can
🔶 Pred  104 ms Sync   19 ms | Sent   864 kB Recv  1191 kB |  have
🔶 Pred  104 ms Sync   16 ms | Sent   864 kB Recv  1191 kB |  up
🔶 Pred  103 ms Sync   18 ms | Sent   864 kB Recv  1191 kB |  to
🔶 Pred  104 ms Sync   17 ms | Sent   864 kB Recv  1191 kB |  k
🔶 Pred  105 ms Sync   15 ms | Sent   864 kB Recv  1191 kB |  keys
🔶 Pred  104 ms Sync   15 ms | Sent   864 kB Recv  1191 kB | ,
🔶 Pred  104 ms Sync   18 ms | Sent   864 kB Recv  1191 kB |  and
🔶 Pred  105 ms Sync   15 ms | Sent   864 kB Recv  1191 kB |  each
🔶 Pred  104 ms Sync   16 ms | Sent   864 kB Recv  1191 kB |  of
🔶 Pred  104 ms Sync   18 ms | Sent   864 kB Recv  1191 kB |  those
🔶 Pred  104 ms Sync   17 ms | Sent   864 kB Recv  1191 kB |  keys
🔶 Pred  105 ms Sync   16 ms | Sent   864 kB Recv  1191 kB |  can
🔶 Pred  104 ms Sync   16 ms | Sent   864 kB Recv  1191 kB |  have
🔶 Pred  105 ms Sync   16 ms | Sent   864 kB Recv  1191 kB |  up
🔶 Pred  104 ms Sync   18 ms | Sent   864 kB Recv  1191 kB |  to
🔶 Pred  104 ms Sync   17 ms | Sent   864 kB Recv  1191 kB |  k
🔶 Pred  104 ms Sync   16 ms | Sent   864 kB Recv  1191 kB | -
🔶 Pred  104 ms Sync   22 ms | Sent   864 kB Recv  1191 kB | 1
🔶 Pred  147 ms Sync   94 ms | Sent   864 kB Recv  1191 kB |  keys
🔶 Pred  105 ms Sync   17 ms | Sent   864 kB Recv  1191 kB |  in
🔶 Pred  116 ms Sync   49 ms | Sent   864 kB Recv  1191 kB |  their
🔶 Pred  105 ms Sync   16 ms | Sent   864 kB Recv  1191 kB |  left
🔶 Pred  105 ms Sync   16 ms | Sent   864 kB Recv  1191 kB |  and
🔶 Pred  105 ms Sync   16 ms | Sent   864 kB Recv  1191 kB |  right
🔶 Pred  105 ms Sync   16 ms | Sent   864 kB Recv  1191 kB |  children
🔶 Pred  104 ms Sync   16 ms | Sent   864 kB Recv  1191 kB | .
🔶 Pred  104 ms Sync   15 ms | Sent   864 kB Recv  1191 kB |  So
🔶 Pred  104 ms Sync   18 ms | Sent   864 kB Recv  1191 kB | ,
🔶 Pred  104 ms Sync   18 ms | Sent   864 kB Recv  1191 kB |  for
🔶 Pred  104 ms Sync   17 ms | Sent   864 kB Recv  1191 kB |  order
🔶 Pred  105 ms Sync   20 ms | Sent   864 kB Recv  1191 kB |  
🔶 Pred  104 ms Sync   17 ms | Sent   864 kB Recv  1191 kB | 3
🔶 Pred  131 ms Sync   22 ms | Sent   864 kB Recv  1191 kB | ,
🔶 Pred  161 ms Sync   15 ms | Sent   864 kB Recv  1191 kB |  the
🔶 Pred  107 ms Sync   15 ms | Sent   864 kB Recv  1191 kB |  root
🔶 Pred  105 ms Sync   17 ms | Sent   864 kB Recv  1191 kB |  can
🔶 Pred  104 ms Sync   20 ms | Sent   864 kB Recv  1191 kB |  have
🔶 Pred  106 ms Sync   15 ms | Sent   864 kB Recv  1191 kB |  up
🔶 Pred  104 ms Sync   20 ms | Sent   864 kB Recv  1191 kB |  to
🔶 Pred  105 ms Sync   17 ms | Sent   864 kB Recv  1191 kB |  
🔶 Pred  169 ms Sync   94 ms | Sent   864 kB Recv  1191 kB | 3
🔶 Pred  105 ms Sync   16 ms | Sent   864 kB Recv  1191 kB |  keys
🔶 Pred  120 ms Sync   41 ms | Sent   864 kB Recv  1191 kB | ,
🔶 Pred  104 ms Sync   24 ms | Sent   864 kB Recv  1191 kB |  each
🔶 Pred  105 ms Sync   17 ms | Sent   864 kB Recv  1191 kB |  of
🔶 Pred  106 ms Sync   17 ms | Sent   864 kB Recv  1191 kB |  which
🔶 Pred  104 ms Sync   18 ms | Sent   864 kB Recv  1191 kB |  can
🔶 Pred  104 ms Sync   18 ms | Sent   864 kB Recv  1191 kB |  have
🔶 Pred  105 ms Sync   21 ms | Sent   864 kB Recv  1191 kB |  up
🔶 Pred  104 ms Sync   19 ms | Sent   864 kB Recv  1191 kB |  to
🔶 Pred  105 ms Sync   18 ms | Sent   864 kB Recv  1191 kB |  
🔶 Pred  105 ms Sync   17 ms | Sent   864 kB Recv  1191 kB | 2
🔶 Pred  106 ms Sync   16 ms | Sent   864 kB Recv  1191 kB |  keys
🔶 Pred  105 ms Sync   16 ms | Sent   864 kB Recv  1191 kB | ,
🔶 Pred  104 ms Sync   18 ms | Sent   864 kB Recv  1191 kB |  and
🔶 Pred  105 ms Sync   17 ms | Sent   864 kB Recv  1191 kB |  so
🔶 Pred  105 ms Sync   16 ms | Sent   864 kB Recv  1191 kB |  on
🔶 Pred  104 ms Sync   17 ms | Sent   864 kB Recv  1191 kB | .


🔶 Pred  105 ms Sync   16 ms | Sent   864 kB Recv  1191 kB | So
🔶 Pred  105 ms Sync   16 ms | Sent   864 kB Recv  1191 kB | ,
🔶 Pred  105 ms Sync   16 ms | Sent   864 kB Recv  1191 kB |  the
🔶 Pred  105 ms Sync   17 ms | Sent   864 kB Recv  1191 kB |  structure
🔶 Pred  105 ms Sync   17 ms | Sent   864 kB Recv  1191 kB |  is
🔶 Pred  108 ms Sync   15 ms | Sent   864 kB Recv  1191 kB |  such
🔶 Pred  112 ms Sync   15 ms | Sent   864 kB Recv  1191 kB |  that
🔶 Pred  127 ms Sync   17 ms | Sent   864 kB Recv  1191 kB |  the
🔶 Pred  132 ms Sync   89 ms | Sent   864 kB Recv  1191 kB |  tree
🔶 Pred  105 ms Sync   19 ms | Sent   864 kB Recv  1191 kB |  remains
🔶 Pred  131 ms Sync   42 ms | Sent   864 kB Recv  1191 kB |  balanced
🔶 Pred  140 ms Sync   27 ms | Sent   864 kB Recv  1191 kB | ,
🔶 Pred  157 ms Sync   13 ms | Sent   864 kB Recv  1191 kB |  meaning
🔶 Pred  106 ms Sync   17 ms | Sent   864 kB Recv  1191 kB |  that
🔶 Pred  105 ms Sync   17 ms | Sent   864 kB Recv  1191 kB |  all
🔶 Pred  105 ms Sync   16 ms | Sent   864 kB Recv  1191 kB |  leaves
🔶 Pred  106 ms Sync   16 ms | Sent   864 kB Recv  1191 kB |  are
🔶 Pred  105 ms Sync   16 ms | Sent   864 kB Recv  1191 kB |  at
🔶 Pred  105 ms Sync   18 ms | Sent   864 kB Recv  1191 kB |  the
🔶 Pred  106 ms Sync   17 ms | Sent   864 kB Recv  1191 kB |  same
🔶 Pred  107 ms Sync   16 ms | Sent   864 kB Recv  1191 kB |  depth
🔶 Pred  105 ms Sync   18 ms | Sent   864 kB Recv  1191 kB | ,
🔶 Pred  107 ms Sync   17 ms | Sent   864 kB Recv  1191 kB |  and
🔶 Pred  104 ms Sync   20 ms | Sent   864 kB Recv  1191 kB |  the
🔶 Pred  104 ms Sync   17 ms | Sent   864 kB Recv  1191 kB |  height
🔶 Pred  104 ms Sync   20 ms | Sent   864 kB Recv  1191 kB |  of
🔶 Pred  111 ms Sync   46 ms | Sent   864 kB Recv  1191 kB |  the
🔶 Pred  105 ms Sync  180 ms | Sent   864 kB Recv  1191 kB |  tree
🔶 Pred  124 ms Sync   39 ms | Sent   864 kB Recv  1191 kB |  is
🔶 Pred  105 ms Sync   16 ms | Sent   864 kB Recv  1191 kB |  minimized
🔶 Pred  106 ms Sync   16 ms | Sent   864 kB Recv  1191 kB | .


🔶 Pred  106 ms Sync   16 ms | Sent   864 kB Recv  1191 kB | Now
🔶 Pred  105 ms Sync   16 ms | Sent   864 kB Recv  1191 kB | ,
🔶 Pred  105 ms Sync   17 ms | Sent   864 kB Recv  1191 kB |  for
🔶 Pred  104 ms Sync   18 ms | Sent   864 kB Recv  1191 kB |  the
🔶 Pred  105 ms Sync   16 ms | Sent   864 kB Recv  1191 kB |  implementation
🔶 Pred  105 ms Sync   16 ms | Sent   864 kB Recv  1191 kB | ,
🔶 Pred  105 ms Sync   17 ms | Sent   864 kB Recv  1191 kB |  I
🔶 Pred  105 ms Sync   16 ms | Sent   864 kB Recv  1191 kB |  think
🔶 Pred  105 ms Sync   17 ms | Sent   864 kB Recv  1191 kB |  using
🔶 Pred  105 ms Sync   16 ms | Sent   864 kB Recv  1191 kB |  a
🔶 Pred  106 ms Sync   17 ms | Sent   864 kB Recv  1191 kB |  dictionary
🔶 Pred  106 ms Sync   16 ms | Sent   864 kB Recv  1191 kB |  to
🔶 Pred  106 ms Sync   17 ms | Sent   864 kB Recv  1191 kB |  represent
🔶 Pred  105 ms Sync   18 ms | Sent   864 kB Recv  1191 kB |  the
🔶 Pred  105 ms Sync   17 ms | Sent   864 kB Recv  1191 kB |  tree
🔶 Pred  106 ms Sync   16 ms | Sent   864 kB Recv  1191 kB | ,
🔶 Pred  105 ms Sync   18 ms | Sent   864 kB Recv  1191 kB |  where
🔶 Pred  106 ms Sync   17 ms | Sent   864 kB Recv  1191 kB |  each
🔶 Pred  188 ms Sync   99 ms | Sent   864 kB Recv  1191 kB |  key
🔶 Pred  106 ms Sync   16 ms | Sent   864 kB Recv  1191 kB |  is
🔶 Pred  113 ms Sync   61 ms | Sent   864 kB Recv  1191 kB |  a
🔶 Pred  106 ms Sync   16 ms | Sent   864 kB Recv  1191 kB |  node
🔶 Pred  107 ms Sync   16 ms | Sent   864 kB Recv  1191 kB |  identifier
🔶 Pred  107 ms Sync   18 ms | Sent   864 kB Recv  1191 kB | ,
🔶 Pred  106 ms Sync   16 ms | Sent   864 kB Recv  1191 kB |  and
🔶 Pred  106 ms Sync   16 ms | Sent   864 kB Recv  1191 kB |  each
🔶 Pred  106 ms Sync   18 ms | Sent   864 kB Recv  1191 kB |  node
🔶 Pred  104 ms Sync   19 ms | Sent   864 kB Recv  1191 kB | 's
🔶 Pred  104 ms Sync   18 ms | Sent   864 kB Recv  1191 kB |  value
🔶 Pred  105 ms Sync   18 ms | Sent   864 kB Recv  1191 kB |  is
🔶 Pred  105 ms Sync   18 ms | Sent   864 kB Recv  1191 kB |  a
🔶 Pred  107 ms Sync   19 ms | Sent   864 kB Recv  1191 kB |  dictionary
🔶 Pred  105 ms Sync   21 ms | Sent   864 kB Recv  1191 kB |  containing
🔶 Pred  105 ms Sync   17 ms | Sent   864 kB Recv  1191 kB |  '
🔶 Pred  106 ms Sync   16 ms | Sent   864 kB Recv  1191 kB | key
🔶 Pred  105 ms Sync   17 ms | Sent   864 kB Recv  1191 kB | ',
🔶 Pred  106 ms Sync   16 ms | Sent   864 kB Recv  1191 kB |  '
🔶 Pred  106 ms Sync   18 ms | Sent   864 kB Recv  1191 kB | left
🔶 Pred  108 ms Sync   17 ms | Sent   864 kB Recv  1191 kB | ',
🔶 Pred  106 ms Sync   17 ms | Sent   864 kB Recv  1191 kB |  '
🔶 Pred  150 ms Sync   44 ms | Sent   864 kB Recv  1191 kB | right
🔶 Pred  120 ms Sync   37 ms | Sent   864 kB Recv  1191 kB | ',
🔶 Pred  105 ms Sync   16 ms | Sent   864 kB Recv  1191 kB |  and
🔶 Pred  126 ms Sync   35 ms | Sent   864 kB Recv  1191 kB |  '
🔶 Pred  105 ms Sync   21 ms | Sent   864 kB Recv  1191 kB | parent
🔶 Pred  107 ms Sync   17 ms | Sent   864 kB Recv  1191 kB | '
🔶 Pred  106 ms Sync   18 ms | Sent   864 kB Recv  1191 kB |  pointers
🔶 Pred  105 ms Sync   17 ms | Sent   864 kB Recv  1191 kB | .
🔶 Pred  106 ms Sync   17 ms | Sent   864 kB Recv  1191 kB |  But
🔶 Pred  108 ms Sync   19 ms | Sent   864 kB Recv  1191 kB |  perhaps
🔶 Pred  107 ms Sync   17 ms | Sent   864 kB Recv  1191 kB |  using
🔶 Pred  106 ms Sync   22 ms | Sent   864 kB Recv  1191 kB |  a
🔶 Pred  108 ms Sync   17 ms | Sent   864 kB Recv  1191 kB |  class
🔶 Pred  106 ms Sync   16 ms | Sent   864 kB Recv  1191 kB | -based
🔶 Pred  106 ms Sync   17 ms | Sent   864 kB Recv  1191 kB |  approach
🔶 Pred  134 ms Sync   17 ms | Sent   864 kB Recv  1191 kB |  would
🔶 Pred  156 ms Sync   14 ms | Sent   864 kB Recv  1191 kB |  be
🔶 Pred  106 ms Sync   19 ms | Sent   864 kB Recv  1191 kB |  more
🔶 Pred  106 ms Sync   16 ms | Sent   864 kB Recv  1191 kB |  readable
🔶 Pred  106 ms Sync   17 ms | Sent   864 kB Recv  1191 kB | ,
🔶 Pred  107 ms Sync   15 ms | Sent   864 kB Recv  1191 kB |  with
🔶 Pred  106 ms Sync   19 ms | Sent   864 kB Recv  1191 kB |  each
🔶 Pred  132 ms Sync   41 ms | Sent   864 kB Recv  1191 kB |  node
🔶 Pred  131 ms Sync   55 ms | Sent   864 kB Recv  1191 kB |  being
🔶 Pred  106 ms Sync   17 ms | Sent   864 kB Recv  1191 kB |  an
🔶 Pred  122 ms Sync   48 ms | Sent   864 kB Recv  1191 kB |  instance
🔶 Pred  106 ms Sync   17 ms | Sent   864 kB Recv  1191 kB |  of
🔶 Pred  107 ms Sync   18 ms | Sent   864 kB Recv  1191 kB |  a
🔶 Pred  106 ms Sync   18 ms | Sent   864 kB Recv  1191 kB |  Node
🔶 Pred  106 ms Sync   18 ms | Sent   864 kB Recv  1191 kB |  class
🔶 Pred  105 ms Sync   22 ms | Sent   864 kB Recv  1191 kB | .


🔶 Pred  107 ms Sync   18 ms | Sent   864 kB Recv  1191 kB | So
🔶 Pred  105 ms Sync   23 ms | Sent   864 kB Recv  1191 kB | ,
🔶 Pred  106 ms Sync   18 ms | Sent   864 kB Recv  1191 kB |  I
🔶 Pred  106 ms Sync   17 ms | Sent   864 kB Recv  1191 kB | 'll
🔶 Pred  107 ms Sync   16 ms | Sent   864 kB Recv  1191 kB |  define
🔶 Pred  107 ms Sync   17 ms | Sent   864 kB Recv  1191 kB |  a
🔶 Pred  107 ms Sync   15 ms | Sent   864 kB Recv  1191 kB |  Node
🔶 Pred  107 ms Sync   16 ms | Sent   864 kB Recv  1191 kB |  class
🔶 Pred  106 ms Sync   22 ms | Sent   864 kB Recv  1191 kB |  with
🔶 Pred  105 ms Sync   21 ms | Sent   864 kB Recv  1191 kB |  attributes
🔶 Pred  106 ms Sync   19 ms | Sent   864 kB Recv  1191 kB | :
🔶 Pred  107 ms Sync   17 ms | Sent   864 kB Recv  1191 kB |  key
🔶 Pred  106 ms Sync   19 ms | Sent   864 kB Recv  1191 kB | ,
🔶 Pred  107 ms Sync   19 ms | Sent   864 kB Recv  1191 kB |  left
🔶 Pred  160 ms Sync   79 ms | Sent   864 kB Recv  1191 kB | ,
🔶 Pred  107 ms Sync   17 ms | Sent   864 kB Recv  1191 kB |  right
🔶 Pred  127 ms Sync   36 ms | Sent   864 kB Recv  1191 kB | ,
🔶 Pred  106 ms Sync   17 ms | Sent   864 kB Recv  1191 kB |  and
🔶 Pred  107 ms Sync   38 ms | Sent   864 kB Recv  1191 kB |  parent
🔶 Pred  108 ms Sync   16 ms | Sent   864 kB Recv  1191 kB | .
🔶 Pred  106 ms Sync   17 ms | Sent   864 kB Recv  1191 kB |  The
🔶 Pred  176 ms Sync   28 ms | Sent   864 kB Recv  1191 kB |  root
🔶 Pred  148 ms Sync   19 ms | Sent   864 kB Recv  1191 kB |  will
🔶 Pred  106 ms Sync   17 ms | Sent   864 kB Recv  1191 kB |  be
🔶 Pred  106 ms Sync   18 ms | Sent   864 kB Recv  1191 kB |  a
🔶 Pred  107 ms Sync   16 ms | Sent   864 kB Recv  1191 kB |  special
🔶 Pred  106 ms Sync   16 ms | Sent   864 kB Recv  1191 kB |  node
🔶 Pred  107 ms Sync   16 ms | Sent   864 kB Recv  1191 kB | ,
🔶 Pred  107 ms Sync   16 ms | Sent   864 kB Recv  1191 kB |  perhaps
🔶 Pred  106 ms Sync   19 ms | Sent   864 kB Recv  1191 kB |  with
🔶 Pred  106 ms Sync   18 ms | Sent   864 kB Recv  1191 kB |  a
🔶 Pred  106 ms Sync   18 ms | Sent   864 kB Recv  1191 kB |  key
🔶 Pred  106 ms Sync   19 ms | Sent   864 kB Recv  1191 kB |  of
🔶 Pred  106 ms Sync   17 ms | Sent   864 kB Recv  1191 kB |  None
🔶 Pred  107 ms Sync   17 ms | Sent   864 kB Recv  1191 kB |  or
🔶 Pred  123 ms Sync   26 ms | Sent   864 kB Recv  1191 kB |  a
🔶 Pred  146 ms Sync   46 ms | Sent   864 kB Recv  1191 kB |  specific
🔶 Pred  108 ms Sync   17 ms | Sent   864 kB Recv  1191 kB |  value
🔶 Pred  124 ms Sync   34 ms | Sent   864 kB Recv  1191 kB | ,
🔶 Pred  107 ms Sync   19 ms | Sent   864 kB Recv  1191 kB |  and
🔶 Pred  107 ms Sync   17 ms | Sent   864 kB Recv  1191 kB |  its
🔶 Pred  107 ms Sync   16 ms | Sent   864 kB Recv  1191 kB |  left
🔶 Pred  107 ms Sync   16 ms | Sent   864 kB Recv  1191 kB |  and
🔶 Pred  107 ms Sync   16 ms | Sent   864 kB Recv  1191 kB |  right
🔶 Pred  107 ms Sync   16 ms | Sent   864 kB Recv  1191 kB |  children
🔶 Pred  107 ms Sync   17 ms | Sent   864 kB Recv  1191 kB |  will
🔶 Pred  106 ms Sync   16 ms | Sent   864 kB Recv  1191 kB |  be
🔶 Pred  107 ms Sync   16 ms | Sent   864 kB Recv  1191 kB |  the
🔶 Pred  107 ms Sync   18 ms | Sent   864 kB Recv  1191 kB |  first
🔶 Pred  107 ms Sync   18 ms | Sent   864 kB Recv  1191 kB |  level
🔶 Pred  107 ms Sync   17 ms | Sent   864 kB Recv  1191 kB |  of
🔶 Pred  106 ms Sync   17 ms | Sent   864 kB Recv  1191 kB |  nodes
🔶 Pred  107 ms Sync   18 ms | Sent   864 kB Recv  1191 kB | .


🔶 Pred  106 ms Sync   19 ms | Sent   864 kB Recv  1191 kB | Wait
🔶 Pred  107 ms Sync   18 ms | Sent   864 kB Recv  1191 kB | ,
🔶 Pred  106 ms Sync   21 ms | Sent   864 kB Recv  1191 kB |  but
🔶 Pred  106 ms Sync   18 ms | Sent   864 kB Recv  1191 kB |  in
🔶 Pred  107 ms Sync   17 ms | Sent   864 kB Recv  1191 kB |  a
🔶 Pred  183 ms Sync   61 ms | Sent   864 kB Recv  1191 kB |  B
🔶 Pred  147 ms Sync   20 ms | Sent   864 kB Recv  1191 kB | -tree
🔶 Pred  127 ms Sync   47 ms | Sent   864 kB Recv  1191 kB | ,
🔶 Pred  108 ms Sync   16 ms | Sent   864 kB Recv  1191 kB |  the
🔶 Pred  108 ms Sync   15 ms | Sent   864 kB Recv  1191 kB |  root
🔶 Pred  109 ms Sync   16 ms | Sent   864 kB Recv  1191 kB |  can
🔶 Pred  106 ms Sync   19 ms | Sent   864 kB Recv  1191 kB |  have
🔶 Pred  106 ms Sync   19 ms | Sent   864 kB Recv  1191 kB |  up
🔶 Pred  107 ms Sync   16 ms | Sent   864 kB Recv  1191 kB |  to
🔶 Pred  106 ms Sync   23 ms | Sent   864 kB Recv  1191 kB |  k
🔶 Pred  107 ms Sync   16 ms | Sent   864 kB Recv  1191 kB |  keys
🔶 Pred  106 ms Sync   20 ms | Sent   864 kB Recv  1191 kB | .
🔶 Pred  107 ms Sync   17 ms | Sent   864 kB Recv  1191 kB |  So
🔶 Pred  107 ms Sync   16 ms | Sent   864 kB Recv  1191 kB | ,
🔶 Pred  106 ms Sync   18 ms | Sent   864 kB Recv  1191 kB |  for
🔶 Pred  107 ms Sync   18 ms | Sent   864 kB Recv  1191 kB |  order
🔶 Pred  107 ms Sync   16 ms | Sent   864 kB Recv  1191 kB |  
🔶 Pred  106 ms Sync   19 ms | Sent   864 kB Recv  1191 kB | 3
🔶 Pred  107 ms Sync   18 ms | Sent   864 kB Recv  1191 kB | ,
🔶 Pred  107 ms Sync   19 ms | Sent   864 kB Recv  1191 kB |  the
🔶 Pred  107 ms Sync   22 ms | Sent   864 kB Recv  1191 kB |  root
🔶 Pred  107 ms Sync   21 ms | Sent   864 kB Recv  1191 kB |  can
🔶 Pred  119 ms Sync   49 ms | Sent   864 kB Recv  1191 kB |  have
🔶 Pred  127 ms Sync   62 ms | Sent   864 kB Recv  1191 kB |  up
🔶 Pred  106 ms Sync   42 ms | Sent   864 kB Recv  1191 kB |  to
🔶 Pred  122 ms Sync   34 ms | Sent   864 kB Recv  1191 kB |  
🔶 Pred  108 ms Sync   17 ms | Sent   864 kB Recv  1191 kB | 3
🔶 Pred  108 ms Sync   20 ms | Sent   864 kB Recv  1191 kB |  keys
🔶 Pred  107 ms Sync   18 ms | Sent   864 kB Recv  1191 kB | .
🔶 Pred  107 ms Sync   20 ms | Sent   864 kB Recv  1191 kB |  Each
🔶 Pred  107 ms Sync   17 ms | Sent   864 kB Recv  1191 kB |  key
🔶 Pred  120 ms Sync   24 ms | Sent   864 kB Recv  1191 kB |  in
🔶 Pred  107 ms Sync   17 ms | Sent   864 kB Recv  1191 kB |  the
🔶 Pred  106 ms Sync   20 ms | Sent   864 kB Recv  1191 kB |  root
🔶 Pred  107 ms Sync   17 ms | Sent   864 kB Recv  1191 kB |  will
🔶 Pred  107 ms Sync   16 ms | Sent   864 kB Recv  1191 kB |  then
🔶 Pred  107 ms Sync   21 ms | Sent   864 kB Recv  1191 kB |  have
🔶 Pred  155 ms Sync   15 ms | Sent   864 kB Recv  1191 kB |  their
🔶 Pred  127 ms Sync   21 ms | Sent   864 kB Recv  1191 kB |  own
🔶 Pred  109 ms Sync   18 ms | Sent   864 kB Recv  1191 kB |  left
🔶 Pred  109 ms Sync   18 ms | Sent   864 kB Recv  1191 kB |  and
🔶 Pred  109 ms Sync   20 ms | Sent   864 kB Recv  1191 kB |  right
🔶 Pred  108 ms Sync   18 ms | Sent   864 kB Recv  1191 kB |  children
🔶 Pred  109 ms Sync   17 ms | Sent   864 kB Recv  1191 kB | ,
🔶 Pred  153 ms Sync   90 ms | Sent   864 kB Recv  1191 kB |  which
🔶 Pred  108 ms Sync   16 ms | Sent   864 kB Recv  1191 kB |  can
🔶 Pred  123 ms Sync   50 ms | Sent   864 kB Recv  1191 kB |  have
🔶 Pred  108 ms Sync   18 ms | Sent   864 kB Recv  1191 kB |  up
🔶 Pred  107 ms Sync   17 ms | Sent   864 kB Recv  1191 kB |  to
🔶 Pred  110 ms Sync   16 ms | Sent   864 kB Recv  1191 kB |  
🔶 Pred  107 ms Sync   17 ms | Sent   864 kB Recv  1191 kB | 2
🔶 Pred  109 ms Sync   16 ms | Sent   864 kB Recv  1191 kB |  keys
🔶 Pred  108 ms Sync   17 ms | Sent   864 kB Recv  1191 kB |  each
🔶 Pred  107 ms Sync   22 ms | Sent   864 kB Recv  1191 kB | ,
🔶 Pred  107 ms Sync   17 ms | Sent   864 kB Recv  1191 kB |  and
🔶 Pred  107 ms Sync   22 ms | Sent   864 kB Recv  1191 kB |  so
🔶 Pred  107 ms Sync   18 ms | Sent   864 kB Recv  1191 kB |  on
🔶 Pred  107 ms Sync   17 ms | Sent   864 kB Recv  1191 kB | .


🔶 Pred  108 ms Sync   17 ms | Sent   864 kB Recv  1191 kB | So
🔶 Pred  107 ms Sync   20 ms | Sent   864 kB Recv  1191 kB | ,
🔶 Pred  108 ms Sync   17 ms | Sent   864 kB Recv  1191 kB |  the
🔶 Pred  107 ms Sync   19 ms | Sent   864 kB Recv  1191 kB |  initial
🔶 Pred  107 ms Sync   17 ms | Sent   864 kB Recv  1191 kB |  tree
🔶 Pred  108 ms Sync   17 ms | Sent   864 kB Recv  1191 kB |  would
🔶 Pred  107 ms Sync   23 ms | Sent   864 kB Recv  1191 kB |  look
🔶 Pred  107 ms Sync   21 ms | Sent   864 kB Recv  1191 kB |  like
🔶 Pred  142 ms Sync   57 ms | Sent   864 kB Recv  1191 kB |  this
🔶 Pred  130 ms Sync   77 ms | Sent   864 kB Recv  1191 kB | :


🔶 Pred  118 ms Sync   43 ms | Sent   864 kB Recv  1191 kB | -
🔶 Pred  108 ms Sync   17 ms | Sent   864 kB Recv  1191 kB |  Root
🔶 Pred  107 ms Sync   20 ms | Sent   864 kB Recv  1191 kB |  node
🔶 Pred  108 ms Sync   20 ms | Sent   864 kB Recv  1191 kB |  (
🔶 Pred  107 ms Sync   19 ms | Sent   864 kB Recv  1191 kB | node
🔶 Pred  175 ms Sync   22 ms | Sent   864 kB Recv  1191 kB |  
🔶 Pred  108 ms Sync   17 ms | Sent   864 kB Recv  1191 kB | 0
🔶 Pred  108 ms Sync   18 ms | Sent   864 kB Recv  1191 kB | )
🔶 Pred  107 ms Sync   19 ms | Sent   864 kB Recv  1191 kB |  has
🔶 Pred  108 ms Sync   18 ms | Sent   864 kB Recv  1191 kB |  key
🔶 Pred  108 ms Sync   17 ms | Sent   864 kB Recv  1191 kB |  None
🔶 Pred  108 ms Sync   17 ms | Sent   864 kB Recv  1191 kB | ,
🔶 Pred  108 ms Sync   18 ms | Sent   864 kB Recv  1191 kB |  and
🔶 Pred  108 ms Sync   18 ms | Sent   864 kB Recv  1191 kB |  left
🔶 Pred  108 ms Sync   20 ms | Sent   864 kB Recv  1191 kB |  and
🔶 Pred  107 ms Sync   19 ms | Sent   864 kB Recv  1191 kB |  right
🔶 Pred  108 ms Sync   17 ms | Sent   864 kB Recv  1191 kB |  children
🔶 Pred  107 ms Sync   18 ms | Sent   864 kB Recv  1191 kB |  as
🔶 Pred  108 ms Sync   16 ms | Sent   864 kB Recv  1191 kB |  None
🔶 Pred  108 ms Sync   22 ms | Sent   864 kB Recv  1191 kB |  initially
🔶 Pred  175 ms Sync   63 ms | Sent   864 kB Recv  1191 kB | .

🔶 Pred  109 ms Sync   16 ms | Sent   864 kB Recv  1191 kB | -
🔶 Pred  123 ms Sync   54 ms | Sent   864 kB Recv  1191 kB |  When
🔶 Pred  108 ms Sync   19 ms | Sent   864 kB Recv  1191 kB |  inserting
🔶 Pred  109 ms Sync   17 ms | Sent   864 kB Recv  1191 kB |  keys
🔶 Pred  108 ms Sync   17 ms | Sent   864 kB Recv  1191 kB | ,
🔶 Pred  107 ms Sync   18 ms | Sent   864 kB Recv  1191 kB |  the
🔶 Pred  109 ms Sync   18 ms | Sent   864 kB Recv  1191 kB |  root
🔶 Pred  110 ms Sync   19 ms | Sent   864 kB Recv  1191 kB |  will
🔶 Pred  109 ms Sync   22 ms | Sent   864 kB Recv  1191 kB |  get
🔶 Pred  110 ms Sync   17 ms | Sent   864 kB Recv  1191 kB |  up
🔶 Pred  109 ms Sync   19 ms | Sent   864 kB Recv  1191 kB |  to
🔶 Pred  109 ms Sync   21 ms | Sent   864 kB Recv  1191 kB |  
🔶 Pred  109 ms Sync   20 ms | Sent   864 kB Recv  1191 kB | 3
🔶 Pred  110 ms Sync   16 ms | Sent   864 kB Recv  1191 kB |  keys
🔶 Pred  108 ms Sync   18 ms | Sent   864 kB Recv  1191 kB | ,
🔶 Pred  123 ms Sync   16 ms | Sent   864 kB Recv  1191 kB |  each
🔶 Pred  108 ms Sync   20 ms | Sent   864 kB Recv  1191 kB |  of
🔶 Pred  108 ms Sync   23 ms | Sent   864 kB Recv  1191 kB |  which
🔶 Pred  108 ms Sync   17 ms | Sent   864 kB Recv  1191 kB |  will
🔶 Pred  108 ms Sync   19 ms | Sent   864 kB Recv  1191 kB |  have
🔶 Pred  109 ms Sync   22 ms | Sent   864 kB Recv  1191 kB |  their
🔶 Pred  179 ms Sync   98 ms | Sent   864 kB Recv  1191 kB |  own
🔶 Pred  112 ms Sync   31 ms | Sent   864 kB Recv  1191 kB |  left
🔶 Pred  130 ms Sync   29 ms | Sent   864 kB Recv  1191 kB |  and
🔶 Pred  109 ms Sync   17 ms | Sent   864 kB Recv  1191 kB |  right
🔶 Pred  109 ms Sync   18 ms | Sent   864 kB Recv  1191 kB |  children
🔶 Pred  107 ms Sync   23 ms | Sent   864 kB Recv  1191 kB | .


🔶 Pred  108 ms Sync   24 ms | Sent   864 kB Recv  1191 kB | Wait
🔶 Pred  108 ms Sync   18 ms | Sent   864 kB Recv  1191 kB | ,
🔶 Pred  108 ms Sync   17 ms | Sent   864 kB Recv  1191 kB |  but
🔶 Pred  108 ms Sync   18 ms | Sent   864 kB Recv  1191 kB |  perhaps
🔶 Pred  108 ms Sync   18 ms | Sent   864 kB Recv  1191 kB |  the
🔶 Pred  108 ms Sync   18 ms | Sent   864 kB Recv  1191 kB |  root
🔶 Pred  108 ms Sync   19 ms | Sent   864 kB Recv  1191 kB | 's
🔶 Pred  108 ms Sync   20 ms | Sent   864 kB Recv  1191 kB |  key
🔶 Pred  108 ms Sync   18 ms | Sent   864 kB Recv  1191 kB |  is
🔶 Pred  109 ms Sync   17 ms | Sent   864 kB Recv  1191 kB |  a
🔶 Pred  107 ms Sync   21 ms | Sent   864 kB Recv  1191 kB |  placeholder
🔶 Pred  108 ms Sync   21 ms | Sent   864 kB Recv  1191 kB | ,
🔶 Pred  107 ms Sync   25 ms | Sent   864 kB Recv  1191 kB |  like
🔶 Pred  109 ms Sync   18 ms | Sent   864 kB Recv  1191 kB |  None
🔶 Pred  108 ms Sync   21 ms | Sent   864 kB Recv  1191 kB | ,
🔶 Pred  135 ms Sync   46 ms | Sent   864 kB Recv  1191 kB |  and
🔶 Pred  136 ms Sync   51 ms | Sent   864 kB Recv  1191 kB |  the
🔶 Pred  108 ms Sync   17 ms | Sent   864 kB Recv  1191 kB |  actual
🔶 Pred  130 ms Sync   42 ms | Sent   864 kB Recv  1191 kB |  keys
🔶 Pred  109 ms Sync   16 ms | Sent   864 kB Recv  1191 kB |  are
🔶 Pred  109 ms Sync   21 ms | Sent   864 kB Recv  1191 kB |  stored
🔶 Pred  107 ms Sync   24 ms | Sent   864 kB Recv  1191 kB |  in
🔶 Pred  108 ms Sync   20 ms | Sent   864 kB Recv  1191 kB |  its
🔶 Pred  108 ms Sync   23 ms | Sent   864 kB Recv  1191 kB |  children
🔶 Pred  108 ms Sync   22 ms | Sent   864 kB Recv  1191 kB | .
🔶 Pred  108 ms Sync   18 ms | Sent   864 kB Recv  1191 kB |  Hmm
🔶 Pred  107 ms Sync   19 ms | Sent   864 kB Recv  1191 kB | ,
🔶 Pred  109 ms Sync   17 ms | Sent   864 kB Recv  1191 kB |  that
🔶 Pred  108 ms Sync   18 ms | Sent   864 kB Recv  1191 kB |  might
🔶 Pred  108 ms Sync   24 ms | Sent   864 kB Recv  1191 kB |  comp
🔶 Pred  183 ms Sync   17 ms | Sent   864 kB Recv  1191 kB | licate
🔶 Pred  110 ms Sync   19 ms | Sent   864 kB Recv  1191 kB |  things
🔶 Pred  108 ms Sync   18 ms | Sent   864 kB Recv  1191 kB | .


🔶 Pred  109 ms Sync   19 ms | Sent   864 kB Recv  1191 kB | Alternatively
🔶 Pred  109 ms Sync   21 ms | Sent   864 kB Recv  1191 kB | ,
🔶 Pred  108 ms Sync   24 ms | Sent   864 kB Recv  1191 kB |  the
🔶 Pred  108 ms Sync   20 ms | Sent   864 kB Recv  1191 kB |  root
🔶 Pred  166 ms Sync   70 ms | Sent   864 kB Recv  1191 kB |  can
🔶 Pred  110 ms Sync   16 ms | Sent   864 kB Recv  1191 kB |  have
🔶 Pred  128 ms Sync   45 ms | Sent   864 kB Recv  1191 kB |  a
🔶 Pred  112 ms Sync   17 ms | Sent   864 kB Recv  1191 kB |  key
🔶 Pred  112 ms Sync   17 ms | Sent   864 kB Recv  1191 kB | ,
🔶 Pred  109 ms Sync   18 ms | Sent   864 kB Recv  1191 kB |  and
🔶 Pred  108 ms Sync   17 ms | Sent   864 kB Recv  1191 kB |  its
🔶 Pred  108 ms Sync   17 ms | Sent   864 kB Recv  1191 kB |  left
🔶 Pred  110 ms Sync   18 ms | Sent   864 kB Recv  1191 kB |  and
🔶 Pred  108 ms Sync   21 ms | Sent   864 kB Recv  1191 kB |  right
🔶 Pred  109 ms Sync   19 ms | Sent   864 kB Recv  1191 kB |  children
🔶 Pred  109 ms Sync   18 ms | Sent   864 kB Recv  1191 kB |  are
🔶 Pred  108 ms Sync   21 ms | Sent   864 kB Recv  1191 kB |  the
🔶 Pred  109 ms Sync   18 ms | Sent   864 kB Recv  1191 kB |  nodes
🔶 Pred  110 ms Sync   20 ms | Sent   864 kB Recv  1191 kB |  that
🔶 Pred  109 ms Sync   18 ms | Sent   864 kB Recv  1191 kB |  hold
🔶 Pred  109 ms Sync   19 ms | Sent   864 kB Recv  1191 kB |  the
🔶 Pred  108 ms Sync   21 ms | Sent   864 kB Recv  1191 kB |  keys
🔶 Pred  108 ms Sync   26 ms | Sent   864 kB Recv  1191 kB | .
🔶 Pred  109 ms Sync   18 ms | Sent   864 kB Recv  1191 kB |  So
🔶 Pred  109 ms Sync   21 ms | Sent   864 kB Recv  1191 kB | ,
🔶 Pred  145 ms Sync   35 ms | Sent   864 kB Recv  1191 kB |  the
🔶 Pred  110 ms Sync  140 ms | Sent   864 kB Recv  1191 kB |  root
🔶 Pred  128 ms Sync   52 ms | Sent   864 kB Recv  1191 kB | 's
🔶 Pred  109 ms Sync   17 ms | Sent   864 kB Recv  1191 kB |  key
🔶 Pred  110 ms Sync   16 ms | Sent   864 kB Recv  1191 kB |  is
🔶 Pred  110 ms Sync   18 ms | Sent   864 kB Recv  1191 kB |  a
🔶 Pred  109 ms Sync   18 ms | Sent   864 kB Recv  1191 kB |  dummy
🔶 Pred  160 ms Sync   17 ms | Sent   864 kB Recv  1191 kB |  value
🔶 Pred  135 ms Sync   24 ms | Sent   864 kB Recv  1191 kB | ,
🔶 Pred  110 ms Sync   17 ms | Sent   864 kB Recv  1191 kB |  and
🔶 Pred  109 ms Sync   18 ms | Sent   864 kB Recv  1191 kB |  its
🔶 Pred  109 ms Sync   20 ms | Sent   864 kB Recv  1191 kB |  children
🔶 Pred  109 ms Sync   20 ms | Sent   864 kB Recv  1191 kB |  hold
🔶 Pred  109 ms Sync   18 ms | Sent   864 kB Recv  1191 kB |  the
🔶 Pred  108 ms Sync   20 ms | Sent   864 kB Recv  1191 kB |  actual
🔶 Pred  109 ms Sync   18 ms | Sent   864 kB Recv  1191 kB |  keys
🔶 Pred  109 ms Sync   16 ms | Sent   864 kB Recv  1191 kB | .
🔶 Pred  109 ms Sync   21 ms | Sent   864 kB Recv  1191 kB |  That
🔶 Pred  109 ms Sync   18 ms | Sent   864 kB Recv  1191 kB |  might
🔶 Pred  110 ms Sync   17 ms | Sent   864 kB Recv  1191 kB |  make
🔶 Pred  109 ms Sync   19 ms | Sent   864 kB Recv  1191 kB |  more
🔶 Pred  127 ms Sync   35 ms | Sent   864 kB Recv  1191 kB |  sense
🔶 Pred  151 ms Sync   83 ms | Sent   864 kB Recv  1191 kB | .


🔶 Pred  110 ms Sync   17 ms | Sent   864 kB Recv  1191 kB | Wait
🔶 Pred  124 ms Sync   60 ms | Sent   864 kB Recv  1191 kB | ,
🔶 Pred  109 ms Sync   18 ms | Sent   864 kB Recv  1191 kB |  perhaps
🔶 Pred  110 ms Sync   21 ms | Sent   864 kB Recv  1191 kB |  I
🔶 Pred  109 ms Sync   18 ms | Sent   864 kB Recv  1191 kB |  should
🔶 Pred  109 ms Sync   20 ms | Sent   864 kB Recv  1191 kB |  structure
🔶 Pred  109 ms Sync   18 ms | Sent   864 kB Recv  1191 kB |  the
🔶 Pred  109 ms Sync   17 ms | Sent   864 kB Recv  1191 kB |  tree
🔶 Pred  109 ms Sync   19 ms | Sent   864 kB Recv  1191 kB |  such
🔶 Pred  109 ms Sync   17 ms | Sent   864 kB Recv  1191 kB |  that
🔶 Pred  109 ms Sync   22 ms | Sent   864 kB Recv  1191 kB |  each
🔶 Pred  109 ms Sync   17 ms | Sent   864 kB Recv  1191 kB |  node
🔶 Pred  114 ms Sync   18 ms | Sent   864 kB Recv  1191 kB | 's
🔶 Pred  113 ms Sync   16 ms | Sent   864 kB Recv  1191 kB |  key
🔶 Pred  110 ms Sync   18 ms | Sent   864 kB Recv  1191 kB |  is
🔶 Pred  110 ms Sync   22 ms | Sent   864 kB Recv  1191 kB |  part
🔶 Pred  112 ms Sync   19 ms | Sent   864 kB Recv  1191 kB |  of
🔶 Pred  110 ms Sync   21 ms | Sent   864 kB Recv  1191 kB |  its
🔶 Pred  109 ms Sync   19 ms | Sent   864 kB Recv  1191 kB |  data
🔶 Pred  109 ms Sync   29 ms | Sent   864 kB Recv  1191 kB | ,
🔶 Pred  234 ms Sync   43 ms | Sent   864 kB Recv  1191 kB |  and
🔶 Pred  110 ms Sync   18 ms | Sent   864 kB Recv  1191 kB |  the
🔶 Pred  132 ms Sync   39 ms | Sent   864 kB Recv  1191 kB |  left
🔶 Pred  111 ms Sync   17 ms | Sent   864 kB Recv  1191 kB |  and
🔶 Pred  111 ms Sync   17 ms | Sent   864 kB Recv  1191 kB |  right
🔶 Pred  109 ms Sync   19 ms | Sent   864 kB Recv  1191 kB |  children
🔶 Pred  110 ms Sync   19 ms | Sent   864 kB Recv  1191 kB |  are
🔶 Pred  109 ms Sync   20 ms | Sent   864 kB Recv  1191 kB |  the
🔶 Pred  110 ms Sync   18 ms | Sent   864 kB Recv  1191 kB |  nodes
🔶 Pred  110 ms Sync   20 ms | Sent   864 kB Recv  1191 kB |  that
🔶 Pred  109 ms Sync   18 ms | Sent   864 kB Recv  1191 kB |  come
🔶 Pred  108 ms Sync   25 ms | Sent   864 kB Recv  1191 kB |  after
🔶 Pred  109 ms Sync   21 ms | Sent   864 kB Recv  1191 kB |  in
🔶 Pred  109 ms Sync   24 ms | Sent   864 kB Recv  1191 kB |  the
🔶 Pred  109 ms Sync   25 ms | Sent   864 kB Recv  1191 kB |  sorted
🔶 Pred  110 ms Sync   19 ms | Sent   864 kB Recv  1191 kB |  order
🔶 Pred  109 ms Sync   21 ms | Sent   864 kB Recv  1191 kB | .


🔶 Pred  110 ms Sync   19 ms | Sent   864 kB Recv  1191 kB | Wait
🔶 Pred  109 ms Sync   22 ms | Sent   864 kB Recv  1191 kB | ,
🔶 Pred  109 ms Sync   20 ms | Sent   864 kB Recv  1191 kB |  perhaps
🔶 Pred  109 ms Sync   22 ms | Sent   864 kB Recv  1191 kB |  I
🔶 Pred  136 ms Sync   39 ms | Sent   864 kB Recv  1191 kB | 'm
🔶 Pred  148 ms Sync   55 ms | Sent   864 kB Recv  1191 kB |  over
🔶 Pred  110 ms Sync   16 ms | Sent   864 kB Recv  1191 kB | comp
🔶 Pred  122 ms Sync   78 ms | Sent   864 kB Recv  1191 kB | lic
🔶 Pred  112 ms Sync   16 ms | Sent   864 kB Recv  1191 kB | ating
🔶 Pred  110 ms Sync   18 ms | Sent   864 kB Recv  1191 kB | .
🔶 Pred  109 ms Sync   20 ms | Sent   864 kB Recv  1191 kB |  Let
🔶 Pred  109 ms Sync   21 ms | Sent   864 kB Recv  1191 kB |  me
🔶 Pred  109 ms Sync   21 ms | Sent   864 kB Recv  1191 kB |  think
🔶 Pred  110 ms Sync   18 ms | Sent   864 kB Recv  1191 kB |  about
🔶 Pred  109 ms Sync   20 ms | Sent   864 kB Recv  1191 kB |  how
🔶 Pred  109 ms Sync   26 ms | Sent   864 kB Recv  1191 kB |  to
🔶 Pred  131 ms Sync   17 ms | Sent   864 kB Recv  1191 kB |  represent
🔶 Pred  110 ms Sync   19 ms | Sent   864 kB Recv  1191 kB |  the
🔶 Pred  152 ms Sync   13 ms | Sent   864 kB Recv  1191 kB |  tree
🔶 Pred  161 ms Sync   24 ms | Sent   864 kB Recv  1191 kB | .


🔶 Pred  110 ms Sync   18 ms | Sent   864 kB Recv  1191 kB | Each
🔶 Pred  109 ms Sync   21 ms | Sent   864 kB Recv  1191 kB |  node
🔶 Pred  110 ms Sync   17 ms | Sent   864 kB Recv  1191 kB |  can
🔶 Pred  109 ms Sync   21 ms | Sent   864 kB Recv  1191 kB |  be
🔶 Pred  109 ms Sync   22 ms | Sent   864 kB Recv  1191 kB |  represented
🔶 Pred  165 ms Sync   36 ms | Sent   864 kB Recv  1191 kB |  as
🔶 Pred  158 ms Sync   17 ms | Sent   864 kB Recv  1191 kB |  an
🔶 Pred  131 ms Sync   49 ms | Sent   864 kB Recv  1191 kB |  object
🔶 Pred  111 ms Sync   17 ms | Sent   864 kB Recv  1191 kB |  with
🔶 Pred  110 ms Sync   19 ms | Sent   864 kB Recv  1191 kB | :


🔶 Pred  110 ms Sync   17 ms | Sent   864 kB Recv  1191 kB | -
🔶 Pred  109 ms Sync   23 ms | Sent   864 kB Recv  1191 kB |  key
🔶 Pred  110 ms Sync   21 ms | Sent   864 kB Recv  1191 kB | :
🔶 Pred  112 ms Sync   16 ms | Sent   864 kB Recv  1191 kB |  the
🔶 Pred  112 ms Sync   18 ms | Sent   864 kB Recv  1191 kB |  value
🔶 Pred  112 ms Sync   16 ms | Sent   864 kB Recv  1191 kB |  stored
🔶 Pred  111 ms Sync   16 ms | Sent   864 kB Recv  1191 kB |  at
🔶 Pred  110 ms Sync   21 ms | Sent   864 kB Recv  1191 kB |  this
🔶 Pred  110 ms Sync   20 ms | Sent   864 kB Recv  1191 kB |  node
🔶 Pred  109 ms Sync   24 ms | Sent   864 kB Recv  1191 kB | 

🔶 Pred  110 ms Sync   19 ms | Sent   864 kB Recv  1191 kB | -
🔶 Pred  109 ms Sync   20 ms | Sent   864 kB Recv  1191 kB |  left
🔶 Pred  110 ms Sync   20 ms | Sent   864 kB Recv  1191 kB | :
🔶 Pred  109 ms Sync   19 ms | Sent   864 kB Recv  1191 kB |  a
🔶 Pred  110 ms Sync   18 ms | Sent   864 kB Recv  1191 kB |  reference
🔶 Pred  110 ms Sync   25 ms | Sent   864 kB Recv  1191 kB |  to
🔶 Pred  120 ms Sync   27 ms | Sent   864 kB Recv  1191 kB |  the
🔶 Pred  150 ms Sync   70 ms | Sent   864 kB Recv  1191 kB |  left
🔶 Pred  110 ms Sync   17 ms | Sent   864 kB Recv  1191 kB |  child
🔶 Pred  130 ms Sync   44 ms | Sent   864 kB Recv  1191 kB |  node
🔶 Pred  112 ms Sync   16 ms | Sent   864 kB Recv  1191 kB | 

🔶 Pred  111 ms Sync   17 ms | Sent   864 kB Recv  1191 kB | -
🔶 Pred  110 ms Sync   16 ms | Sent   864 kB Recv  1191 kB |  right
🔶 Pred  154 ms Sync   15 ms | Sent   864 kB Recv  1191 kB | :
🔶 Pred  147 ms Sync   16 ms | Sent   864 kB Recv  1191 kB |  a
🔶 Pred  111 ms Sync   16 ms | Sent   864 kB Recv  1191 kB |  reference
🔶 Pred  110 ms Sync   22 ms | Sent   864 kB Recv  1191 kB |  to
🔶 Pred  110 ms Sync   23 ms | Sent   864 kB Recv  1191 kB |  the
🔶 Pred  110 ms Sync   23 ms | Sent   864 kB Recv  1191 kB |  right
🔶 Pred  109 ms Sync   21 ms | Sent   864 kB Recv  1191 kB |  child
🔶 Pred  110 ms Sync   18 ms | Sent   864 kB Recv  1191 kB |  node
🔶 Pred  110 ms Sync   23 ms | Sent   864 kB Recv  1191 kB | 

🔶 Pred  110 ms Sync   21 ms | Sent   864 kB Recv  1191 kB | -
🔶 Pred  109 ms Sync   22 ms | Sent   864 kB Recv  1191 kB |  parent
🔶 Pred  110 ms Sync   31 ms | Sent   864 kB Recv  1191 kB | :
🔶 Pred  110 ms Sync   26 ms | Sent   864 kB Recv  1191 kB |  a
🔶 Pred  111 ms Sync   21 ms | Sent   864 kB Recv  1191 kB |  reference
🔶 Pred  111 ms Sync   17 ms | Sent   864 kB Recv  1191 kB |  to
🔶 Pred  136 ms Sync  115 ms | Sent   864 kB Recv  1191 kB |  the
🔶 Pred  110 ms Sync   18 ms | Sent   864 kB Recv  1191 kB |  parent
🔶 Pred  128 ms Sync   39 ms | Sent   864 kB Recv  1191 kB |  node
🔶 Pred  111 ms Sync   19 ms | Sent   864 kB Recv  1191 kB | 


🔶 Pred  112 ms Sync   16 ms | Sent   864 kB Recv  1191 kB | The
🔶 Pred  111 ms Sync   17 ms | Sent   864 kB Recv  1191 kB |  root
🔶 Pred  110 ms Sync   19 ms | Sent   864 kB Recv  1191 kB |  node
🔶 Pred  110 ms Sync   20 ms | Sent   864 kB Recv  1191 kB |  is
🔶 Pred  111 ms Sync   19 ms | Sent   864 kB Recv  1191 kB |  a
🔶 Pred  110 ms Sync   17 ms | Sent   864 kB Recv  1191 kB |  special
🔶 Pred  122 ms Sync   26 ms | Sent   864 kB Recv  1191 kB |  node
🔶 Pred  111 ms Sync   17 ms | Sent   864 kB Recv  1191 kB | ,
🔶 Pred  110 ms Sync   23 ms | Sent   864 kB Recv  1191 kB |  perhaps
🔶 Pred  111 ms Sync   20 ms | Sent   864 kB Recv  1191 kB |  with
🔶 Pred  111 ms Sync   17 ms | Sent   864 kB Recv  1191 kB |  a
🔶 Pred  111 ms Sync   20 ms | Sent   864 kB Recv  1191 kB |  key
🔶 Pred  111 ms Sync   19 ms | Sent   864 kB Recv  1191 kB |  of
🔶 Pred  110 ms Sync   19 ms | Sent   864 kB Recv  1191 kB |  None
🔶 Pred  110 ms Sync   23 ms | Sent   864 kB Recv  1191 kB | ,
🔶 Pred  110 ms Sync   25 ms | Sent   864 kB Recv  1191 kB |  and
🔶 Pred  110 ms Sync   20 ms | Sent   864 kB Recv  1191 kB |  its
🔶 Pred  169 ms Sync   33 ms | Sent   864 kB Recv  1191 kB |  left
🔶 Pred  123 ms Sync  120 ms | Sent   864 kB Recv  1191 kB |  and
🔶 Pred  134 ms Sync   52 ms | Sent   864 kB Recv  1191 kB |  right
🔶 Pred  113 ms Sync   17 ms | Sent   864 kB Recv  1191 kB |  children
🔶 Pred  112 ms Sync   17 ms | Sent   864 kB Recv  1191 kB |  are
🔶 Pred  110 ms Sync   17 ms | Sent   864 kB Recv  1191 kB |  the
🔶 Pred  111 ms Sync   18 ms | Sent   864 kB Recv  1191 kB |  first
🔶 Pred  111 ms Sync   18 ms | Sent   864 kB Recv  1191 kB |  level
🔶 Pred  110 ms Sync   22 ms | Sent   864 kB Recv  1191 kB |  of
🔶 Pred  111 ms Sync   17 ms | Sent   864 kB Recv  1191 kB |  nodes
🔶 Pred  110 ms Sync   22 ms | Sent   864 kB Recv  1191 kB | .


🔶 Pred  111 ms Sync   16 ms | Sent   864 kB Recv  1191 kB | Wait
🔶 Pred  111 ms Sync   21 ms | Sent   864 kB Recv  1191 kB | ,
🔶 Pred  110 ms Sync   21 ms | Sent   864 kB Recv  1191 kB |  but
🔶 Pred  111 ms Sync   19 ms | Sent   864 kB Recv  1191 kB |  in
🔶 Pred  111 ms Sync   17 ms | Sent   864 kB Recv  1191 kB |  a
🔶 Pred  110 ms Sync   18 ms | Sent   864 kB Recv  1191 kB |  B
🔶 Pred  111 ms Sync   22 ms | Sent   864 kB Recv  1191 kB | -tree
🔶 Pred  111 ms Sync   18 ms | Sent   864 kB Recv  1191 kB | ,
🔶 Pred  111 ms Sync   17 ms | Sent   864 kB Recv  1191 kB |  the
🔶 Pred  111 ms Sync   17 ms | Sent   864 kB Recv  1191 kB |  root
🔶 Pred  160 ms Sync   68 ms | Sent   864 kB Recv  1191 kB |  can
🔶 Pred  127 ms Sync   18 ms | Sent   864 kB Recv  1191 kB |  have
🔶 Pred  129 ms Sync   56 ms | Sent   864 kB Recv  1191 kB |  up
🔶 Pred  113 ms Sync   16 ms | Sent   864 kB Recv  1191 kB |  to
🔶 Pred  111 ms Sync   18 ms | Sent   864 kB Recv  1191 kB |  k
🔶 Pred  111 ms Sync   18 ms | Sent   864 kB Recv  1191 kB |  keys
🔶 Pred  111 ms Sync   18 ms | Sent   864 kB Recv  1191 kB | .
🔶 Pred  112 ms Sync   20 ms | Sent   864 kB Recv  1191 kB |  So
🔶 Pred  112 ms Sync   30 ms | Sent   864 kB Recv  1191 kB | ,
🔶 Pred  112 ms Sync   37 ms | Sent   864 kB Recv  1191 kB |  for
🔶 Pred  111 ms Sync   16 ms | Sent   864 kB Recv  1191 kB |  order
🔶 Pred  111 ms Sync   17 ms | Sent   864 kB Recv  1191 kB |  
🔶 Pred  111 ms Sync   17 ms | Sent   864 kB Recv  1191 kB | 3
🔶 Pred  111 ms Sync   22 ms | Sent   864 kB Recv  1191 kB | ,
🔶 Pred  163 ms Sync   13 ms | Sent   864 kB Recv  1191 kB |  the
🔶 Pred  152 ms Sync   23 ms | Sent   864 kB Recv  1191 kB |  root
🔶 Pred  111 ms Sync   16 ms | Sent   864 kB Recv  1191 kB |  can
🔶 Pred  111 ms Sync   20 ms | Sent   864 kB Recv  1191 kB |  have
🔶 Pred  111 ms Sync   20 ms | Sent   864 kB Recv  1191 kB |  up
🔶 Pred  111 ms Sync   25 ms | Sent   864 kB Recv  1191 kB |  to
🔶 Pred  112 ms Sync   18 ms | Sent   864 kB Recv  1191 kB |  
🔶 Pred  182 ms Sync   73 ms | Sent   864 kB Recv  1191 kB | 3
🔶 Pred  140 ms Sync   16 ms | Sent   864 kB Recv  1191 kB |  keys
🔶 Pred  137 ms Sync   42 ms | Sent   864 kB Recv  1191 kB | .
🔶 Pred  111 ms Sync   19 ms | Sent   864 kB Recv  1191 kB |  Each
🔶 Pred  112 ms Sync   17 ms | Sent   864 kB Recv  1191 kB |  of
🔶 Pred  111 ms Sync   21 ms | Sent   864 kB Recv  1191 kB |  those
🔶 Pred  110 ms Sync   22 ms | Sent   864 kB Recv  1191 kB |  keys
🔶 Pred  111 ms Sync   18 ms | Sent   864 kB Recv  1191 kB |  will
🔶 Pred  112 ms Sync   17 ms | Sent   864 kB Recv  1191 kB |  then
🔶 Pred  112 ms Sync   24 ms | Sent   864 kB Recv  1191 kB |  have
🔶 Pred  111 ms Sync   20 ms | Sent   864 kB Recv  1191 kB |  their
🔶 Pred  111 ms Sync   20 ms | Sent   864 kB Recv  1191 kB |  own
🔶 Pred  111 ms Sync   18 ms | Sent   864 kB Recv  1191 kB |  left
🔶 Pred  119 ms Sync   18 ms | Sent   864 kB Recv  1191 kB |  and
🔶 Pred  114 ms Sync   20 ms | Sent   864 kB Recv  1191 kB |  right
🔶 Pred  114 ms Sync   42 ms | Sent   864 kB Recv  1191 kB |  children
🔶 Pred  112 ms Sync   18 ms | Sent   864 kB Recv  1191 kB | ,
🔶 Pred  113 ms Sync   22 ms | Sent   864 kB Recv  1191 kB |  which
🔶 Pred  113 ms Sync   22 ms | Sent   864 kB Recv  1191 kB |  can
🔶 Pred  113 ms Sync   24 ms | Sent   864 kB Recv  1191 kB |  have
🔶 Pred  112 ms Sync   22 ms | Sent   864 kB Recv  1191 kB |  up
🔶 Pred  143 ms Sync  102 ms | Sent   864 kB Recv  1191 kB |  to
🔶 Pred  112 ms Sync   17 ms | Sent   864 kB Recv  1191 kB |  
🔶 Pred  128 ms Sync   46 ms | Sent   864 kB Recv  1191 kB | 2
🔶 Pred  112 ms Sync   19 ms | Sent   864 kB Recv  1191 kB |  keys
🔶 Pred  115 ms Sync   17 ms | Sent   864 kB Recv  1191 kB |  each
🔶 Pred  113 ms Sync   17 ms | Sent   864 kB Recv  1191 kB | .


🔶 Pred  161 ms Sync   16 ms | Sent   864 kB Recv  1191 kB | So
🔶 Pred  251 ms Sync   24 ms | Sent   864 kB Recv  1191 kB | ,
🔶 Pred  113 ms Sync   17 ms | Sent   864 kB Recv  1191 kB |  the
🔶 Pred  112 ms Sync   20 ms | Sent   864 kB Recv  1191 kB |  initial
🔶 Pred  111 ms Sync   24 ms | Sent   864 kB Recv  1191 kB |  tree
🔶 Pred  112 ms Sync   21 ms | Sent   864 kB Recv  1191 kB |  would
🔶 Pred  112 ms Sync   20 ms | Sent   864 kB Recv  1191 kB |  have
🔶 Pred  111 ms Sync   25 ms | Sent   864 kB Recv  1191 kB |  the
🔶 Pred  111 ms Sync   19 ms | Sent   864 kB Recv  1191 kB |  root
🔶 Pred  112 ms Sync   17 ms | Sent   864 kB Recv  1191 kB |  node
🔶 Pred  112 ms Sync   19 ms | Sent   864 kB Recv  1191 kB |  (
🔶 Pred  111 ms Sync   21 ms | Sent   864 kB Recv  1191 kB | node
🔶 Pred  112 ms Sync   23 ms | Sent   864 kB Recv  1191 kB |  
🔶 Pred  124 ms Sync   43 ms | Sent   864 kB Recv  1191 kB | 0
🔶 Pred  152 ms Sync   49 ms | Sent   864 kB Recv  1191 kB | )
🔶 Pred  112 ms Sync   16 ms | Sent   864 kB Recv  1191 kB |  with
🔶 Pred  131 ms Sync   44 ms | Sent   864 kB Recv  1191 kB |  key
🔶 Pred  113 ms Sync   16 ms | Sent   864 kB Recv  1191 kB |  None
🔶 Pred  113 ms Sync   24 ms | Sent   864 kB Recv  1191 kB | ,
🔶 Pred  111 ms Sync   23 ms | Sent   864 kB Recv  1191 kB |  and
🔶 Pred  111 ms Sync   20 ms | Sent   864 kB Recv  1191 kB |  left
🔶 Pred  112 ms Sync   20 ms | Sent   864 kB Recv  1191 kB |  and
🔶 Pred  111 ms Sync   24 ms | Sent   864 kB Recv  1191 kB |  right
🔶 Pred  111 ms Sync   23 ms | Sent   864 kB Recv  1191 kB |  children
🔶 Pred  111 ms Sync   20 ms | Sent   864 kB Recv  1191 kB |  as
🔶 Pred  112 ms Sync   18 ms | Sent   864 kB Recv  1191 kB |  None
🔶 Pred  112 ms Sync   17 ms | Sent   864 kB Recv  1191 kB | .
🔶 Pred  112 ms Sync   20 ms | Sent   864 kB Recv  1191 kB |  When
🔶 Pred  112 ms Sync   17 ms | Sent   864 kB Recv  1191 kB |  inserting
🔶 Pred  112 ms Sync   18 ms | Sent   864 kB Recv  1191 kB |  keys
🔶 Pred  112 ms Sync   22 ms | Sent   864 kB Recv  1191 kB | ,
🔶 Pred  112 ms Sync   24 ms | Sent   864 kB Recv  1191 kB |  the
🔶 Pred  112 ms Sync   20 ms | Sent   864 kB Recv  1191 kB |  first
🔶 Pred  112 ms Sync   18 ms | Sent   864 kB Recv  1191 kB |  insertion
🔶 Pred  112 ms Sync   22 ms | Sent   864 kB Recv  1191 kB |  would
🔶 Pred  188 ms Sync   85 ms | Sent   864 kB Recv  1191 kB |  go
🔶 Pred  112 ms Sync   18 ms | Sent   864 kB Recv  1191 kB |  into
🔶 Pred  134 ms Sync   46 ms | Sent   864 kB Recv  1191 kB |  the
🔶 Pred  112 ms Sync   20 ms | Sent   864 kB Recv  1191 kB |  root
🔶 Pred  112 ms Sync   23 ms | Sent   864 kB Recv  1191 kB | 's
🔶 Pred  111 ms Sync   23 ms | Sent   864 kB Recv  1191 kB |  left
🔶 Pred  112 ms Sync   18 ms | Sent   864 kB Recv  1191 kB |  or
🔶 Pred  112 ms Sync   18 ms | Sent   864 kB Recv  1191 kB |  right
🔶 Pred  112 ms Sync   17 ms | Sent   864 kB Recv  1191 kB | ,
🔶 Pred  112 ms Sync   21 ms | Sent   864 kB Recv  1191 kB |  depending
🔶 Pred  114 ms Sync   18 ms | Sent   864 kB Recv  1191 kB |  on
🔶 Pred  115 ms Sync   18 ms | Sent   864 kB Recv  1191 kB |  where
🔶 Pred  113 ms Sync   21 ms | Sent   864 kB Recv  1191 kB |  it
🔶 Pred  113 ms Sync   19 ms | Sent   864 kB Recv  1191 kB |  fits
🔶 Pred  111 ms Sync   26 ms | Sent   864 kB Recv  1191 kB | .


🔶 Pred  113 ms Sync   17 ms | Sent   864 kB Recv  1191 kB | Wait
🔶 Pred  111 ms Sync   19 ms | Sent   864 kB Recv  1191 kB | ,
🔶 Pred  112 ms Sync   19 ms | Sent   864 kB Recv  1191 kB |  but
🔶 Pred  114 ms Sync   18 ms | Sent   864 kB Recv  1191 kB |  perhaps
🔶 Pred  112 ms Sync   20 ms | Sent   864 kB Recv  1191 kB |  the
🔶 Pred  111 ms Sync   24 ms | Sent   864 kB Recv  1191 kB |  root
🔶 Pred  176 ms Sync   71 ms | Sent   864 kB Recv  1191 kB | 's
🔶 Pred  127 ms Sync   25 ms | Sent   864 kB Recv  1191 kB |  key
🔶 Pred  133 ms Sync   48 ms | Sent   864 kB Recv  1191 kB |  is
🔶 Pred  114 ms Sync   16 ms | Sent   864 kB Recv  1191 kB |  a
🔶 Pred  113 ms Sync   20 ms | Sent   864 kB Recv  1191 kB |  dummy
🔶 Pred  113 ms Sync   18 ms | Sent   864 kB Recv  1191 kB |  value
🔶 Pred  111 ms Sync   26 ms | Sent   864 kB Recv  1191 kB | ,
🔶 Pred  112 ms Sync   24 ms | Sent   864 kB Recv  1191 kB |  and
🔶 Pred  111 ms Sync   20 ms | Sent   864 kB Recv  1191 kB |  its
🔶 Pred  111 ms Sync   21 ms | Sent   864 kB Recv  1191 kB |  children
🔶 Pred  113 ms Sync   17 ms | Sent   864 kB Recv  1191 kB |  hold
🔶 Pred  112 ms Sync   21 ms | Sent   864 kB Recv  1191 kB |  the
🔶 Pred  113 ms Sync   17 ms | Sent   864 kB Recv  1191 kB |  actual
🔶 Pred  126 ms Sync   18 ms | Sent   864 kB Recv  1191 kB |  keys
🔶 Pred  168 ms Sync   18 ms | Sent   864 kB Recv  1191 kB | .
🔶 Pred  114 ms Sync   19 ms | Sent   864 kB Recv  1191 kB |  So
🔶 Pred  113 ms Sync   19 ms | Sent   864 kB Recv  1191 kB | ,
🔶 Pred  112 ms Sync   26 ms | Sent   864 kB Recv  1191 kB |  the
🔶 Pred  113 ms Sync   20 ms | Sent   864 kB Recv  1191 kB |  root
🔶 Pred  112 ms Sync   19 ms | Sent   864 kB Recv  1191 kB | 's
🔶 Pred  131 ms Sync   51 ms | Sent   864 kB Recv  1191 kB |  key
🔶 Pred  145 ms Sync   49 ms | Sent   864 kB Recv  1191 kB |  is
🔶 Pred  113 ms Sync   18 ms | Sent   864 kB Recv  1191 kB |  just
🔶 Pred  132 ms Sync   47 ms | Sent   864 kB Recv  1191 kB |  a
🔶 Pred  113 ms Sync   20 ms | Sent   864 kB Recv  1191 kB |  placeholder
🔶 Pred  113 ms Sync   20 ms | Sent   864 kB Recv  1191 kB | ,
🔶 Pred  113 ms Sync   17 ms | Sent   864 kB Recv  1191 kB |  and
🔶 Pred  113 ms Sync   20 ms | Sent   864 kB Recv  1191 kB |  its
🔶 Pred  113 ms Sync   17 ms | Sent   864 kB Recv  1191 kB |  left
🔶 Pred  113 ms Sync   18 ms | Sent   864 kB Recv  1191 kB |  and
🔶 Pred  113 ms Sync   21 ms | Sent   864 kB Recv  1191 kB |  right
🔶 Pred  113 ms Sync   19 ms | Sent   864 kB Recv  1191 kB |  children
🔶 Pred  112 ms Sync   28 ms | Sent   864 kB Recv  1191 kB |  are
🔶 Pred  112 ms Sync   24 ms | Sent   864 kB Recv  1191 kB |  the
🔶 Pred  112 ms Sync   20 ms | Sent   864 kB Recv  1191 kB |  nodes
🔶 Pred  113 ms Sync   17 ms | Sent   864 kB Recv  1191 kB |  that
🔶 Pred  112 ms Sync   21 ms | Sent   864 kB Recv  1191 kB |  hold
🔶 Pred  112 ms Sync   20 ms | Sent   864 kB Recv  1191 kB |  the
🔶 Pred  113 ms Sync   18 ms | Sent   864 kB Recv  1191 kB |  keys
🔶 Pred  113 ms Sync   19 ms | Sent   864 kB Recv  1191 kB |  in
🔶 Pred  113 ms Sync   20 ms | Sent   864 kB Recv  1191 kB |  sorted
🔶 Pred  112 ms Sync   21 ms | Sent   864 kB Recv  1191 kB |  order
🔶 Pred  195 ms Sync   78 ms | Sent   864 kB Recv  1191 kB | .


🔶 Pred  114 ms Sync   18 ms | Sent   864 kB Recv  1191 kB | Alternatively
🔶 Pred  128 ms Sync   47 ms | Sent   864 kB Recv  1191 kB | ,
🔶 Pred  115 ms Sync   26 ms | Sent   864 kB Recv  1191 kB |  the
🔶 Pred  115 ms Sync   17 ms | Sent   864 kB Recv  1191 kB |  root
🔶 Pred  132 ms Sync   24 ms | Sent   864 kB Recv  1191 kB |  can
🔶 Pred  162 ms Sync   24 ms | Sent   864 kB Recv  1191 kB |  have
🔶 Pred  115 ms Sync   17 ms | Sent   864 kB Recv  1191 kB |  a
🔶 Pred  113 ms Sync   20 ms | Sent   864 kB Recv  1191 kB |  key
🔶 Pred  113 ms Sync   17 ms | Sent   864 kB Recv  1191 kB | ,
🔶 Pred  113 ms Sync   43 ms | Sent   864 kB Recv  1191 kB |  and
🔶 Pred  113 ms Sync   19 ms | Sent   864 kB Recv  1191 kB |  its
🔶 Pred  113 ms Sync   26 ms | Sent   864 kB Recv  1191 kB |  left
🔶 Pred  112 ms Sync   20 ms | Sent   864 kB Recv  1191 kB |  and
🔶 Pred  115 ms Sync   15 ms | Sent   864 kB Recv  1191 kB |  right
🔶 Pred  114 ms Sync   19 ms | Sent   864 kB Recv  1191 kB |  children
🔶 Pred  113 ms Sync   20 ms | Sent   864 kB Recv  1191 kB |  are
🔶 Pred  112 ms Sync   20 ms | Sent   864 kB Recv  1191 kB |  the
🔶 Pred  113 ms Sync   19 ms | Sent   864 kB Recv  1191 kB |  nodes
🔶 Pred  114 ms Sync   18 ms | Sent   864 kB Recv  1191 kB |  that
🔶 Pred  153 ms Sync   90 ms | Sent   864 kB Recv  1191 kB |  come
🔶 Pred  115 ms Sync   15 ms | Sent   864 kB Recv  1191 kB |  after
🔶 Pred  127 ms Sync   62 ms | Sent   864 kB Recv  1191 kB |  in
🔶 Pred  113 ms Sync   20 ms | Sent   864 kB Recv  1191 kB |  the
🔶 Pred  114 ms Sync   18 ms | Sent   864 kB Recv  1191 kB |  sorted
🔶 Pred  113 ms Sync   29 ms | Sent   864 kB Recv  1191 kB |  order
🔶 Pred  130 ms Sync   31 ms | Sent   864 kB Recv  1191 kB | .
🔶 Pred  114 ms Sync   16 ms | Sent   864 kB Recv  1191 kB |  So
🔶 Pred  114 ms Sync   16 ms | Sent   864 kB Recv  1191 kB | ,
🔶 Pred  114 ms Sync   18 ms | Sent   864 kB Recv  1191 kB |  the
🔶 Pred  113 ms Sync   21 ms | Sent   864 kB Recv  1191 kB |  root
🔶 Pred  112 ms Sync   23 ms | Sent   864 kB Recv  1191 kB | 's
🔶 Pred  113 ms Sync   20 ms | Sent   864 kB Recv  1191 kB |  key
🔶 Pred  114 ms Sync   20 ms | Sent   864 kB Recv  1191 kB |  is
🔶 Pred  115 ms Sync   19 ms | Sent   864 kB Recv  1191 kB |  the
🔶 Pred  113 ms Sync   20 ms | Sent   864 kB Recv  1191 kB |  first
🔶 Pred  121 ms Sync   16 ms | Sent   864 kB Recv  1191 kB |  key
🔶 Pred  114 ms Sync   19 ms | Sent   864 kB Recv  1191 kB | ,
🔶 Pred  116 ms Sync   17 ms | Sent   864 kB Recv  1191 kB |  and
🔶 Pred  113 ms Sync   25 ms | Sent   864 kB Recv  1191 kB |  the
🔶 Pred  113 ms Sync   28 ms | Sent   864 kB Recv  1191 kB |  left
🔶 Pred  189 ms Sync   60 ms | Sent   864 kB Recv  1191 kB |  child
🔶 Pred  114 ms Sync   16 ms | Sent   864 kB Recv  1191 kB |  holds
🔶 Pred  130 ms Sync   53 ms | Sent   864 kB Recv  1191 kB |  the
🔶 Pred  114 ms Sync   23 ms | Sent   864 kB Recv  1191 kB |  next
🔶 Pred  113 ms Sync   22 ms | Sent   864 kB Recv  1191 kB |  key
🔶 Pred  114 ms Sync   18 ms | Sent   864 kB Recv  1191 kB | ,
🔶 Pred  113 ms Sync   20 ms | Sent   864 kB Recv  1191 kB |  and
🔶 Pred  113 ms Sync   23 ms | Sent   864 kB Recv  1191 kB |  so
🔶 Pred  113 ms Sync   20 ms | Sent   864 kB Recv  1191 kB |  on
🔶 Pred  113 ms Sync   24 ms | Sent   864 kB Recv  1191 kB | .


🔶 Pred  114 ms Sync   24 ms | Sent   864 kB Recv  1191 kB | Wait
🔶 Pred  113 ms Sync   20 ms | Sent   864 kB Recv  1191 kB | ,
🔶 Pred  114 ms Sync   19 ms | Sent   864 kB Recv  1191 kB |  perhaps
🔶 Pred  113 ms Sync   20 ms | Sent   864 kB Recv  1191 kB |  I
🔶 Pred  114 ms Sync   20 ms | Sent   864 kB Recv  1191 kB | 'm
🔶 Pred  113 ms Sync   21 ms | Sent   864 kB Recv  1191 kB |  getting
🔶 Pred  113 ms Sync   19 ms | Sent   864 kB Recv  1191 kB |  stuck
🔶 Pred  114 ms Sync   26 ms | Sent   864 kB Recv  1191 kB |  on
🔶 Pred  116 ms Sync   28 ms | Sent   864 kB Recv  1191 kB |  the
🔶 Pred  117 ms Sync   24 ms | Sent   864 kB Recv  1191 kB |  structure
🔶 Pred  136 ms Sync   31 ms | Sent   864 kB Recv  1191 kB | .
🔶 Pred  137 ms Sync   63 ms | Sent   864 kB Recv  1191 kB |  Let
🔶 Pred  115 ms Sync   57 ms | Sent   864 kB Recv  1191 kB |  me
🔶 Pred  123 ms Sync   17 ms | Sent   864 kB Recv  1191 kB |  think
🔶 Pred  115 ms Sync   17 ms | Sent   864 kB Recv  1191 kB |  about
🔶 Pred  113 ms Sync   24 ms | Sent   864 kB Recv  1191 kB |  the
🔶 Pred  114 ms Sync   18 ms | Sent   864 kB Recv  1191 kB |  insertion
🔶 Pred  113 ms Sync   23 ms | Sent   864 kB Recv  1191 kB |  process
🔶 Pred  114 ms Sync   20 ms | Sent   864 kB Recv  1191 kB | .


🔶 Pred  113 ms Sync   23 ms | Sent   864 kB Recv  1191 kB | When
🔶 Pred  113 ms Sync   20 ms | Sent   864 kB Recv  1191 kB |  inserting
🔶 Pred  114 ms Sync   20 ms | Sent   864 kB Recv  1191 kB |  a
🔶 Pred  114 ms Sync   24 ms | Sent   864 kB Recv  1191 kB |  key
🔶 Pred  114 ms Sync   18 ms | Sent   864 kB Recv  1191 kB | ,
🔶 Pred  177 ms Sync   18 ms | Sent   864 kB Recv  1191 kB |  we
🔶 Pred  245 ms Sync   21 ms | Sent   864 kB Recv  1191 kB |  start
🔶 Pred  114 ms Sync   21 ms | Sent   864 kB Recv  1191 kB |  at
🔶 Pred  113 ms Sync   26 ms | Sent   864 kB Recv  1191 kB |  the
🔶 Pred  113 ms Sync   18 ms | Sent   864 kB Recv  1191 kB |  root
🔶 Pred  114 ms Sync   20 ms | Sent   864 kB Recv  1191 kB | .
🔶 Pred  171 ms Sync   83 ms | Sent   864 kB Recv  1191 kB |  We
🔶 Pred  114 ms Sync   18 ms | Sent   864 kB Recv  1191 kB |  compare
🔶 Pred  127 ms Sync   61 ms | Sent   864 kB Recv  1191 kB |  the
🔶 Pred  115 ms Sync   16 ms | Sent   864 kB Recv  1191 kB |  new
🔶 Pred  115 ms Sync   19 ms | Sent   864 kB Recv  1191 kB |  key
🔶 Pred  114 ms Sync   24 ms | Sent   864 kB Recv  1191 kB |  with
🔶 Pred  115 ms Sync   17 ms | Sent   864 kB Recv  1191 kB |  the
🔶 Pred  114 ms Sync   19 ms | Sent   864 kB Recv  1191 kB |  root
🔶 Pred  113 ms Sync   50 ms | Sent   864 kB Recv  1191 kB | 's
🔶 Pred  115 ms Sync   16 ms | Sent   864 kB Recv  1191 kB |  key
🔶 Pred  114 ms Sync   17 ms | Sent   864 kB Recv  1191 kB |  (
🔶 Pred  129 ms Sync   30 ms | Sent   864 kB Recv  1191 kB | if
🔶 Pred  114 ms Sync   17 ms | Sent   864 kB Recv  1191 kB |  it
🔶 Pred  116 ms Sync   16 ms | Sent   864 kB Recv  1191 kB | 's
🔶 Pred  114 ms Sync   24 ms | Sent   864 kB Recv  1191 kB |  not
🔶 Pred  114 ms Sync   22 ms | Sent   864 kB Recv  1191 kB |  None
🔶 Pred  113 ms Sync   23 ms | Sent   864 kB Recv  1191 kB | ).
🔶 Pred  115 ms Sync   19 ms | Sent   864 kB Recv  1191 kB |  If
🔶 Pred  114 ms Sync   22 ms | Sent   864 kB Recv  1191 kB |  it
🔶 Pred  113 ms Sync   28 ms | Sent   864 kB Recv  1191 kB | 's
🔶 Pred  113 ms Sync   20 ms | Sent   864 kB Recv  1191 kB |  less
🔶 Pred  176 ms Sync   61 ms | Sent   864 kB Recv  1191 kB |  than
🔶 Pred  113 ms Sync   23 ms | Sent   864 kB Recv  1191 kB |  the
🔶 Pred  131 ms Sync   41 ms | Sent   864 kB Recv  1191 kB |  root
🔶 Pred  117 ms Sync   17 ms | Sent   864 kB Recv  1191 kB | 's
🔶 Pred  114 ms Sync   23 ms | Sent   864 kB Recv  1191 kB |  key
🔶 Pred  115 ms Sync   18 ms | Sent   864 kB Recv  1191 kB | ,
🔶 Pred  225 ms Sync   22 ms | Sent   864 kB Recv  1191 kB |  we
🔶 Pred  115 ms Sync   16 ms | Sent   864 kB Recv  1191 kB |  go
🔶 Pred  114 ms Sync   22 ms | Sent   864 kB Recv  1191 kB |  to
🔶 Pred  118 ms Sync   17 ms | Sent   864 kB Recv  1191 kB |  the
🔶 Pred  116 ms Sync   18 ms | Sent   864 kB Recv  1191 kB |  left
🔶 Pred  114 ms Sync   18 ms | Sent   864 kB Recv  1191 kB |  child
🔶 Pred  114 ms Sync   21 ms | Sent   864 kB Recv  1191 kB | ;
🔶 Pred  114 ms Sync   19 ms | Sent   864 kB Recv  1191 kB |  if
🔶 Pred  114 ms Sync   23 ms | Sent   864 kB Recv  1191 kB |  it
🔶 Pred  114 ms Sync   20 ms | Sent   864 kB Recv  1191 kB | 's
🔶 Pred  114 ms Sync   20 ms | Sent   864 kB Recv  1191 kB |  greater
🔶 Pred  115 ms Sync   20 ms | Sent   864 kB Recv  1191 kB | ,
🔶 Pred  114 ms Sync   25 ms | Sent   864 kB Recv  1191 kB |  we
🔶 Pred  116 ms Sync   18 ms | Sent   864 kB Recv  1191 kB |  go
🔶 Pred  114 ms Sync   20 ms | Sent   864 kB Recv  1191 kB |  to
🔶 Pred  151 ms Sync   86 ms | Sent   864 kB Recv  1191 kB |  the
🔶 Pred  115 ms Sync   22 ms | Sent   864 kB Recv  1191 kB |  right
🔶 Pred  130 ms Sync   32 ms | Sent   864 kB Recv  1191 kB |  child
🔶 Pred  115 ms Sync   17 ms | Sent   864 kB Recv  1191 kB | .
🔶 Pred  115 ms Sync   27 ms | Sent   864 kB Recv  1191 kB |  If
🔶 Pred  114 ms Sync   26 ms | Sent   864 kB Recv  1191 kB |  the
🔶 Pred  115 ms Sync   22 ms | Sent   864 kB Recv  1191 kB |  root
🔶 Pred  114 ms Sync   24 ms | Sent   864 kB Recv  1191 kB |  doesn
🔶 Pred  114 ms Sync   21 ms | Sent   864 kB Recv  1191 kB | 't
🔶 Pred  114 ms Sync   21 ms | Sent   864 kB Recv  1191 kB |  have
🔶 Pred  114 ms Sync   20 ms | Sent   864 kB Recv  1191 kB |  a
🔶 Pred  115 ms Sync   20 ms | Sent   864 kB Recv  1191 kB |  left
🔶 Pred  114 ms Sync   21 ms | Sent   864 kB Recv  1191 kB |  or
🔶 Pred  114 ms Sync   27 ms | Sent   864 kB Recv  1191 kB |  right
🔶 Pred  114 ms Sync   26 ms | Sent   864 kB Recv  1191 kB |  child
🔶 Pred  114 ms Sync   26 ms | Sent   864 kB Recv  1191 kB | ,
🔶 Pred  115 ms Sync   20 ms | Sent   864 kB Recv  1191 kB |  we
🔶 Pred  115 ms Sync   21 ms | Sent   864 kB Recv  1191 kB |  create
🔶 Pred  114 ms Sync   20 ms | Sent   864 kB Recv  1191 kB |  a
🔶 Pred  217 ms Sync   63 ms | Sent   864 kB Recv  1191 kB |  new
🔶 Pred  115 ms Sync   19 ms | Sent   864 kB Recv  1191 kB |  node
🔶 Pred  119 ms Sync  118 ms | Sent   864 kB Recv  1191 kB | ,
🔶 Pred  116 ms Sync   20 ms | Sent   864 kB Recv  1191 kB |  insert
🔶 Pred  114 ms Sync   20 ms | Sent   864 kB Recv  1191 kB |  the
🔶 Pred  116 ms Sync   17 ms | Sent   864 kB Recv  1191 kB |  key
🔶 Pred  115 ms Sync   19 ms | Sent   864 kB Recv  1191 kB | ,
🔶 Pred  115 ms Sync   18 ms | Sent   864 kB Recv  1191 kB |  and
🔶 Pred  114 ms Sync   21 ms | Sent   864 kB Recv  1191 kB |  then
🔶 Pred  115 ms Sync   18 ms | Sent   864 kB Recv  1191 kB |  check
🔶 Pred  114 ms Sync   22 ms | Sent   864 kB Recv  1191 kB |  if
🔶 Pred  114 ms Sync   21 ms | Sent   864 kB Recv  1191 kB |  we
🔶 Pred  114 ms Sync   23 ms | Sent   864 kB Recv  1191 kB |  need
🔶 Pred  115 ms Sync   22 ms | Sent   864 kB Recv  1191 kB |  to
🔶 Pred  116 ms Sync   21 ms | Sent   864 kB Recv  1191 kB |  split
🔶 Pred  114 ms Sync   50 ms | Sent   864 kB Recv  1191 kB |  the
🔶 Pred  116 ms Sync   37 ms | Sent   864 kB Recv  1191 kB |  node
🔶 Pred  115 ms Sync   23 ms | Sent   864 kB Recv  1191 kB |  if
🔶 Pred  115 ms Sync   20 ms | Sent   864 kB Recv  1191 kB |  it
🔶 Pred  115 ms Sync   22 ms | Sent   864 kB Recv  1191 kB |  exceeds
🔶 Pred  125 ms Sync   46 ms | Sent   864 kB Recv  1191 kB |  the
🔶 Pred  143 ms Sync   52 ms | Sent   864 kB Recv  1191 kB |  maximum
🔶 Pred  116 ms Sync   20 ms | Sent   864 kB Recv  1191 kB |  number
🔶 Pred  118 ms Sync  102 ms | Sent   864 kB Recv  1191 kB |  of
🔶 Pred  116 ms Sync   17 ms | Sent   864 kB Recv  1191 kB |  keys
🔶 Pred  115 ms Sync   19 ms | Sent   864 kB Recv  1191 kB |  allowed
🔶 Pred  114 ms Sync   20 ms | Sent   864 kB Recv  1191 kB | .


🔶 Pred  114 ms Sync   26 ms | Sent   864 kB Recv  1191 kB | Wait
🔶 Pred  115 ms Sync   21 ms | Sent   864 kB Recv  1191 kB | ,
🔶 Pred  116 ms Sync   20 ms | Sent   864 kB Recv  1191 kB |  but
🔶 Pred  115 ms Sync   21 ms | Sent   864 kB Recv  1191 kB |  in
🔶 Pred  115 ms Sync   21 ms | Sent   864 kB Recv  1191 kB |  a
🔶 Pred  116 ms Sync   17 ms | Sent   864 kB Recv  1191 kB |  B
🔶 Pred  145 ms Sync   16 ms | Sent   864 kB Recv  1191 kB | -tree
🔶 Pred  160 ms Sync   15 ms | Sent   864 kB Recv  1191 kB | ,
🔶 Pred  115 ms Sync   18 ms | Sent   864 kB Recv  1191 kB |  the
🔶 Pred  115 ms Sync   21 ms | Sent   864 kB Recv  1191 kB |  root
🔶 Pred  115 ms Sync   20 ms | Sent   864 kB Recv  1191 kB |  can
🔶 Pred  116 ms Sync   18 ms | Sent   864 kB Recv  1191 kB |  have
🔶 Pred  115 ms Sync   25 ms | Sent   864 kB Recv  1191 kB |  up
🔶 Pred  164 ms Sync  103 ms | Sent   864 kB Recv  1191 kB |  to
🔶 Pred  115 ms Sync   22 ms | Sent   864 kB Recv  1191 kB |  k
🔶 Pred  131 ms Sync   52 ms | Sent   864 kB Recv  1191 kB |  keys
🔶 Pred  115 ms Sync   23 ms | Sent   864 kB Recv  1191 kB | .
🔶 Pred  116 ms Sync   18 ms | Sent   864 kB Recv  1191 kB |  So
🔶 Pred  114 ms Sync   20 ms | Sent   864 kB Recv  1191 kB | ,
🔶 Pred  114 ms Sync   23 ms | Sent   864 kB Recv  1191 kB |  when
🔶 Pred  116 ms Sync   21 ms | Sent   864 kB Recv  1191 kB |  inserting
🔶 Pred  115 ms Sync   20 ms | Sent   864 kB Recv  1191 kB |  into
🔶 Pred  115 ms Sync   21 ms | Sent   864 kB Recv  1191 kB |  the
🔶 Pred  115 ms Sync   22 ms | Sent   864 kB Recv  1191 kB |  root
🔶 Pred  117 ms Sync   50 ms | Sent   864 kB Recv  1191 kB | 's
🔶 Pred  121 ms Sync   15 ms | Sent   864 kB Recv  1191 kB |  left
🔶 Pred  117 ms Sync   22 ms | Sent   864 kB Recv  1191 kB |  or
🔶 Pred  115 ms Sync   21 ms | Sent   864 kB Recv  1191 kB |  right
🔶 Pred  116 ms Sync   19 ms | Sent   864 kB Recv  1191 kB |  child
🔶 Pred  116 ms Sync   19 ms | Sent   864 kB Recv  1191 kB | ,
🔶 Pred  116 ms Sync   22 ms | Sent   864 kB Recv  1191 kB |  we
🔶 Pred  117 ms Sync   20 ms | Sent   864 kB Recv  1191 kB |  need
🔶 Pred  116 ms Sync   27 ms | Sent   864 kB Recv  1191 kB |  to
🔶 Pred  159 ms Sync   79 ms | Sent   864 kB Recv  1191 kB |  ensure
🔶 Pred  121 ms Sync  116 ms | Sent   864 kB Recv  1191 kB |  that
🔶 Pred  138 ms Sync   49 ms | Sent   864 kB Recv  1191 kB |  each
🔶 Pred  116 ms Sync   20 ms | Sent   864 kB Recv  1191 kB |  node
🔶 Pred  115 ms Sync   18 ms | Sent   864 kB Recv  1191 kB |  doesn
🔶 Pred  118 ms Sync   16 ms | Sent   864 kB Recv  1191 kB | 't
🔶 Pred  189 ms Sync   26 ms | Sent   864 kB Recv  1191 kB |  exceed
🔶 Pred  116 ms Sync   17 ms | Sent   864 kB Recv  1191 kB |  the
🔶 Pred  116 ms Sync   19 ms | Sent   864 kB Recv  1191 kB |  maximum
🔶 Pred  116 ms Sync   23 ms | Sent   864 kB Recv  1191 kB |  number
🔶 Pred  116 ms Sync   20 ms | Sent   864 kB Recv  1191 kB |  of
🔶 Pred  116 ms Sync   19 ms | Sent   864 kB Recv  1191 kB |  keys
🔶 Pred  115 ms Sync   23 ms | Sent   864 kB Recv  1191 kB | .


🔶 Pred  116 ms Sync   21 ms | Sent   864 kB Recv  1191 kB | Wait
🔶 Pred  116 ms Sync   22 ms | Sent   864 kB Recv  1191 kB | ,
🔶 Pred  116 ms Sync   22 ms | Sent   864 kB Recv  1191 kB |  perhaps
🔶 Pred  118 ms Sync   25 ms | Sent   864 kB Recv  1191 kB |  I
🔶 Pred  116 ms Sync   22 ms | Sent   864 kB Recv  1191 kB |  should
🔶 Pred  115 ms Sync   26 ms | Sent   864 kB Recv  1191 kB |  represent
🔶 Pred  115 ms Sync   23 ms | Sent   864 kB Recv  1191 kB |  the
🔶 Pred  178 ms Sync   85 ms | Sent   864 kB Recv  1191 kB |  tree
🔶 Pred  116 ms Sync   18 ms | Sent   864 kB Recv  1191 kB |  as
🔶 Pred  137 ms Sync   53 ms | Sent   864 kB Recv  1191 kB |  a
🔶 Pred  117 ms Sync   19 ms | Sent   864 kB Recv  1191 kB |  dictionary
🔶 Pred  115 ms Sync   26 ms | Sent   864 kB Recv  1191 kB |  where
🔶 Pred  116 ms Sync   19 ms | Sent   864 kB Recv  1191 kB |  each
🔶 Pred  115 ms Sync   20 ms | Sent   864 kB Recv  1191 kB |  key
🔶 Pred  116 ms Sync   19 ms | Sent   864 kB Recv  1191 kB |  is
🔶 Pred  116 ms Sync   22 ms | Sent   864 kB Recv  1191 kB |  a
🔶 Pred  116 ms Sync   21 ms | Sent   864 kB Recv  1191 kB |  node
🔶 Pred  116 ms Sync   22 ms | Sent   864 kB Recv  1191 kB |  identifier
🔶 Pred  116 ms Sync   19 ms | Sent   864 kB Recv  1191 kB | ,
🔶 Pred  116 ms Sync   23 ms | Sent   864 kB Recv  1191 kB |  and
🔶 Pred  117 ms Sync   20 ms | Sent   864 kB Recv  1191 kB |  each
🔶 Pred  117 ms Sync   17 ms | Sent   864 kB Recv  1191 kB |  node
🔶 Pred  116 ms Sync   20 ms | Sent   864 kB Recv  1191 kB | 's
🔶 Pred  116 ms Sync   26 ms | Sent   864 kB Recv  1191 kB |  value
🔶 Pred  115 ms Sync   23 ms | Sent   864 kB Recv  1191 kB |  is
🔶 Pred  115 ms Sync   22 ms | Sent   864 kB Recv  1191 kB |  a
🔶 Pred  116 ms Sync   27 ms | Sent   864 kB Recv  1191 kB |  dictionary
🔶 Pred  227 ms Sync   69 ms | Sent   864 kB Recv  1191 kB |  containing
🔶 Pred  115 ms Sync   24 ms | Sent   864 kB Recv  1191 kB |  '
🔶 Pred  140 ms Sync   47 ms | Sent   864 kB Recv  1191 kB | key
🔶 Pred  116 ms Sync   21 ms | Sent   864 kB Recv  1191 kB | ',
🔶 Pred  116 ms Sync   17 ms | Sent   864 kB Recv  1191 kB |  '
🔶 Pred  116 ms Sync   19 ms | Sent   864 kB Recv  1191 kB | left
🔶 Pred  116 ms Sync   18 ms | Sent   864 kB Recv  1191 kB | ',
🔶 Pred  116 ms Sync   23 ms | Sent   864 kB Recv  1191 kB |  '
🔶 Pred  116 ms Sync   21 ms | Sent   864 kB Recv  1191 kB | right
🔶 Pred  116 ms Sync   19 ms | Sent   864 kB Recv  1191 kB | ',
🔶 Pred  116 ms Sync   19 ms | Sent   864 kB Recv  1191 kB |  and
🔶 Pred  116 ms Sync   20 ms | Sent   864 kB Recv  1191 kB |  '
🔶 Pred  115 ms Sync   23 ms | Sent   864 kB Recv  1191 kB | parent
🔶 Pred  116 ms Sync   24 ms | Sent   864 kB Recv  1191 kB | '.
🔶 Pred  116 ms Sync   22 ms | Sent   864 kB Recv  1191 kB |  The
🔶 Pred  116 ms Sync   19 ms | Sent   864 kB Recv  1191 kB |  root
🔶 Pred  116 ms Sync   22 ms | Sent   864 kB Recv  1191 kB |  is
🔶 Pred  116 ms Sync   36 ms | Sent   864 kB Recv  1191 kB |  a
🔶 Pred  117 ms Sync   34 ms | Sent   864 kB Recv  1191 kB |  special
🔶 Pred  117 ms Sync   17 ms | Sent   864 kB Recv  1191 kB |  node
🔶 Pred  174 ms Sync   89 ms | Sent   864 kB Recv  1191 kB | ,
🔶 Pred  117 ms Sync   16 ms | Sent   864 kB Recv  1191 kB |  perhaps
🔶 Pred  132 ms Sync   48 ms | Sent   864 kB Recv  1191 kB |  with
🔶 Pred  116 ms Sync   20 ms | Sent   864 kB Recv  1191 kB |  an
🔶 Pred  117 ms Sync   18 ms | Sent   864 kB Recv  1191 kB |  identifier
🔶 Pred  115 ms Sync   24 ms | Sent   864 kB Recv  1191 kB |  of
🔶 Pred  115 ms Sync   21 ms | Sent   864 kB Recv  1191 kB |  
🔶 Pred  117 ms Sync   18 ms | Sent   864 kB Recv  1191 kB | 0
🔶 Pred  117 ms Sync   17 ms | Sent   864 kB Recv  1191 kB | ,
🔶 Pred  119 ms Sync   23 ms | Sent   864 kB Recv  1191 kB |  and
🔶 Pred  118 ms Sync   26 ms | Sent   864 kB Recv  1191 kB |  its
🔶 Pred  118 ms Sync   24 ms | Sent   864 kB Recv  1191 kB |  key
🔶 Pred  116 ms Sync   25 ms | Sent   864 kB Recv  1191 kB |  is
🔶 Pred  196 ms Sync   21 ms | Sent   864 kB Recv  1191 kB |  None
🔶 Pred  116 ms Sync   26 ms | Sent   864 kB Recv  1191 kB | ,
🔶 Pred  115 ms Sync   23 ms | Sent   864 kB Recv  1191 kB |  with
🔶 Pred  119 ms Sync   19 ms | Sent   864 kB Recv  1191 kB |  left
🔶 Pred  116 ms Sync   23 ms | Sent   864 kB Recv  1191 kB |  and
🔶 Pred  116 ms Sync   27 ms | Sent   864 kB Recv  1191 kB |  right
🔶 Pred  116 ms Sync   21 ms | Sent   864 kB Recv  1191 kB |  children
🔶 Pred  187 ms Sync   64 ms | Sent   864 kB Recv  1191 kB |  as
🔶 Pred  117 ms Sync   17 ms | Sent   864 kB Recv  1191 kB |  None
🔶 Pred  130 ms Sync   56 ms | Sent   864 kB Recv  1191 kB |  initially
🔶 Pred  117 ms Sync   22 ms | Sent   864 kB Recv  1191 kB | .


🔶 Pred  115 ms Sync   22 ms | Sent   864 kB Recv  1191 kB | Wait
🔶 Pred  117 ms Sync   20 ms | Sent   864 kB Recv  1191 kB | ,
🔶 Pred  119 ms Sync   34 ms | Sent   864 kB Recv  1191 kB |  but
🔶 Pred  116 ms Sync   23 ms | Sent   864 kB Recv  1191 kB |  that
🔶 Pred  116 ms Sync   20 ms | Sent   864 kB Recv  1191 kB |  might
🔶 Pred  117 ms Sync   17 ms | Sent   864 kB Recv  1191 kB |  not
🔶 Pred  116 ms Sync   21 ms | Sent   864 kB Recv  1191 kB |  be
🔶 Pred  116 ms Sync   22 ms | Sent   864 kB Recv  1191 kB |  the
🔶 Pred  117 ms Sync   19 ms | Sent   864 kB Recv  1191 kB |  best
🔶 Pred  117 ms Sync   21 ms | Sent   864 kB Recv  1191 kB |  approach
🔶 Pred  117 ms Sync   22 ms | Sent   864 kB Recv  1191 kB | .
🔶 Pred  115 ms Sync   26 ms | Sent   864 kB Recv  1191 kB |  Alternatively
🔶 Pred  116 ms Sync   22 ms | Sent   864 kB Recv  1191 kB | ,
🔶 Pred  116 ms Sync   26 ms | Sent   864 kB Recv  1191 kB |  the
🔶 Pred  117 ms Sync   22 ms | Sent   864 kB Recv  1191 kB |  root
🔶 Pred  116 ms Sync   24 ms | Sent   864 kB Recv  1191 kB |  can
🔶 Pred  173 ms Sync   70 ms | Sent   864 kB Recv  1191 kB |  have
🔶 Pred  116 ms Sync   25 ms | Sent   864 kB Recv  1191 kB |  a
🔶 Pred  131 ms Sync   57 ms | Sent   864 kB Recv  1191 kB |  key
🔶 Pred  119 ms Sync   17 ms | Sent   864 kB Recv  1191 kB | ,
🔶 Pred  116 ms Sync   20 ms | Sent   864 kB Recv  1191 kB |  and
🔶 Pred  129 ms Sync   21 ms | Sent   864 kB Recv  1191 kB |  its
🔶 Pred  174 ms Sync   19 ms | Sent   864 kB Recv  1191 kB |  left
🔶 Pred  116 ms Sync   21 ms | Sent   864 kB Recv  1191 kB |  and
🔶 Pred  117 ms Sync   18 ms | Sent   864 kB Recv  1191 kB |  right
🔶 Pred  118 ms Sync   17 ms | Sent   864 kB Recv  1191 kB |  children
🔶 Pred  116 ms Sync   21 ms | Sent   864 kB Recv  1191 kB |  are
🔶 Pred  116 ms Sync   26 ms | Sent   864 kB Recv  1191 kB |  the
🔶 Pred  116 ms Sync   22 ms | Sent   864 kB Recv  1191 kB |  nodes
🔶 Pred  117 ms Sync   19 ms | Sent   864 kB Recv  1191 kB |  that
🔶 Pred  117 ms Sync   17 ms | Sent   864 kB Recv  1191 kB |  hold
🔶 Pred  116 ms Sync   26 ms | Sent   864 kB Recv  1191 kB |  the
🔶 Pred  118 ms Sync   18 ms | Sent   864 kB Recv  1191 kB |  keys
🔶 Pred  117 ms Sync   27 ms | Sent   864 kB Recv  1191 kB |  in
🔶 Pred  117 ms Sync   23 ms | Sent   864 kB Recv  1191 kB |  sorted
🔶 Pred  118 ms Sync   22 ms | Sent   864 kB Recv  1191 kB |  order
🔶 Pred  150 ms Sync  114 ms | Sent   864 kB Recv  1191 kB | .
🔶 Pred  119 ms Sync   17 ms | Sent   864 kB Recv  1191 kB |  So
🔶 Pred  142 ms Sync   48 ms | Sent   864 kB Recv  1191 kB | ,
🔶 Pred  120 ms Sync   20 ms | Sent   864 kB Recv  1191 kB |  the
🔶 Pred  119 ms Sync   25 ms | Sent   864 kB Recv  1191 kB |  root
🔶 Pred  117 ms Sync   37 ms | Sent   864 kB Recv  1191 kB | 's
🔶 Pred  117 ms Sync   20 ms | Sent   864 kB Recv  1191 kB |  key
🔶 Pred  126 ms Sync   18 ms | Sent   864 kB Recv  1191 kB |  is
🔶 Pred  119 ms Sync   17 ms | Sent   864 kB Recv  1191 kB |  the
🔶 Pred  118 ms Sync   20 ms | Sent   864 kB Recv  1191 kB |  first
🔶 Pred  117 ms Sync   21 ms | Sent   864 kB Recv  1191 kB |  key
🔶 Pred  117 ms Sync   20 ms | Sent   864 kB Recv  1191 kB | ,
🔶 Pred  117 ms Sync   22 ms | Sent   864 kB Recv  1191 kB |  and
🔶 Pred  117 ms Sync   20 ms | Sent   864 kB Recv  1191 kB |  the
🔶 Pred  118 ms Sync   22 ms | Sent   864 kB Recv  1191 kB |  left
🔶 Pred  117 ms Sync   26 ms | Sent   864 kB Recv  1191 kB |  child
🔶 Pred  117 ms Sync   21 ms | Sent   864 kB Recv  1191 kB |  holds
🔶 Pred  117 ms Sync   22 ms | Sent   864 kB Recv  1191 kB |  the
🔶 Pred  117 ms Sync   23 ms | Sent   864 kB Recv  1191 kB |  next
🔶 Pred  170 ms Sync   25 ms | Sent   864 kB Recv  1191 kB |  key
🔶 Pred  149 ms Sync   97 ms | Sent   864 kB Recv  1191 kB | ,
🔶 Pred  135 ms Sync   42 ms | Sent   864 kB Recv  1191 kB |  and
🔶 Pred  119 ms Sync   24 ms | Sent   864 kB Recv  1191 kB |  so
🔶 Pred  119 ms Sync   18 ms | Sent   864 kB Recv  1191 kB |  on
🔶 Pred  117 ms Sync   25 ms | Sent   864 kB Recv  1191 kB | .


🔶 Pred  117 ms Sync   20 ms | Sent   864 kB Recv  1191 kB | Wait
🔶 Pred  117 ms Sync   19 ms | Sent   864 kB Recv  1191 kB | ,
🔶 Pred  116 ms Sync   27 ms | Sent   864 kB Recv  1191 kB |  perhaps
🔶 Pred  118 ms Sync   17 ms | Sent   864 kB Recv  1191 kB |  I
🔶 Pred  118 ms Sync   16 ms | Sent   864 kB Recv  1191 kB | 'm
🔶 Pred  117 ms Sync   23 ms | Sent   864 kB Recv  1191 kB |  over
🔶 Pred  130 ms Sync   28 ms | Sent   864 kB Recv  1191 kB | comp
🔶 Pred  118 ms Sync   19 ms | Sent   864 kB Recv  1191 kB | lic
🔶 Pred  117 ms Sync   32 ms | Sent   864 kB Recv  1191 kB | ating
🔶 Pred  117 ms Sync   29 ms | Sent   864 kB Recv  1191 kB | .
🔶 Pred  117 ms Sync   27 ms | Sent   864 kB Recv  1191 kB |  Let
🔶 Pred  117 ms Sync   22 ms | Sent   864 kB Recv  1191 kB |  me
🔶 Pred  117 ms Sync   27 ms | Sent   864 kB Recv  1191 kB |  try
🔶 Pred  117 ms Sync   24 ms | Sent   864 kB Recv  1191 kB |  to
🔶 Pred  145 ms Sync   55 ms | Sent   864 kB Recv  1191 kB |  outline
🔶 Pred  140 ms Sync   56 ms | Sent   864 kB Recv  1191 kB |  the
🔶 Pred  140 ms Sync   56 ms | Sent   864 kB Recv  1191 kB |  steps
🔶 Pred  118 ms Sync   19 ms | Sent   864 kB Recv  1191 kB |  for
🔶 Pred  119 ms Sync   21 ms | Sent   864 kB Recv  1191 kB |  insertion
🔶 Pred  119 ms Sync   20 ms | Sent   864 kB Recv  1191 kB | ,
🔶 Pred  117 ms Sync   22 ms | Sent   864 kB Recv  1191 kB |  deletion
🔶 Pred  118 ms Sync   23 ms | Sent   864 kB Recv  1191 kB | ,
🔶 Pred  118 ms Sync   18 ms | Sent   864 kB Recv  1191 kB |  and
🔶 Pred  118 ms Sync   46 ms | Sent   864 kB Recv  1191 kB |  search
🔶 Pred  117 ms Sync   21 ms | Sent   864 kB Recv  1191 kB | .


🔶 Pred  118 ms Sync   21 ms | Sent   864 kB Recv  1191 kB | Insert
🔶 Pred  117 ms Sync   22 ms | Sent   864 kB Recv  1191 kB | ing
🔶 Pred  199 ms Sync   17 ms | Sent   864 kB Recv  1191 kB |  a
🔶 Pred  119 ms Sync   20 ms | Sent   864 kB Recv  1191 kB |  key
🔶 Pred  120 ms Sync   19 ms | Sent   864 kB Recv  1191 kB | :


🔶 Pred  119 ms Sync   22 ms | Sent   864 kB Recv  1191 kB | 1
🔶 Pred  119 ms Sync   20 ms | Sent   864 kB Recv  1191 kB | .
🔶 Pred  118 ms Sync   22 ms | Sent   864 kB Recv  1191 kB |  Start
🔶 Pred  117 ms Sync   20 ms | Sent   864 kB Recv  1191 kB |  at
🔶 Pred  178 ms Sync   81 ms | Sent   864 kB Recv  1191 kB |  the
🔶 Pred  117 ms Sync   20 ms | Sent   864 kB Recv  1191 kB |  root
🔶 Pred  131 ms Sync   56 ms | Sent   864 kB Recv  1191 kB |  node
🔶 Pred  118 ms Sync   26 ms | Sent   864 kB Recv  1191 kB | .

🔶 Pred  118 ms Sync   23 ms | Sent   864 kB Recv  1191 kB | 2
🔶 Pred  118 ms Sync   27 ms | Sent   864 kB Recv  1191 kB | .
🔶 Pred  119 ms Sync   22 ms | Sent   864 kB Recv  1191 kB |  If
🔶 Pred  118 ms Sync   20 ms | Sent   864 kB Recv  1191 kB |  the
🔶 Pred  117 ms Sync   23 ms | Sent   864 kB Recv  1191 kB |  root
🔶 Pred  117 ms Sync   20 ms | Sent   864 kB Recv  1191 kB |  has
🔶 Pred  117 ms Sync   22 ms | Sent   864 kB Recv  1191 kB |  no
🔶 Pred  117 ms Sync   25 ms | Sent   864 kB Recv  1191 kB |  left
🔶 Pred  117 ms Sync   22 ms | Sent   864 kB Recv  1191 kB |  or
🔶 Pred  118 ms Sync   25 ms | Sent   864 kB Recv  1191 kB |  right
🔶 Pred  118 ms Sync   21 ms | Sent   864 kB Recv  1191 kB |  child
🔶 Pred  118 ms Sync   20 ms | Sent   864 kB Recv  1191 kB | ,
🔶 Pred  118 ms Sync   27 ms | Sent   864 kB Recv  1191 kB |  create
🔶 Pred  118 ms Sync   28 ms | Sent   864 kB Recv  1191 kB |  a
🔶 Pred  118 ms Sync   23 ms | Sent   864 kB Recv  1191 kB |  new
🔶 Pred  144 ms Sync   71 ms | Sent   864 kB Recv  1191 kB |  node
🔶 Pred  147 ms Sync   59 ms | Sent   864 kB Recv  1191 kB |  with
🔶 Pred  135 ms Sync   52 ms | Sent   864 kB Recv  1191 kB |  the
🔶 Pred  119 ms Sync   21 ms | Sent   864 kB Recv  1191 kB |  key
🔶 Pred  119 ms Sync   22 ms | Sent   864 kB Recv  1191 kB | ,
🔶 Pred  118 ms Sync   20 ms | Sent   864 kB Recv  1191 kB |  set
🔶 Pred  155 ms Sync   30 ms | Sent   864 kB Recv  1191 kB |  its
🔶 Pred  151 ms Sync   29 ms | Sent   864 kB Recv  1191 kB |  parent
🔶 Pred  118 ms Sync   22 ms | Sent   864 kB Recv  1191 kB |  to
🔶 Pred  118 ms Sync   22 ms | Sent   864 kB Recv  1191 kB |  the
🔶 Pred  119 ms Sync   20 ms | Sent   864 kB Recv  1191 kB |  root
🔶 Pred  118 ms Sync   21 ms | Sent   864 kB Recv  1191 kB | ,
🔶 Pred  118 ms Sync   26 ms | Sent   864 kB Recv  1191 kB |  and
🔶 Pred  118 ms Sync   22 ms | Sent   864 kB Recv  1191 kB |  add
🔶 Pred  119 ms Sync   19 ms | Sent   864 kB Recv  1191 kB |  it
🔶 Pred  118 ms Sync   26 ms | Sent   864 kB Recv  1191 kB |  to
🔶 Pred  131 ms Sync   36 ms | Sent   864 kB Recv  1191 kB |  the
🔶 Pred  118 ms Sync   21 ms | Sent   864 kB Recv  1191 kB |  appropriate
🔶 Pred  119 ms Sync   23 ms | Sent   864 kB Recv  1191 kB |  child
🔶 Pred  119 ms Sync   23 ms | Sent   864 kB Recv  1191 kB |  (
🔶 Pred  157 ms Sync   99 ms | Sent   864 kB Recv  1191 kB | left
🔶 Pred  119 ms Sync   17 ms | Sent   864 kB Recv  1191 kB |  or
🔶 Pred  143 ms Sync   35 ms | Sent   864 kB Recv  1191 kB |  right
🔶 Pred  120 ms Sync   20 ms | Sent   864 kB Recv  1191 kB | )
🔶 Pred  120 ms Sync   17 ms | Sent   864 kB Recv  1191 kB |  of
🔶 Pred  118 ms Sync   25 ms | Sent   864 kB Recv  1191 kB |  the
🔶 Pred  119 ms Sync   22 ms | Sent   864 kB Recv  1191 kB |  root
🔶 Pred  119 ms Sync   24 ms | Sent   864 kB Recv  1191 kB | .

🔶 Pred  119 ms Sync   27 ms | Sent   864 kB Recv  1191 kB | 3
🔶 Pred  121 ms Sync   22 ms | Sent   864 kB Recv  1191 kB | .
🔶 Pred  119 ms Sync   23 ms | Sent   864 kB Recv  1191 kB |  If
🔶 Pred  120 ms Sync   18 ms | Sent   864 kB Recv  1191 kB |  the
🔶 Pred  122 ms Sync   20 ms | Sent   864 kB Recv  1191 kB |  root
🔶 Pred  119 ms Sync   25 ms | Sent   864 kB Recv  1191 kB |  has
🔶 Pred  120 ms Sync   21 ms | Sent   864 kB Recv  1191 kB |  a
🔶 Pred  118 ms Sync   27 ms | Sent   864 kB Recv  1191 kB |  left
🔶 Pred  118 ms Sync   27 ms | Sent   864 kB Recv  1191 kB |  or
🔶 Pred  119 ms Sync   26 ms | Sent   864 kB Recv  1191 kB |  right
🔶 Pred  119 ms Sync   24 ms | Sent   864 kB Recv  1191 kB |  child
🔶 Pred  266 ms Sync   56 ms | Sent   864 kB Recv  1191 kB | ,
🔶 Pred  119 ms Sync   24 ms | Sent   864 kB Recv  1191 kB |  traverse
🔶 Pred  140 ms Sync   42 ms | Sent   864 kB Recv  1191 kB |  down
🔶 Pred  120 ms Sync   19 ms | Sent   864 kB Recv  1191 kB |  the
🔶 Pred  119 ms Sync   20 ms | Sent   864 kB Recv  1191 kB |  tree
🔶 Pred  118 ms Sync   28 ms | Sent   864 kB Recv  1191 kB | ,
🔶 Pred  118 ms Sync   23 ms | Sent   864 kB Recv  1191 kB |  comparing
🔶 Pred  123 ms Sync   20 ms | Sent   864 kB Recv  1191 kB |  the
🔶 Pred  119 ms Sync   22 ms | Sent   864 kB Recv  1191 kB |  new
🔶 Pred  119 ms Sync   23 ms | Sent   864 kB Recv  1191 kB |  key
🔶 Pred  119 ms Sync   21 ms | Sent   864 kB Recv  1191 kB |  with
🔶 Pred  120 ms Sync   24 ms | Sent   864 kB Recv  1191 kB |  the
🔶 Pred  119 ms Sync   21 ms | Sent   864 kB Recv  1191 kB |  current
🔶 Pred  119 ms Sync   24 ms | Sent   864 kB Recv  1191 kB |  node
🔶 Pred  120 ms Sync   18 ms | Sent   864 kB Recv  1191 kB | 's
🔶 Pred  118 ms Sync   27 ms | Sent   864 kB Recv  1191 kB |  key
🔶 Pred  119 ms Sync   24 ms | Sent   864 kB Recv  1191 kB | .
🔶 Pred  118 ms Sync   23 ms | Sent   864 kB Recv  1191 kB |  Move
🔶 Pred  119 ms Sync   24 ms | Sent   864 kB Recv  1191 kB |  to
🔶 Pred  119 ms Sync   21 ms | Sent   864 kB Recv  1191 kB |  the
🔶 Pred  184 ms Sync   68 ms | Sent   864 kB Recv  1191 kB |  left
🔶 Pred  119 ms Sync   18 ms | Sent   864 kB Recv  1191 kB |  child
🔶 Pred  142 ms Sync   45 ms | Sent   864 kB Recv  1191 kB |  if
🔶 Pred  120 ms Sync   23 ms | Sent   864 kB Recv  1191 kB |  the
🔶 Pred  118 ms Sync   26 ms | Sent   864 kB Recv  1191 kB |  new
🔶 Pred  119 ms Sync   19 ms | Sent   864 kB Recv  1191 kB |  key
🔶 Pred  118 ms Sync   27 ms | Sent   864 kB Recv  1191 kB |  is
🔶 Pred  119 ms Sync   21 ms | Sent   864 kB Recv  1191 kB |  less
🔶 Pred  119 ms Sync   23 ms | Sent   864 kB Recv  1191 kB |  than
🔶 Pred  118 ms Sync   25 ms | Sent   864 kB Recv  1191 kB |  the
🔶 Pred  119 ms Sync   21 ms | Sent   864 kB Recv  1191 kB |  current
🔶 Pred  118 ms Sync   24 ms | Sent   864 kB Recv  1191 kB |  node
🔶 Pred  131 ms Sync   33 ms | Sent   864 kB Recv  1191 kB | 's
🔶 Pred  175 ms Sync   18 ms | Sent   864 kB Recv  1191 kB |  key
🔶 Pred  120 ms Sync   18 ms | Sent   864 kB Recv  1191 kB | ,
🔶 Pred  119 ms Sync   30 ms | Sent   864 kB Recv  1191 kB |  or
🔶 Pred  119 ms Sync   40 ms | Sent   864 kB Recv  1191 kB |  to
🔶 Pred  120 ms Sync   20 ms | Sent   864 kB Recv  1191 kB |  the
🔶 Pred  119 ms Sync   21 ms | Sent   864 kB Recv  1191 kB |  right
🔶 Pred  169 ms Sync  109 ms | Sent   864 kB Recv  1191 kB |  child
🔶 Pred  121 ms Sync   17 ms | Sent   864 kB Recv  1191 kB |  if
🔶 Pred  137 ms Sync   49 ms | Sent   864 kB Recv  1191 kB |  it
🔶 Pred  122 ms Sync   19 ms | Sent   864 kB Recv  1191 kB | 's
🔶 Pred  122 ms Sync   17 ms | Sent   864 kB Recv  1191 kB |  greater
🔶 Pred  126 ms Sync   23 ms | Sent   864 kB Recv  1191 kB | .

🔶 Pred  121 ms Sync   20 ms | Sent   864 kB Recv  1191 kB | 4
🔶 Pred  119 ms Sync   20 ms | Sent   864 kB Recv  1191 kB | .
🔶 Pred  119 ms Sync   26 ms | Sent   864 kB Recv  1191 kB |  When
🔶 Pred  119 ms Sync   29 ms | Sent   864 kB Recv  1191 kB |  a
🔶 Pred  119 ms Sync   26 ms | Sent   864 kB Recv  1191 kB |  node
🔶 Pred  119 ms Sync   20 ms | Sent   864 kB Recv  1191 kB |  is
🔶 Pred  121 ms Sync   19 ms | Sent   864 kB Recv  1191 kB |  found
🔶 Pred  121 ms Sync   21 ms | Sent   864 kB Recv  1191 kB |  where
🔶 Pred  120 ms Sync   21 ms | Sent   864 kB Recv  1191 kB |  it
🔶 Pred  119 ms Sync   22 ms | Sent   864 kB Recv  1191 kB |  can
🔶 Pred  119 ms Sync   49 ms | Sent   864 kB Recv  1191 kB |  be
🔶 Pred  120 ms Sync   20 ms | Sent   864 kB Recv  1191 kB |  inserted
🔶 Pred  120 ms Sync   25 ms | Sent   864 kB Recv  1191 kB |  (
🔶 Pred  119 ms Sync   20 ms | Sent   864 kB Recv  1191 kB | i
🔶 Pred  183 ms Sync   64 ms | Sent   864 kB Recv  1191 kB | .e
🔶 Pred  119 ms Sync   21 ms | Sent   864 kB Recv  1191 kB | .,
🔶 Pred  141 ms Sync   47 ms | Sent   864 kB Recv  1191 kB |  it
🔶 Pred  120 ms Sync   49 ms | Sent   864 kB Recv  1191 kB |  has
🔶 Pred  120 ms Sync   17 ms | Sent   864 kB Recv  1191 kB |  no
🔶 Pred  168 ms Sync   25 ms | Sent   864 kB Recv  1191 kB |  left
🔶 Pred  152 ms Sync   15 ms | Sent   864 kB Recv  1191 kB |  or
🔶 Pred  120 ms Sync   18 ms | Sent   864 kB Recv  1191 kB |  right
🔶 Pred  120 ms Sync   21 ms | Sent   864 kB Recv  1191 kB |  child
🔶 Pred  121 ms Sync   18 ms | Sent   864 kB Recv  1191 kB | ),
🔶 Pred  120 ms Sync   26 ms | Sent   864 kB Recv  1191 kB |  insert
🔶 Pred  120 ms Sync   18 ms | Sent   864 kB Recv  1191 kB |  the
🔶 Pred  119 ms Sync   26 ms | Sent   864 kB Recv  1191 kB |  new
🔶 Pred  120 ms Sync   41 ms | Sent   864 kB Recv  1191 kB |  key
🔶 Pred  119 ms Sync   24 ms | Sent   864 kB Recv  1191 kB | ,
🔶 Pred  120 ms Sync   19 ms | Sent   864 kB Recv  1191 kB |  and
🔶 Pred  120 ms Sync   29 ms | Sent   864 kB Recv  1191 kB |  then
🔶 Pred  122 ms Sync   18 ms | Sent   864 kB Recv  1191 kB |  check
🔶 Pred  120 ms Sync   21 ms | Sent   864 kB Recv  1191 kB |  if
🔶 Pred  188 ms Sync   56 ms | Sent   864 kB Recv  1191 kB |  this
🔶 Pred  120 ms Sync   18 ms | Sent   864 kB Recv  1191 kB |  node
🔶 Pred  142 ms Sync   46 ms | Sent   864 kB Recv  1191 kB |  has
🔶 Pred  121 ms Sync   19 ms | Sent   864 kB Recv  1191 kB |  exceeded
🔶 Pred  120 ms Sync   17 ms | Sent   864 kB Recv  1191 kB |  the
🔶 Pred  120 ms Sync   19 ms | Sent   864 kB Recv  1191 kB |  maximum
🔶 Pred  121 ms Sync   22 ms | Sent   864 kB Recv  1191 kB |  number
🔶 Pred  120 ms Sync   22 ms | Sent   864 kB Recv  1191 kB |  of
🔶 Pred  120 ms Sync   22 ms | Sent   864 kB Recv  1191 kB |  keys
🔶 Pred  119 ms Sync   21 ms | Sent   864 kB Recv  1191 kB |  allowed
🔶 Pred  119 ms Sync   23 ms | Sent   864 kB Recv  1191 kB |  (
🔶 Pred  120 ms Sync   19 ms | Sent   864 kB Recv  1191 kB | k
🔶 Pred  120 ms Sync   23 ms | Sent   864 kB Recv  1191 kB | ).
🔶 Pred  121 ms Sync   19 ms | Sent   864 kB Recv  1191 kB |  If
🔶 Pred  119 ms Sync   51 ms | Sent   864 kB Recv  1191 kB |  it
🔶 Pred  123 ms Sync   18 ms | Sent   864 kB Recv  1191 kB |  has
🔶 Pred  123 ms Sync   17 ms | Sent   864 kB Recv  1191 kB | ,
🔶 Pred  121 ms Sync   21 ms | Sent   864 kB Recv  1191 kB |  we
🔶 Pred  121 ms Sync   24 ms | Sent   864 kB Recv  1191 kB |  need
🔶 Pred  202 ms Sync   35 ms | Sent   864 kB Recv  1191 kB |  to
🔶 Pred  162 ms Sync   26 ms | Sent   864 kB Recv  1191 kB |  split
🔶 Pred  135 ms Sync   49 ms | Sent   864 kB Recv  1191 kB |  it
🔶 Pred  121 ms Sync   27 ms | Sent   864 kB Recv  1191 kB |  into
🔶 Pred  120 ms Sync   23 ms | Sent   864 kB Recv  1191 kB |  two
🔶 Pred  120 ms Sync   22 ms | Sent   864 kB Recv  1191 kB |  nodes
🔶 Pred  131 ms Sync   24 ms | Sent   864 kB Recv  1191 kB | :
🔶 Pred  120 ms Sync   29 ms | Sent   864 kB Recv  1191 kB |  one
🔶 Pred  120 ms Sync   22 ms | Sent   864 kB Recv  1191 kB |  for
🔶 Pred  120 ms Sync   20 ms | Sent   864 kB Recv  1191 kB |  the
🔶 Pred  120 ms Sync   41 ms | Sent   864 kB Recv  1191 kB |  existing
🔶 Pred  120 ms Sync   31 ms | Sent   864 kB Recv  1191 kB |  key
🔶 Pred  120 ms Sync   19 ms | Sent   864 kB Recv  1191 kB |  and
🔶 Pred  121 ms Sync   18 ms | Sent   864 kB Recv  1191 kB |  one
🔶 Pred  120 ms Sync   19 ms | Sent   864 kB Recv  1191 kB |  for
🔶 Pred  120 ms Sync   27 ms | Sent   864 kB Recv  1191 kB |  the
🔶 Pred  121 ms Sync   23 ms | Sent   864 kB Recv  1191 kB |  new
🔶 Pred  120 ms Sync   23 ms | Sent   864 kB Recv  1191 kB |  key
🔶 Pred  121 ms Sync   22 ms | Sent   864 kB Recv  1191 kB | ,
🔶 Pred  120 ms Sync   26 ms | Sent   864 kB Recv  1191 kB |  and
🔶 Pred  177 ms Sync   90 ms | Sent   864 kB Recv  1191 kB |  adjust
🔶 Pred  120 ms Sync   21 ms | Sent   864 kB Recv  1191 kB |  the
🔶 Pred  143 ms Sync   42 ms | Sent   864 kB Recv  1191 kB |  parent
🔶 Pred  121 ms Sync   23 ms | Sent   864 kB Recv  1191 kB |  accordingly
🔶 Pred  121 ms Sync   23 ms | Sent   864 kB Recv  1191 kB | .


🔶 Pred  120 ms Sync   24 ms | Sent   864 kB Recv  1191 kB | Wait
🔶 Pred  120 ms Sync   21 ms | Sent   864 kB Recv  1191 kB | ,
🔶 Pred  120 ms Sync   26 ms | Sent   864 kB Recv  1191 kB |  but
🔶 Pred  120 ms Sync   24 ms | Sent   864 kB Recv  1191 kB |  in
🔶 Pred  121 ms Sync   18 ms | Sent   864 kB Recv  1191 kB |  a
🔶 Pred  122 ms Sync   17 ms | Sent   864 kB Recv  1191 kB |  B
🔶 Pred  121 ms Sync   19 ms | Sent   864 kB Recv  1191 kB | -tree
🔶 Pred  196 ms Sync   24 ms | Sent   864 kB Recv  1191 kB | ,
🔶 Pred  122 ms Sync   19 ms | Sent   864 kB Recv  1191 kB |  when
🔶 Pred  121 ms Sync   27 ms | Sent   864 kB Recv  1191 kB |  a
🔶 Pred  122 ms Sync   21 ms | Sent   864 kB Recv  1191 kB |  node
🔶 Pred  120 ms Sync   23 ms | Sent   864 kB Recv  1191 kB |  exceeds
🔶 Pred  121 ms Sync   49 ms | Sent   864 kB Recv  1191 kB |  the
🔶 Pred  120 ms Sync   18 ms | Sent   864 kB Recv  1191 kB |  maximum
🔶 Pred  175 ms Sync   61 ms | Sent   864 kB Recv  1191 kB |  number
🔶 Pred  122 ms Sync   17 ms | Sent   864 kB Recv  1191 kB |  of
🔶 Pred  141 ms Sync   51 ms | Sent   864 kB Recv  1191 kB |  keys
🔶 Pred  122 ms Sync   22 ms | Sent   864 kB Recv  1191 kB | ,
🔶 Pred  120 ms Sync   24 ms | Sent   864 kB Recv  1191 kB |  it
🔶 Pred  121 ms Sync   23 ms | Sent   864 kB Recv  1191 kB |  is
🔶 Pred  120 ms Sync   27 ms | Sent   864 kB Recv  1191 kB |  split
🔶 Pred  120 ms Sync   22 ms | Sent   864 kB Recv  1191 kB |  into
🔶 Pred  121 ms Sync   22 ms | Sent   864 kB Recv  1191 kB |  two
🔶 Pred  127 ms Sync   17 ms | Sent   864 kB Recv  1191 kB |  nodes
🔶 Pred  124 ms Sync   21 ms | Sent   864 kB Recv  1191 kB | ,
🔶 Pred  121 ms Sync   25 ms | Sent   864 kB Recv  1191 kB |  and
🔶 Pred  120 ms Sync   22 ms | Sent   864 kB Recv  1191 kB |  the
🔶 Pred  120 ms Sync   25 ms | Sent   864 kB Recv  1191 kB |  middle
🔶 Pred  120 ms Sync   24 ms | Sent   864 kB Recv  1191 kB |  key
🔶 Pred  121 ms Sync   22 ms | Sent   864 kB Recv  1191 kB |  is
🔶 Pred  120 ms Sync   25 ms | Sent   864 kB Recv  1191 kB |  moved
🔶 Pred  121 ms Sync   25 ms | Sent   864 kB Recv  1191 kB |  to
🔶 Pred  121 ms Sync   23 ms | Sent   864 kB Recv  1191 kB |  one
🔶 Pred  159 ms Sync   61 ms | Sent   864 kB Recv  1191 kB |  of
🔶 Pred  137 ms Sync   35 ms | Sent   864 kB Recv  1191 kB |  the
🔶 Pred  132 ms Sync   55 ms | Sent   864 kB Recv  1191 kB |  children
🔶 Pred  122 ms Sync   21 ms | Sent   864 kB Recv  1191 kB | .
🔶 Pred  120 ms Sync   27 ms | Sent   864 kB Recv  1191 kB |  This
🔶 Pred  120 ms Sync   24 ms | Sent   864 kB Recv  1191 kB |  process
🔶 Pred  184 ms Sync   41 ms | Sent   864 kB Recv  1191 kB |  continues
🔶 Pred  120 ms Sync   25 ms | Sent   864 kB Recv  1191 kB |  recursively
🔶 Pred  121 ms Sync   17 ms | Sent   864 kB Recv  1191 kB |  until
🔶 Pred  121 ms Sync   22 ms | Sent   864 kB Recv  1191 kB |  all
🔶 Pred  133 ms Sync   35 ms | Sent   864 kB Recv  1191 kB |  nodes
🔶 Pred  121 ms Sync   21 ms | Sent   864 kB Recv  1191 kB |  have
🔶 Pred  121 ms Sync   23 ms | Sent   864 kB Recv  1191 kB |  at
🔶 Pred  121 ms Sync   19 ms | Sent   864 kB Recv  1191 kB |  most
🔶 Pred  121 ms Sync   22 ms | Sent   864 kB Recv  1191 kB |  k
🔶 Pred  120 ms Sync   22 ms | Sent   864 kB Recv  1191 kB |  keys
🔶 Pred  120 ms Sync   27 ms | Sent   864 kB Recv  1191 kB | .


🔶 Pred  121 ms Sync   42 ms | Sent   864 kB Recv  1191 kB | So
🔶 Pred  120 ms Sync   20 ms | Sent   864 kB Recv  1191 kB | ,
🔶 Pred  166 ms Sync   48 ms | Sent   864 kB Recv  1191 kB |  for
🔶 Pred  142 ms Sync   27 ms | Sent   864 kB Recv  1191 kB |  insertion
🔶 Pred  144 ms Sync   64 ms | Sent   864 kB Recv  1191 kB | ,
🔶 Pred  122 ms Sync   22 ms | Sent   864 kB Recv  1191 kB |  the
🔶 Pred  124 ms Sync   20 ms | Sent   864 kB Recv  1191 kB |  process
🔶 Pred  126 ms Sync   17 ms | Sent   864 kB Recv  1191 kB |  is
🔶 Pred  122 ms Sync   20 ms | Sent   864 kB Recv  1191 kB | :


🔶 Pred  120 ms Sync   21 ms | Sent   864 kB Recv  1191 kB | -
🔶 Pred  121 ms Sync   23 ms | Sent   864 kB Recv  1191 kB |  Insert
🔶 Pred  121 ms Sync   21 ms | Sent   864 kB Recv  1191 kB |  the
🔶 Pred  120 ms Sync   25 ms | Sent   864 kB Recv  1191 kB |  new
🔶 Pred  121 ms Sync   23 ms | Sent   864 kB Recv  1191 kB |  key
🔶 Pred  123 ms Sync   21 ms | Sent   864 kB Recv  1191 kB |  into
🔶 Pred  121 ms Sync   22 ms | Sent   864 kB Recv  1191 kB |  the
🔶 Pred  120 ms Sync   26 ms | Sent   864 kB Recv  1191 kB |  tree
🔶 Pred  121 ms Sync   25 ms | Sent   864 kB Recv  1191 kB | ,
🔶 Pred  121 ms Sync   23 ms | Sent   864 kB Recv  1191 kB |  starting
🔶 Pred  121 ms Sync   24 ms | Sent   864 kB Recv  1191 kB |  at
🔶 Pred  120 ms Sync   26 ms | Sent   864 kB Recv  1191 kB |  the
🔶 Pred  201 ms Sync   30 ms | Sent   864 kB Recv  1191 kB |  root
🔶 Pred  170 ms Sync   40 ms | Sent   864 kB Recv  1191 kB | .

🔶 Pred  146 ms Sync   32 ms | Sent   864 kB Recv  1191 kB | -
🔶 Pred  126 ms Sync   24 ms | Sent   864 kB Recv  1191 kB |  If
🔶 Pred  122 ms Sync   26 ms | Sent   864 kB Recv  1191 kB |  the
🔶 Pred  121 ms Sync   25 ms | Sent   864 kB Recv  1191 kB |  current
🔶 Pred  121 ms Sync   51 ms | Sent   864 kB Recv  1191 kB |  node
🔶 Pred  121 ms Sync   18 ms | Sent   864 kB Recv  1191 kB |  has
🔶 Pred  120 ms Sync   25 ms | Sent   864 kB Recv  1191 kB |  no
🔶 Pred  122 ms Sync   25 ms | Sent   864 kB Recv  1191 kB |  left
🔶 Pred  121 ms Sync   23 ms | Sent   864 kB Recv  1191 kB |  or
🔶 Pred  121 ms Sync   21 ms | Sent   864 kB Recv  1191 kB |  right
🔶 Pred  121 ms Sync   22 ms | Sent   864 kB Recv  1191 kB |  child
🔶 Pred  120 ms Sync   28 ms | Sent   864 kB Recv  1191 kB | ,
🔶 Pred  121 ms Sync   26 ms | Sent   864 kB Recv  1191 kB |  insert
🔶 Pred  121 ms Sync   23 ms | Sent   864 kB Recv  1191 kB |  the
🔶 Pred  121 ms Sync   26 ms | Sent   864 kB Recv  1191 kB |  key
🔶 Pred  121 ms Sync   21 ms | Sent   864 kB Recv  1191 kB |  and
🔶 Pred  122 ms Sync   26 ms | Sent   864 kB Recv  1191 kB |  check
🔶 Pred  122 ms Sync   19 ms | Sent   864 kB Recv  1191 kB |  if
🔶 Pred  168 ms Sync   94 ms | Sent   864 kB Recv  1191 kB |  the
🔶 Pred  120 ms Sync   20 ms | Sent   864 kB Recv  1191 kB |  node
🔶 Pred  143 ms Sync   51 ms | Sent   864 kB Recv  1191 kB |  has
🔶 Pred  122 ms Sync   24 ms | Sent   864 kB Recv  1191 kB |  exceeded
🔶 Pred  121 ms Sync   24 ms | Sent   864 kB Recv  1191 kB |  the
🔶 Pred  122 ms Sync   19 ms | Sent   864 kB Recv  1191 kB |  maximum
🔶 Pred  121 ms Sync   22 ms | Sent   864 kB Recv  1191 kB |  number
🔶 Pred  120 ms Sync   27 ms | Sent   864 kB Recv  1191 kB |  of
🔶 Pred  120 ms Sync   25 ms | Sent   864 kB Recv  1191 kB |  keys
🔶 Pred  120 ms Sync   30 ms | Sent   864 kB Recv  1191 kB | .
🔶 Pred  121 ms Sync   22 ms | Sent   864 kB Recv  1191 kB |  If
🔶 Pred  122 ms Sync   23 ms | Sent   864 kB Recv  1191 kB |  so
🔶 Pred  261 ms Sync   28 ms | Sent   864 kB Recv  1191 kB | ,
🔶 Pred  122 ms Sync   20 ms | Sent   864 kB Recv  1191 kB |  split
🔶 Pred  122 ms Sync   26 ms | Sent   864 kB Recv  1191 kB |  the
🔶 Pred  121 ms Sync   23 ms | Sent   864 kB Recv  1191 kB |  node
🔶 Pred  122 ms Sync   69 ms | Sent   864 kB Recv  1191 kB |  into
🔶 Pred  120 ms Sync   33 ms | Sent   864 kB Recv  1191 kB |  two
🔶 Pred  181 ms Sync  104 ms | Sent   864 kB Recv  1191 kB | .

🔶 Pred  126 ms Sync   50 ms | Sent   864 kB Recv  1191 kB | -
🔶 Pred  124 ms Sync   37 ms | Sent   864 kB Recv  1191 kB |  If
🔶 Pred  123 ms Sync   17 ms | Sent   864 kB Recv  1191 kB |  the
🔶 Pred  124 ms Sync   25 ms | Sent   864 kB Recv  1191 kB |  current
🔶 Pred  122 ms Sync   20 ms | Sent   864 kB Recv  1191 kB |  node
🔶 Pred  121 ms Sync   25 ms | Sent   864 kB Recv  1191 kB |  has
🔶 Pred  120 ms Sync   22 ms | Sent   864 kB Recv  1191 kB |  a
🔶 Pred  120 ms Sync   27 ms | Sent   864 kB Recv  1191 kB |  left
🔶 Pred  121 ms Sync   20 ms | Sent   864 kB Recv  1191 kB |  or
🔶 Pred  121 ms Sync   19 ms | Sent   864 kB Recv  1191 kB |  right
🔶 Pred  121 ms Sync   24 ms | Sent   864 kB Recv  1191 kB |  child
🔶 Pred  121 ms Sync   27 ms | Sent   864 kB Recv  1191 kB | ,
🔶 Pred  121 ms Sync   25 ms | Sent   864 kB Recv  1191 kB |  compare
🔶 Pred  121 ms Sync   27 ms | Sent   864 kB Recv  1191 kB |  the
🔶 Pred  122 ms Sync   21 ms | Sent   864 kB Recv  1191 kB |  new
🔶 Pred  122 ms Sync   21 ms | Sent   864 kB Recv  1191 kB |  key
🔶 Pred  124 ms Sync   26 ms | Sent   864 kB Recv  1191 kB |  with
🔶 Pred  124 ms Sync   25 ms | Sent   864 kB Recv  1191 kB |  the
🔶 Pred  180 ms Sync   87 ms | Sent   864 kB Recv  1191 kB |  current
🔶 Pred  121 ms Sync   22 ms | Sent   864 kB Recv  1191 kB |  node
🔶 Pred  133 ms Sync   49 ms | Sent   864 kB Recv  1191 kB | 's
🔶 Pred  123 ms Sync   20 ms | Sent   864 kB Recv  1191 kB |  key
🔶 Pred  121 ms Sync   24 ms | Sent   864 kB Recv  1191 kB |  and
🔶 Pred  159 ms Sync   26 ms | Sent   864 kB Recv  1191 kB |  proceed
🔶 Pred  154 ms Sync   18 ms | Sent   864 kB Recv  1191 kB |  to
🔶 Pred  122 ms Sync   20 ms | Sent   864 kB Recv  1191 kB |  the
🔶 Pred  121 ms Sync   25 ms | Sent   864 kB Recv  1191 kB |  appropriate
🔶 Pred  122 ms Sync   26 ms | Sent   864 kB Recv  1191 kB |  child
🔶 Pred  121 ms Sync   23 ms | Sent   864 kB Recv  1191 kB | .


🔶 Pred  122 ms Sync   21 ms | Sent   864 kB Recv  1191 kB | Wait
🔶 Pred  122 ms Sync   21 ms | Sent   864 kB Recv  1191 kB | ,
🔶 Pred  123 ms Sync   19 ms | Sent   864 kB Recv  1191 kB |  but
🔶 Pred  122 ms Sync   24 ms | Sent   864 kB Recv  1191 kB |  in
🔶 Pred  122 ms Sync   49 ms | Sent   864 kB Recv  1191 kB |  a
🔶 Pred  122 ms Sync   24 ms | Sent   864 kB Recv  1191 kB |  B
🔶 Pred  122 ms Sync   22 ms | Sent   864 kB Recv  1191 kB | -tree
🔶 Pred  122 ms Sync   20 ms | Sent   864 kB Recv  1191 kB | ,
🔶 Pred  185 ms Sync   96 ms | Sent   864 kB Recv  1191 kB |  the
🔶 Pred  121 ms Sync   19 ms | Sent   864 kB Recv  1191 kB |  keys
🔶 Pred  134 ms Sync   61 ms | Sent   864 kB Recv  1191 kB |  are
🔶 Pred  122 ms Sync   23 ms | Sent   864 kB Recv  1191 kB |  always
🔶 Pred  122 ms Sync   53 ms | Sent   864 kB Recv  1191 kB |  in
🔶 Pred  123 ms Sync   19 ms | Sent   864 kB Recv  1191 kB |  sorted
🔶 Pred  123 ms Sync   22 ms | Sent   864 kB Recv  1191 kB |  order
🔶 Pred  123 ms Sync   16 ms | Sent   864 kB Recv  1191 kB | ,
🔶 Pred  123 ms Sync   20 ms | Sent   864 kB Recv  1191 kB |  so
🔶 Pred  123 ms Sync   19 ms | Sent   864 kB Recv  1191 kB |  each
🔶 Pred  121 ms Sync   31 ms | Sent   864 kB Recv  1191 kB |  node
🔶 Pred  121 ms Sync   31 ms | Sent   864 kB Recv  1191 kB | 's
🔶 Pred  121 ms Sync   23 ms | Sent   864 kB Recv  1191 kB |  keys
🔶 Pred  122 ms Sync   25 ms | Sent   864 kB Recv  1191 kB |  are
🔶 Pred  122 ms Sync   23 ms | Sent   864 kB Recv  1191 kB |  in
🔶 Pred  122 ms Sync   21 ms | Sent   864 kB Recv  1191 kB |  sorted
🔶 Pred  122 ms Sync   23 ms | Sent   864 kB Recv  1191 kB |  order
🔶 Pred  122 ms Sync   26 ms | Sent   864 kB Recv  1191 kB | ,
🔶 Pred  157 ms Sync   42 ms | Sent   864 kB Recv  1191 kB |  and
🔶 Pred  202 ms Sync   75 ms | Sent   864 kB Recv  1191 kB |  the
🔶 Pred  144 ms Sync   56 ms | Sent   864 kB Recv  1191 kB |  left
🔶 Pred  126 ms Sync   17 ms | Sent   864 kB Recv  1191 kB |  child
🔶 Pred  123 ms Sync   20 ms | Sent   864 kB Recv  1191 kB | 's
🔶 Pred  122 ms Sync   24 ms | Sent   864 kB Recv  1191 kB |  key
🔶 Pred  123 ms Sync   22 ms | Sent   864 kB Recv  1191 kB |  is
🔶 Pred  124 ms Sync   18 ms | Sent   864 kB Recv  1191 kB |  less
🔶 Pred  122 ms Sync   25 ms | Sent   864 kB Recv  1191 kB |  than
🔶 Pred  123 ms Sync   20 ms | Sent   864 kB Recv  1191 kB |  the
🔶 Pred  124 ms Sync   43 ms | Sent   864 kB Recv  1191 kB |  current
🔶 Pred  124 ms Sync   30 ms | Sent   864 kB Recv  1191 kB |  node
🔶 Pred  125 ms Sync   20 ms | Sent   864 kB Recv  1191 kB | 's
🔶 Pred  123 ms Sync   19 ms | Sent   864 kB Recv  1191 kB |  key
🔶 Pred  123 ms Sync   26 ms | Sent   864 kB Recv  1191 kB | ,
🔶 Pred  123 ms Sync   30 ms | Sent   864 kB Recv  1191 kB |  and
🔶 Pred  124 ms Sync   22 ms | Sent   864 kB Recv  1191 kB |  the
🔶 Pred  123 ms Sync   21 ms | Sent   864 kB Recv  1191 kB |  right
🔶 Pred  123 ms Sync   23 ms | Sent   864 kB Recv  1191 kB |  child
🔶 Pred  123 ms Sync   23 ms | Sent   864 kB Recv  1191 kB | 's
🔶 Pred  172 ms Sync   93 ms | Sent   864 kB Recv  1191 kB |  key
🔶 Pred  123 ms Sync   18 ms | Sent   864 kB Recv  1191 kB |  is
🔶 Pred  141 ms Sync   55 ms | Sent   864 kB Recv  1191 kB |  greater
🔶 Pred  123 ms Sync   20 ms | Sent   864 kB Recv  1191 kB | .


🔶 Pred  122 ms Sync   22 ms | Sent   864 kB Recv  1191 kB | So
🔶 Pred  124 ms Sync   23 ms | Sent   864 kB Recv  1191 kB | ,
🔶 Pred  123 ms Sync   21 ms | Sent   864 kB Recv  1191 kB |  during
🔶 Pred  123 ms Sync   22 ms | Sent   864 kB Recv  1191 kB |  insertion
🔶 Pred  123 ms Sync   22 ms | Sent   864 kB Recv  1191 kB | ,
🔶 Pred  124 ms Sync   20 ms | Sent   864 kB Recv  1191 kB |  we
🔶 Pred  123 ms Sync   25 ms | Sent   864 kB Recv  1191 kB |  traverse
🔶 Pred  156 ms Sync   20 ms | Sent   864 kB Recv  1191 kB |  down
🔶 Pred  163 ms Sync   19 ms | Sent   864 kB Recv  1191 kB |  the
🔶 Pred  124 ms Sync   19 ms | Sent   864 kB Recv  1191 kB |  tree
🔶 Pred  124 ms Sync   21 ms | Sent   864 kB Recv  1191 kB | ,
🔶 Pred  124 ms Sync   19 ms | Sent   864 kB Recv  1191 kB |  and
🔶 Pred  125 ms Sync   21 ms | Sent   864 kB Recv  1191 kB |  when
🔶 Pred  123 ms Sync   25 ms | Sent   864 kB Recv  1191 kB |  we
🔶 Pred  173 ms Sync   44 ms | Sent   864 kB Recv  1191 kB |  find
🔶 Pred  140 ms Sync   50 ms | Sent   864 kB Recv  1191 kB |  a
🔶 Pred  149 ms Sync   40 ms | Sent   864 kB Recv  1191 kB |  node
🔶 Pred  126 ms Sync   42 ms | Sent   864 kB Recv  1191 kB |  where
🔶 Pred  124 ms Sync   21 ms | Sent   864 kB Recv  1191 kB |  we
🔶 Pred  123 ms Sync   50 ms | Sent   864 kB Recv  1191 kB |  can
🔶 Pred  124 ms Sync   17 ms | Sent   864 kB Recv  1191 kB |  insert
🔶 Pred  123 ms Sync   19 ms | Sent   864 kB Recv  1191 kB |  the
🔶 Pred  123 ms Sync   20 ms | Sent   864 kB Recv  1191 kB |  new
🔶 Pred  123 ms Sync   19 ms | Sent   864 kB Recv  1191 kB |  key
🔶 Pred  123 ms Sync   27 ms | Sent   864 kB Recv  1191 kB | ,
🔶 Pred  124 ms Sync   23 ms | Sent   864 kB Recv  1191 kB |  we
🔶 Pred  123 ms Sync   26 ms | Sent   864 kB Recv  1191 kB |  create
🔶 Pred  124 ms Sync   21 ms | Sent   864 kB Recv  1191 kB |  a
🔶 Pred  123 ms Sync   26 ms | Sent   864 kB Recv  1191 kB |  new
🔶 Pred  123 ms Sync   24 ms | Sent   864 kB Recv  1191 kB |  node
🔶 Pred  131 ms Sync   21 ms | Sent   864 kB Recv  1191 kB | ,
🔶 Pred  126 ms Sync   23 ms | Sent   864 kB Recv  1191 kB |  insert
🔶 Pred  123 ms Sync   26 ms | Sent   864 kB Recv  1191 kB |  the
🔶 Pred  162 ms Sync   63 ms | Sent   864 kB Recv  1191 kB |  key
🔶 Pred  173 ms Sync   23 ms | Sent   864 kB Recv  1191 kB | ,
🔶 Pred  144 ms Sync   54 ms | Sent   864 kB Recv  1191 kB |  and
🔶 Pred  129 ms Sync   21 ms | Sent   864 kB Recv  1191 kB |  then
🔶 Pred  125 ms Sync   22 ms | Sent   864 kB Recv  1191 kB |  check
🔶 Pred  173 ms Sync   29 ms | Sent   864 kB Recv  1191 kB |  if
🔶 Pred  157 ms Sync   18 ms | Sent   864 kB Recv  1191 kB |  the
🔶 Pred  124 ms Sync   22 ms | Sent   864 kB Recv  1191 kB |  node
🔶 Pred  125 ms Sync   23 ms | Sent   864 kB Recv  1191 kB |  needs
🔶 Pred  123 ms Sync   28 ms | Sent   864 kB Recv  1191 kB |  to
🔶 Pred  124 ms Sync   24 ms | Sent   864 kB Recv  1191 kB |  be
🔶 Pred  124 ms Sync   25 ms | Sent   864 kB Recv  1191 kB |  split
🔶 Pred  124 ms Sync   25 ms | Sent   864 kB Recv  1191 kB | .


🔶 Pred  122 ms Sync   25 ms | Sent   864 kB Recv  1191 kB | Similarly
🔶 Pred  124 ms Sync   26 ms | Sent   864 kB Recv  1191 kB | ,
🔶 Pred  123 ms Sync   21 ms | Sent   864 kB Recv  1191 kB |  for
🔶 Pred  123 ms Sync   24 ms | Sent   864 kB Recv  1191 kB |  deletion
🔶 Pred  123 ms Sync   27 ms | Sent   864 kB Recv  1191 kB | ,
🔶 Pred  140 ms Sync   33 ms | Sent   864 kB Recv  1191 kB |  we
🔶 Pred  164 ms Sync   80 ms | Sent   864 kB Recv  1191 kB |  remove
🔶 Pred  125 ms Sync   19 ms | Sent   864 kB Recv  1191 kB |  a
🔶 Pred  135 ms Sync   78 ms | Sent   864 kB Recv  1191 kB |  key
🔶 Pred  124 ms Sync   19 ms | Sent   864 kB Recv  1191 kB |  by
🔶 Pred  124 ms Sync   25 ms | Sent   864 kB Recv  1191 kB |  travers
🔶 Pred  124 ms Sync   21 ms | Sent   864 kB Recv  1191 kB | ing
🔶 Pred  124 ms Sync   23 ms | Sent   864 kB Recv  1191 kB |  down
🔶 Pred  124 ms Sync   26 ms | Sent   864 kB Recv  1191 kB |  the
🔶 Pred  126 ms Sync   41 ms | Sent   864 kB Recv  1191 kB |  tree
🔶 Pred  124 ms Sync   20 ms | Sent   864 kB Recv  1191 kB | ,
🔶 Pred  124 ms Sync   24 ms | Sent   864 kB Recv  1191 kB |  and
🔶 Pred  123 ms Sync   28 ms | Sent   864 kB Recv  1191 kB |  when
🔶 Pred  124 ms Sync   21 ms | Sent   864 kB Recv  1191 kB |  we
🔶 Pred  125 ms Sync   21 ms | Sent   864 kB Recv  1191 kB |  find
🔶 Pred  124 ms Sync   29 ms | Sent   864 kB Recv  1191 kB |  the
🔶 Pred  123 ms Sync   29 ms | Sent   864 kB Recv  1191 kB |  key
🔶 Pred  124 ms Sync   28 ms | Sent   864 kB Recv  1191 kB | ,
🔶 Pred  125 ms Sync   23 ms | Sent   864 kB Recv  1191 kB |  we
🔶 Pred  248 ms Sync   53 ms | Sent   864 kB Recv  1191 kB |  remove
🔶 Pred  126 ms Sync   17 ms | Sent   864 kB Recv  1191 kB |  it
🔶 Pred  144 ms Sync   51 ms | Sent   864 kB Recv  1191 kB |  from
🔶 Pred  126 ms Sync   18 ms | Sent   864 kB Recv  1191 kB |  its
🔶 Pred  124 ms Sync   27 ms | Sent   864 kB Recv  1191 kB |  parent
🔶 Pred  125 ms Sync   21 ms | Sent   864 kB Recv  1191 kB | ,
🔶 Pred  126 ms Sync   18 ms | Sent   864 kB Recv  1191 kB |  and
🔶 Pred  125 ms Sync   22 ms | Sent   864 kB Recv  1191 kB |  then
🔶 Pred  125 ms Sync   23 ms | Sent   864 kB Recv  1191 kB |  check
🔶 Pred  125 ms Sync   21 ms | Sent   864 kB Recv  1191 kB |  if
🔶 Pred  125 ms Sync   21 ms | Sent   864 kB Recv  1191 kB |  the
🔶 Pred  124 ms Sync   21 ms | Sent   864 kB Recv  1191 kB |  parent
🔶 Pred  125 ms Sync   20 ms | Sent   864 kB Recv  1191 kB |  now
🔶 Pred  124 ms Sync   30 ms | Sent   864 kB Recv  1191 kB |  has
🔶 Pred  124 ms Sync   23 ms | Sent   864 kB Recv  1191 kB |  more
🔶 Pred  126 ms Sync   27 ms | Sent   864 kB Recv  1191 kB |  keys
🔶 Pred  126 ms Sync   25 ms | Sent   864 kB Recv  1191 kB |  than
🔶 Pred  128 ms Sync   52 ms | Sent   864 kB Recv  1191 kB |  allowed
🔶 Pred  125 ms Sync   19 ms | Sent   864 kB Recv  1191 kB | ,
🔶 Pred  181 ms Sync   72 ms | Sent   864 kB Recv  1191 kB |  requiring
🔶 Pred  124 ms Sync   19 ms | Sent   864 kB Recv  1191 kB |  it
🔶 Pred  141 ms Sync   55 ms | Sent   864 kB Recv  1191 kB |  to
🔶 Pred  124 ms Sync   19 ms | Sent   864 kB Recv  1191 kB |  be
🔶 Pred  124 ms Sync   50 ms | Sent   864 kB Recv  1191 kB |  split
🔶 Pred  125 ms Sync   21 ms | Sent   864 kB Recv  1191 kB | .


🔶 Pred  124 ms Sync   22 ms | Sent   864 kB Recv  1191 kB | For
🔶 Pred  123 ms Sync   28 ms | Sent   864 kB Recv  1191 kB |  range
🔶 Pred  124 ms Sync   22 ms | Sent   864 kB Recv  1191 kB |  search
🔶 Pred  137 ms Sync   36 ms | Sent   864 kB Recv  1191 kB | ,
🔶 Pred  124 ms Sync   27 ms | Sent   864 kB Recv  1191 kB |  we
🔶 Pred  166 ms Sync   21 ms | Sent   864 kB Recv  1191 kB |  need
🔶 Pred  157 ms Sync   25 ms | Sent   864 kB Recv  1191 kB |  to
🔶 Pred  124 ms Sync   20 ms | Sent   864 kB Recv  1191 kB |  find
🔶 Pred  125 ms Sync   29 ms | Sent   864 kB Recv  1191 kB |  all
🔶 Pred  124 ms Sync   31 ms | Sent   864 kB Recv  1191 kB |  keys
🔶 Pred  125 ms Sync   22 ms | Sent   864 kB Recv  1191 kB |  in
🔶 Pred  124 ms Sync   19 ms | Sent   864 kB Recv  1191 kB |  a
🔶 Pred  194 ms Sync   94 ms | Sent   864 kB Recv  1191 kB |  given
🔶 Pred  125 ms Sync   18 ms | Sent   864 kB Recv  1191 kB |  range
🔶 Pred  139 ms Sync   63 ms | Sent   864 kB Recv  1191 kB |  [
🔶 Pred  124 ms Sync   30 ms | Sent   864 kB Recv  1191 kB | low
🔶 Pred  124 ms Sync   29 ms | Sent   864 kB Recv  1191 kB | ,
🔶 Pred  125 ms Sync   35 ms | Sent   864 kB Recv  1191 kB |  high
🔶 Pred  126 ms Sync   19 ms | Sent   864 kB Recv  1191 kB | ].
🔶 Pred  125 ms Sync   19 ms | Sent   864 kB Recv  1191 kB |  This
🔶 Pred  125 ms Sync   24 ms | Sent   864 kB Recv  1191 kB |  involves
🔶 Pred  125 ms Sync   23 ms | Sent   864 kB Recv  1191 kB |  travers
🔶 Pred  125 ms Sync   21 ms | Sent   864 kB Recv  1191 kB | ing
🔶 Pred  125 ms Sync   20 ms | Sent   864 kB Recv  1191 kB |  the
🔶 Pred  124 ms Sync   26 ms | Sent   864 kB Recv  1191 kB |  tree
🔶 Pred  125 ms Sync   24 ms | Sent   864 kB Recv  1191 kB | ,
🔶 Pred  125 ms Sync   20 ms | Sent   864 kB Recv  1191 kB |  starting
🔶 Pred  125 ms Sync   23 ms | Sent   864 kB Recv  1191 kB |  at
🔶 Pred  125 ms Sync   26 ms | Sent   864 kB Recv  1191 kB |  the
🔶 Pred  127 ms Sync   18 ms | Sent   864 kB Recv  1191 kB |  root
🔶 Pred  125 ms Sync   22 ms | Sent   864 kB Recv  1191 kB | ,
🔶 Pred  192 ms Sync   62 ms | Sent   864 kB Recv  1191 kB |  and
🔶 Pred  124 ms Sync   22 ms | Sent   864 kB Recv  1191 kB |  for
🔶 Pred  145 ms Sync   35 ms | Sent   864 kB Recv  1191 kB |  each
🔶 Pred  125 ms Sync   19 ms | Sent   864 kB Recv  1191 kB |  node
🔶 Pred  125 ms Sync   24 ms | Sent   864 kB Recv  1191 kB | ,
🔶 Pred  203 ms Sync   23 ms | Sent   864 kB Recv  1191 kB |  if
🔶 Pred  127 ms Sync   19 ms | Sent   864 kB Recv  1191 kB |  the
🔶 Pred  127 ms Sync   21 ms | Sent   864 kB Recv  1191 kB |  current
🔶 Pred  128 ms Sync   19 ms | Sent   864 kB Recv  1191 kB |  node
🔶 Pred  126 ms Sync   27 ms | Sent   864 kB Recv  1191 kB | 's
🔶 Pred  125 ms Sync   22 ms | Sent   864 kB Recv  1191 kB |  key
🔶 Pred  124 ms Sync   26 ms | Sent   864 kB Recv  1191 kB |  is
🔶 Pred  124 ms Sync   26 ms | Sent   864 kB Recv  1191 kB |  within
🔶 Pred  125 ms Sync   26 ms | Sent   864 kB Recv  1191 kB |  the
🔶 Pred  125 ms Sync   30 ms | Sent   864 kB Recv  1191 kB |  range
🔶 Pred  126 ms Sync   21 ms | Sent   864 kB Recv  1191 kB | ,
🔶 Pred  125 ms Sync   25 ms | Sent   864 kB Recv  1191 kB |  we
🔶 Pred  125 ms Sync   24 ms | Sent   864 kB Recv  1191 kB |  collect
🔶 Pred  150 ms Sync  101 ms | Sent   864 kB Recv  1191 kB |  its
🔶 Pred  125 ms Sync   63 ms | Sent   864 kB Recv  1191 kB |  key
🔶 Pred  142 ms Sync   38 ms | Sent   864 kB Recv  1191 kB | .
🔶 Pred  125 ms Sync   25 ms | Sent   864 kB Recv  1191 kB |  If
🔶 Pred  125 ms Sync   21 ms | Sent   864 kB Recv  1191 kB |  the
🔶 Pred  125 ms Sync   25 ms | Sent   864 kB Recv  1191 kB |  current
🔶 Pred  125 ms Sync   21 ms | Sent   864 kB Recv  1191 kB |  node
🔶 Pred  125 ms Sync   21 ms | Sent   864 kB Recv  1191 kB | 's
🔶 Pred  126 ms Sync   20 ms | Sent   864 kB Recv  1191 kB |  key
🔶 Pred  124 ms Sync   26 ms | Sent   864 kB Recv  1191 kB |  is
🔶 Pred  125 ms Sync   23 ms | Sent   864 kB Recv  1191 kB |  less
🔶 Pred  126 ms Sync   45 ms | Sent   864 kB Recv  1191 kB |  than
🔶 Pred  128 ms Sync   17 ms | Sent   864 kB Recv  1191 kB |  low
🔶 Pred  125 ms Sync   22 ms | Sent   864 kB Recv  1191 kB | ,
🔶 Pred  125 ms Sync   23 ms | Sent   864 kB Recv  1191 kB |  we
🔶 Pred  126 ms Sync   25 ms | Sent   864 kB Recv  1191 kB |  go
🔶 Pred  127 ms Sync   36 ms | Sent   864 kB Recv  1191 kB |  to
🔶 Pred  140 ms Sync   30 ms | Sent   864 kB Recv  1191 kB |  the
🔶 Pred  177 ms Sync   25 ms | Sent   864 kB Recv  1191 kB |  right
🔶 Pred  168 ms Sync   72 ms | Sent   864 kB Recv  1191 kB |  child
🔶 Pred  146 ms Sync   53 ms | Sent   864 kB Recv  1191 kB | .
🔶 Pred  130 ms Sync   17 ms | Sent   864 kB Recv  1191 kB |  If
🔶 Pred  130 ms Sync   18 ms | Sent   864 kB Recv  1191 kB |  it
🔶 Pred  127 ms Sync   20 ms | Sent   864 kB Recv  1191 kB | 's
🔶 Pred  125 ms Sync   29 ms | Sent   864 kB Recv  1191 kB |  greater
🔶 Pred  126 ms Sync   21 ms | Sent   864 kB Recv  1191 kB |  than
🔶 Pred  126 ms Sync   24 ms | Sent   864 kB Recv  1191 kB |  high
🔶 Pred  126 ms Sync   21 ms | Sent   864 kB Recv  1191 kB | ,
🔶 Pred  126 ms Sync   24 ms | Sent   864 kB Recv  1191 kB |  we
🔶 Pred  126 ms Sync   19 ms | Sent   864 kB Recv  1191 kB |  go
🔶 Pred  127 ms Sync   21 ms | Sent   864 kB Recv  1191 kB |  to
🔶 Pred  125 ms Sync   21 ms | Sent   864 kB Recv  1191 kB |  the
🔶 Pred  125 ms Sync   23 ms | Sent   864 kB Recv  1191 kB |  left
🔶 Pred  126 ms Sync   22 ms | Sent   864 kB Recv  1191 kB |  child
🔶 Pred  126 ms Sync   23 ms | Sent   864 kB Recv  1191 kB | .
🔶 Pred  126 ms Sync   30 ms | Sent   864 kB Recv  1191 kB |  If
🔶 Pred  126 ms Sync   22 ms | Sent   864 kB Recv  1191 kB |  it
🔶 Pred  165 ms Sync   97 ms | Sent   864 kB Recv  1191 kB | 's
🔶 Pred  177 ms Sync   30 ms | Sent   864 kB Recv  1191 kB |  within
🔶 Pred  147 ms Sync   61 ms | Sent   864 kB Recv  1191 kB |  the
🔶 Pred  127 ms Sync   22 ms | Sent   864 kB Recv  1191 kB |  range
🔶 Pred  126 ms Sync   19 ms | Sent   864 kB Recv  1191 kB | ,
🔶 Pred  125 ms Sync   20 ms | Sent   864 kB Recv  1191 kB |  we
🔶 Pred  125 ms Sync   30 ms | Sent   864 kB Recv  1191 kB |  collect
🔶 Pred  125 ms Sync   39 ms | Sent   864 kB Recv  1191 kB |  it
🔶 Pred  125 ms Sync   19 ms | Sent   864 kB Recv  1191 kB |  and
🔶 Pred  125 ms Sync   19 ms | Sent   864 kB Recv  1191 kB |  then
🔶 Pred  124 ms Sync   23 ms | Sent   864 kB Recv  1191 kB |  check
🔶 Pred  142 ms Sync   21 ms | Sent   864 kB Recv  1191 kB |  the
🔶 Pred  181 ms Sync   20 ms | Sent   864 kB Recv  1191 kB |  left
🔶 Pred  125 ms Sync   27 ms | Sent   864 kB Recv  1191 kB |  and
🔶 Pred  125 ms Sync   22 ms | Sent   864 kB Recv  1191 kB |  right
🔶 Pred  125 ms Sync   25 ms | Sent   864 kB Recv  1191 kB |  children
🔶 Pred  125 ms Sync   22 ms | Sent   864 kB Recv  1191 kB | .


🔶 Pred  126 ms Sync   22 ms | Sent   864 kB Recv  1191 kB | Wait
🔶 Pred  173 ms Sync   78 ms | Sent   864 kB Recv  1191 kB | ,
🔶 Pred  138 ms Sync   21 ms | Sent   864 kB Recv  1191 kB |  but
🔶 Pred  138 ms Sync   66 ms | Sent   864 kB Recv  1191 kB |  in
🔶 Pred  128 ms Sync   18 ms | Sent   864 kB Recv  1191 kB |  a
🔶 Pred  125 ms Sync   20 ms | Sent   864 kB Recv  1191 kB |  B
🔶 Pred  125 ms Sync   25 ms | Sent   864 kB Recv  1191 kB | -tree
🔶 Pred  126 ms Sync   26 ms | Sent   864 kB Recv  1191 kB | ,
🔶 Pred  126 ms Sync   49 ms | Sent   864 kB Recv  1191 kB |  the
🔶 Pred  125 ms Sync   18 ms | Sent   864 kB Recv  1191 kB |  keys
🔶 Pred  125 ms Sync   21 ms | Sent   864 kB Recv  1191 kB |  are
🔶 Pred  125 ms Sync   18 ms | Sent   864 kB Recv  1191 kB |  in
🔶 Pred  125 ms Sync   25 ms | Sent   864 kB Recv  1191 kB |  sorted
🔶 Pred  125 ms Sync   22 ms | Sent   864 kB Recv  1191 kB |  order
🔶 Pred  125 ms Sync   22 ms | Sent   864 kB Recv  1191 kB | ,
🔶 Pred  125 ms Sync   25 ms | Sent   864 kB Recv  1191 kB |  so
🔶 Pred  125 ms Sync   22 ms | Sent   864 kB Recv  1191 kB |  for
🔶 Pred  125 ms Sync   20 ms | Sent   864 kB Recv  1191 kB |  a
🔶 Pred  125 ms Sync   27 ms | Sent   864 kB Recv  1191 kB |  given
🔶 Pred  126 ms Sync   24 ms | Sent   864 kB Recv  1191 kB |  range
🔶 Pred  174 ms Sync   79 ms | Sent   864 kB Recv  1191 kB | ,
🔶 Pred  139 ms Sync   22 ms | Sent   864 kB Recv  1191 kB |  we
🔶 Pred  145 ms Sync   55 ms | Sent   864 kB Recv  1191 kB |  can
🔶 Pred  125 ms Sync   25 ms | Sent   864 kB Recv  1191 kB |  collect
🔶 Pred  126 ms Sync   19 ms | Sent   864 kB Recv  1191 kB |  all
🔶 Pred  174 ms Sync   24 ms | Sent   864 kB Recv  1191 kB |  keys
🔶 Pred  169 ms Sync   27 ms | Sent   864 kB Recv  1191 kB |  by
🔶 Pred  126 ms Sync   22 ms | Sent   864 kB Recv  1191 kB |  travers
🔶 Pred  126 ms Sync   25 ms | Sent   864 kB Recv  1191 kB | ing
🔶 Pred  126 ms Sync   19 ms | Sent   864 kB Recv  1191 kB |  the
🔶 Pred  125 ms Sync   28 ms | Sent   864 kB Recv  1191 kB |  tree
🔶 Pred  125 ms Sync   23 ms | Sent   864 kB Recv  1191 kB |  and
🔶 Pred  125 ms Sync   26 ms | Sent   864 kB Recv  1191 kB |  checking
🔶 Pred  126 ms Sync   27 ms | Sent   864 kB Recv  1191 kB |  each
🔶 Pred  128 ms Sync   29 ms | Sent   864 kB Recv  1191 kB |  node
🔶 Pred  127 ms Sync   23 ms | Sent   864 kB Recv  1191 kB | 's
🔶 Pred  128 ms Sync   23 ms | Sent   864 kB Recv  1191 kB |  key
🔶 Pred  125 ms Sync   24 ms | Sent   864 kB Recv  1191 kB |  against
🔶 Pred  161 ms Sync   89 ms | Sent   864 kB Recv  1191 kB |  the
🔶 Pred  145 ms Sync   20 ms | Sent   864 kB Recv  1191 kB |  range
🔶 Pred  140 ms Sync   56 ms | Sent   864 kB Recv  1191 kB | .


🔶 Pred  128 ms Sync   21 ms | Sent   864 kB Recv  1191 kB | Now
🔶 Pred  125 ms Sync   21 ms | Sent   864 kB Recv  1191 kB | ,
🔶 Pred  126 ms Sync   21 ms | Sent   864 kB Recv  1191 kB |  for
🔶 Pred  124 ms Sync   25 ms | Sent   864 kB Recv  1191 kB |  the
🔶 Pred  127 ms Sync   22 ms | Sent   864 kB Recv  1191 kB |  implementation
🔶 Pred  126 ms Sync   26 ms | Sent   864 kB Recv  1191 kB | ,
🔶 Pred  126 ms Sync   20 ms | Sent   864 kB Recv  1191 kB |  I
🔶 Pred  125 ms Sync   23 ms | Sent   864 kB Recv  1191 kB |  think
🔶 Pred  125 ms Sync   28 ms | Sent   864 kB Recv  1191 kB |  using
🔶 Pred  127 ms Sync   49 ms | Sent   864 kB Recv  1191 kB |  a
🔶 Pred  128 ms Sync   17 ms | Sent   864 kB Recv  1191 kB |  class
🔶 Pred  125 ms Sync   28 ms | Sent   864 kB Recv  1191 kB | -based
🔶 Pred  126 ms Sync   24 ms | Sent   864 kB Recv  1191 kB |  approach
🔶 Pred  125 ms Sync   27 ms | Sent   864 kB Recv  1191 kB |  with
🔶 Pred  126 ms Sync   24 ms | Sent   864 kB Recv  1191 kB |  nodes
🔶 Pred  184 ms Sync   32 ms | Sent   864 kB Recv  1191 kB |  would
🔶 Pred  202 ms Sync   71 ms | Sent   864 kB Recv  1191 kB |  be
🔶 Pred  151 ms Sync   54 ms | Sent   864 kB Recv  1191 kB |  better
🔶 Pred  126 ms Sync  129 ms | Sent   864 kB Recv  1191 kB | .
🔶 Pred  126 ms Sync   24 ms | Sent   864 kB Recv  1191 kB |  So
🔶 Pred  127 ms Sync   22 ms | Sent   864 kB Recv  1191 kB | ,
🔶 Pred  126 ms Sync   23 ms | Sent   864 kB Recv  1191 kB |  I
🔶 Pred  128 ms Sync   17 ms | Sent   864 kB Recv  1191 kB | 'll
🔶 Pred  129 ms Sync   16 ms | Sent   864 kB Recv  1191 kB |  define
🔶 Pred  126 ms Sync   25 ms | Sent   864 kB Recv  1191 kB |  a
🔶 Pred  125 ms Sync   29 ms | Sent   864 kB Recv  1191 kB |  Node
🔶 Pred  126 ms Sync   24 ms | Sent   864 kB Recv  1191 kB |  class
🔶 Pred  126 ms Sync   22 ms | Sent   864 kB Recv  1191 kB |  with
🔶 Pred  125 ms Sync   24 ms | Sent   864 kB Recv  1191 kB |  key
🔶 Pred  126 ms Sync   24 ms | Sent   864 kB Recv  1191 kB | ,
🔶 Pred  126 ms Sync   22 ms | Sent   864 kB Recv  1191 kB |  left
🔶 Pred  126 ms Sync   26 ms | Sent   864 kB Recv  1191 kB | ,
🔶 Pred  126 ms Sync   23 ms | Sent   864 kB Recv  1191 kB |  right
🔶 Pred  133 ms Sync   59 ms | Sent   864 kB Recv  1191 kB | ,
🔶 Pred  160 ms Sync   56 ms | Sent   864 kB Recv  1191 kB |  and
🔶 Pred  145 ms Sync   47 ms | Sent   864 kB Recv  1191 kB |  parent
🔶 Pred  128 ms Sync   20 ms | Sent   864 kB Recv  1191 kB |  attributes
🔶 Pred  127 ms Sync   19 ms | Sent   864 kB Recv  1191 kB | .


🔶 Pred  127 ms Sync   22 ms | Sent   864 kB Recv  1191 kB | But
🔶 Pred  126 ms Sync   31 ms | Sent   864 kB Recv  1191 kB |  in
🔶 Pred  126 ms Sync   21 ms | Sent   864 kB Recv  1191 kB |  Python
🔶 Pred  139 ms Sync   36 ms | Sent   864 kB Recv  1191 kB | ,
🔶 Pred  131 ms Sync   22 ms | Sent   864 kB Recv  1191 kB |  using
🔶 Pred  131 ms Sync   28 ms | Sent   864 kB Recv  1191 kB |  a
🔶 Pred  125 ms Sync   24 ms | Sent   864 kB Recv  1191 kB |  class
🔶 Pred  209 ms Sync   16 ms | Sent   864 kB Recv  1191 kB |  for
🔶 Pred  127 ms Sync   21 ms | Sent   864 kB Recv  1191 kB |  each
🔶 Pred  126 ms Sync   23 ms | Sent   864 kB Recv  1191 kB |  node
🔶 Pred  125 ms Sync   55 ms | Sent   864 kB Recv  1191 kB |  might
🔶 Pred  127 ms Sync   21 ms | Sent   864 kB Recv  1191 kB |  be
🔶 Pred  127 ms Sync   20 ms | Sent   864 kB Recv  1191 kB |  a
🔶 Pred  142 ms Sync   38 ms | Sent   864 kB Recv  1191 kB |  bit
🔶 Pred  148 ms Sync   70 ms | Sent   864 kB Recv  1191 kB |  heavy
🔶 Pred  153 ms Sync   41 ms | Sent   864 kB Recv  1191 kB | ,
🔶 Pred  143 ms Sync   19 ms | Sent   864 kB Recv  1191 kB |  but
🔶 Pred  134 ms Sync   19 ms | Sent   864 kB Recv  1191 kB |  it
🔶 Pred  128 ms Sync   20 ms | Sent   864 kB Recv  1191 kB | 's
🔶 Pred  126 ms Sync   24 ms | Sent   864 kB Recv  1191 kB |  manageable
🔶 Pred  125 ms Sync   23 ms | Sent   864 kB Recv  1191 kB | .
🔶 Pred  127 ms Sync   27 ms | Sent   864 kB Recv  1191 kB |  Alternatively
🔶 Pred  125 ms Sync   24 ms | Sent   864 kB Recv  1191 kB | ,
🔶 Pred  126 ms Sync   27 ms | Sent   864 kB Recv  1191 kB |  I
🔶 Pred  127 ms Sync   19 ms | Sent   864 kB Recv  1191 kB |  can
🔶 Pred  127 ms Sync   24 ms | Sent   864 kB Recv  1191 kB |  represent
🔶 Pred  127 ms Sync   18 ms | Sent   864 kB Recv  1191 kB |  the
🔶 Pred  128 ms Sync   26 ms | Sent   864 kB Recv  1191 kB |  tree
🔶 Pred  126 ms Sync   25 ms | Sent   864 kB Recv  1191 kB |  as
🔶 Pred  127 ms Sync   24 ms | Sent   864 kB Recv  1191 kB |  a
🔶 Pred  126 ms Sync   30 ms | Sent   864 kB Recv  1191 kB |  dictionary
🔶 Pred  126 ms Sync   23 ms | Sent   864 kB Recv  1191 kB | ,
🔶 Pred  177 ms Sync  102 ms | Sent   864 kB Recv  1191 kB |  where
🔶 Pred  128 ms Sync   24 ms | Sent   864 kB Recv  1191 kB |  each
🔶 Pred  149 ms Sync   49 ms | Sent   864 kB Recv  1191 kB |  key
🔶 Pred  126 ms Sync   24 ms | Sent   864 kB Recv  1191 kB |  is
🔶 Pred  125 ms Sync   42 ms | Sent   864 kB Recv  1191 kB |  a
🔶 Pred  204 ms Sync   20 ms | Sent   864 kB Recv  1191 kB |  node
🔶 Pred  127 ms Sync   23 ms | Sent   864 kB Recv  1191 kB |  identifier
🔶 Pred  127 ms Sync   25 ms | Sent   864 kB Recv  1191 kB | ,
🔶 Pred  126 ms Sync   22 ms | Sent   864 kB Recv  1191 kB |  and
🔶 Pred  126 ms Sync   23 ms | Sent   864 kB Recv  1191 kB |  each
🔶 Pred  126 ms Sync   29 ms | Sent   864 kB Recv  1191 kB |  value
🔶 Pred  126 ms Sync   22 ms | Sent   864 kB Recv  1191 kB |  is
🔶 Pred  127 ms Sync   21 ms | Sent   864 kB Recv  1191 kB |  another
🔶 Pred  128 ms Sync   21 ms | Sent   864 kB Recv  1191 kB |  dictionary
🔶 Pred  126 ms Sync   28 ms | Sent   864 kB Recv  1191 kB |  with
🔶 Pred  126 ms Sync   28 ms | Sent   864 kB Recv  1191 kB |  '
🔶 Pred  127 ms Sync   51 ms | Sent   864 kB Recv  1191 kB | key
🔶 Pred  128 ms Sync   18 ms | Sent   864 kB Recv  1191 kB | ',
🔶 Pred  186 ms Sync   67 ms | Sent   864 kB Recv  1191 kB |  '
🔶 Pred  127 ms Sync   19 ms | Sent   864 kB Recv  1191 kB | left
🔶 Pred  145 ms Sync   56 ms | Sent   864 kB Recv  1191 kB | ',
🔶 Pred  128 ms Sync   24 ms | Sent   864 kB Recv  1191 kB |  '
🔶 Pred  129 ms Sync   24 ms | Sent   864 kB Recv  1191 kB | right
🔶 Pred  127 ms Sync   36 ms | Sent   864 kB Recv  1191 kB | ',
🔶 Pred  127 ms Sync   34 ms | Sent   864 kB Recv  1191 kB |  and
🔶 Pred  126 ms Sync   21 ms | Sent   864 kB Recv  1191 kB |  '
🔶 Pred  127 ms Sync   22 ms | Sent   864 kB Recv  1191 kB | parent
🔶 Pred  127 ms Sync   25 ms | Sent   864 kB Recv  1191 kB | '.


🔶 Pred  137 ms Sync   22 ms | Sent   864 kB Recv  1191 kB | Wait
🔶 Pred  127 ms Sync   52 ms | Sent   864 kB Recv  1191 kB | ,
🔶 Pred  128 ms Sync   19 ms | Sent   864 kB Recv  1191 kB |  perhaps
🔶 Pred  127 ms Sync   22 ms | Sent   864 kB Recv  1191 kB |  using
🔶 Pred  127 ms Sync   21 ms | Sent   864 kB Recv  1191 kB |  a
🔶 Pred  127 ms Sync   23 ms | Sent   864 kB Recv  1191 kB |  dictionary
🔶 Pred  127 ms Sync   24 ms | Sent   864 kB Recv  1191 kB |  for
🔶 Pred  140 ms Sync   17 ms | Sent   864 kB Recv  1191 kB |  the
🔶 Pred  235 ms Sync   76 ms | Sent   864 kB Recv  1191 kB |  tree
🔶 Pred  128 ms Sync   17 ms | Sent   864 kB Recv  1191 kB |  is
🔶 Pred  150 ms Sync   46 ms | Sent   864 kB Recv  1191 kB |  more
🔶 Pred  128 ms Sync   20 ms | Sent   864 kB Recv  1191 kB |  efficient
🔶 Pred  127 ms Sync   26 ms | Sent   864 kB Recv  1191 kB | ,
🔶 Pred  128 ms Sync   22 ms | Sent   864 kB Recv  1191 kB |  as
🔶 Pred  127 ms Sync   25 ms | Sent   864 kB Recv  1191 kB |  it
🔶 Pred  126 ms Sync   27 ms | Sent   864 kB Recv  1191 kB |  allows
🔶 Pred  126 ms Sync   30 ms | Sent   864 kB Recv  1191 kB |  for
🔶 Pred  126 ms Sync   26 ms | Sent   864 kB Recv  1191 kB |  quick
🔶 Pred  126 ms Sync   26 ms | Sent   864 kB Recv  1191 kB |  look
🔶 Pred  126 ms Sync   54 ms | Sent   864 kB Recv  1191 kB | ups
🔶 Pred  128 ms Sync   17 ms | Sent   864 kB Recv  1191 kB | .
🔶 Pred  126 ms Sync   21 ms | Sent   864 kB Recv  1191 kB |  So
🔶 Pred  127 ms Sync   23 ms | Sent   864 kB Recv  1191 kB | ,
🔶 Pred  126 ms Sync   26 ms | Sent   864 kB Recv  1191 kB |  the
🔶 Pred  126 ms Sync   28 ms | Sent   864 kB Recv  1191 kB |  tree
🔶 Pred  127 ms Sync   25 ms | Sent   864 kB Recv  1191 kB |  is
🔶 Pred  145 ms Sync   27 ms | Sent   864 kB Recv  1191 kB |  a
🔶 Pred  156 ms Sync   65 ms | Sent   864 kB Recv  1191 kB |  dictionary
🔶 Pred  152 ms Sync   44 ms | Sent   864 kB Recv  1191 kB | ,
🔶 Pred  131 ms Sync   22 ms | Sent   864 kB Recv  1191 kB |  where
🔶 Pred  126 ms Sync   25 ms | Sent   864 kB Recv  1191 kB |  each
🔶 Pred  126 ms Sync   21 ms | Sent   864 kB Recv  1191 kB |  key
🔶 Pred  127 ms Sync   52 ms | Sent   864 kB Recv  1191 kB |  is
🔶 Pred  128 ms Sync   19 ms | Sent   864 kB Recv  1191 kB |  a
🔶 Pred  127 ms Sync   28 ms | Sent   864 kB Recv  1191 kB |  node
🔶 Pred  127 ms Sync   25 ms | Sent   864 kB Recv  1191 kB |  identifier
🔶 Pred  127 ms Sync   22 ms | Sent   864 kB Recv  1191 kB | ,
🔶 Pred  126 ms Sync   20 ms | Sent   864 kB Recv  1191 kB |  and
🔶 Pred  214 ms Sync   18 ms | Sent   864 kB Recv  1191 kB |  each
🔶 Pred  127 ms Sync   19 ms | Sent   864 kB Recv  1191 kB |  value
🔶 Pred  127 ms Sync   25 ms | Sent   864 kB Recv  1191 kB |  is
🔶 Pred  129 ms Sync   23 ms | Sent   864 kB Recv  1191 kB |  another
🔶 Pred  128 ms Sync   26 ms | Sent   864 kB Recv  1191 kB |  dictionary
🔶 Pred  129 ms Sync   24 ms | Sent   864 kB Recv  1191 kB |  with
🔶 Pred  141 ms Sync   40 ms | Sent   864 kB Recv  1191 kB |  '
🔶 Pred  169 ms Sync   60 ms | Sent   864 kB Recv  1191 kB | key
🔶 Pred  135 ms Sync   48 ms | Sent   864 kB Recv  1191 kB | ',
🔶 Pred  194 ms Sync   30 ms | Sent   864 kB Recv  1191 kB |  '
🔶 Pred  129 ms Sync   21 ms | Sent   864 kB Recv  1191 kB | left
🔶 Pred  127 ms Sync   20 ms | Sent   864 kB Recv  1191 kB | ',
🔶 Pred  127 ms Sync   23 ms | Sent   864 kB Recv  1191 kB |  '
🔶 Pred  127 ms Sync   24 ms | Sent   864 kB Recv  1191 kB | right
🔶 Pred  128 ms Sync   25 ms | Sent   864 kB Recv  1191 kB | ',
🔶 Pred  127 ms Sync   44 ms | Sent   864 kB Recv  1191 kB |  and
🔶 Pred  127 ms Sync   25 ms | Sent   864 kB Recv  1191 kB |  '
🔶 Pred  127 ms Sync   26 ms | Sent   864 kB Recv  1191 kB | parent
🔶 Pred  128 ms Sync   21 ms | Sent   864 kB Recv  1191 kB | '.


🔶 Pred  127 ms Sync   24 ms | Sent   864 kB Recv  1191 kB | The
🔶 Pred  128 ms Sync   23 ms | Sent   864 kB Recv  1191 kB |  root
🔶 Pred  128 ms Sync   26 ms | Sent   864 kB Recv  1191 kB |  is
🔶 Pred  128 ms Sync   25 ms | Sent   864 kB Recv  1191 kB |  a
🔶 Pred  141 ms Sync   48 ms | Sent   864 kB Recv  1191 kB |  special
🔶 Pred  148 ms Sync   31 ms | Sent   864 kB Recv  1191 kB |  node
🔶 Pred  163 ms Sync   54 ms | Sent   864 kB Recv  1191 kB | ,
🔶 Pred  147 ms Sync   49 ms | Sent   864 kB Recv  1191 kB |  perhaps
🔶 Pred  130 ms Sync   20 ms | Sent   864 kB Recv  1191 kB |  with
🔶 Pred  128 ms Sync   25 ms | Sent   864 kB Recv  1191 kB |  an
🔶 Pred  175 ms Sync   19 ms | Sent   864 kB Recv  1191 kB |  identifier
🔶 Pred  161 ms Sync   19 ms | Sent   864 kB Recv  1191 kB |  of
🔶 Pred  128 ms Sync   25 ms | Sent   864 kB Recv  1191 kB |  
🔶 Pred  130 ms Sync   26 ms | Sent   864 kB Recv  1191 kB | 0
🔶 Pred  127 ms Sync   29 ms | Sent   864 kB Recv  1191 kB | ,
🔶 Pred  128 ms Sync   26 ms | Sent   864 kB Recv  1191 kB |  and
🔶 Pred  128 ms Sync   26 ms | Sent   864 kB Recv  1191 kB |  its
🔶 Pred  128 ms Sync   27 ms | Sent   864 kB Recv  1191 kB |  key
🔶 Pred  128 ms Sync   27 ms | Sent   864 kB Recv  1191 kB |  is
🔶 Pred  128 ms Sync   23 ms | Sent   864 kB Recv  1191 kB |  None
🔶 Pred  129 ms Sync   54 ms | Sent   864 kB Recv  1191 kB | ,
🔶 Pred  129 ms Sync   24 ms | Sent   864 kB Recv  1191 kB |  with
🔶 Pred  128 ms Sync   30 ms | Sent   864 kB Recv  1191 kB |  left
🔶 Pred  153 ms Sync   39 ms | Sent   864 kB Recv  1191 kB |  and
🔶 Pred  159 ms Sync   69 ms | Sent   864 kB Recv  1191 kB |  right
🔶 Pred  151 ms Sync   62 ms | Sent   864 kB Recv  1191 kB |  children
🔶 Pred  128 ms Sync   22 ms | Sent   864 kB Recv  1191 kB |  as
🔶 Pred  130 ms Sync   22 ms | Sent   864 kB Recv  1191 kB |  None
🔶 Pred  128 ms Sync   23 ms | Sent   864 kB Recv  1191 kB |  initially
🔶 Pred  129 ms Sync   19 ms | Sent   864 kB Recv  1191 kB | .


🔶 Pred  127 ms Sync   26 ms | Sent   864 kB Recv  1191 kB | Wait
🔶 Pred  129 ms Sync   22 ms | Sent   864 kB Recv  1191 kB | ,
🔶 Pred  129 ms Sync   32 ms | Sent   864 kB Recv  1191 kB |  but
🔶 Pred  137 ms Sync   25 ms | Sent   864 kB Recv  1191 kB |  that
🔶 Pred  132 ms Sync   27 ms | Sent   864 kB Recv  1191 kB |  might
🔶 Pred  130 ms Sync   22 ms | Sent   864 kB Recv  1191 kB |  comp
🔶 Pred  128 ms Sync   29 ms | Sent   864 kB Recv  1191 kB | licate
🔶 Pred  128 ms Sync   28 ms | Sent   864 kB Recv  1191 kB |  things
🔶 Pred  128 ms Sync   23 ms | Sent   864 kB Recv  1191 kB | .
🔶 Pred  129 ms Sync   23 ms | Sent   864 kB Recv  1191 kB |  Alternatively
🔶 Pred  130 ms Sync   27 ms | Sent   864 kB Recv  1191 kB | ,
🔶 Pred  157 ms Sync   46 ms | Sent   864 kB Recv  1191 kB |  the
🔶 Pred  182 ms Sync   79 ms | Sent   864 kB Recv  1191 kB |  root
🔶 Pred  149 ms Sync   58 ms | Sent   864 kB Recv  1191 kB |  can
🔶 Pred  129 ms Sync   20 ms | Sent   864 kB Recv  1191 kB |  have
🔶 Pred  128 ms Sync   27 ms | Sent   864 kB Recv  1191 kB |  a
🔶 Pred  128 ms Sync   24 ms | Sent   864 kB Recv  1191 kB |  key
🔶 Pred  128 ms Sync   34 ms | Sent   864 kB Recv  1191 kB | ,
🔶 Pred  128 ms Sync   29 ms | Sent   864 kB Recv  1191 kB |  and
🔶 Pred  128 ms Sync   27 ms | Sent   864 kB Recv  1191 kB |  its
🔶 Pred  128 ms Sync   24 ms | Sent   864 kB Recv  1191 kB |  left
🔶 Pred  128 ms Sync   27 ms | Sent   864 kB Recv  1191 kB |  and
🔶 Pred  128 ms Sync   23 ms | Sent   864 kB Recv  1191 kB |  right
🔶 Pred  133 ms Sync   28 ms | Sent   864 kB Recv  1191 kB |  children
🔶 Pred  128 ms Sync   51 ms | Sent   864 kB Recv  1191 kB |  are
🔶 Pred  130 ms Sync   18 ms | Sent   864 kB Recv  1191 kB |  the
🔶 Pred  129 ms Sync   22 ms | Sent   864 kB Recv  1191 kB |  nodes
🔶 Pred  128 ms Sync   30 ms | Sent   864 kB Recv  1191 kB |  that
🔶 Pred  129 ms Sync   23 ms | Sent   864 kB Recv  1191 kB |  hold
🔶 Pred  160 ms Sync   65 ms | Sent   864 kB Recv  1191 kB |  the
🔶 Pred  143 ms Sync   59 ms | Sent   864 kB Recv  1191 kB |  keys
🔶 Pred  134 ms Sync   65 ms | Sent   864 kB Recv  1191 kB |  in
🔶 Pred  130 ms Sync   23 ms | Sent   864 kB Recv  1191 kB |  sorted
🔶 Pred  129 ms Sync   23 ms | Sent   864 kB Recv  1191 kB |  order
🔶 Pred  140 ms Sync   32 ms | Sent   864 kB Recv  1191 kB | .


🔶 Pred  128 ms Sync   31 ms | Sent   864 kB Recv  1191 kB | Wait
🔶 Pred  129 ms Sync   26 ms | Sent   864 kB Recv  1191 kB | ,
🔶 Pred  129 ms Sync   20 ms | Sent   864 kB Recv  1191 kB |  perhaps
🔶 Pred  131 ms Sync   47 ms | Sent   864 kB Recv  1191 kB |  I
🔶 Pred  130 ms Sync   17 ms | Sent   864 kB Recv  1191 kB |  should
🔶 Pred  216 ms Sync   14 ms | Sent   864 kB Recv  1191 kB |  structure
🔶 Pred  130 ms Sync   20 ms | Sent   864 kB Recv  1191 kB |  the
🔶 Pred  129 ms Sync   21 ms | Sent   864 kB Recv  1191 kB |  tree
🔶 Pred  129 ms Sync   21 ms | Sent   864 kB Recv  1191 kB |  such
🔶 Pred  129 ms Sync   52 ms | Sent   864 kB Recv  1191 kB |  that
🔶 Pred  128 ms Sync   25 ms | Sent   864 kB Recv  1191 kB |  each
🔶 Pred  128 ms Sync   24 ms | Sent   864 kB Recv  1191 kB |  node
🔶 Pred  187 ms Sync   95 ms | Sent   864 kB Recv  1191 kB | 's
🔶 Pred  130 ms Sync   17 ms | Sent   864 kB Recv  1191 kB |  key
🔶 Pred  153 ms Sync   55 ms | Sent   864 kB Recv  1191 kB |  is
🔶 Pred  130 ms Sync   25 ms | Sent   864 kB Recv  1191 kB |  part
🔶 Pred  132 ms Sync   20 ms | Sent   864 kB Recv  1191 kB |  of
🔶 Pred  177 ms Sync   33 ms | Sent   864 kB Recv  1191 kB |  its
🔶 Pred  129 ms Sync   21 ms | Sent   864 kB Recv  1191 kB |  data
🔶 Pred  128 ms Sync   23 ms | Sent   864 kB Recv  1191 kB | ,
🔶 Pred  128 ms Sync   29 ms | Sent   864 kB Recv  1191 kB |  and
🔶 Pred  128 ms Sync   21 ms | Sent   864 kB Recv  1191 kB |  the
🔶 Pred  128 ms Sync   31 ms | Sent   864 kB Recv  1191 kB |  left
🔶 Pred  130 ms Sync   22 ms | Sent   864 kB Recv  1191 kB |  and
🔶 Pred  129 ms Sync   26 ms | Sent   864 kB Recv  1191 kB |  right
🔶 Pred  129 ms Sync   27 ms | Sent   864 kB Recv  1191 kB |  children
🔶 Pred  128 ms Sync   29 ms | Sent   864 kB Recv  1191 kB |  are
🔶 Pred  129 ms Sync   27 ms | Sent   864 kB Recv  1191 kB |  the
🔶 Pred  128 ms Sync   21 ms | Sent   864 kB Recv  1191 kB |  nodes
🔶 Pred  130 ms Sync   47 ms | Sent   864 kB Recv  1191 kB |  that
🔶 Pred  171 ms Sync   72 ms | Sent   864 kB Recv  1191 kB |  come
🔶 Pred  178 ms Sync   23 ms | Sent   864 kB Recv  1191 kB |  after
🔶 Pred  150 ms Sync   57 ms | Sent   864 kB Recv  1191 kB |  in
🔶 Pred  129 ms Sync   24 ms | Sent   864 kB Recv  1191 kB |  the
🔶 Pred  213 ms Sync   16 ms | Sent   864 kB Recv  1191 kB |  sorted
🔶 Pred  129 ms Sync   26 ms | Sent   864 kB Recv  1191 kB |  order
🔶 Pred  130 ms Sync   25 ms | Sent   864 kB Recv  1191 kB | .


🔶 Pred  129 ms Sync   22 ms | Sent   864 kB Recv  1191 kB | So
🔶 Pred  129 ms Sync   25 ms | Sent   864 kB Recv  1191 kB | ,
🔶 Pred  128 ms Sync   29 ms | Sent   864 kB Recv  1191 kB |  the
🔶 Pred  128 ms Sync   31 ms | Sent   864 kB Recv  1191 kB |  root
🔶 Pred  128 ms Sync   20 ms | Sent   864 kB Recv  1191 kB |  node
🔶 Pred  130 ms Sync   22 ms | Sent   864 kB Recv  1191 kB |  has
🔶 Pred  128 ms Sync   23 ms | Sent   864 kB Recv  1191 kB |  a
🔶 Pred  129 ms Sync   26 ms | Sent   864 kB Recv  1191 kB |  key
🔶 Pred  130 ms Sync   22 ms | Sent   864 kB Recv  1191 kB | ,
🔶 Pred  130 ms Sync   48 ms | Sent   864 kB Recv  1191 kB |  and
🔶 Pred  191 ms Sync   59 ms | Sent   864 kB Recv  1191 kB |  its
🔶 Pred  167 ms Sync   26 ms | Sent   864 kB Recv  1191 kB |  left
🔶 Pred  145 ms Sync   47 ms | Sent   864 kB Recv  1191 kB |  child
🔶 Pred  129 ms Sync   18 ms | Sent   864 kB Recv  1191 kB |  holds
🔶 Pred  129 ms Sync   22 ms | Sent   864 kB Recv  1191 kB |  the
🔶 Pred  129 ms Sync   52 ms | Sent   864 kB Recv  1191 kB |  next
🔶 Pred  130 ms Sync   17 ms | Sent   864 kB Recv  1191 kB |  key
🔶 Pred  129 ms Sync   21 ms | Sent   864 kB Recv  1191 kB |  in
🔶 Pred  128 ms Sync   24 ms | Sent   864 kB Recv  1191 kB |  the
🔶 Pred  144 ms Sync   23 ms | Sent   864 kB Recv  1191 kB |  sorted
🔶 Pred  129 ms Sync   25 ms | Sent   864 kB Recv  1191 kB |  order
🔶 Pred  129 ms Sync   22 ms | Sent   864 kB Recv  1191 kB | ,
🔶 Pred  129 ms Sync   24 ms | Sent   864 kB Recv  1191 kB |  and
🔶 Pred  129 ms Sync   24 ms | Sent   864 kB Recv  1191 kB |  the
🔶 Pred  128 ms Sync   33 ms | Sent   864 kB Recv  1191 kB |  right
🔶 Pred  133 ms Sync   25 ms | Sent   864 kB Recv  1191 kB |  child
🔶 Pred  132 ms Sync   22 ms | Sent   864 kB Recv  1191 kB |  holds
🔶 Pred  256 ms Sync   66 ms | Sent   864 kB Recv  1191 kB |  the
🔶 Pred  143 ms Sync   34 ms | Sent   864 kB Recv  1191 kB |  next
🔶 Pred  153 ms Sync   51 ms | Sent   864 kB Recv  1191 kB |  key
🔶 Pred  130 ms Sync   24 ms | Sent   864 kB Recv  1191 kB |  after
🔶 Pred  130 ms Sync   25 ms | Sent   864 kB Recv  1191 kB |  that
🔶 Pred  129 ms Sync   25 ms | Sent   864 kB Recv  1191 kB | ,
🔶 Pred  130 ms Sync   22 ms | Sent   864 kB Recv  1191 kB |  and
🔶 Pred  129 ms Sync   23 ms | Sent   864 kB Recv  1191 kB |  so
🔶 Pred  129 ms Sync   30 ms | Sent   864 kB Recv  1191 kB |  on
🔶 Pred  129 ms Sync   27 ms | Sent   864 kB Recv  1191 kB | .


🔶 Pred  128 ms Sync   24 ms | Sent   864 kB Recv  1191 kB | Wait
🔶 Pred  130 ms Sync   22 ms | Sent   864 kB Recv  1191 kB | ,
🔶 Pred  129 ms Sync   26 ms | Sent   864 kB Recv  1191 kB |  but
🔶 Pred  129 ms Sync   24 ms | Sent   864 kB Recv  1191 kB |  in
🔶 Pred  130 ms Sync   24 ms | Sent   864 kB Recv  1191 kB |  a
🔶 Pred  130 ms Sync   51 ms | Sent   864 kB Recv  1191 kB |  B
🔶 Pred  130 ms Sync   19 ms | Sent   864 kB Recv  1191 kB | -tree
🔶 Pred  129 ms Sync   27 ms | Sent   864 kB Recv  1191 kB | ,
🔶 Pred  142 ms Sync   31 ms | Sent   864 kB Recv  1191 kB |  the
🔶 Pred  173 ms Sync   54 ms | Sent   864 kB Recv  1191 kB |  root
🔶 Pred  151 ms Sync   52 ms | Sent   864 kB Recv  1191 kB |  can
🔶 Pred  129 ms Sync   40 ms | Sent   864 kB Recv  1191 kB |  have
🔶 Pred  129 ms Sync   23 ms | Sent   864 kB Recv  1191 kB |  up
🔶 Pred  129 ms Sync   30 ms | Sent   864 kB Recv  1191 kB |  to
🔶 Pred  130 ms Sync   23 ms | Sent   864 kB Recv  1191 kB |  k
🔶 Pred  129 ms Sync   32 ms | Sent   864 kB Recv  1191 kB |  keys
🔶 Pred  129 ms Sync   26 ms | Sent   864 kB Recv  1191 kB | ,
🔶 Pred  129 ms Sync   27 ms | Sent   864 kB Recv  1191 kB |  so
🔶 Pred  129 ms Sync   24 ms | Sent   864 kB Recv  1191 kB |  the
🔶 Pred  154 ms Sync   29 ms | Sent   864 kB Recv  1191 kB |  root
🔶 Pred  176 ms Sync   15 ms | Sent   864 kB Recv  1191 kB |  itself
🔶 Pred  130 ms Sync   21 ms | Sent   864 kB Recv  1191 kB |  can
🔶 Pred  130 ms Sync   26 ms | Sent   864 kB Recv  1191 kB |  have
🔶 Pred  130 ms Sync   22 ms | Sent   864 kB Recv  1191 kB |  multiple
🔶 Pred  129 ms Sync   31 ms | Sent   864 kB Recv  1191 kB |  keys
🔶 Pred  130 ms Sync   43 ms | Sent   864 kB Recv  1191 kB | ,
🔶 Pred  153 ms Sync   51 ms | Sent   864 kB Recv  1191 kB |  and
🔶 Pred  155 ms Sync   55 ms | Sent   864 kB Recv  1191 kB |  each
🔶 Pred  145 ms Sync   48 ms | Sent   864 kB Recv  1191 kB |  of
🔶 Pred  130 ms Sync   20 ms | Sent   864 kB Recv  1191 kB |  those
🔶 Pred  130 ms Sync   22 ms | Sent   864 kB Recv  1191 kB |  keys
🔶 Pred  136 ms Sync   22 ms | Sent   864 kB Recv  1191 kB |  can
🔶 Pred  134 ms Sync   25 ms | Sent   864 kB Recv  1191 kB |  have
🔶 Pred  129 ms Sync   32 ms | Sent   864 kB Recv  1191 kB |  their
🔶 Pred  130 ms Sync   22 ms | Sent   864 kB Recv  1191 kB |  own
🔶 Pred  132 ms Sync   27 ms | Sent   864 kB Recv  1191 kB |  left
🔶 Pred  132 ms Sync   31 ms | Sent   864 kB Recv  1191 kB |  and
🔶 Pred  132 ms Sync   26 ms | Sent   864 kB Recv  1191 kB |  right
🔶 Pred  131 ms Sync   22 ms | Sent   864 kB Recv  1191 kB |  children
🔶 Pred  130 ms Sync   25 ms | Sent   864 kB Recv  1191 kB | .


🔶 Pred  145 ms Sync   47 ms | Sent   864 kB Recv  1191 kB | Wait
🔶 Pred  129 ms Sync   21 ms | Sent   864 kB Recv  1191 kB | ,
🔶 Pred  132 ms Sync   26 ms | Sent   864 kB Recv  1191 kB |  perhaps
🔶 Pred  129 ms Sync   27 ms | Sent   864 kB Recv  1191 kB |  I
🔶 Pred  176 ms Sync   88 ms | Sent   864 kB Recv  1191 kB | 'm
🔶 Pred  131 ms Sync   22 ms | Sent   864 kB Recv  1191 kB |  getting
🔶 Pred  154 ms Sync   50 ms | Sent   864 kB Recv  1191 kB |  stuck
🔶 Pred  130 ms Sync   25 ms | Sent   864 kB Recv  1191 kB |  on
🔶 Pred  153 ms Sync   26 ms | Sent   864 kB Recv  1191 kB |  the
🔶 Pred  183 ms Sync   23 ms | Sent   864 kB Recv  1191 kB |  structure
🔶 Pred  130 ms Sync   24 ms | Sent   864 kB Recv  1191 kB | .
🔶 Pred  130 ms Sync   22 ms | Sent   864 kB Recv  1191 kB |  Let
🔶 Pred  130 ms Sync   20 ms | Sent   864 kB Recv  1191 kB |  me
🔶 Pred  130 ms Sync   21 ms | Sent   864 kB Recv  1191 kB |  try
🔶 Pred  130 ms Sync   28 ms | Sent   864 kB Recv  1191 kB |  to
🔶 Pred  129 ms Sync   27 ms | Sent   864 kB Recv  1191 kB |  outline
🔶 Pred  128 ms Sync   53 ms | Sent   864 kB Recv  1191 kB |  the
🔶 Pred  130 ms Sync   19 ms | Sent   864 kB Recv  1191 kB |  steps
🔶 Pred  130 ms Sync   21 ms | Sent   864 kB Recv  1191 kB |  again
🔶 Pred  129 ms Sync   26 ms | Sent   864 kB Recv  1191 kB | .


🔶 Pred  129 ms Sync   23 ms | Sent   864 kB Recv  1191 kB | For
🔶 Pred  130 ms Sync   31 ms | Sent   864 kB Recv  1191 kB |  insertion
🔶 Pred  179 ms Sync   98 ms | Sent   864 kB Recv  1191 kB | :


🔶 Pred  142 ms Sync   46 ms | Sent   864 kB Recv  1191 kB | -
🔶 Pred  143 ms Sync   25 ms | Sent   864 kB Recv  1191 kB |  Start
🔶 Pred  131 ms Sync   21 ms | Sent   864 kB Recv  1191 kB |  at
🔶 Pred  131 ms Sync   26 ms | Sent   864 kB Recv  1191 kB |  the
🔶 Pred  132 ms Sync   27 ms | Sent   864 kB Recv  1191 kB |  root
🔶 Pred  131 ms Sync   20 ms | Sent   864 kB Recv  1191 kB | .

🔶 Pred  131 ms Sync   25 ms | Sent   864 kB Recv  1191 kB | -
🔶 Pred  131 ms Sync   29 ms | Sent   864 kB Recv  1191 kB |  If
🔶 Pred  132 ms Sync   48 ms | Sent   864 kB Recv  1191 kB |  the
🔶 Pred  132 ms Sync   18 ms | Sent   864 kB Recv  1191 kB |  root
🔶 Pred  133 ms Sync   20 ms | Sent   864 kB Recv  1191 kB |  has
🔶 Pred  133 ms Sync   19 ms | Sent   864 kB Recv  1191 kB |  no
🔶 Pred  131 ms Sync   23 ms | Sent   864 kB Recv  1191 kB |  left
🔶 Pred  131 ms Sync   24 ms | Sent   864 kB Recv  1191 kB |  or
🔶 Pred  133 ms Sync   22 ms | Sent   864 kB Recv  1191 kB |  right
🔶 Pred  157 ms Sync   45 ms | Sent   864 kB Recv  1191 kB |  child
🔶 Pred  227 ms Sync   49 ms | Sent   864 kB Recv  1191 kB | ,
🔶 Pred  131 ms Sync   26 ms | Sent   864 kB Recv  1191 kB |  create
🔶 Pred  146 ms Sync   44 ms | Sent   864 kB Recv  1191 kB |  a
🔶 Pred  134 ms Sync   17 ms | Sent   864 kB Recv  1191 kB |  new
🔶 Pred  134 ms Sync   27 ms | Sent   864 kB Recv  1191 kB |  node
🔶 Pred  135 ms Sync   44 ms | Sent   864 kB Recv  1191 kB |  with
🔶 Pred  133 ms Sync   20 ms | Sent   864 kB Recv  1191 kB |  the
🔶 Pred  132 ms Sync   22 ms | Sent   864 kB Recv  1191 kB |  key
🔶 Pred  133 ms Sync   20 ms | Sent   864 kB Recv  1191 kB | ,
🔶 Pred  131 ms Sync   22 ms | Sent   864 kB Recv  1191 kB |  set
🔶 Pred  130 ms Sync   20 ms | Sent   864 kB Recv  1191 kB |  its
🔶 Pred  131 ms Sync   30 ms | Sent   864 kB Recv  1191 kB |  parent
🔶 Pred  131 ms Sync   28 ms | Sent   864 kB Recv  1191 kB |  to
🔶 Pred  130 ms Sync   24 ms | Sent   864 kB Recv  1191 kB |  the
🔶 Pred  132 ms Sync   36 ms | Sent   864 kB Recv  1191 kB |  root
🔶 Pred  131 ms Sync   40 ms | Sent   864 kB Recv  1191 kB | ,
🔶 Pred  132 ms Sync   20 ms | Sent   864 kB Recv  1191 kB |  and
🔶 Pred  133 ms Sync   23 ms | Sent   864 kB Recv  1191 kB |  add
🔶 Pred  179 ms Sync   78 ms | Sent   864 kB Recv  1191 kB |  it
🔶 Pred  157 ms Sync   29 ms | Sent   864 kB Recv  1191 kB |  to
🔶 Pred  160 ms Sync   50 ms | Sent   864 kB Recv  1191 kB |  the
🔶 Pred  133 ms Sync   20 ms | Sent   864 kB Recv  1191 kB |  appropriate
🔶 Pred  132 ms Sync   24 ms | Sent   864 kB Recv  1191 kB |  child
🔶 Pred  131 ms Sync   22 ms | Sent   864 kB Recv  1191 kB |  (
🔶 Pred  131 ms Sync   29 ms | Sent   864 kB Recv  1191 kB | left
🔶 Pred  131 ms Sync   28 ms | Sent   864 kB Recv  1191 kB |  or
🔶 Pred  130 ms Sync   25 ms | Sent   864 kB Recv  1191 kB |  right
🔶 Pred  131 ms Sync   25 ms | Sent   864 kB Recv  1191 kB | )
🔶 Pred  130 ms Sync   25 ms | Sent   864 kB Recv  1191 kB |  of
🔶 Pred  206 ms Sync   18 ms | Sent   864 kB Recv  1191 kB |  the
🔶 Pred  131 ms Sync   25 ms | Sent   864 kB Recv  1191 kB |  root
🔶 Pred  130 ms Sync   29 ms | Sent   864 kB Recv  1191 kB | .

🔶 Pred  132 ms Sync   23 ms | Sent   864 kB Recv  1191 kB | -
🔶 Pred  131 ms Sync   25 ms | Sent   864 kB Recv  1191 kB |  If
🔶 Pred  131 ms Sync   25 ms | Sent   864 kB Recv  1191 kB |  the
🔶 Pred  142 ms Sync   25 ms | Sent   864 kB Recv  1191 kB |  root
🔶 Pred  175 ms Sync   67 ms | Sent   864 kB Recv  1191 kB |  has
🔶 Pred  132 ms Sync   46 ms | Sent   864 kB Recv  1191 kB |  a
🔶 Pred  179 ms Sync   27 ms | Sent   864 kB Recv  1191 kB |  left
🔶 Pred  131 ms Sync   23 ms | Sent   864 kB Recv  1191 kB |  or
🔶 Pred  131 ms Sync   28 ms | Sent   864 kB Recv  1191 kB |  right
🔶 Pred  131 ms Sync   20 ms | Sent   864 kB Recv  1191 kB |  child
🔶 Pred  131 ms Sync   23 ms | Sent   864 kB Recv  1191 kB | ,
🔶 Pred  131 ms Sync   21 ms | Sent   864 kB Recv  1191 kB |  compare
🔶 Pred  131 ms Sync   41 ms | Sent   864 kB Recv  1191 kB |  the
🔶 Pred  133 ms Sync   28 ms | Sent   864 kB Recv  1191 kB |  new
🔶 Pred  133 ms Sync   23 ms | Sent   864 kB Recv  1191 kB |  key
🔶 Pred  132 ms Sync   26 ms | Sent   864 kB Recv  1191 kB |  with
🔶 Pred  131 ms Sync   22 ms | Sent   864 kB Recv  1191 kB |  the
🔶 Pred  132 ms Sync   24 ms | Sent   864 kB Recv  1191 kB |  current
🔶 Pred  130 ms Sync   25 ms | Sent   864 kB Recv  1191 kB |  node
🔶 Pred  131 ms Sync   25 ms | Sent   864 kB Recv  1191 kB | 's
🔶 Pred  137 ms Sync   22 ms | Sent   864 kB Recv  1191 kB |  key
🔶 Pred  147 ms Sync   25 ms | Sent   864 kB Recv  1191 kB | .
🔶 Pred  177 ms Sync   87 ms | Sent   864 kB Recv  1191 kB |  If
🔶 Pred  154 ms Sync   55 ms | Sent   864 kB Recv  1191 kB |  the
🔶 Pred  137 ms Sync   21 ms | Sent   864 kB Recv  1191 kB |  new
🔶 Pred  132 ms Sync   20 ms | Sent   864 kB Recv  1191 kB |  key
🔶 Pred  239 ms Sync   31 ms | Sent   864 kB Recv  1191 kB |  is
🔶 Pred  132 ms Sync   21 ms | Sent   864 kB Recv  1191 kB |  less
🔶 Pred  133 ms Sync   26 ms | Sent   864 kB Recv  1191 kB |  than
🔶 Pred  131 ms Sync   23 ms | Sent   864 kB Recv  1191 kB |  the
🔶 Pred  132 ms Sync   24 ms | Sent   864 kB Recv  1191 kB |  current
🔶 Pred  132 ms Sync   23 ms | Sent   864 kB Recv  1191 kB |  node
🔶 Pred  132 ms Sync   21 ms | Sent   864 kB Recv  1191 kB | 's
🔶 Pred  131 ms Sync   28 ms | Sent   864 kB Recv  1191 kB |  key
🔶 Pred  131 ms Sync   25 ms | Sent   864 kB Recv  1191 kB | ,
🔶 Pred  132 ms Sync   25 ms | Sent   864 kB Recv  1191 kB |  go
🔶 Pred  132 ms Sync   29 ms | Sent   864 kB Recv  1191 kB |  to
🔶 Pred  132 ms Sync   48 ms | Sent   864 kB Recv  1191 kB |  the
🔶 Pred  151 ms Sync   20 ms | Sent   864 kB Recv  1191 kB |  left
🔶 Pred  162 ms Sync   79 ms | Sent   864 kB Recv  1191 kB |  child
🔶 Pred  155 ms Sync   53 ms | Sent   864 kB Recv  1191 kB | ;
🔶 Pred  133 ms Sync   19 ms | Sent   864 kB Recv  1191 kB |  if
🔶 Pred  131 ms Sync   22 ms | Sent   864 kB Recv  1191 kB |  it
🔶 Pred  148 ms Sync   30 ms | Sent   864 kB Recv  1191 kB | 's
🔶 Pred  131 ms Sync   33 ms | Sent   864 kB Recv  1191 kB |  greater
🔶 Pred  133 ms Sync   25 ms | Sent   864 kB Recv  1191 kB | ,
🔶 Pred  132 ms Sync   23 ms | Sent   864 kB Recv  1191 kB |  go
🔶 Pred  132 ms Sync   30 ms | Sent   864 kB Recv  1191 kB |  to
🔶 Pred  131 ms Sync   25 ms | Sent   864 kB Recv  1191 kB |  the
🔶 Pred  132 ms Sync   25 ms | Sent   864 kB Recv  1191 kB |  right
🔶 Pred  132 ms Sync   29 ms | Sent   864 kB Recv  1191 kB |  child
🔶 Pred  131 ms Sync   26 ms | Sent   864 kB Recv  1191 kB | .

🔶 Pred  131 ms Sync   26 ms | Sent   864 kB Recv  1191 kB | -
🔶 Pred  133 ms Sync   20 ms | Sent   864 kB Recv  1191 kB |  Repeat
🔶 Pred  132 ms Sync   24 ms | Sent   864 kB Recv  1191 kB |  this
🔶 Pred  168 ms Sync   21 ms | Sent   864 kB Recv  1191 kB |  process
🔶 Pred  288 ms Sync   58 ms | Sent   864 kB Recv  1191 kB |  until
🔶 Pred  151 ms Sync   44 ms | Sent   864 kB Recv  1191 kB |  you
🔶 Pred  131 ms Sync   28 ms | Sent   864 kB Recv  1191 kB |  find
🔶 Pred  140 ms Sync   24 ms | Sent   864 kB Recv  1191 kB |  a
🔶 Pred  133 ms Sync   23 ms | Sent   864 kB Recv  1191 kB |  node
🔶 Pred  133 ms Sync   25 ms | Sent   864 kB Recv  1191 kB |  where
🔶 Pred  132 ms Sync   43 ms | Sent   864 kB Recv  1191 kB |  you
🔶 Pred  131 ms Sync   31 ms | Sent   864 kB Recv  1191 kB |  can
🔶 Pred  133 ms Sync   24 ms | Sent   864 kB Recv  1191 kB |  insert
🔶 Pred  137 ms Sync   21 ms | Sent   864 kB Recv  1191 kB |  the
🔶 Pred  133 ms Sync   54 ms | Sent   864 kB Recv  1191 kB |  new
🔶 Pred  131 ms Sync   22 ms | Sent   864 kB Recv  1191 kB |  key
🔶 Pred  132 ms Sync   20 ms | Sent   864 kB Recv  1191 kB | .

🔶 Pred  132 ms Sync   22 ms | Sent   864 kB Recv  1191 kB | -
🔶 Pred  133 ms Sync   23 ms | Sent   864 kB Recv  1191 kB |  Once
🔶 Pred  134 ms Sync   25 ms | Sent   864 kB Recv  1191 kB |  inserted
🔶 Pred  133 ms Sync   21 ms | Sent   864 kB Recv  1191 kB | ,
🔶 Pred  184 ms Sync   46 ms | Sent   864 kB Recv  1191 kB |  check
🔶 Pred  176 ms Sync   48 ms | Sent   864 kB Recv  1191 kB |  if
🔶 Pred  155 ms Sync   60 ms | Sent   864 kB Recv  1191 kB |  this
🔶 Pred  132 ms Sync   22 ms | Sent   864 kB Recv  1191 kB |  node
🔶 Pred  134 ms Sync   22 ms | Sent   864 kB Recv  1191 kB |  has
🔶 Pred  134 ms Sync   21 ms | Sent   864 kB Recv  1191 kB |  exceeded
🔶 Pred  133 ms Sync   26 ms | Sent   864 kB Recv  1191 kB |  the
🔶 Pred  133 ms Sync   22 ms | Sent   864 kB Recv  1191 kB |  maximum
🔶 Pred  133 ms Sync   27 ms | Sent   864 kB Recv  1191 kB |  number
🔶 Pred  133 ms Sync   20 ms | Sent   864 kB Recv  1191 kB |  of
🔶 Pred  149 ms Sync   19 ms | Sent   864 kB Recv  1191 kB |  keys
🔶 Pred  196 ms Sync   23 ms | Sent   864 kB Recv  1191 kB | .
🔶 Pred  135 ms Sync   21 ms | Sent   864 kB Recv  1191 kB |  If
🔶 Pred  134 ms Sync   25 ms | Sent   864 kB Recv  1191 kB |  so
🔶 Pred  135 ms Sync   24 ms | Sent   864 kB Recv  1191 kB | ,
🔶 Pred  135 ms Sync   24 ms | Sent   864 kB Recv  1191 kB |  split
🔶 Pred  133 ms Sync   40 ms | Sent   864 kB Recv  1191 kB |  it
🔶 Pred  153 ms Sync   58 ms | Sent   864 kB Recv  1191 kB |  into
🔶 Pred  242 ms Sync   39 ms | Sent   864 kB Recv  1191 kB |  two
🔶 Pred  149 ms Sync   48 ms | Sent   864 kB Recv  1191 kB |  nodes
🔶 Pred  134 ms Sync   23 ms | Sent   864 kB Recv  1191 kB | ,
🔶 Pred  133 ms Sync   29 ms | Sent   864 kB Recv  1191 kB |  and
🔶 Pred  134 ms Sync   20 ms | Sent   864 kB Recv  1191 kB |  adjust
🔶 Pred  133 ms Sync   23 ms | Sent   864 kB Recv  1191 kB |  the
🔶 Pred  133 ms Sync   49 ms | Sent   864 kB Recv  1191 kB |  parent
🔶 Pred  132 ms Sync   20 ms | Sent   864 kB Recv  1191 kB |  accordingly
🔶 Pred  134 ms Sync   27 ms | Sent   864 kB Recv  1191 kB | .


🔶 Pred  135 ms Sync   50 ms | Sent   864 kB Recv  1191 kB | Wait
🔶 Pred  170 ms Sync   29 ms | Sent   864 kB Recv  1191 kB | ,
🔶 Pred  132 ms Sync   25 ms | Sent   864 kB Recv  1191 kB |  but
🔶 Pred  133 ms Sync   22 ms | Sent   864 kB Recv  1191 kB |  in
🔶 Pred  133 ms Sync   23 ms | Sent   864 kB Recv  1191 kB |  a
🔶 Pred  133 ms Sync   31 ms | Sent   864 kB Recv  1191 kB |  B
🔶 Pred  133 ms Sync   26 ms | Sent   864 kB Recv  1191 kB | -tree
🔶 Pred  169 ms Sync   70 ms | Sent   864 kB Recv  1191 kB | ,
🔶 Pred  150 ms Sync   40 ms | Sent   864 kB Recv  1191 kB |  each
🔶 Pred  140 ms Sync   58 ms | Sent   864 kB Recv  1191 kB |  node
🔶 Pred  135 ms Sync   29 ms | Sent   864 kB Recv  1191 kB |  can
🔶 Pred  156 ms Sync   29 ms | Sent   864 kB Recv  1191 kB |  have
🔶 Pred  175 ms Sync   23 ms | Sent   864 kB Recv  1191 kB |  up
🔶 Pred  133 ms Sync   23 ms | Sent   864 kB Recv  1191 kB |  to
🔶 Pred  134 ms Sync   22 ms | Sent   864 kB Recv  1191 kB |  k
🔶 Pred  133 ms Sync   19 ms | Sent   864 kB Recv  1191 kB |  keys
🔶 Pred  132 ms Sync   52 ms | Sent   864 kB Recv  1191 kB | ,
🔶 Pred  134 ms Sync   19 ms | Sent   864 kB Recv  1191 kB |  so
🔶 Pred  134 ms Sync   27 ms | Sent   864 kB Recv  1191 kB |  when
🔶 Pred  133 ms Sync   23 ms | Sent   864 kB Recv  1191 kB |  a
🔶 Pred  133 ms Sync   22 ms | Sent   864 kB Recv  1191 kB |  node
🔶 Pred  133 ms Sync   28 ms | Sent   864 kB Recv  1191 kB |  reaches
🔶 Pred  133 ms Sync   26 ms | Sent   864 kB Recv  1191 kB |  k
🔶 Pred  133 ms Sync   26 ms | Sent   864 kB Recv  1191 kB |  keys
🔶 Pred  151 ms Sync   60 ms | Sent   864 kB Recv  1191 kB | ,
🔶 Pred  148 ms Sync   98 ms | Sent   864 kB Recv  1191 kB |  it
🔶 Pred  149 ms Sync   52 ms | Sent   864 kB Recv  1191 kB |  needs
🔶 Pred  134 ms Sync   21 ms | Sent   864 kB Recv  1191 kB |  to
🔶 Pred  132 ms Sync   25 ms | Sent   864 kB Recv  1191 kB |  be
🔶 Pred  133 ms Sync   31 ms | Sent   864 kB Recv  1191 kB |  split
🔶 Pred  133 ms Sync   25 ms | Sent   864 kB Recv  1191 kB |  into
🔶 Pred  133 ms Sync   25 ms | Sent   864 kB Recv  1191 kB |  two
🔶 Pred  133 ms Sync   29 ms | Sent   864 kB Recv  1191 kB |  nodes
🔶 Pred  132 ms Sync   31 ms | Sent   864 kB Recv  1191 kB | ,
🔶 Pred  133 ms Sync   22 ms | Sent   864 kB Recv  1191 kB |  and
🔶 Pred  133 ms Sync   22 ms | Sent   864 kB Recv  1191 kB |  the
🔶 Pred  136 ms Sync   21 ms | Sent   864 kB Recv  1191 kB |  middle
🔶 Pred  134 ms Sync   24 ms | Sent   864 kB Recv  1191 kB |  key
🔶 Pred  132 ms Sync   37 ms | Sent   864 kB Recv  1191 kB |  is
🔶 Pred  132 ms Sync   36 ms | Sent   864 kB Recv  1191 kB |  moved
🔶 Pred  132 ms Sync   27 ms | Sent   864 kB Recv  1191 kB |  to
🔶 Pred  181 ms Sync   21 ms | Sent   864 kB Recv  1191 kB |  one
🔶 Pred  198 ms Sync  109 ms | Sent   864 kB Recv  1191 kB |  of
🔶 Pred  160 ms Sync   54 ms | Sent   864 kB Recv  1191 kB |  the
🔶 Pred  135 ms Sync   18 ms | Sent   864 kB Recv  1191 kB |  children
🔶 Pred  134 ms Sync   17 ms | Sent   864 kB Recv  1191 kB | .


🔶 Pred  132 ms Sync   27 ms | Sent   864 kB Recv  1191 kB | So
🔶 Pred  133 ms Sync   28 ms | Sent   864 kB Recv  1191 kB | ,
🔶 Pred  135 ms Sync   26 ms | Sent   864 kB Recv  1191 kB |  for
🔶 Pred  133 ms Sync   25 ms | Sent   864 kB Recv  1191 kB |  insertion
🔶 Pred  132 ms Sync   31 ms | Sent   864 kB Recv  1191 kB | ,
🔶 Pred  132 ms Sync   28 ms | Sent   864 kB Recv  1191 kB |  after
🔶 Pred  133 ms Sync   24 ms | Sent   864 kB Recv  1191 kB |  inserting
🔶 Pred  133 ms Sync   30 ms | Sent   864 kB Recv  1191 kB |  the
🔶 Pred  134 ms Sync   49 ms | Sent   864 kB Recv  1191 kB |  new
🔶 Pred  133 ms Sync   21 ms | Sent   864 kB Recv  1191 kB |  key
🔶 Pred  139 ms Sync   41 ms | Sent   864 kB Recv  1191 kB |  into
🔶 Pred  136 ms Sync   22 ms | Sent   864 kB Recv  1191 kB |  a
🔶 Pred  132 ms Sync   25 ms | Sent   864 kB Recv  1191 kB |  node
🔶 Pred  194 ms Sync   79 ms | Sent   864 kB Recv  1191 kB | ,
🔶 Pred  133 ms Sync   32 ms | Sent   864 kB Recv  1191 kB |  if
🔶 Pred  147 ms Sync   47 ms | Sent   864 kB Recv  1191 kB |  that
🔶 Pred  133 ms Sync   24 ms | Sent   864 kB Recv  1191 kB |  node
🔶 Pred  133 ms Sync   27 ms | Sent   864 kB Recv  1191 kB |  now
🔶 Pred  133 ms Sync   23 ms | Sent   864 kB Recv  1191 kB |  has
🔶 Pred  133 ms Sync   26 ms | Sent   864 kB Recv  1191 kB |  more
🔶 Pred  134 ms Sync   49 ms | Sent   864 kB Recv  1191 kB |  than
🔶 Pred  133 ms Sync   23 ms | Sent   864 kB Recv  1191 kB |  k
🔶 Pred  133 ms Sync   21 ms | Sent   864 kB Recv  1191 kB |  keys
🔶 Pred  154 ms Sync   27 ms | Sent   864 kB Recv  1191 kB | ,
🔶 Pred  180 ms Sync   23 ms | Sent   864 kB Recv  1191 kB |  we
🔶 Pred  133 ms Sync   29 ms | Sent   864 kB Recv  1191 kB |  need
🔶 Pred  134 ms Sync   22 ms | Sent   864 kB Recv  1191 kB |  to
🔶 Pred  134 ms Sync   26 ms | Sent   864 kB Recv  1191 kB |  split
🔶 Pred  134 ms Sync   24 ms | Sent   864 kB Recv  1191 kB |  it
🔶 Pred  133 ms Sync   21 ms | Sent   864 kB Recv  1191 kB | .


🔶 Pred  172 ms Sync   55 ms | Sent   864 kB Recv  1191 kB | Similarly
🔶 Pred  171 ms Sync   36 ms | Sent   864 kB Recv  1191 kB | ,
🔶 Pred  147 ms Sync   50 ms | Sent   864 kB Recv  1191 kB |  for
🔶 Pred  135 ms Sync   24 ms | Sent   864 kB Recv  1191 kB |  deletion
🔶 Pred  133 ms Sync   31 ms | Sent   864 kB Recv  1191 kB | ,
🔶 Pred  133 ms Sync   25 ms | Sent   864 kB Recv  1191 kB |  after
🔶 Pred  134 ms Sync   38 ms | Sent   864 kB Recv  1191 kB |  removing
🔶 Pred  136 ms Sync   33 ms | Sent   864 kB Recv  1191 kB |  a
🔶 Pred  136 ms Sync   22 ms | Sent   864 kB Recv  1191 kB |  key
🔶 Pred  133 ms Sync   27 ms | Sent   864 kB Recv  1191 kB |  from
🔶 Pred  133 ms Sync   26 ms | Sent   864 kB Recv  1191 kB |  a
🔶 Pred  136 ms Sync   46 ms | Sent   864 kB Recv  1191 kB |  node
🔶 Pred  134 ms Sync   23 ms | Sent   864 kB Recv  1191 kB | ,
🔶 Pred  134 ms Sync   22 ms | Sent   864 kB Recv  1191 kB |  we
🔶 Pred  134 ms Sync   28 ms | Sent   864 kB Recv  1191 kB |  need
🔶 Pred  134 ms Sync   28 ms | Sent   864 kB Recv  1191 kB |  to
🔶 Pred  135 ms Sync   28 ms | Sent   864 kB Recv  1191 kB |  check
🔶 Pred  135 ms Sync   22 ms | Sent   864 kB Recv  1191 kB |  if
🔶 Pred  187 ms Sync   79 ms | Sent   864 kB Recv  1191 kB |  the
🔶 Pred  145 ms Sync   43 ms | Sent   864 kB Recv  1191 kB |  node
🔶 Pred  170 ms Sync   30 ms | Sent   864 kB Recv  1191 kB |  has
🔶 Pred  135 ms Sync   35 ms | Sent   864 kB Recv  1191 kB |  more
🔶 Pred  223 ms Sync   29 ms | Sent   864 kB Recv  1191 kB |  than
🔶 Pred  135 ms Sync   24 ms | Sent   864 kB Recv  1191 kB |  k
🔶 Pred  142 ms Sync   29 ms | Sent   864 kB Recv  1191 kB | -
🔶 Pred  138 ms Sync   29 ms | Sent   864 kB Recv  1191 kB | 1
🔶 Pred  136 ms Sync   25 ms | Sent   864 kB Recv  1191 kB |  keys
🔶 Pred  135 ms Sync   50 ms | Sent   864 kB Recv  1191 kB | ,
🔶 Pred  146 ms Sync   18 ms | Sent   864 kB Recv  1191 kB |  and
🔶 Pred  136 ms Sync   24 ms | Sent   864 kB Recv  1191 kB |  if
🔶 Pred  135 ms Sync   35 ms | Sent   864 kB Recv  1191 kB |  so
🔶 Pred  136 ms Sync   25 ms | Sent   864 kB Recv  1191 kB | ,
🔶 Pred  134 ms Sync   27 ms | Sent   864 kB Recv  1191 kB |  split
🔶 Pred  134 ms Sync   24 ms | Sent   864 kB Recv  1191 kB |  it
🔶 Pred  194 ms Sync   73 ms | Sent   864 kB Recv  1191 kB | .


🔶 Pred  135 ms Sync   19 ms | Sent   864 kB Recv  1191 kB | For
🔶 Pred  160 ms Sync   68 ms | Sent   864 kB Recv  1191 kB |  range
🔶 Pred  135 ms Sync   20 ms | Sent   864 kB Recv  1191 kB |  search
🔶 Pred  134 ms Sync   29 ms | Sent   864 kB Recv  1191 kB | ,
🔶 Pred  134 ms Sync   21 ms | Sent   864 kB Recv  1191 kB |  we
🔶 Pred  134 ms Sync   26 ms | Sent   864 kB Recv  1191 kB |  need
🔶 Pred  136 ms Sync   19 ms | Sent   864 kB Recv  1191 kB |  to
🔶 Pred  135 ms Sync   28 ms | Sent   864 kB Recv  1191 kB |  traverse
🔶 Pred  133 ms Sync   20 ms | Sent   864 kB Recv  1191 kB |  the
🔶 Pred  135 ms Sync   19 ms | Sent   864 kB Recv  1191 kB |  tree
🔶 Pred  133 ms Sync   31 ms | Sent   864 kB Recv  1191 kB | ,
🔶 Pred  134 ms Sync   29 ms | Sent   864 kB Recv  1191 kB |  collecting
🔶 Pred  136 ms Sync   24 ms | Sent   864 kB Recv  1191 kB |  all
🔶 Pred  133 ms Sync   27 ms | Sent   864 kB Recv  1191 kB |  keys
🔶 Pred  134 ms Sync   31 ms | Sent   864 kB Recv  1191 kB |  that
🔶 Pred  160 ms Sync   26 ms | Sent   864 kB Recv  1191 kB |  fall
🔶 Pred  239 ms Sync   70 ms | Sent   864 kB Recv  1191 kB |  within
🔶 Pred  145 ms Sync   22 ms | Sent   864 kB Recv  1191 kB |  the
🔶 Pred  149 ms Sync   61 ms | Sent   864 kB Recv  1191 kB |  given
🔶 Pred  134 ms Sync   39 ms | Sent   864 kB Recv  1191 kB |  range
🔶 Pred  136 ms Sync   18 ms | Sent   864 kB Recv  1191 kB | .


🔶 Pred  135 ms Sync   24 ms | Sent   864 kB Recv  1191 kB | Now
🔶 Pred  135 ms Sync   26 ms | Sent   864 kB Recv  1191 kB | ,
🔶 Pred  135 ms Sync   24 ms | Sent   864 kB Recv  1191 kB |  for
🔶 Pred  134 ms Sync   27 ms | Sent   864 kB Recv  1191 kB |  the
🔶 Pred  136 ms Sync   20 ms | Sent   864 kB Recv  1191 kB |  implementation
🔶 Pred  134 ms Sync   22 ms | Sent   864 kB Recv  1191 kB | ,
🔶 Pred  135 ms Sync   50 ms | Sent   864 kB Recv  1191 kB |  I
🔶 Pred  135 ms Sync   21 ms | Sent   864 kB Recv  1191 kB |  think
🔶 Pred  135 ms Sync   25 ms | Sent   864 kB Recv  1191 kB |  I
🔶 Pred  134 ms Sync   28 ms | Sent   864 kB Recv  1191 kB | 'll
🔶 Pred  134 ms Sync   29 ms | Sent   864 kB Recv  1191 kB |  proceed
🔶 Pred  134 ms Sync   27 ms | Sent   864 kB Recv  1191 kB |  as
🔶 Pred  134 ms Sync   26 ms | Sent   864 kB Recv  1191 kB |  follows
🔶 Pred  205 ms Sync   72 ms | Sent   864 kB Recv  1191 kB | :


🔶 Pred  141 ms Sync   26 ms | Sent   864 kB Recv  1191 kB | 1
🔶 Pred  174 ms Sync   35 ms | Sent   864 kB Recv  1191 kB | .
🔶 Pred  135 ms Sync   23 ms | Sent   864 kB Recv  1191 kB |  Define
🔶 Pred  136 ms Sync   25 ms | Sent   864 kB Recv  1191 kB |  a
🔶 Pred  135 ms Sync   24 ms | Sent   864 kB Recv  1191 kB |  Node
🔶 Pred  135 ms Sync   50 ms | Sent   864 kB Recv  1191 kB |  class
🔶 Pred  135 ms Sync   18 ms | Sent   864 kB Recv  1191 kB |  with
🔶 Pred  135 ms Sync   22 ms | Sent   864 kB Recv  1191 kB |  key
🔶 Pred  136 ms Sync   27 ms | Sent   864 kB Recv  1191 kB | ,
🔶 Pred  213 ms Sync   20 ms | Sent   864 kB Recv  1191 kB |  left
🔶 Pred  137 ms Sync   20 ms | Sent   864 kB Recv  1191 kB | ,
🔶 Pred  135 ms Sync   21 ms | Sent   864 kB Recv  1191 kB |  right
🔶 Pred  134 ms Sync   27 ms | Sent   864 kB Recv  1191 kB | ,
🔶 Pred  135 ms Sync   26 ms | Sent   864 kB Recv  1191 kB |  and
🔶 Pred  134 ms Sync   27 ms | Sent   864 kB Recv  1191 kB |  parent
🔶 Pred  136 ms Sync   23 ms | Sent   864 kB Recv  1191 kB |  attributes
🔶 Pred  198 ms Sync   76 ms | Sent   864 kB Recv  1191 kB | .

🔶 Pred  162 ms Sync   51 ms | Sent   864 kB Recv  1191 kB | 2
🔶 Pred  137 ms Sync   19 ms | Sent   864 kB Recv  1191 kB | .
🔶 Pred  134 ms Sync   21 ms | Sent   864 kB Recv  1191 kB |  The
🔶 Pred  135 ms Sync   21 ms | Sent   864 kB Recv  1191 kB |  tree
🔶 Pred  135 ms Sync   55 ms | Sent   864 kB Recv  1191 kB |  is
🔶 Pred  136 ms Sync   26 ms | Sent   864 kB Recv  1191 kB |  represented
🔶 Pred  135 ms Sync   24 ms | Sent   864 kB Recv  1191 kB |  as
🔶 Pred  134 ms Sync   28 ms | Sent   864 kB Recv  1191 kB |  a
🔶 Pred  134 ms Sync   29 ms | Sent   864 kB Recv  1191 kB |  dictionary
🔶 Pred  135 ms Sync   26 ms | Sent   864 kB Recv  1191 kB | ,
🔶 Pred  134 ms Sync   23 ms | Sent   864 kB Recv  1191 kB |  where
🔶 Pred  136 ms Sync   30 ms | Sent   864 kB Recv  1191 kB |  each
🔶 Pred  134 ms Sync   28 ms | Sent   864 kB Recv  1191 kB |  key
🔶 Pred  135 ms Sync   29 ms | Sent   864 kB Recv  1191 kB |  is
🔶 Pred  136 ms Sync   25 ms | Sent   864 kB Recv  1191 kB |  a
🔶 Pred  135 ms Sync   32 ms | Sent   864 kB Recv  1191 kB |  node
🔶 Pred  191 ms Sync   93 ms | Sent   864 kB Recv  1191 kB |  identifier
🔶 Pred  135 ms Sync   32 ms | Sent   864 kB Recv  1191 kB | ,
🔶 Pred  194 ms Sync   32 ms | Sent   864 kB Recv  1191 kB |  and
🔶 Pred  134 ms Sync   26 ms | Sent   864 kB Recv  1191 kB |  each
🔶 Pred  214 ms Sync   23 ms | Sent   864 kB Recv  1191 kB |  value
🔶 Pred  135 ms Sync   24 ms | Sent   864 kB Recv  1191 kB |  is
🔶 Pred  135 ms Sync   32 ms | Sent   864 kB Recv  1191 kB |  another
🔶 Pred  136 ms Sync   22 ms | Sent   864 kB Recv  1191 kB |  dictionary
🔶 Pred  135 ms Sync   39 ms | Sent   864 kB Recv  1191 kB |  with
🔶 Pred  135 ms Sync   34 ms | Sent   864 kB Recv  1191 kB |  '
🔶 Pred  136 ms Sync   24 ms | Sent   864 kB Recv  1191 kB | key
🔶 Pred  137 ms Sync   23 ms | Sent   864 kB Recv  1191 kB | ',
🔶 Pred  137 ms Sync   28 ms | Sent   864 kB Recv  1191 kB |  '
🔶 Pred  140 ms Sync   26 ms | Sent   864 kB Recv  1191 kB | left
🔶 Pred  135 ms Sync   27 ms | Sent   864 kB Recv  1191 kB | ',
🔶 Pred  136 ms Sync   20 ms | Sent   864 kB Recv  1191 kB |  '
🔶 Pred  148 ms Sync   64 ms | Sent   864 kB Recv  1191 kB | right
🔶 Pred  185 ms Sync   66 ms | Sent   864 kB Recv  1191 kB | ',
🔶 Pred  147 ms Sync   63 ms | Sent   864 kB Recv  1191 kB |  and
🔶 Pred  137 ms Sync   18 ms | Sent   864 kB Recv  1191 kB |  '
🔶 Pred  135 ms Sync   27 ms | Sent   864 kB Recv  1191 kB | parent
🔶 Pred  135 ms Sync   21 ms | Sent   864 kB Recv  1191 kB | '.

🔶 Pred  137 ms Sync   29 ms | Sent   864 kB Recv  1191 kB | 3
🔶 Pred  135 ms Sync   30 ms | Sent   864 kB Recv  1191 kB | .
🔶 Pred  135 ms Sync   28 ms | Sent   864 kB Recv  1191 kB |  The
🔶 Pred  136 ms Sync   26 ms | Sent   864 kB Recv  1191 kB |  root
🔶 Pred  136 ms Sync   23 ms | Sent   864 kB Recv  1191 kB |  is
🔶 Pred  136 ms Sync   52 ms | Sent   864 kB Recv  1191 kB |  a
🔶 Pred  137 ms Sync   23 ms | Sent   864 kB Recv  1191 kB |  special
🔶 Pred  136 ms Sync   46 ms | Sent   864 kB Recv  1191 kB |  node
🔶 Pred  136 ms Sync   29 ms | Sent   864 kB Recv  1191 kB | ,
🔶 Pred  137 ms Sync   25 ms | Sent   864 kB Recv  1191 kB |  perhaps
🔶 Pred  154 ms Sync   23 ms | Sent   864 kB Recv  1191 kB |  with
🔶 Pred  252 ms Sync   80 ms | Sent   864 kB Recv  1191 kB |  an
🔶 Pred  136 ms Sync   22 ms | Sent   864 kB Recv  1191 kB |  identifier
🔶 Pred  150 ms Sync   54 ms | Sent   864 kB Recv  1191 kB |  of
🔶 Pred  136 ms Sync   22 ms | Sent   864 kB Recv  1191 kB |  
🔶 Pred  135 ms Sync   25 ms | Sent   864 kB Recv  1191 kB | 0
🔶 Pred  136 ms Sync   51 ms | Sent   864 kB Recv  1191 kB | ,
🔶 Pred  138 ms Sync   23 ms | Sent   864 kB Recv  1191 kB |  and
🔶 Pred  136 ms Sync   30 ms | Sent   864 kB Recv  1191 kB |  its
🔶 Pred  136 ms Sync   26 ms | Sent   864 kB Recv  1191 kB |  key
🔶 Pred  135 ms Sync   24 ms | Sent   864 kB Recv  1191 kB |  is
🔶 Pred  149 ms Sync   43 ms | Sent   864 kB Recv  1191 kB |  None
🔶 Pred  137 ms Sync   23 ms | Sent   864 kB Recv  1191 kB | ,
🔶 Pred  137 ms Sync   23 ms | Sent   864 kB Recv  1191 kB |  with
🔶 Pred  137 ms Sync   27 ms | Sent   864 kB Recv  1191 kB |  left
🔶 Pred  143 ms Sync   27 ms | Sent   864 kB Recv  1191 kB |  and
🔶 Pred  178 ms Sync   30 ms | Sent   864 kB Recv  1191 kB |  right
🔶 Pred  136 ms Sync   53 ms | Sent   864 kB Recv  1191 kB |  children
🔶 Pred  205 ms Sync   54 ms | Sent   864 kB Recv  1191 kB |  as
🔶 Pred  136 ms Sync   19 ms | Sent   864 kB Recv  1191 kB |  None
🔶 Pred  159 ms Sync   52 ms | Sent   864 kB Recv  1191 kB |  initially
🔶 Pred  136 ms Sync   24 ms | Sent   864 kB Recv  1191 kB | .

🔶 Pred  137 ms Sync   20 ms | Sent   864 kB Recv  1191 kB | 4
🔶 Pred  136 ms Sync   27 ms | Sent   864 kB Recv  1191 kB | .
🔶 Pred  144 ms Sync   50 ms | Sent   864 kB Recv  1191 kB |  Implement
🔶 Pred  141 ms Sync   21 ms | Sent   864 kB Recv  1191 kB |  the
🔶 Pred  135 ms Sync   23 ms | Sent   864 kB Recv  1191 kB |  insert
🔶 Pred  137 ms Sync   44 ms | Sent   864 kB Recv  1191 kB |  function
🔶 Pred  203 ms Sync   30 ms | Sent   864 kB Recv  1191 kB | ,
🔶 Pred  136 ms Sync   32 ms | Sent   864 kB Recv  1191 kB |  which
🔶 Pred  136 ms Sync   27 ms | Sent   864 kB Recv  1191 kB |  takes
🔶 Pred  136 ms Sync   34 ms | Sent   864 kB Recv  1191 kB |  a
🔶 Pred  138 ms Sync   22 ms | Sent   864 kB Recv  1191 kB |  key
🔶 Pred  136 ms Sync   25 ms | Sent   864 kB Recv  1191 kB |  and
🔶 Pred  156 ms Sync   27 ms | Sent   864 kB Recv  1191 kB |  a
🔶 Pred  216 ms Sync   90 ms | Sent   864 kB Recv  1191 kB |  node
🔶 Pred  159 ms Sync   46 ms | Sent   864 kB Recv  1191 kB |  identifier
🔶 Pred  137 ms Sync   22 ms | Sent   864 kB Recv  1191 kB |  (
🔶 Pred  137 ms Sync   27 ms | Sent   864 kB Recv  1191 kB | the
🔶 Pred  137 ms Sync   21 ms | Sent   864 kB Recv  1191 kB |  parent
🔶 Pred  136 ms Sync   27 ms | Sent   864 kB Recv  1191 kB | )
🔶 Pred  137 ms Sync   26 ms | Sent   864 kB Recv  1191 kB |  and
🔶 Pred  136 ms Sync   26 ms | Sent   864 kB Recv  1191 kB |  inserts
🔶 Pred  135 ms Sync   28 ms | Sent   864 kB Recv  1191 kB |  the
🔶 Pred  136 ms Sync   28 ms | Sent   864 kB Recv  1191 kB |  key
🔶 Pred  136 ms Sync   32 ms | Sent   864 kB Recv  1191 kB |  into
🔶 Pred  140 ms Sync   27 ms | Sent   864 kB Recv  1191 kB |  the
🔶 Pred  136 ms Sync   38 ms | Sent   864 kB Recv  1191 kB |  tree
🔶 Pred  138 ms Sync   40 ms | Sent   864 kB Recv  1191 kB | .

🔶 Pred  136 ms Sync   24 ms | Sent   864 kB Recv  1191 kB | 5
🔶 Pred  136 ms Sync   33 ms | Sent   864 kB Recv  1191 kB | .
🔶 Pred  138 ms Sync   26 ms | Sent   864 kB Recv  1191 kB |  Implement
🔶 Pred  193 ms Sync   67 ms | Sent   864 kB Recv  1191 kB |  the
🔶 Pred  157 ms Sync   55 ms | Sent   864 kB Recv  1191 kB |  delete
🔶 Pred  137 ms Sync   22 ms | Sent   864 kB Recv  1191 kB |  function
🔶 Pred  179 ms Sync   34 ms | Sent   864 kB Recv  1191 kB | ,
🔶 Pred  171 ms Sync   28 ms | Sent   864 kB Recv  1191 kB |  which
🔶 Pred  138 ms Sync   20 ms | Sent   864 kB Recv  1191 kB |  takes
🔶 Pred  137 ms Sync   28 ms | Sent   864 kB Recv  1191 kB |  a
🔶 Pred  137 ms Sync   30 ms | Sent   864 kB Recv  1191 kB |  key
🔶 Pred  136 ms Sync   34 ms | Sent   864 kB Recv  1191 kB |  and
🔶 Pred  139 ms Sync   30 ms | Sent   864 kB Recv  1191 kB |  a
🔶 Pred  137 ms Sync   30 ms | Sent   864 kB Recv  1191 kB |  node
🔶 Pred  137 ms Sync   32 ms | Sent   864 kB Recv  1191 kB |  identifier
🔶 Pred  138 ms Sync   56 ms | Sent   864 kB Recv  1191 kB |  (
🔶 Pred  139 ms Sync   27 ms | Sent   864 kB Recv  1191 kB | the
🔶 Pred  137 ms Sync   25 ms | Sent   864 kB Recv  1191 kB |  parent
🔶 Pred  138 ms Sync   24 ms | Sent   864 kB Recv  1191 kB | )
🔶 Pred  195 ms Sync   72 ms | Sent   864 kB Recv  1191 kB |  and
🔶 Pred  145 ms Sync   48 ms | Sent   864 kB Recv  1191 kB |  deletes
🔶 Pred  139 ms Sync   52 ms | Sent   864 kB Recv  1191 kB |  the
🔶 Pred  137 ms Sync   22 ms | Sent   864 kB Recv  1191 kB |  key
🔶 Pred  137 ms Sync   26 ms | Sent   864 kB Recv  1191 kB |  from
🔶 Pred  137 ms Sync   27 ms | Sent   864 kB Recv  1191 kB |  the
🔶 Pred  137 ms Sync   33 ms | Sent   864 kB Recv  1191 kB |  tree
🔶 Pred  138 ms Sync   27 ms | Sent   864 kB Recv  1191 kB | .

🔶 Pred  137 ms Sync   30 ms | Sent   864 kB Recv  1191 kB | 6
🔶 Pred  136 ms Sync   48 ms | Sent   864 kB Recv  1191 kB | .
🔶 Pred  138 ms Sync   29 ms | Sent   864 kB Recv  1191 kB |  Implement
🔶 Pred  137 ms Sync   23 ms | Sent   864 kB Recv  1191 kB |  the
🔶 Pred  138 ms Sync   24 ms | Sent   864 kB Recv  1191 kB |  range
🔶 Pred  137 ms Sync   27 ms | Sent   864 kB Recv  1191 kB | _search
🔶 Pred  137 ms Sync   35 ms | Sent   864 kB Recv  1191 kB |  function
🔶 Pred  154 ms Sync   26 ms | Sent   864 kB Recv  1191 kB | ,
🔶 Pred  235 ms Sync   39 ms | Sent   864 kB Recv  1191 kB |  which
🔶 Pred  157 ms Sync   51 ms | Sent   864 kB Recv  1191 kB |  takes
🔶 Pred  159 ms Sync   61 ms | Sent   864 kB Recv  1191 kB |  a
🔶 Pred  137 ms Sync   25 ms | Sent   864 kB Recv  1191 kB |  node
🔶 Pred  136 ms Sync   24 ms | Sent   864 kB Recv  1191 kB |  identifier
🔶 Pred  137 ms Sync   30 ms | Sent   864 kB Recv  1191 kB |  and
🔶 Pred  137 ms Sync   25 ms | Sent   864 kB Recv  1191 kB |  a
🔶 Pred  136 ms Sync   26 ms | Sent   864 kB Recv  1191 kB |  range
🔶 Pred  138 ms Sync   25 ms | Sent   864 kB Recv  1191 kB |  [
🔶 Pred  137 ms Sync   50 ms | Sent   864 kB Recv  1191 kB | low
🔶 Pred  137 ms Sync   20 ms | Sent   864 kB Recv  1191 kB | ,
🔶 Pred  138 ms Sync   25 ms | Sent   864 kB Recv  1191 kB |  high
🔶 Pred  138 ms Sync   26 ms | Sent   864 kB Recv  1191 kB | ],
🔶 Pred  137 ms Sync   30 ms | Sent   864 kB Recv  1191 kB |  and
🔶 Pred  137 ms Sync   39 ms | Sent   864 kB Recv  1191 kB |  collects
🔶 Pred  138 ms Sync   39 ms | Sent   864 kB Recv  1191 kB |  all
🔶 Pred  137 ms Sync   34 ms | Sent   864 kB Recv  1191 kB |  keys
🔶 Pred  154 ms Sync   29 ms | Sent   864 kB Recv  1191 kB |  within
🔶 Pred  186 ms Sync   53 ms | Sent   864 kB Recv  1191 kB |  that
🔶 Pred  161 ms Sync   50 ms | Sent   864 kB Recv  1191 kB |  range
🔶 Pred  139 ms Sync   20 ms | Sent   864 kB Recv  1191 kB | .


🔶 Pred  137 ms Sync   27 ms | Sent   864 kB Recv  1191 kB | Wait
🔶 Pred  138 ms Sync   27 ms | Sent   864 kB Recv  1191 kB | ,
🔶 Pred  137 ms Sync   28 ms | Sent   864 kB Recv  1191 kB |  but
🔶 Pred  137 ms Sync   27 ms | Sent   864 kB Recv  1191 kB |  in
🔶 Pred  138 ms Sync   24 ms | Sent   864 kB Recv  1191 kB |  the
🔶 Pred  137 ms Sync   54 ms | Sent   864 kB Recv  1191 kB |  insert
🔶 Pred  182 ms Sync   20 ms | Sent   864 kB Recv  1191 kB |  function
🔶 Pred  173 ms Sync   17 ms | Sent   864 kB Recv  1191 kB | ,
🔶 Pred  147 ms Sync   21 ms | Sent   864 kB Recv  1191 kB |  how
🔶 Pred  143 ms Sync   21 ms | Sent   864 kB Recv  1191 kB |  do
🔶 Pred  139 ms Sync   31 ms | Sent   864 kB Recv  1191 kB |  I
🔶 Pred  136 ms Sync   30 ms | Sent   864 kB Recv  1191 kB |  find
🔶 Pred  137 ms Sync   31 ms | Sent   864 kB Recv  1191 kB |  the
🔶 Pred  188 ms Sync   94 ms | Sent   864 kB Recv  1191 kB |  correct
🔶 Pred  142 ms Sync   29 ms | Sent   864 kB Recv  1191 kB |  parent
🔶 Pred  154 ms Sync   43 ms | Sent   864 kB Recv  1191 kB |  to
🔶 Pred  140 ms Sync   20 ms | Sent   864 kB Recv  1191 kB |  insert
🔶 Pred  137 ms Sync   27 ms | Sent   864 kB Recv  1191 kB |  into
🔶 Pred  138 ms Sync   24 ms | Sent   864 kB Recv  1191 kB | ?
🔶 Pred  138 ms Sync   51 ms | Sent   864 kB Recv  1191 kB |  Because
🔶 Pred  137 ms Sync   22 ms | Sent   864 kB Recv  1191 kB |  each
🔶 Pred  138 ms Sync   20 ms | Sent   864 kB Recv  1191 kB |  node
🔶 Pred  138 ms Sync   28 ms | Sent   864 kB Recv  1191 kB |  has
🔶 Pred  138 ms Sync   40 ms | Sent   864 kB Recv  1191 kB |  a
🔶 Pred  138 ms Sync   29 ms | Sent   864 kB Recv  1191 kB |  parent
🔶 Pred  138 ms Sync   20 ms | Sent   864 kB Recv  1191 kB | ,
🔶 Pred  138 ms Sync   29 ms | Sent   864 kB Recv  1191 kB |  so
🔶 Pred  140 ms Sync   30 ms | Sent   864 kB Recv  1191 kB |  when
🔶 Pred  136 ms Sync   31 ms | Sent   864 kB Recv  1191 kB |  inserting
🔶 Pred  137 ms Sync   24 ms | Sent   864 kB Recv  1191 kB |  a
🔶 Pred  146 ms Sync   37 ms | Sent   864 kB Recv  1191 kB |  new
🔶 Pred  182 ms Sync   70 ms | Sent   864 kB Recv  1191 kB |  key
🔶 Pred  162 ms Sync   36 ms | Sent   864 kB Recv  1191 kB | ,
🔶 Pred  138 ms Sync   22 ms | Sent   864 kB Recv  1191 kB |  I
🔶 Pred  224 ms Sync   20 ms | Sent   864 kB Recv  1191 kB |  start
🔶 Pred  136 ms Sync   27 ms | Sent   864 kB Recv  1191 kB |  at
🔶 Pred  138 ms Sync   28 ms | Sent   864 kB Recv  1191 kB |  the
🔶 Pred  137 ms Sync   25 ms | Sent   864 kB Recv  1191 kB |  root
🔶 Pred  145 ms Sync   24 ms | Sent   864 kB Recv  1191 kB |  and
🔶 Pred  146 ms Sync   20 ms | Sent   864 kB Recv  1191 kB |  traverse
🔶 Pred  141 ms Sync   26 ms | Sent   864 kB Recv  1191 kB |  down
🔶 Pred  137 ms Sync   29 ms | Sent   864 kB Recv  1191 kB |  the
🔶 Pred  139 ms Sync   32 ms | Sent   864 kB Recv  1191 kB |  tree
🔶 Pred  137 ms Sync   33 ms | Sent   864 kB Recv  1191 kB | ,
🔶 Pred  137 ms Sync   32 ms | Sent   864 kB Recv  1191 kB |  creating
🔶 Pred  139 ms Sync   29 ms | Sent   864 kB Recv  1191 kB |  new
🔶 Pred  156 ms Sync   69 ms | Sent   864 kB Recv  1191 kB |  nodes
🔶 Pred  177 ms Sync   55 ms | Sent   864 kB Recv  1191 kB |  as
🔶 Pred  152 ms Sync   43 ms | Sent   864 kB Recv  1191 kB |  needed
🔶 Pred  138 ms Sync   27 ms | Sent   864 kB Recv  1191 kB | .


🔶 Pred  138 ms Sync   28 ms | Sent   864 kB Recv  1191 kB | Alternatively
🔶 Pred  139 ms Sync   31 ms | Sent   864 kB Recv  1191 kB | ,
🔶 Pred  142 ms Sync   25 ms | Sent   864 kB Recv  1191 kB |  the
🔶 Pred  139 ms Sync   33 ms | Sent   864 kB Recv  1191 kB |  insert
🔶 Pred  139 ms Sync   31 ms | Sent   864 kB Recv  1191 kB |  function
🔶 Pred  137 ms Sync   28 ms | Sent   864 kB Recv  1191 kB |  can
🔶 Pred  138 ms Sync   33 ms | Sent   864 kB Recv  1191 kB |  take
🔶 Pred  138 ms Sync   54 ms | Sent   864 kB Recv  1191 kB |  a
🔶 Pred  139 ms Sync   29 ms | Sent   864 kB Recv  1191 kB |  key
🔶 Pred  139 ms Sync   21 ms | Sent   864 kB Recv  1191 kB |  and
🔶 Pred  138 ms Sync   51 ms | Sent   864 kB Recv  1191 kB |  a
🔶 Pred  139 ms Sync   24 ms | Sent   864 kB Recv  1191 kB |  parent
🔶 Pred  200 ms Sync   18 ms | Sent   864 kB Recv  1191 kB |  node
🔶 Pred  208 ms Sync   89 ms | Sent   864 kB Recv  1191 kB |  identifier
🔶 Pred  142 ms Sync   54 ms | Sent   864 kB Recv  1191 kB | ,
🔶 Pred  146 ms Sync   20 ms | Sent   864 kB Recv  1191 kB |  and
🔶 Pred  138 ms Sync   22 ms | Sent   864 kB Recv  1191 kB |  then
🔶 Pred  138 ms Sync   28 ms | Sent   864 kB Recv  1191 kB |  insert
🔶 Pred  138 ms Sync   30 ms | Sent   864 kB Recv  1191 kB |  the
🔶 Pred  143 ms Sync   46 ms | Sent   864 kB Recv  1191 kB |  key
🔶 Pred  139 ms Sync   23 ms | Sent   864 kB Recv  1191 kB |  into
🔶 Pred  138 ms Sync   56 ms | Sent   864 kB Recv  1191 kB |  the
🔶 Pred  139 ms Sync   23 ms | Sent   864 kB Recv  1191 kB |  appropriate
🔶 Pred  139 ms Sync   25 ms | Sent   864 kB Recv  1191 kB |  child
🔶 Pred  138 ms Sync   32 ms | Sent   864 kB Recv  1191 kB |  of
🔶 Pred  138 ms Sync   21 ms | Sent   864 kB Recv  1191 kB |  the
🔶 Pred  137 ms Sync   25 ms | Sent   864 kB Recv  1191 kB |  parent
🔶 Pred  139 ms Sync   29 ms | Sent   864 kB Recv  1191 kB | .


🔶 Pred  145 ms Sync   21 ms | Sent   864 kB Recv  1191 kB | Wait
🔶 Pred  138 ms Sync   30 ms | Sent   864 kB Recv  1191 kB | ,
🔶 Pred  201 ms Sync   81 ms | Sent   864 kB Recv  1191 kB |  but
🔶 Pred  162 ms Sync   59 ms | Sent   864 kB Recv  1191 kB |  that
🔶 Pred  139 ms Sync   25 ms | Sent   864 kB Recv  1191 kB |  might
🔶 Pred  138 ms Sync   20 ms | Sent   864 kB Recv  1191 kB |  not
🔶 Pred  138 ms Sync   21 ms | Sent   864 kB Recv  1191 kB |  be
🔶 Pred  138 ms Sync   28 ms | Sent   864 kB Recv  1191 kB |  sufficient
🔶 Pred  137 ms Sync   32 ms | Sent   864 kB Recv  1191 kB |  because
🔶 Pred  138 ms Sync   44 ms | Sent   864 kB Recv  1191 kB |  the
🔶 Pred  141 ms Sync   22 ms | Sent   864 kB Recv  1191 kB |  parent
🔶 Pred  160 ms Sync   29 ms | Sent   864 kB Recv  1191 kB |  might
🔶 Pred  191 ms Sync   22 ms | Sent   864 kB Recv  1191 kB |  have
🔶 Pred  139 ms Sync   29 ms | Sent   864 kB Recv  1191 kB |  multiple
🔶 Pred  140 ms Sync   21 ms | Sent   864 kB Recv  1191 kB |  children
🔶 Pred  140 ms Sync   32 ms | Sent   864 kB Recv  1191 kB | ,
🔶 Pred  137 ms Sync   26 ms | Sent   864 kB Recv  1191 kB |  and
🔶 Pred  138 ms Sync   31 ms | Sent   864 kB Recv  1191 kB |  I
🔶 Pred  211 ms Sync   85 ms | Sent   864 kB Recv  1191 kB |  need
🔶 Pred  140 ms Sync   24 ms | Sent   864 kB Recv  1191 kB |  to
🔶 Pred  167 ms Sync   56 ms | Sent   864 kB Recv  1191 kB |  find
🔶 Pred  139 ms Sync   22 ms | Sent   864 kB Recv  1191 kB |  the
🔶 Pred  139 ms Sync   28 ms | Sent   864 kB Recv  1191 kB |  correct
🔶 Pred  138 ms Sync   26 ms | Sent   864 kB Recv  1191 kB |  place
🔶 Pred  139 ms Sync   25 ms | Sent   864 kB Recv  1191 kB |  to
🔶 Pred  138 ms Sync   26 ms | Sent   864 kB Recv  1191 kB |  insert
🔶 Pred  140 ms Sync   25 ms | Sent   864 kB Recv  1191 kB |  the
🔶 Pred  139 ms Sync   25 ms | Sent   864 kB Recv  1191 kB |  key
🔶 Pred  139 ms Sync   21 ms | Sent   864 kB Recv  1191 kB | .


🔶 Pred  139 ms Sync   23 ms | Sent   864 kB Recv  1191 kB | Hmm
🔶 Pred  138 ms Sync   33 ms | Sent   864 kB Recv  1191 kB | ,
🔶 Pred  139 ms Sync   32 ms | Sent   864 kB Recv  1191 kB |  perhaps
🔶 Pred  139 ms Sync   29 ms | Sent   864 kB Recv  1191 kB |  the
🔶 Pred  137 ms Sync   34 ms | Sent   864 kB Recv  1191 kB |  insert
🔶 Pred  139 ms Sync   25 ms | Sent   864 kB Recv  1191 kB |  function
🔶 Pred  193 ms Sync   91 ms | Sent   864 kB Recv  1191 kB |  should
🔶 Pred  139 ms Sync   25 ms | Sent   864 kB Recv  1191 kB |  take
🔶 Pred  158 ms Sync   55 ms | Sent   864 kB Recv  1191 kB |  a
🔶 Pred  140 ms Sync   23 ms | Sent   864 kB Recv  1191 kB |  key
🔶 Pred  215 ms Sync   19 ms | Sent   864 kB Recv  1191 kB |  and
🔶 Pred  141 ms Sync   22 ms | Sent   864 kB Recv  1191 kB |  a
🔶 Pred  140 ms Sync   24 ms | Sent   864 kB Recv  1191 kB |  current
🔶 Pred  139 ms Sync   28 ms | Sent   864 kB Recv  1191 kB |  node
🔶 Pred  139 ms Sync   28 ms | Sent   864 kB Recv  1191 kB |  identifier
🔶 Pred  139 ms Sync   40 ms | Sent   864 kB Recv  1191 kB | ,
🔶 Pred  139 ms Sync   30 ms | Sent   864 kB Recv  1191 kB |  and
🔶 Pred  140 ms Sync   27 ms | Sent   864 kB Recv  1191 kB |  then
🔶 Pred  139 ms Sync   33 ms | Sent   864 kB Recv  1191 kB |  determine
🔶 Pred  139 ms Sync   47 ms | Sent   864 kB Recv  1191 kB |  where
🔶 Pred  139 ms Sync   22 ms | Sent   864 kB Recv  1191 kB |  to
🔶 Pred  138 ms Sync   25 ms | Sent   864 kB Recv  1191 kB |  insert
🔶 Pred  198 ms Sync  100 ms | Sent   864 kB Recv  1191 kB |  the
🔶 Pred  141 ms Sync   19 ms | Sent   864 kB Recv  1191 kB |  key
🔶 Pred  153 ms Sync   48 ms | Sent   864 kB Recv  1191 kB |  in
🔶 Pred  138 ms Sync   26 ms | Sent   864 kB Recv  1191 kB |  the
🔶 Pred  138 ms Sync   25 ms | Sent   864 kB Recv  1191 kB |  current
🔶 Pred  140 ms Sync   27 ms | Sent   864 kB Recv  1191 kB |  node
🔶 Pred  140 ms Sync   25 ms | Sent   864 kB Recv  1191 kB | 's
🔶 Pred  138 ms Sync   34 ms | Sent   864 kB Recv  1191 kB |  children
🔶 Pred  138 ms Sync   25 ms | Sent   864 kB Recv  1191 kB | .


🔶 Pred  139 ms Sync   21 ms | Sent   864 kB Recv  1191 kB | Wait
🔶 Pred  140 ms Sync   33 ms | Sent   864 kB Recv  1191 kB | ,
🔶 Pred  144 ms Sync   30 ms | Sent   864 kB Recv  1191 kB |  but
🔶 Pred  140 ms Sync   29 ms | Sent   864 kB Recv  1191 kB |  in
🔶 Pred  139 ms Sync   34 ms | Sent   864 kB Recv  1191 kB |  a
🔶 Pred  139 ms Sync   46 ms | Sent   864 kB Recv  1191 kB |  B
🔶 Pred  138 ms Sync   24 ms | Sent   864 kB Recv  1191 kB | -tree
🔶 Pred  219 ms Sync   19 ms | Sent   864 kB Recv  1191 kB | ,
🔶 Pred  203 ms Sync   65 ms | Sent   864 kB Recv  1191 kB |  each
🔶 Pred  156 ms Sync   41 ms | Sent   864 kB Recv  1191 kB |  node
🔶 Pred  139 ms Sync   23 ms | Sent   864 kB Recv  1191 kB | 's
🔶 Pred  139 ms Sync   25 ms | Sent   864 kB Recv  1191 kB |  keys
🔶 Pred  139 ms Sync   28 ms | Sent   864 kB Recv  1191 kB |  are
🔶 Pred  139 ms Sync   19 ms | Sent   864 kB Recv  1191 kB |  in
🔶 Pred  140 ms Sync   28 ms | Sent   864 kB Recv  1191 kB |  sorted
🔶 Pred  138 ms Sync   26 ms | Sent   864 kB Recv  1191 kB |  order
🔶 Pred  139 ms Sync   32 ms | Sent   864 kB Recv  1191 kB | ,
🔶 Pred  137 ms Sync   30 ms | Sent   864 kB Recv  1191 kB |  so
🔶 Pred  140 ms Sync   24 ms | Sent   864 kB Recv  1191 kB |  the
🔶 Pred  140 ms Sync   34 ms | Sent   864 kB Recv  1191 kB |  left
🔶 Pred  139 ms Sync   34 ms | Sent   864 kB Recv  1191 kB |  child
🔶 Pred  139 ms Sync   31 ms | Sent   864 kB Recv  1191 kB | 's
🔶 Pred  149 ms Sync   28 ms | Sent   864 kB Recv  1191 kB |  key
🔶 Pred  142 ms Sync   39 ms | Sent   864 kB Recv  1191 kB |  is
🔶 Pred  142 ms Sync   35 ms | Sent   864 kB Recv  1191 kB |  less
🔶 Pred  195 ms Sync   79 ms | Sent   864 kB Recv  1191 kB |  than
🔶 Pred  160 ms Sync   54 ms | Sent   864 kB Recv  1191 kB |  the
🔶 Pred  140 ms Sync   25 ms | Sent   864 kB Recv  1191 kB |  current
🔶 Pred  140 ms Sync   26 ms | Sent   864 kB Recv  1191 kB |  node
🔶 Pred  139 ms Sync   21 ms | Sent   864 kB Recv  1191 kB | 's
🔶 Pred  139 ms Sync   30 ms | Sent   864 kB Recv  1191 kB |  key
🔶 Pred  138 ms Sync   33 ms | Sent   864 kB Recv  1191 kB | ,
🔶 Pred  139 ms Sync   27 ms | Sent   864 kB Recv  1191 kB |  and
🔶 Pred  139 ms Sync   27 ms | Sent   864 kB Recv  1191 kB |  the
🔶 Pred  177 ms Sync   37 ms | Sent   864 kB Recv  1191 kB |  right
🔶 Pred  169 ms Sync   28 ms | Sent   864 kB Recv  1191 kB |  child
🔶 Pred  141 ms Sync   23 ms | Sent   864 kB Recv  1191 kB | 's
🔶 Pred  153 ms Sync   53 ms | Sent   864 kB Recv  1191 kB |  key
🔶 Pred  140 ms Sync   29 ms | Sent   864 kB Recv  1191 kB |  is
🔶 Pred  139 ms Sync   26 ms | Sent   864 kB Recv  1191 kB |  greater
🔶 Pred  140 ms Sync   21 ms | Sent   864 kB Recv  1191 kB | .


🔶 Pred  203 ms Sync   73 ms | Sent   864 kB Recv  1191 kB | So
🔶 Pred  149 ms Sync   73 ms | Sent   864 kB Recv  1191 kB | ,
🔶 Pred  144 ms Sync   19 ms | Sent   864 kB Recv  1191 kB |  when
🔶 Pred  145 ms Sync   29 ms | Sent   864 kB Recv  1191 kB |  inserting
🔶 Pred  143 ms Sync   52 ms | Sent   864 kB Recv  1191 kB |  a
🔶 Pred  139 ms Sync   20 ms | Sent   864 kB Recv  1191 kB |  new
🔶 Pred  139 ms Sync   29 ms | Sent   864 kB Recv  1191 kB |  key
🔶 Pred  140 ms Sync   21 ms | Sent   864 kB Recv  1191 kB |  into
🔶 Pred  139 ms Sync   29 ms | Sent   864 kB Recv  1191 kB |  a
🔶 Pred  139 ms Sync   32 ms | Sent   864 kB Recv  1191 kB |  node
🔶 Pred  140 ms Sync   26 ms | Sent   864 kB Recv  1191 kB | 's
🔶 Pred  141 ms Sync   22 ms | Sent   864 kB Recv  1191 kB |  left
🔶 Pred  140 ms Sync   53 ms | Sent   864 kB Recv  1191 kB |  or
🔶 Pred  141 ms Sync   31 ms | Sent   864 kB Recv  1191 kB |  right
🔶 Pred  139 ms Sync   28 ms | Sent   864 kB Recv  1191 kB |  child
🔶 Pred  138 ms Sync   29 ms | Sent   864 kB Recv  1191 kB | ,
🔶 Pred  176 ms Sync   46 ms | Sent   864 kB Recv  1191 kB |  we
🔶 Pred  157 ms Sync   50 ms | Sent   864 kB Recv  1191 kB |  compare
🔶 Pred  165 ms Sync   45 ms | Sent   864 kB Recv  1191 kB |  the
🔶 Pred  140 ms Sync   24 ms | Sent   864 kB Recv  1191 kB |  new
🔶 Pred  181 ms Sync   30 ms | Sent   864 kB Recv  1191 kB |  key
🔶 Pred  180 ms Sync   31 ms | Sent   864 kB Recv  1191 kB |  with
🔶 Pred  140 ms Sync   30 ms | Sent   864 kB Recv  1191 kB |  the
🔶 Pred  140 ms Sync   72 ms | Sent   864 kB Recv  1191 kB |  current
🔶 Pred  139 ms Sync   32 ms | Sent   864 kB Recv  1191 kB |  node
🔶 Pred  139 ms Sync   25 ms | Sent   864 kB Recv  1191 kB | 's
🔶 Pred  139 ms Sync   23 ms | Sent   864 kB Recv  1191 kB |  key
🔶 Pred  140 ms Sync   23 ms | Sent   864 kB Recv  1191 kB |  and
🔶 Pred  141 ms Sync   51 ms | Sent   864 kB Recv  1191 kB |  decide
🔶 Pred  140 ms Sync   22 ms | Sent   864 kB Recv  1191 kB |  whether
🔶 Pred  140 ms Sync   25 ms | Sent   864 kB Recv  1191 kB |  to
🔶 Pred  139 ms Sync   28 ms | Sent   864 kB Recv  1191 kB |  go
🔶 Pred  153 ms Sync   42 ms | Sent   864 kB Recv  1191 kB |  left
🔶 Pred  183 ms Sync   61 ms | Sent   864 kB Recv  1191 kB |  or
🔶 Pred  156 ms Sync   49 ms | Sent   864 kB Recv  1191 kB |  right
🔶 Pred  140 ms Sync   29 ms | Sent   864 kB Recv  1191 kB | .


🔶 Pred  140 ms Sync   31 ms | Sent   864 kB Recv  1191 kB | Wait
🔶 Pred  140 ms Sync   27 ms | Sent   864 kB Recv  1191 kB | ,
🔶 Pred  140 ms Sync   54 ms | Sent   864 kB Recv  1191 kB |  but
🔶 Pred  139 ms Sync   23 ms | Sent   864 kB Recv  1191 kB |  in
🔶 Pred  140 ms Sync   25 ms | Sent   864 kB Recv  1191 kB |  the
🔶 Pred  138 ms Sync   25 ms | Sent   864 kB Recv  1191 kB |  initial
🔶 Pred  140 ms Sync   52 ms | Sent   864 kB Recv  1191 kB |  tree
🔶 Pred  142 ms Sync   20 ms | Sent   864 kB Recv  1191 kB | ,
🔶 Pred  141 ms Sync   29 ms | Sent   864 kB Recv  1191 kB |  the
🔶 Pred  140 ms Sync   30 ms | Sent   864 kB Recv  1191 kB |  root
🔶 Pred  141 ms Sync   28 ms | Sent   864 kB Recv  1191 kB |  has
🔶 Pred  141 ms Sync   25 ms | Sent   864 kB Recv  1191 kB |  no
🔶 Pred  221 ms Sync   22 ms | Sent   864 kB Recv  1191 kB |  key
🔶 Pred  212 ms Sync   68 ms | Sent   864 kB Recv  1191 kB | ,
🔶 Pred  146 ms Sync   70 ms | Sent   864 kB Recv  1191 kB |  so
🔶 Pred  141 ms Sync   22 ms | Sent   864 kB Recv  1191 kB |  how
🔶 Pred  139 ms Sync   27 ms | Sent   864 kB Recv  1191 kB |  do
🔶 Pred  141 ms Sync   22 ms | Sent   864 kB Recv  1191 kB |  we
🔶 Pred  141 ms Sync   25 ms | Sent   864 kB Recv  1191 kB |  determine
🔶 Pred  140 ms Sync   25 ms | Sent   864 kB Recv  1191 kB |  where
🔶 Pred  138 ms Sync   55 ms | Sent   864 kB Recv  1191 kB |  to
🔶 Pred  141 ms Sync   20 ms | Sent   864 kB Recv  1191 kB |  insert
🔶 Pred  141 ms Sync   22 ms | Sent   864 kB Recv  1191 kB |  the
🔶 Pred  140 ms Sync   26 ms | Sent   864 kB Recv  1191 kB |  first
🔶 Pred  141 ms Sync   29 ms | Sent   864 kB Recv  1191 kB |  key
🔶 Pred  140 ms Sync   28 ms | Sent   864 kB Recv  1191 kB | ?
🔶 Pred  141 ms Sync   32 ms | Sent   864 kB Recv  1191 kB |  Maybe
🔶 Pred  141 ms Sync   29 ms | Sent   864 kB Recv  1191 kB |  the
🔶 Pred  141 ms Sync   26 ms | Sent   864 kB Recv  1191 kB |  root
🔶 Pred  168 ms Sync   27 ms | Sent   864 kB Recv  1191 kB | 's
🔶 Pred  175 ms Sync   63 ms | Sent   864 kB Recv  1191 kB |  key
🔶 Pred  161 ms Sync   47 ms | Sent   864 kB Recv  1191 kB |  is
🔶 Pred  141 ms Sync   36 ms | Sent   864 kB Recv  1191 kB |  None
🔶 Pred  143 ms Sync   32 ms | Sent   864 kB Recv  1191 kB | ,
🔶 Pred  141 ms Sync   22 ms | Sent   864 kB Recv  1191 kB |  and
🔶 Pred  141 ms Sync   25 ms | Sent   864 kB Recv  1191 kB |  the
🔶 Pred  141 ms Sync   29 ms | Sent   864 kB Recv  1191 kB |  left
🔶 Pred  140 ms Sync   28 ms | Sent   864 kB Recv  1191 kB |  child
🔶 Pred  141 ms Sync   25 ms | Sent   864 kB Recv  1191 kB |  holds
🔶 Pred  187 ms Sync   24 ms | Sent   864 kB Recv  1191 kB |  the
🔶 Pred  236 ms Sync   27 ms | Sent   864 kB Recv  1191 kB |  first
🔶 Pred  143 ms Sync   26 ms | Sent   864 kB Recv  1191 kB |  key
🔶 Pred  141 ms Sync   26 ms | Sent   864 kB Recv  1191 kB | ,
🔶 Pred  140 ms Sync   29 ms | Sent   864 kB Recv  1191 kB |  and
🔶 Pred  141 ms Sync   25 ms | Sent   864 kB Recv  1191 kB |  the
🔶 Pred  161 ms Sync   31 ms | Sent   864 kB Recv  1191 kB |  right
🔶 Pred  168 ms Sync   91 ms | Sent   864 kB Recv  1191 kB |  child
🔶 Pred  147 ms Sync   73 ms | Sent   864 kB Recv  1191 kB |  holds
🔶 Pred  143 ms Sync   21 ms | Sent   864 kB Recv  1191 kB |  the
🔶 Pred  143 ms Sync   25 ms | Sent   864 kB Recv  1191 kB |  next
🔶 Pred  141 ms Sync   27 ms | Sent   864 kB Recv  1191 kB | ,
🔶 Pred  140 ms Sync   30 ms | Sent   864 kB Recv  1191 kB |  etc
🔶 Pred  141 ms Sync   30 ms | Sent   864 kB Recv  1191 kB | .


🔶 Pred  140 ms Sync   26 ms | Sent   864 kB Recv  1191 kB | Alternatively
🔶 Pred  140 ms Sync   29 ms | Sent   864 kB Recv  1191 kB | ,
🔶 Pred  143 ms Sync   28 ms | Sent   864 kB Recv  1191 kB |  the
🔶 Pred  144 ms Sync   32 ms | Sent   864 kB Recv  1191 kB |  root
🔶 Pred  143 ms Sync   19 ms | Sent   864 kB Recv  1191 kB |  can
🔶 Pred  140 ms Sync   24 ms | Sent   864 kB Recv  1191 kB |  have
🔶 Pred  140 ms Sync   54 ms | Sent   864 kB Recv  1191 kB |  a
🔶 Pred  142 ms Sync   34 ms | Sent   864 kB Recv  1191 kB |  key
🔶 Pred  150 ms Sync   32 ms | Sent   864 kB Recv  1191 kB | ,
🔶 Pred  191 ms Sync   80 ms | Sent   864 kB Recv  1191 kB |  and
🔶 Pred  141 ms Sync   24 ms | Sent   864 kB Recv  1191 kB |  its
🔶 Pred  153 ms Sync   49 ms | Sent   864 kB Recv  1191 kB |  left
🔶 Pred  173 ms Sync   24 ms | Sent   864 kB Recv  1191 kB |  and
🔶 Pred  198 ms Sync   19 ms | Sent   864 kB Recv  1191 kB |  right
🔶 Pred  141 ms Sync   25 ms | Sent   864 kB Recv  1191 kB |  children
🔶 Pred  141 ms Sync   22 ms | Sent   864 kB Recv  1191 kB |  hold
🔶 Pred  141 ms Sync   32 ms | Sent   864 kB Recv  1191 kB |  the
🔶 Pred  140 ms Sync   30 ms | Sent   864 kB Recv  1191 kB |  next
🔶 Pred  142 ms Sync   28 ms | Sent   864 kB Recv  1191 kB |  keys
🔶 Pred  141 ms Sync   55 ms | Sent   864 kB Recv  1191 kB |  in
🔶 Pred  145 ms Sync   18 ms | Sent   864 kB Recv  1191 kB |  order
🔶 Pred  141 ms Sync   32 ms | Sent   864 kB Recv  1191 kB | .


🔶 Pred  142 ms Sync   27 ms | Sent   864 kB Recv  1191 kB | Wait
🔶 Pred  141 ms Sync   30 ms | Sent   864 kB Recv  1191 kB | ,
🔶 Pred  141 ms Sync   47 ms | Sent   864 kB Recv  1191 kB |  perhaps
🔶 Pred  198 ms Sync   72 ms | Sent   864 kB Recv  1191 kB |  I
🔶 Pred  145 ms Sync   23 ms | Sent   864 kB Recv  1191 kB | 'm
🔶 Pred  163 ms Sync   40 ms | Sent   864 kB Recv  1191 kB |  over
🔶 Pred  142 ms Sync   22 ms | Sent   864 kB Recv  1191 kB | comp
🔶 Pred  141 ms Sync   29 ms | Sent   864 kB Recv  1191 kB | lic
🔶 Pred  142 ms Sync   23 ms | Sent   864 kB Recv  1191 kB | ating
🔶 Pred  141 ms Sync   26 ms | Sent   864 kB Recv  1191 kB | .
🔶 Pred  143 ms Sync   20 ms | Sent   864 kB Recv  1191 kB |  Let
🔶 Pred  142 ms Sync   20 ms | Sent   864 kB Recv  1191 kB |  me
🔶 Pred  141 ms Sync   31 ms | Sent   864 kB Recv  1191 kB |  think
🔶 Pred  142 ms Sync   25 ms | Sent   864 kB Recv  1191 kB |  about
🔶 Pred  141 ms Sync   34 ms | Sent   864 kB Recv  1191 kB |  the
🔶 Pred  143 ms Sync   26 ms | Sent   864 kB Recv  1191 kB |  initial
🔶 Pred  142 ms Sync   30 ms | Sent   864 kB Recv  1191 kB |  structure
🔶 Pred  142 ms Sync   26 ms | Sent   864 kB Recv  1191 kB | .


🔶 Pred  158 ms Sync   31 ms | Sent   864 kB Recv  1191 kB | The
🔶 Pred  250 ms Sync   38 ms | Sent   864 kB Recv  1191 kB |  root
🔶 Pred  167 ms Sync   47 ms | Sent   864 kB Recv  1191 kB |  is
🔶 Pred  155 ms Sync   54 ms | Sent   864 kB Recv  1191 kB |  node
🔶 Pred  142 ms Sync   42 ms | Sent   864 kB Recv  1191 kB |  
🔶 Pred  147 ms Sync   22 ms | Sent   864 kB Recv  1191 kB | 0
🔶 Pred  146 ms Sync   23 ms | Sent   864 kB Recv  1191 kB | ,
🔶 Pred  142 ms Sync   31 ms | Sent   864 kB Recv  1191 kB |  with
🔶 Pred  141 ms Sync   25 ms | Sent   864 kB Recv  1191 kB |  key
🔶 Pred  141 ms Sync   32 ms | Sent   864 kB Recv  1191 kB |  None
🔶 Pred  141 ms Sync   33 ms | Sent   864 kB Recv  1191 kB | ,
🔶 Pred  141 ms Sync   29 ms | Sent   864 kB Recv  1191 kB |  and
🔶 Pred  142 ms Sync   27 ms | Sent   864 kB Recv  1191 kB |  left
🔶 Pred  141 ms Sync   27 ms | Sent   864 kB Recv  1191 kB |  and
🔶 Pred  142 ms Sync   28 ms | Sent   864 kB Recv  1191 kB |  right
🔶 Pred  141 ms Sync   28 ms | Sent   864 kB Recv  1191 kB |  children
🔶 Pred  142 ms Sync   26 ms | Sent   864 kB Recv  1191 kB |  as
🔶 Pred  143 ms Sync   22 ms | Sent   864 kB Recv  1191 kB |  None
🔶 Pred  195 ms Sync  108 ms | Sent   864 kB Recv  1191 kB | .


🔶 Pred  143 ms Sync   30 ms | Sent   864 kB Recv  1191 kB | When
🔶 Pred  161 ms Sync   70 ms | Sent   864 kB Recv  1191 kB |  inserting
🔶 Pred  141 ms Sync   23 ms | Sent   864 kB Recv  1191 kB |  the
🔶 Pred  142 ms Sync   53 ms | Sent   864 kB Recv  1191 kB |  first
🔶 Pred  143 ms Sync   22 ms | Sent   864 kB Recv  1191 kB |  key
🔶 Pred  141 ms Sync   34 ms | Sent   864 kB Recv  1191 kB | ,
🔶 Pred  152 ms Sync   30 ms | Sent   864 kB Recv  1191 kB |  say
🔶 Pred  141 ms Sync   26 ms | Sent   864 kB Recv  1191 kB |  
🔶 Pred  232 ms Sync   23 ms | Sent   864 kB Recv  1191 kB | 10
🔶 Pred  143 ms Sync   23 ms | Sent   864 kB Recv  1191 kB | ,
🔶 Pred  140 ms Sync   29 ms | Sent   864 kB Recv  1191 kB |  we
🔶 Pred  143 ms Sync   22 ms | Sent   864 kB Recv  1191 kB |  start
🔶 Pred  143 ms Sync   25 ms | Sent   864 kB Recv  1191 kB |  at
🔶 Pred  143 ms Sync   26 ms | Sent   864 kB Recv  1191 kB |  node
🔶 Pred  142 ms Sync   24 ms | Sent   864 kB Recv  1191 kB |  
🔶 Pred  189 ms Sync   98 ms | Sent   864 kB Recv  1191 kB | 0
🔶 Pred  163 ms Sync   47 ms | Sent   864 kB Recv  1191 kB | .
🔶 Pred  144 ms Sync   28 ms | Sent   864 kB Recv  1191 kB |  Since
🔶 Pred  140 ms Sync   26 ms | Sent   864 kB Recv  1191 kB |  node
🔶 Pred  143 ms Sync   30 ms | Sent   864 kB Recv  1191 kB |  
🔶 Pred  142 ms Sync   28 ms | Sent   864 kB Recv  1191 kB | 0
🔶 Pred  143 ms Sync   22 ms | Sent   864 kB Recv  1191 kB |  has
🔶 Pred  143 ms Sync   24 ms | Sent   864 kB Recv  1191 kB |  no
🔶 Pred  142 ms Sync   23 ms | Sent   864 kB Recv  1191 kB |  left
🔶 Pred  142 ms Sync   19 ms | Sent   864 kB Recv  1191 kB |  or
🔶 Pred  143 ms Sync   27 ms | Sent   864 kB Recv  1191 kB |  right
🔶 Pred  141 ms Sync   26 ms | Sent   864 kB Recv  1191 kB |  child
🔶 Pred  143 ms Sync   31 ms | Sent   864 kB Recv  1191 kB | ,
🔶 Pred  143 ms Sync   31 ms | Sent   864 kB Recv  1191 kB |  we
🔶 Pred  144 ms Sync   29 ms | Sent   864 kB Recv  1191 kB |  create
🔶 Pred  146 ms Sync   55 ms | Sent   864 kB Recv  1191 kB |  a
🔶 Pred  144 ms Sync   22 ms | Sent   864 kB Recv  1191 kB |  new
🔶 Pred  173 ms Sync   50 ms | Sent   864 kB Recv  1191 kB |  node
🔶 Pred  175 ms Sync   58 ms | Sent   864 kB Recv  1191 kB | ,
🔶 Pred  162 ms Sync   55 ms | Sent   864 kB Recv  1191 kB |  say
🔶 Pred  195 ms Sync   21 ms | Sent   864 kB Recv  1191 kB |  node
🔶 Pred  200 ms Sync   21 ms | Sent   864 kB Recv  1191 kB |  
🔶 Pred  143 ms Sync   19 ms | Sent   864 kB Recv  1191 kB | 1
🔶 Pred  141 ms Sync   23 ms | Sent   864 kB Recv  1191 kB | ,
🔶 Pred  143 ms Sync   32 ms | Sent   864 kB Recv  1191 kB |  with
🔶 Pred  144 ms Sync   22 ms | Sent   864 kB Recv  1191 kB |  key
🔶 Pred  142 ms Sync   32 ms | Sent   864 kB Recv  1191 kB |  
🔶 Pred  143 ms Sync   27 ms | Sent   864 kB Recv  1191 kB | 10
🔶 Pred  143 ms Sync   28 ms | Sent   864 kB Recv  1191 kB | ,
🔶 Pred  144 ms Sync   28 ms | Sent   864 kB Recv  1191 kB |  parent
🔶 Pred  142 ms Sync   54 ms | Sent   864 kB Recv  1191 kB |  
🔶 Pred  142 ms Sync   23 ms | Sent   864 kB Recv  1191 kB | 0
🔶 Pred  154 ms Sync   29 ms | Sent   864 kB Recv  1191 kB | ,
🔶 Pred  258 ms Sync   86 ms | Sent   864 kB Recv  1191 kB |  and
🔶 Pred  160 ms Sync   46 ms | Sent   864 kB Recv  1191 kB |  add
🔶 Pred  144 ms Sync   25 ms | Sent   864 kB Recv  1191 kB |  it
🔶 Pred  144 ms Sync   27 ms | Sent   864 kB Recv  1191 kB |  to
🔶 Pred  143 ms Sync   27 ms | Sent   864 kB Recv  1191 kB |  node
🔶 Pred  142 ms Sync   24 ms | Sent   864 kB Recv  1191 kB |  
🔶 Pred  143 ms Sync   27 ms | Sent   864 kB Recv  1191 kB | 0
🔶 Pred  143 ms Sync   31 ms | Sent   864 kB Recv  1191 kB | 's
🔶 Pred  142 ms Sync   32 ms | Sent   864 kB Recv  1191 kB |  left
🔶 Pred  144 ms Sync   24 ms | Sent   864 kB Recv  1191 kB |  child
🔶 Pred  144 ms Sync   25 ms | Sent   864 kB Recv  1191 kB | .


🔶 Pred  143 ms Sync   26 ms | Sent   864 kB Recv  1191 kB | Then
🔶 Pred  153 ms Sync   37 ms | Sent   864 kB Recv  1191 kB | ,
🔶 Pred  141 ms Sync   27 ms | Sent   864 kB Recv  1191 kB |  node
🔶 Pred  177 ms Sync   50 ms | Sent   864 kB Recv  1191 kB |  
🔶 Pred  219 ms Sync   93 ms | Sent   864 kB Recv  1191 kB | 0
🔶 Pred  146 ms Sync   17 ms | Sent   864 kB Recv  1191 kB | 's
🔶 Pred  160 ms Sync   42 ms | Sent   864 kB Recv  1191 kB |  left
🔶 Pred  143 ms Sync   22 ms | Sent   864 kB Recv  1191 kB |  is
🔶 Pred  144 ms Sync   52 ms | Sent   864 kB Recv  1191 kB |  node
🔶 Pred  143 ms Sync   20 ms | Sent   864 kB Recv  1191 kB |  
🔶 Pred  144 ms Sync   28 ms | Sent   864 kB Recv  1191 kB | 1
🔶 Pred  142 ms Sync   21 ms | Sent   864 kB Recv  1191 kB | ,
🔶 Pred  145 ms Sync   28 ms | Sent   864 kB Recv  1191 kB |  and
🔶 Pred  144 ms Sync   28 ms | Sent   864 kB Recv  1191 kB |  node
🔶 Pred  148 ms Sync   29 ms | Sent   864 kB Recv  1191 kB |  
🔶 Pred  144 ms Sync   37 ms | Sent   864 kB Recv  1191 kB | 1
🔶 Pred  142 ms Sync   32 ms | Sent   864 kB Recv  1191 kB | 's
🔶 Pred  143 ms Sync   31 ms | Sent   864 kB Recv  1191 kB |  parent
🔶 Pred  142 ms Sync   28 ms | Sent   864 kB Recv  1191 kB |  is
🔶 Pred  143 ms Sync   25 ms | Sent   864 kB Recv  1191 kB |  
🔶 Pred  173 ms Sync   25 ms | Sent   864 kB Recv  1191 kB | 0
🔶 Pred  176 ms Sync   52 ms | Sent   864 kB Recv  1191 kB | .


🔶 Pred  154 ms Sync   50 ms | Sent   864 kB Recv  1191 kB | Now
🔶 Pred  146 ms Sync   17 ms | Sent   864 kB Recv  1191 kB | ,
🔶 Pred  150 ms Sync   29 ms | Sent   864 kB Recv  1191 kB |  when
🔶 Pred  143 ms Sync   27 ms | Sent   864 kB Recv  1191 kB |  inserting
🔶 Pred  143 ms Sync   53 ms | Sent   864 kB Recv  1191 kB |  the
🔶 Pred  142 ms Sync   25 ms | Sent   864 kB Recv  1191 kB |  next
🔶 Pred  143 ms Sync   23 ms | Sent   864 kB Recv  1191 kB |  key
🔶 Pred  143 ms Sync   31 ms | Sent   864 kB Recv  1191 kB | ,
🔶 Pred  221 ms Sync   21 ms | Sent   864 kB Recv  1191 kB |  say
🔶 Pred  147 ms Sync   17 ms | Sent   864 kB Recv  1191 kB |  
🔶 Pred  143 ms Sync   27 ms | Sent   864 kB Recv  1191 kB | 5
🔶 Pred  142 ms Sync   29 ms | Sent   864 kB Recv  1191 kB | ,
🔶 Pred  143 ms Sync   24 ms | Sent   864 kB Recv  1191 kB |  we
🔶 Pred  143 ms Sync   32 ms | Sent   864 kB Recv  1191 kB |  start
🔶 Pred  162 ms Sync   38 ms | Sent   864 kB Recv  1191 kB |  at
🔶 Pred  184 ms Sync   80 ms | Sent   864 kB Recv  1191 kB |  node
🔶 Pred  150 ms Sync   49 ms | Sent   864 kB Recv  1191 kB |  
🔶 Pred  143 ms Sync   27 ms | Sent   864 kB Recv  1191 kB | 0
🔶 Pred  143 ms Sync   28 ms | Sent   864 kB Recv  1191 kB | .
🔶 Pred  144 ms Sync   24 ms | Sent   864 kB Recv  1191 kB |  Since
🔶 Pred  142 ms Sync   27 ms | Sent   864 kB Recv  1191 kB |  
🔶 Pred  142 ms Sync   29 ms | Sent   864 kB Recv  1191 kB | 5
🔶 Pred  144 ms Sync   22 ms | Sent   864 kB Recv  1191 kB |  is
🔶 Pred  143 ms Sync   26 ms | Sent   864 kB Recv  1191 kB |  less
🔶 Pred  143 ms Sync   33 ms | Sent   864 kB Recv  1191 kB |  than
🔶 Pred  143 ms Sync   32 ms | Sent   864 kB Recv  1191 kB |  
🔶 Pred  143 ms Sync   24 ms | Sent   864 kB Recv  1191 kB | 10
🔶 Pred  144 ms Sync   28 ms | Sent   864 kB Recv  1191 kB |  (
🔶 Pred  144 ms Sync   27 ms | Sent   864 kB Recv  1191 kB | node
🔶 Pred  142 ms Sync   29 ms | Sent   864 kB Recv  1191 kB |  
🔶 Pred  144 ms Sync   35 ms | Sent   864 kB Recv  1191 kB | 0
🔶 Pred  210 ms Sync   98 ms | Sent   864 kB Recv  1191 kB | 's
🔶 Pred  146 ms Sync   32 ms | Sent   864 kB Recv  1191 kB |  key
🔶 Pred  163 ms Sync   62 ms | Sent   864 kB Recv  1191 kB |  is
🔶 Pred  182 ms Sync   36 ms | Sent   864 kB Recv  1191 kB |  None
🔶 Pred  259 ms Sync   27 ms | Sent   864 kB Recv  1191 kB | ,
🔶 Pred  144 ms Sync   24 ms | Sent   864 kB Recv  1191 kB |  but
🔶 Pred  144 ms Sync   20 ms | Sent   864 kB Recv  1191 kB |  perhaps
🔶 Pred  144 ms Sync   24 ms | Sent   864 kB Recv  1191 kB |  we
🔶 Pred  142 ms Sync   29 ms | Sent   864 kB Recv  1191 kB |  treat
🔶 Pred  143 ms Sync   25 ms | Sent   864 kB Recv  1191 kB |  it
🔶 Pred  143 ms Sync   30 ms | Sent   864 kB Recv  1191 kB |  as
🔶 Pred  143 ms Sync   25 ms | Sent   864 kB Recv  1191 kB |  
🔶 Pred  144 ms Sync   29 ms | Sent   864 kB Recv  1191 kB | 0
🔶 Pred  142 ms Sync   25 ms | Sent   864 kB Recv  1191 kB | ?),
🔶 Pred  146 ms Sync   28 ms | Sent   864 kB Recv  1191 kB |  wait
🔶 Pred  144 ms Sync   27 ms | Sent   864 kB Recv  1191 kB | ,
🔶 Pred  191 ms Sync   90 ms | Sent   864 kB Recv  1191 kB |  no
🔶 Pred  158 ms Sync   60 ms | Sent   864 kB Recv  1191 kB | ,
🔶 Pred  143 ms Sync   24 ms | Sent   864 kB Recv  1191 kB |  node
🔶 Pred  145 ms Sync   27 ms | Sent   864 kB Recv  1191 kB |  
🔶 Pred  143 ms Sync   32 ms | Sent   864 kB Recv  1191 kB | 0
🔶 Pred  144 ms Sync   23 ms | Sent   864 kB Recv  1191 kB | 's
🔶 Pred  142 ms Sync   34 ms | Sent   864 kB Recv  1191 kB |  key
🔶 Pred  143 ms Sync   29 ms | Sent   864 kB Recv  1191 kB |  is
🔶 Pred  143 ms Sync   25 ms | Sent   864 kB Recv  1191 kB |  None
🔶 Pred  145 ms Sync   25 ms | Sent   864 kB Recv  1191 kB | ,
🔶 Pred  144 ms Sync   29 ms | Sent   864 kB Recv  1191 kB |  so
🔶 Pred  144 ms Sync   27 ms | Sent   864 kB Recv  1191 kB |  how
🔶 Pred  144 ms Sync   26 ms | Sent   864 kB Recv  1191 kB |  do
🔶 Pred  144 ms Sync   29 ms | Sent   864 kB Recv  1191 kB |  we
🔶 Pred  162 ms Sync   31 ms | Sent   864 kB Recv  1191 kB |  compare
🔶 Pred  253 ms Sync   57 ms | Sent   864 kB Recv  1191 kB | ?


🔶 Pred  168 ms Sync   43 ms | Sent   864 kB Recv  1191 kB | Hmm
🔶 Pred  159 ms Sync   57 ms | Sent   864 kB Recv  1191 kB | ,
🔶 Pred  143 ms Sync   22 ms | Sent   864 kB Recv  1191 kB |  perhaps
🔶 Pred  144 ms Sync   28 ms | Sent   864 kB Recv  1191 kB |  the
🔶 Pred  144 ms Sync   28 ms | Sent   864 kB Recv  1191 kB |  root
🔶 Pred  142 ms Sync   28 ms | Sent   864 kB Recv  1191 kB | 's
🔶 Pred  143 ms Sync   30 ms | Sent   864 kB Recv  1191 kB |  key
🔶 Pred  145 ms Sync   31 ms | Sent   864 kB Recv  1191 kB |  is
🔶 Pred  144 ms Sync   55 ms | Sent   864 kB Recv  1191 kB |  a
🔶 Pred  144 ms Sync   23 ms | Sent   864 kB Recv  1191 kB |  dummy
🔶 Pred  144 ms Sync   30 ms | Sent   864 kB Recv  1191 kB |  value
🔶 Pred  143 ms Sync   33 ms | Sent   864 kB Recv  1191 kB | ,
🔶 Pred  145 ms Sync   32 ms | Sent   864 kB Recv  1191 kB |  and
🔶 Pred  146 ms Sync   28 ms | Sent   864 kB Recv  1191 kB |  the
🔶 Pred  149 ms Sync   51 ms | Sent   864 kB Recv  1191 kB |  actual
🔶 Pred  157 ms Sync   35 ms | Sent   864 kB Recv  1191 kB |  keys
🔶 Pred  179 ms Sync   86 ms | Sent   864 kB Recv  1191 kB |  are
🔶 Pred  156 ms Sync   49 ms | Sent   864 kB Recv  1191 kB |  in
🔶 Pred  145 ms Sync   21 ms | Sent   864 kB Recv  1191 kB |  its
🔶 Pred  143 ms Sync   31 ms | Sent   864 kB Recv  1191 kB |  children
🔶 Pred  145 ms Sync   33 ms | Sent   864 kB Recv  1191 kB | .
🔶 Pred  145 ms Sync   27 ms | Sent   864 kB Recv  1191 kB |  So
🔶 Pred  159 ms Sync   39 ms | Sent   864 kB Recv  1191 kB | ,
🔶 Pred  144 ms Sync   26 ms | Sent   864 kB Recv  1191 kB |  the
🔶 Pred  172 ms Sync   48 ms | Sent   864 kB Recv  1191 kB |  root
🔶 Pred  187 ms Sync   28 ms | Sent   864 kB Recv  1191 kB | 's
🔶 Pred  146 ms Sync   22 ms | Sent   864 kB Recv  1191 kB |  key
🔶 Pred  143 ms Sync   27 ms | Sent   864 kB Recv  1191 kB |  is
🔶 Pred  146 ms Sync   28 ms | Sent   864 kB Recv  1191 kB |  None
🔶 Pred  144 ms Sync   29 ms | Sent   864 kB Recv  1191 kB | ,
🔶 Pred  144 ms Sync   32 ms | Sent   864 kB Recv  1191 kB |  and
🔶 Pred  208 ms Sync   74 ms | Sent   864 kB Recv  1191 kB |  its
🔶 Pred  144 ms Sync   28 ms | Sent   864 kB Recv  1191 kB |  left
🔶 Pred  166 ms Sync   50 ms | Sent   864 kB Recv  1191 kB |  child
🔶 Pred  144 ms Sync   25 ms | Sent   864 kB Recv  1191 kB |  holds
🔶 Pred  145 ms Sync   22 ms | Sent   864 kB Recv  1191 kB |  the
🔶 Pred  143 ms Sync   31 ms | Sent   864 kB Recv  1191 kB |  first
🔶 Pred  143 ms Sync   26 ms | Sent   864 kB Recv  1191 kB |  key
🔶 Pred  142 ms Sync   25 ms | Sent   864 kB Recv  1191 kB | ,
🔶 Pred  144 ms Sync   28 ms | Sent   864 kB Recv  1191 kB |  and
🔶 Pred  144 ms Sync   55 ms | Sent   864 kB Recv  1191 kB |  the
🔶 Pred  145 ms Sync   21 ms | Sent   864 kB Recv  1191 kB |  right
🔶 Pred  144 ms Sync   28 ms | Sent   864 kB Recv  1191 kB |  child
🔶 Pred  145 ms Sync   25 ms | Sent   864 kB Recv  1191 kB |  holds
🔶 Pred  145 ms Sync   33 ms | Sent   864 kB Recv  1191 kB |  the
🔶 Pred  145 ms Sync   26 ms | Sent   864 kB Recv  1191 kB |  next
🔶 Pred  146 ms Sync   25 ms | Sent   864 kB Recv  1191 kB | ,
🔶 Pred  146 ms Sync   54 ms | Sent   864 kB Recv  1191 kB |  etc
🔶 Pred  195 ms Sync   88 ms | Sent   864 kB Recv  1191 kB | .


🔶 Pred  151 ms Sync   44 ms | Sent   864 kB Recv  1191 kB | Wait
🔶 Pred  144 ms Sync   35 ms | Sent   864 kB Recv  1191 kB | ,
🔶 Pred  216 ms Sync   26 ms | Sent   864 kB Recv  1191 kB |  but
🔶 Pred  144 ms Sync   30 ms | Sent   864 kB Recv  1191 kB |  that
🔶 Pred  145 ms Sync   27 ms | Sent   864 kB Recv  1191 kB |  might
🔶 Pred  144 ms Sync   26 ms | Sent   864 kB Recv  1191 kB |  not
🔶 Pred  148 ms Sync   26 ms | Sent   864 kB Recv  1191 kB |  align
🔶 Pred  150 ms Sync   28 ms | Sent   864 kB Recv  1191 kB |  with
🔶 Pred  147 ms Sync   29 ms | Sent   864 kB Recv  1191 kB |  the
🔶 Pred  145 ms Sync   30 ms | Sent   864 kB Recv  1191 kB |  B
🔶 Pred  145 ms Sync   36 ms | Sent   864 kB Recv  1191 kB | -tree
🔶 Pred  145 ms Sync   57 ms | Sent   864 kB Recv  1191 kB |  structure
🔶 Pred  154 ms Sync   21 ms | Sent   864 kB Recv  1191 kB | ,
🔶 Pred  147 ms Sync   26 ms | Sent   864 kB Recv  1191 kB |  where
🔶 Pred  206 ms Sync  119 ms | Sent   864 kB Recv  1191 kB |  each
🔶 Pred  189 ms Sync   23 ms | Sent   864 kB Recv  1191 kB |  node
🔶 Pred  242 ms Sync   26 ms | Sent   864 kB Recv  1191 kB | 's
🔶 Pred  146 ms Sync   29 ms | Sent   864 kB Recv  1191 kB |  key
🔶 Pred  145 ms Sync   28 ms | Sent   864 kB Recv  1191 kB |  is
🔶 Pred  145 ms Sync   24 ms | Sent   864 kB Recv  1191 kB |  part
🔶 Pred  144 ms Sync   29 ms | Sent   864 kB Recv  1191 kB |  of
🔶 Pred  146 ms Sync   21 ms | Sent   864 kB Recv  1191 kB |  its
🔶 Pred  145 ms Sync   27 ms | Sent   864 kB Recv  1191 kB |  data
🔶 Pred  146 ms Sync   52 ms | Sent   864 kB Recv  1191 kB | .


🔶 Pred  145 ms Sync   24 ms | Sent   864 kB Recv  1191 kB | Alternatively
🔶 Pred  157 ms Sync   23 ms | Sent   864 kB Recv  1191 kB | ,
🔶 Pred  145 ms Sync   48 ms | Sent   864 kB Recv  1191 kB |  the
🔶 Pred  146 ms Sync   23 ms | Sent   864 kB Recv  1191 kB |  root
🔶 Pred  190 ms Sync   32 ms | Sent   864 kB Recv  1191 kB | 's
🔶 Pred  226 ms Sync  126 ms | Sent   864 kB Recv  1191 kB |  key
🔶 Pred  150 ms Sync   22 ms | Sent   864 kB Recv  1191 kB |  is
🔶 Pred  172 ms Sync   35 ms | Sent   864 kB Recv  1191 kB |  the
🔶 Pred  146 ms Sync   21 ms | Sent   864 kB Recv  1191 kB |  first
🔶 Pred  146 ms Sync   25 ms | Sent   864 kB Recv  1191 kB |  key
🔶 Pred  145 ms Sync   23 ms | Sent   864 kB Recv  1191 kB | ,
🔶 Pred  145 ms Sync   25 ms | Sent   864 kB Recv  1191 kB |  and
🔶 Pred  145 ms Sync   30 ms | Sent   864 kB Recv  1191 kB |  its
🔶 Pred  145 ms Sync   28 ms | Sent   864 kB Recv  1191 kB |  left
🔶 Pred  147 ms Sync   18 ms | Sent   864 kB Recv  1191 kB |  and
🔶 Pred  145 ms Sync   54 ms | Sent   864 kB Recv  1191 kB |  right
🔶 Pred  145 ms Sync   25 ms | Sent   864 kB Recv  1191 kB |  children
🔶 Pred  145 ms Sync   25 ms | Sent   864 kB Recv  1191 kB |  hold
🔶 Pred  146 ms Sync   26 ms | Sent   864 kB Recv  1191 kB |  the
🔶 Pred  145 ms Sync   26 ms | Sent   864 kB Recv  1191 kB |  next
🔶 Pred  145 ms Sync   31 ms | Sent   864 kB Recv  1191 kB |  keys
🔶 Pred  155 ms Sync   36 ms | Sent   864 kB Recv  1191 kB |  in
🔶 Pred  180 ms Sync   67 ms | Sent   864 kB Recv  1191 kB |  order
🔶 Pred  160 ms Sync   57 ms | Sent   864 kB Recv  1191 kB | .


🔶 Pred  148 ms Sync   24 ms | Sent   864 kB Recv  1191 kB | Wait
🔶 Pred  149 ms Sync   27 ms | Sent   864 kB Recv  1191 kB | ,
🔶 Pred  147 ms Sync   24 ms | Sent   864 kB Recv  1191 kB |  perhaps
🔶 Pred  147 ms Sync   34 ms | Sent   864 kB Recv  1191 kB |  I
🔶 Pred  145 ms Sync   25 ms | Sent   864 kB Recv  1191 kB |  should
🔶 Pred  144 ms Sync   27 ms | Sent   864 kB Recv  1191 kB |  represent
🔶 Pred  144 ms Sync   48 ms | Sent   864 kB Recv  1191 kB |  the
🔶 Pred  173 ms Sync   19 ms | Sent   864 kB Recv  1191 kB |  root
🔶 Pred  209 ms Sync   18 ms | Sent   864 kB Recv  1191 kB | 's
🔶 Pred  148 ms Sync   27 ms | Sent   864 kB Recv  1191 kB |  key
🔶 Pred  146 ms Sync   27 ms | Sent   864 kB Recv  1191 kB |  as
🔶 Pred  146 ms Sync   30 ms | Sent   864 kB Recv  1191 kB |  the
🔶 Pred  146 ms Sync   26 ms | Sent   864 kB Recv  1191 kB |  first
🔶 Pred  146 ms Sync   31 ms | Sent   864 kB Recv  1191 kB |  key
🔶 Pred  148 ms Sync   24 ms | Sent   864 kB Recv  1191 kB | ,
🔶 Pred  146 ms Sync   28 ms | Sent   864 kB Recv  1191 kB |  and
🔶 Pred  165 ms Sync   85 ms | Sent   864 kB Recv  1191 kB |  then
🔶 Pred  155 ms Sync   53 ms | Sent   864 kB Recv  1191 kB |  each
🔶 Pred  178 ms Sync   93 ms | Sent   864 kB Recv  1191 kB |  child
🔶 Pred  164 ms Sync   70 ms | Sent   864 kB Recv  1191 kB |  holds
🔶 Pred  145 ms Sync   28 ms | Sent   864 kB Recv  1191 kB |  the
🔶 Pred  144 ms Sync   26 ms | Sent   864 kB Recv  1191 kB |  next
🔶 Pred  147 ms Sync   28 ms | Sent   864 kB Recv  1191 kB |  keys
🔶 Pred  144 ms Sync   33 ms | Sent   864 kB Recv  1191 kB |  in
🔶 Pred  146 ms Sync   22 ms | Sent   864 kB Recv  1191 kB |  order
🔶 Pred  145 ms Sync   27 ms | Sent   864 kB Recv  1191 kB | .


🔶 Pred  146 ms Sync   24 ms | Sent   864 kB Recv  1191 kB | Wait
🔶 Pred  146 ms Sync   30 ms | Sent   864 kB Recv  1191 kB | ,
🔶 Pred  149 ms Sync   43 ms | Sent   864 kB Recv  1191 kB |  but
🔶 Pred  145 ms Sync   31 ms | Sent   864 kB Recv  1191 kB |  that
🔶 Pred  172 ms Sync   79 ms | Sent   864 kB Recv  1191 kB |  might
🔶 Pred  181 ms Sync   87 ms | Sent   864 kB Recv  1191 kB |  not
🔶 Pred  218 ms Sync   49 ms | Sent   864 kB Recv  1191 kB |  be
🔶 Pred  178 ms Sync   31 ms | Sent   864 kB Recv  1191 kB |  the
🔶 Pred  146 ms Sync   26 ms | Sent   864 kB Recv  1191 kB |  case
🔶 Pred  145 ms Sync   26 ms | Sent   864 kB Recv  1191 kB | .
🔶 Pred  147 ms Sync   31 ms | Sent   864 kB Recv  1191 kB |  The
🔶 Pred  147 ms Sync   24 ms | Sent   864 kB Recv  1191 kB |  root
🔶 Pred  147 ms Sync   33 ms | Sent   864 kB Recv  1191 kB |  can
🔶 Pred  146 ms Sync   29 ms | Sent   864 kB Recv  1191 kB |  have
🔶 Pred  146 ms Sync   37 ms | Sent   864 kB Recv  1191 kB |  up
🔶 Pred  147 ms Sync   24 ms | Sent   864 kB Recv  1191 kB |  to
🔶 Pred  149 ms Sync   27 ms | Sent   864 kB Recv  1191 kB |  k
🔶 Pred  148 ms Sync   56 ms | Sent   864 kB Recv  1191 kB |  keys
🔶 Pred  150 ms Sync   29 ms | Sent   864 kB Recv  1191 kB | ,
🔶 Pred  163 ms Sync   48 ms | Sent   864 kB Recv  1191 kB |  so
🔶 Pred  185 ms Sync   96 ms | Sent   864 kB Recv  1191 kB |  the
🔶 Pred  147 ms Sync   26 ms | Sent   864 kB Recv  1191 kB |  root
🔶 Pred  163 ms Sync   65 ms | Sent   864 kB Recv  1191 kB |  itself
🔶 Pred  146 ms Sync   32 ms | Sent   864 kB Recv  1191 kB |  can
🔶 Pred  144 ms Sync   30 ms | Sent   864 kB Recv  1191 kB |  have
🔶 Pred  145 ms Sync   31 ms | Sent   864 kB Recv  1191 kB |  multiple
🔶 Pred  147 ms Sync   29 ms | Sent   864 kB Recv  1191 kB |  keys
🔶 Pred  145 ms Sync   26 ms | Sent   864 kB Recv  1191 kB | ,
🔶 Pred  145 ms Sync   24 ms | Sent   864 kB Recv  1191 kB |  and
🔶 Pred  146 ms Sync   25 ms | Sent   864 kB Recv  1191 kB |  each
🔶 Pred  145 ms Sync   38 ms | Sent   864 kB Recv  1191 kB |  of
🔶 Pred  146 ms Sync   28 ms | Sent   864 kB Recv  1191 kB |  those
🔶 Pred  145 ms Sync   34 ms | Sent   864 kB Recv  1191 kB |  keys
🔶 Pred  173 ms Sync   20 ms | Sent   864 kB Recv  1191 kB |  can
🔶 Pred  237 ms Sync   63 ms | Sent   864 kB Recv  1191 kB |  have
🔶 Pred  266 ms Sync   28 ms | Sent   864 kB Recv  1191 kB |  their
🔶 Pred  164 ms Sync   60 ms | Sent   864 kB Recv  1191 kB |  own
🔶 Pred  148 ms Sync   29 ms | Sent   864 kB Recv  1191 kB |  left
🔶 Pred  147 ms Sync   31 ms | Sent   864 kB Recv  1191 kB |  and
🔶 Pred  146 ms Sync   55 ms | Sent   864 kB Recv  1191 kB |  right
🔶 Pred  145 ms Sync   29 ms | Sent   864 kB Recv  1191 kB |  children
🔶 Pred  146 ms Sync   24 ms | Sent   864 kB Recv  1191 kB | .


🔶 Pred  146 ms Sync   23 ms | Sent   864 kB Recv  1191 kB | Wait
🔶 Pred  147 ms Sync   25 ms | Sent   864 kB Recv  1191 kB | ,
🔶 Pred  147 ms Sync   30 ms | Sent   864 kB Recv  1191 kB |  perhaps
🔶 Pred  146 ms Sync   31 ms | Sent   864 kB Recv  1191 kB |  I
🔶 Pred  148 ms Sync   29 ms | Sent   864 kB Recv  1191 kB | 'm
🔶 Pred  145 ms Sync   35 ms | Sent   864 kB Recv  1191 kB |  getting
🔶 Pred  146 ms Sync   31 ms | Sent   864 kB Recv  1191 kB |  stuck
🔶 Pred  153 ms Sync   25 ms | Sent   864 kB Recv  1191 kB |  on
🔶 Pred  162 ms Sync   56 ms | Sent   864 kB Recv  1191 kB |  the
🔶 Pred  195 ms Sync   59 ms | Sent   864 kB Recv  1191 kB |  structure
🔶 Pred  150 ms Sync   55 ms | Sent   864 kB Recv  1191 kB | .
🔶 Pred  165 ms Sync   39 ms | Sent   864 kB Recv  1191 kB |  Let
🔶 Pred  148 ms Sync   22 ms | Sent   864 kB Recv  1191 kB |  me
🔶 Pred  147 ms Sync   27 ms | Sent   864 kB Recv  1191 kB |  try
🔶 Pred  144 ms Sync   33 ms | Sent   864 kB Recv  1191 kB |  to
🔶 Pred  147 ms Sync   25 ms | Sent   864 kB Recv  1191 kB |  outline
🔶 Pred  204 ms Sync   18 ms | Sent   864 kB Recv  1191 kB |  the
🔶 Pred  178 ms Sync   24 ms | Sent   864 kB Recv  1191 kB |  steps
🔶 Pred  150 ms Sync   22 ms | Sent   864 kB Recv  1191 kB |  for
🔶 Pred  147 ms Sync   28 ms | Sent   864 kB Recv  1191 kB |  insertion
🔶 Pred  146 ms Sync   27 ms | Sent   864 kB Recv  1191 kB |  again
🔶 Pred  146 ms Sync   37 ms | Sent   864 kB Recv  1191 kB | .


🔶 Pred  147 ms Sync   26 ms | Sent   864 kB Recv  1191 kB | When
🔶 Pred  219 ms Sync   91 ms | Sent   864 kB Recv  1191 kB |  inserting
🔶 Pred  146 ms Sync   23 ms | Sent   864 kB Recv  1191 kB |  a
🔶 Pred  169 ms Sync   65 ms | Sent   864 kB Recv  1191 kB |  key
🔶 Pred  148 ms Sync   29 ms | Sent   864 kB Recv  1191 kB | :


🔶 Pred  147 ms Sync   31 ms | Sent   864 kB Recv  1191 kB | 1
🔶 Pred  146 ms Sync   29 ms | Sent   864 kB Recv  1191 kB | .
🔶 Pred  146 ms Sync   57 ms | Sent   864 kB Recv  1191 kB |  Start
🔶 Pred  146 ms Sync   21 ms | Sent   864 kB Recv  1191 kB |  at
🔶 Pred  145 ms Sync   28 ms | Sent   864 kB Recv  1191 kB |  the
🔶 Pred  145 ms Sync   27 ms | Sent   864 kB Recv  1191 kB |  root
🔶 Pred  146 ms Sync   55 ms | Sent   864 kB Recv  1191 kB |  node
🔶 Pred  149 ms Sync   22 ms | Sent   864 kB Recv  1191 kB | .

🔶 Pred  145 ms Sync   31 ms | Sent   864 kB Recv  1191 kB | 2
🔶 Pred  146 ms Sync   28 ms | Sent   864 kB Recv  1191 kB | .
🔶 Pred  147 ms Sync   21 ms | Sent   864 kB Recv  1191 kB |  If
🔶 Pred  146 ms Sync   66 ms | Sent   864 kB Recv  1191 kB |  the
🔶 Pred  216 ms Sync   75 ms | Sent   864 kB Recv  1191 kB |  root
🔶 Pred  148 ms Sync   24 ms | Sent   864 kB Recv  1191 kB |  has
🔶 Pred  194 ms Sync   53 ms | Sent   864 kB Recv  1191 kB |  no
🔶 Pred  190 ms Sync   21 ms | Sent   864 kB Recv  1191 kB |  left
🔶 Pred  147 ms Sync   30 ms | Sent   864 kB Recv  1191 kB |  or
🔶 Pred  148 ms Sync   22 ms | Sent   864 kB Recv  1191 kB |  right
🔶 Pred  145 ms Sync   33 ms | Sent   864 kB Recv  1191 kB |  child
🔶 Pred  146 ms Sync   29 ms | Sent   864 kB Recv  1191 kB | ,
🔶 Pred  144 ms Sync   29 ms | Sent   864 kB Recv  1191 kB |  create
🔶 Pred  147 ms Sync   25 ms | Sent   864 kB Recv  1191 kB |  a
🔶 Pred  145 ms Sync   36 ms | Sent   864 kB Recv  1191 kB |  new
🔶 Pred  147 ms Sync   28 ms | Sent   864 kB Recv  1191 kB |  node
🔶 Pred  146 ms Sync   24 ms | Sent   864 kB Recv  1191 kB |  with
🔶 Pred  147 ms Sync   28 ms | Sent   864 kB Recv  1191 kB |  the
🔶 Pred  147 ms Sync   25 ms | Sent   864 kB Recv  1191 kB |  key
🔶 Pred  147 ms Sync   29 ms | Sent   864 kB Recv  1191 kB | ,
🔶 Pred  166 ms Sync  105 ms | Sent   864 kB Recv  1191 kB |  set
🔶 Pred  185 ms Sync   86 ms | Sent   864 kB Recv  1191 kB |  its
🔶 Pred  149 ms Sync   56 ms | Sent   864 kB Recv  1191 kB |  parent
🔶 Pred  170 ms Sync   57 ms | Sent   864 kB Recv  1191 kB |  to
🔶 Pred  148 ms Sync   26 ms | Sent   864 kB Recv  1191 kB |  the
🔶 Pred  147 ms Sync   24 ms | Sent   864 kB Recv  1191 kB |  root
🔶 Pred  146 ms Sync   30 ms | Sent   864 kB Recv  1191 kB | ,
🔶 Pred  146 ms Sync   27 ms | Sent   864 kB Recv  1191 kB |  and
🔶 Pred  163 ms Sync   46 ms | Sent   864 kB Recv  1191 kB |  add
🔶 Pred  146 ms Sync   28 ms | Sent   864 kB Recv  1191 kB |  it
🔶 Pred  148 ms Sync   27 ms | Sent   864 kB Recv  1191 kB |  to
🔶 Pred  146 ms Sync   28 ms | Sent   864 kB Recv  1191 kB |  the
🔶 Pred  147 ms Sync   36 ms | Sent   864 kB Recv  1191 kB |  appropriate
🔶 Pred  242 ms Sync   27 ms | Sent   864 kB Recv  1191 kB |  child
🔶 Pred  205 ms Sync  147 ms | Sent   864 kB Recv  1191 kB |  (
🔶 Pred  174 ms Sync   57 ms | Sent   864 kB Recv  1191 kB | left
🔶 Pred  146 ms Sync   34 ms | Sent   864 kB Recv  1191 kB |  or
🔶 Pred  147 ms Sync   23 ms | Sent   864 kB Recv  1191 kB |  right
🔶 Pred  147 ms Sync   23 ms | Sent   864 kB Recv  1191 kB | )
🔶 Pred  147 ms Sync   31 ms | Sent   864 kB Recv  1191 kB |  of
🔶 Pred  149 ms Sync   25 ms | Sent   864 kB Recv  1191 kB |  the
🔶 Pred  148 ms Sync   28 ms | Sent   864 kB Recv  1191 kB |  root
🔶 Pred  148 ms Sync   29 ms | Sent   864 kB Recv  1191 kB | .

🔶 Pred  148 ms Sync   42 ms | Sent   864 kB Recv  1191 kB | 3
🔶 Pred  150 ms Sync   26 ms | Sent   864 kB Recv  1191 kB | .
🔶 Pred  147 ms Sync   26 ms | Sent   864 kB Recv  1191 kB |  If
🔶 Pred  146 ms Sync   26 ms | Sent   864 kB Recv  1191 kB |  the
🔶 Pred  145 ms Sync   33 ms | Sent   864 kB Recv  1191 kB |  root
🔶 Pred  146 ms Sync   30 ms | Sent   864 kB Recv  1191 kB |  has
🔶 Pred  147 ms Sync   29 ms | Sent   864 kB Recv  1191 kB |  a
🔶 Pred  147 ms Sync   33 ms | Sent   864 kB Recv  1191 kB |  left
🔶 Pred  168 ms Sync   89 ms | Sent   864 kB Recv  1191 kB |  or
🔶 Pred  196 ms Sync   82 ms | Sent   864 kB Recv  1191 kB |  right
🔶 Pred  148 ms Sync   52 ms | Sent   864 kB Recv  1191 kB |  child
🔶 Pred  174 ms Sync   65 ms | Sent   864 kB Recv  1191 kB | ,
🔶 Pred  146 ms Sync   25 ms | Sent   864 kB Recv  1191 kB |  compare
🔶 Pred  147 ms Sync   31 ms | Sent   864 kB Recv  1191 kB |  the
🔶 Pred  148 ms Sync   24 ms | Sent   864 kB Recv  1191 kB |  new
🔶 Pred  160 ms Sync   28 ms | Sent   864 kB Recv  1191 kB |  key
🔶 Pred  197 ms Sync   24 ms | Sent   864 kB Recv  1191 kB |  with
🔶 Pred  169 ms Sync   30 ms | Sent   864 kB Recv  1191 kB |  the
🔶 Pred  147 ms Sync   29 ms | Sent   864 kB Recv  1191 kB |  root
🔶 Pred  146 ms Sync   36 ms | Sent   864 kB Recv  1191 kB | 's
🔶 Pred  149 ms Sync   20 ms | Sent   864 kB Recv  1191 kB |  key
🔶 Pred  153 ms Sync   69 ms | Sent   864 kB Recv  1191 kB | .
🔶 Pred  193 ms Sync   96 ms | Sent   864 kB Recv  1191 kB |  If
🔶 Pred  162 ms Sync   61 ms | Sent   864 kB Recv  1191 kB |  the
🔶 Pred  148 ms Sync   22 ms | Sent   864 kB Recv  1191 kB |  new
🔶 Pred  146 ms Sync   24 ms | Sent   864 kB Recv  1191 kB |  key
🔶 Pred  147 ms Sync   28 ms | Sent   864 kB Recv  1191 kB |  is
🔶 Pred  147 ms Sync   22 ms | Sent   864 kB Recv  1191 kB |  less
🔶 Pred  147 ms Sync   53 ms | Sent   864 kB Recv  1191 kB |  than
🔶 Pred  147 ms Sync   27 ms | Sent   864 kB Recv  1191 kB |  the
🔶 Pred  148 ms Sync   27 ms | Sent   864 kB Recv  1191 kB |  root
🔶 Pred  148 ms Sync   26 ms | Sent   864 kB Recv  1191 kB | 's
🔶 Pred  148 ms Sync   25 ms | Sent   864 kB Recv  1191 kB |  key
🔶 Pred  148 ms Sync   29 ms | Sent   864 kB Recv  1191 kB | ,
🔶 Pred  148 ms Sync   26 ms | Sent   864 kB Recv  1191 kB |  go
🔶 Pred  147 ms Sync   27 ms | Sent   864 kB Recv  1191 kB |  to
🔶 Pred  146 ms Sync   29 ms | Sent   864 kB Recv  1191 kB |  the
🔶 Pred  146 ms Sync   33 ms | Sent   864 kB Recv  1191 kB |  left
🔶 Pred  194 ms Sync   79 ms | Sent   864 kB Recv  1191 kB |  child
🔶 Pred  190 ms Sync  108 ms | Sent   864 kB Recv  1191 kB | ;
🔶 Pred  245 ms Sync   48 ms | Sent   864 kB Recv  1191 kB |  if
🔶 Pred  148 ms Sync   42 ms | Sent   864 kB Recv  1191 kB |  it
🔶 Pred  146 ms Sync   25 ms | Sent   864 kB Recv  1191 kB | 's
🔶 Pred  146 ms Sync   27 ms | Sent   864 kB Recv  1191 kB |  greater
🔶 Pred  147 ms Sync   28 ms | Sent   864 kB Recv  1191 kB | ,
🔶 Pred  146 ms Sync   25 ms | Sent   864 kB Recv  1191 kB |  go
🔶 Pred  148 ms Sync   29 ms | Sent   864 kB Recv  1191 kB |  to
🔶 Pred  149 ms Sync   25 ms | Sent   864 kB Recv  1191 kB |  the
🔶 Pred  147 ms Sync   32 ms | Sent   864 kB Recv  1191 kB |  right
🔶 Pred  146 ms Sync   72 ms | Sent   864 kB Recv  1191 kB |  child
🔶 Pred  149 ms Sync   22 ms | Sent   864 kB Recv  1191 kB | .

🔶 Pred  146 ms Sync   29 ms | Sent   864 kB Recv  1191 kB | 4
🔶 Pred  149 ms Sync   28 ms | Sent   864 kB Recv  1191 kB | .
🔶 Pred  146 ms Sync   48 ms | Sent   864 kB Recv  1191 kB |  Repeat
🔶 Pred  148 ms Sync   38 ms | Sent   864 kB Recv  1191 kB |  this
🔶 Pred  149 ms Sync   28 ms | Sent   864 kB Recv  1191 kB |  process
🔶 Pred  148 ms Sync   38 ms | Sent   864 kB Recv  1191 kB |  until
🔶 Pred  215 ms Sync   94 ms | Sent   864 kB Recv  1191 kB |  you
🔶 Pred  162 ms Sync   63 ms | Sent   864 kB Recv  1191 kB |  find
🔶 Pred  146 ms Sync   34 ms | Sent   864 kB Recv  1191 kB |  a
🔶 Pred  147 ms Sync   27 ms | Sent   864 kB Recv  1191 kB |  node
🔶 Pred  150 ms Sync   25 ms | Sent   864 kB Recv  1191 kB |  where
🔶 Pred  159 ms Sync   27 ms | Sent   864 kB Recv  1191 kB |  you
🔶 Pred  155 ms Sync   23 ms | Sent   864 kB Recv  1191 kB |  can
🔶 Pred  148 ms Sync   28 ms | Sent   864 kB Recv  1191 kB |  insert
🔶 Pred  147 ms Sync   32 ms | Sent   864 kB Recv  1191 kB |  the
🔶 Pred  150 ms Sync   27 ms | Sent   864 kB Recv  1191 kB |  new
🔶 Pred  148 ms Sync   55 ms | Sent   864 kB Recv  1191 kB |  key
🔶 Pred  151 ms Sync   21 ms | Sent   864 kB Recv  1191 kB | .

🔶 Pred  195 ms Sync   79 ms | Sent   864 kB Recv  1191 kB | 5
🔶 Pred  240 ms Sync   28 ms | Sent   864 kB Recv  1191 kB | .
🔶 Pred  174 ms Sync   47 ms | Sent   864 kB Recv  1191 kB |  Once
🔶 Pred  150 ms Sync   19 ms | Sent   864 kB Recv  1191 kB |  inserted
🔶 Pred  151 ms Sync   25 ms | Sent   864 kB Recv  1191 kB | ,
🔶 Pred  151 ms Sync   28 ms | Sent   864 kB Recv  1191 kB |  check
🔶 Pred  150 ms Sync   26 ms | Sent   864 kB Recv  1191 kB |  if
🔶 Pred  148 ms Sync   26 ms | Sent   864 kB Recv  1191 kB |  this
🔶 Pred  150 ms Sync   25 ms | Sent   864 kB Recv  1191 kB |  node
🔶 Pred  150 ms Sync   31 ms | Sent   864 kB Recv  1191 kB |  has
🔶 Pred  151 ms Sync   24 ms | Sent   864 kB Recv  1191 kB |  exceeded
🔶 Pred  149 ms Sync   27 ms | Sent   864 kB Recv  1191 kB |  the
🔶 Pred  151 ms Sync   25 ms | Sent   864 kB Recv  1191 kB |  maximum
🔶 Pred  151 ms Sync   30 ms | Sent   864 kB Recv  1191 kB |  number
🔶 Pred  151 ms Sync   26 ms | Sent   864 kB Recv  1191 kB |  of
🔶 Pred  217 ms Sync  126 ms | Sent   864 kB Recv  1191 kB |  keys
🔶 Pred  170 ms Sync   80 ms | Sent   864 kB Recv  1191 kB | .
🔶 Pred  151 ms Sync   44 ms | Sent   864 kB Recv  1191 kB |  If
🔶 Pred  150 ms Sync   27 ms | Sent   864 kB Recv  1191 kB |  so
🔶 Pred  161 ms Sync   37 ms | Sent   864 kB Recv  1191 kB | ,
🔶 Pred  149 ms Sync   37 ms | Sent   864 kB Recv  1191 kB |  split
🔶 Pred  150 ms Sync   32 ms | Sent   864 kB Recv  1191 kB |  it
🔶 Pred  148 ms Sync   30 ms | Sent   864 kB Recv  1191 kB |  into
🔶 Pred  168 ms Sync   26 ms | Sent   864 kB Recv  1191 kB |  two
🔶 Pred  221 ms Sync   19 ms | Sent   864 kB Recv  1191 kB |  nodes
🔶 Pred  149 ms Sync   26 ms | Sent   864 kB Recv  1191 kB | ,
🔶 Pred  148 ms Sync   27 ms | Sent   864 kB Recv  1191 kB |  and
🔶 Pred  152 ms Sync   30 ms | Sent   864 kB Recv  1191 kB |  adjust
🔶 Pred  151 ms Sync   28 ms | Sent   864 kB Recv  1191 kB |  the
🔶 Pred  208 ms Sync  107 ms | Sent   864 kB Recv  1191 kB |  parent
🔶 Pred  161 ms Sync   59 ms | Sent   864 kB Recv  1191 kB |  accordingly
🔶 Pred  150 ms Sync   33 ms | Sent   864 kB Recv  1191 kB | .


🔶 Pred  153 ms Sync   25 ms | Sent   864 kB Recv  1191 kB | Wait
🔶 Pred  156 ms Sync   25 ms | Sent   864 kB Recv  1191 kB | ,
🔶 Pred  154 ms Sync   28 ms | Sent   864 kB Recv  1191 kB |  but
🔶 Pred  150 ms Sync   27 ms | Sent   864 kB Recv  1191 kB |  in
🔶 Pred  150 ms Sync   34 ms | Sent   864 kB Recv  1191 kB |  a
🔶 Pred  150 ms Sync   29 ms | Sent   864 kB Recv  1191 kB |  B
🔶 Pred  152 ms Sync   31 ms | Sent   864 kB Recv  1191 kB | -tree
🔶 Pred  150 ms Sync   36 ms | Sent   864 kB Recv  1191 kB | ,
🔶 Pred  151 ms Sync   34 ms | Sent   864 kB Recv  1191 kB |  the
🔶 Pred  151 ms Sync   24 ms | Sent   864 kB Recv  1191 kB |  root
🔶 Pred  151 ms Sync   22 ms | Sent   864 kB Recv  1191 kB |  can
🔶 Pred  150 ms Sync   34 ms | Sent   864 kB Recv  1191 kB |  have
🔶 Pred  152 ms Sync   23 ms | Sent   864 kB Recv  1191 kB |  up
🔶 Pred  192 ms Sync  128 ms | Sent   864 kB Recv  1191 kB |  to
🔶 Pred  162 ms Sync   62 ms | Sent   864 kB Recv  1191 kB |  k
🔶 Pred  230 ms Sync   16 ms | Sent   864 kB Recv  1191 kB |  keys
🔶 Pred  158 ms Sync   20 ms | Sent   864 kB Recv  1191 kB | ,
🔶 Pred  152 ms Sync   27 ms | Sent   864 kB Recv  1191 kB |  so
🔶 Pred  151 ms Sync   27 ms | Sent   864 kB Recv  1191 kB |  when
🔶 Pred  150 ms Sync   27 ms | Sent   864 kB Recv  1191 kB |  inserting
🔶 Pred  148 ms Sync   31 ms | Sent   864 kB Recv  1191 kB |  into
🔶 Pred  150 ms Sync   27 ms | Sent   864 kB Recv  1191 kB |  the
🔶 Pred  151 ms Sync   24 ms | Sent   864 kB Recv  1191 kB |  root
🔶 Pred  151 ms Sync   27 ms | Sent   864 kB Recv  1191 kB | 's
🔶 Pred  152 ms Sync   26 ms | Sent   864 kB Recv  1191 kB |  left
🔶 Pred  151 ms Sync   26 ms | Sent   864 kB Recv  1191 kB |  or
🔶 Pred  149 ms Sync   27 ms | Sent   864 kB Recv  1191 kB |  right
🔶 Pred  152 ms Sync   29 ms | Sent   864 kB Recv  1191 kB |  child
🔶 Pred  150 ms Sync   30 ms | Sent   864 kB Recv  1191 kB | ,
🔶 Pred  153 ms Sync   26 ms | Sent   864 kB Recv  1191 kB |  we
🔶 Pred  152 ms Sync   46 ms | Sent   864 kB Recv  1191 kB |  need
🔶 Pred  173 ms Sync   59 ms | Sent   864 kB Recv  1191 kB |  to
🔶 Pred  273 ms Sync   30 ms | Sent   864 kB Recv  1191 kB |  ensure
🔶 Pred  171 ms Sync   64 ms | Sent   864 kB Recv  1191 kB |  that
🔶 Pred  152 ms Sync   26 ms | Sent   864 kB Recv  1191 kB |  each
🔶 Pred  148 ms Sync   32 ms | Sent   864 kB Recv  1191 kB |  node
🔶 Pred  150 ms Sync   37 ms | Sent   864 kB Recv  1191 kB |  doesn
🔶 Pred  151 ms Sync   43 ms | Sent   864 kB Recv  1191 kB | 't
🔶 Pred  162 ms Sync   29 ms | Sent   864 kB Recv  1191 kB |  exceed
🔶 Pred  148 ms Sync   32 ms | Sent   864 kB Recv  1191 kB |  the
🔶 Pred  150 ms Sync   28 ms | Sent   864 kB Recv  1191 kB |  maximum
🔶 Pred  154 ms Sync   19 ms | Sent   864 kB Recv  1191 kB |  number
🔶 Pred  186 ms Sync   42 ms | Sent   864 kB Recv  1191 kB |  of
🔶 Pred  224 ms Sync  115 ms | Sent   864 kB Recv  1191 kB |  keys
🔶 Pred  179 ms Sync   54 ms | Sent   864 kB Recv  1191 kB | .


🔶 Pred  152 ms Sync   22 ms | Sent   864 kB Recv  1191 kB | Wait
🔶 Pred  152 ms Sync   29 ms | Sent   864 kB Recv  1191 kB | ,
🔶 Pred  151 ms Sync   29 ms | Sent   864 kB Recv  1191 kB |  perhaps
🔶 Pred  149 ms Sync   28 ms | Sent   864 kB Recv  1191 kB |  I
🔶 Pred  151 ms Sync   30 ms | Sent   864 kB Recv  1191 kB |  should
🔶 Pred  150 ms Sync   26 ms | Sent   864 kB Recv  1191 kB |  represent
🔶 Pred  151 ms Sync   21 ms | Sent   864 kB Recv  1191 kB |  the
🔶 Pred  150 ms Sync   27 ms | Sent   864 kB Recv  1191 kB |  tree
🔶 Pred  151 ms Sync   28 ms | Sent   864 kB Recv  1191 kB |  as
🔶 Pred  151 ms Sync   32 ms | Sent   864 kB Recv  1191 kB |  a
🔶 Pred  151 ms Sync   22 ms | Sent   864 kB Recv  1191 kB |  dictionary
🔶 Pred  148 ms Sync   30 ms | Sent   864 kB Recv  1191 kB |  where
🔶 Pred  154 ms Sync   25 ms | Sent   864 kB Recv  1191 kB |  each
🔶 Pred  154 ms Sync   34 ms | Sent   864 kB Recv  1191 kB |  key
🔶 Pred  215 ms Sync  120 ms | Sent   864 kB Recv  1191 kB |  is
🔶 Pred  164 ms Sync   22 ms | Sent   864 kB Recv  1191 kB |  a
🔶 Pred  173 ms Sync   52 ms | Sent   864 kB Recv  1191 kB |  node
🔶 Pred  149 ms Sync   27 ms | Sent   864 kB Recv  1191 kB |  identifier
🔶 Pred  150 ms Sync   36 ms | Sent   864 kB Recv  1191 kB | ,
🔶 Pred  150 ms Sync   24 ms | Sent   864 kB Recv  1191 kB |  and
🔶 Pred  150 ms Sync   30 ms | Sent   864 kB Recv  1191 kB |  each
🔶 Pred  148 ms Sync   29 ms | Sent   864 kB Recv  1191 kB |  node
🔶 Pred  149 ms Sync   30 ms | Sent   864 kB Recv  1191 kB | 's
🔶 Pred  149 ms Sync   27 ms | Sent   864 kB Recv  1191 kB |  value
🔶 Pred  150 ms Sync   30 ms | Sent   864 kB Recv  1191 kB |  is
🔶 Pred  148 ms Sync   30 ms | Sent   864 kB Recv  1191 kB |  a
🔶 Pred  150 ms Sync   37 ms | Sent   864 kB Recv  1191 kB |  dictionary
🔶 Pred  180 ms Sync   41 ms | Sent   864 kB Recv  1191 kB |  with
🔶 Pred  191 ms Sync   21 ms | Sent   864 kB Recv  1191 kB |  '
🔶 Pred  187 ms Sync   27 ms | Sent   864 kB Recv  1191 kB | key
🔶 Pred  184 ms Sync  119 ms | Sent   864 kB Recv  1191 kB | ',
🔶 Pred  172 ms Sync   65 ms | Sent   864 kB Recv  1191 kB |  '
🔶 Pred  151 ms Sync   23 ms | Sent   864 kB Recv  1191 kB | left
🔶 Pred  150 ms Sync   27 ms | Sent   864 kB Recv  1191 kB | ',
🔶 Pred  151 ms Sync   28 ms | Sent   864 kB Recv  1191 kB |  '
🔶 Pred  167 ms Sync   21 ms | Sent   864 kB Recv  1191 kB | right
🔶 Pred  164 ms Sync   18 ms | Sent   864 kB Recv  1191 kB | ',
🔶 Pred  155 ms Sync   25 ms | Sent   864 kB Recv  1191 kB |  and
🔶 Pred  152 ms Sync   26 ms | Sent   864 kB Recv  1191 kB |  '
🔶 Pred  156 ms Sync   29 ms | Sent   864 kB Recv  1191 kB | parent
🔶 Pred  153 ms Sync   31 ms | Sent   864 kB Recv  1191 kB | '.


🔶 Pred  153 ms Sync   27 ms | Sent   864 kB Recv  1191 kB | The
🔶 Pred  151 ms Sync   30 ms | Sent   864 kB Recv  1191 kB |  root
🔶 Pred  211 ms Sync  106 ms | Sent   864 kB Recv  1191 kB |  is
🔶 Pred  164 ms Sync   28 ms | Sent   864 kB Recv  1191 kB |  node
🔶 Pred  184 ms Sync   60 ms | Sent   864 kB Recv  1191 kB |  
🔶 Pred  215 ms Sync   21 ms | Sent   864 kB Recv  1191 kB | 0
🔶 Pred  151 ms Sync   32 ms | Sent   864 kB Recv  1191 kB | ,
🔶 Pred  153 ms Sync   31 ms | Sent   864 kB Recv  1191 kB |  with
🔶 Pred  150 ms Sync   23 ms | Sent   864 kB Recv  1191 kB |  key
🔶 Pred  150 ms Sync   27 ms | Sent   864 kB Recv  1191 kB |  None
🔶 Pred  148 ms Sync   34 ms | Sent   864 kB Recv  1191 kB | ,
🔶 Pred  150 ms Sync   39 ms | Sent   864 kB Recv  1191 kB |  and
🔶 Pred  151 ms Sync   23 ms | Sent   864 kB Recv  1191 kB |  left
🔶 Pred  150 ms Sync   31 ms | Sent   864 kB Recv  1191 kB |  and
🔶 Pred  151 ms Sync   35 ms | Sent   864 kB Recv  1191 kB |  right
🔶 Pred  153 ms Sync   41 ms | Sent   864 kB Recv  1191 kB |  children
🔶 Pred  150 ms Sync   29 ms | Sent   864 kB Recv  1191 kB |  as
🔶 Pred  156 ms Sync   44 ms | Sent   864 kB Recv  1191 kB |  None
🔶 Pred  233 ms Sync   84 ms | Sent   864 kB Recv  1191 kB |  initially
🔶 Pred  178 ms Sync   39 ms | Sent   864 kB Recv  1191 kB | .


🔶 Pred  153 ms Sync   23 ms | Sent   864 kB Recv  1191 kB | When
🔶 Pred  151 ms Sync   31 ms | Sent   864 kB Recv  1191 kB |  inserting
🔶 Pred  150 ms Sync   28 ms | Sent   864 kB Recv  1191 kB |  the
🔶 Pred  152 ms Sync   30 ms | Sent   864 kB Recv  1191 kB |  first
🔶 Pred  151 ms Sync   27 ms | Sent   864 kB Recv  1191 kB |  key
🔶 Pred  149 ms Sync   28 ms | Sent   864 kB Recv  1191 kB | ,
🔶 Pred  152 ms Sync   27 ms | Sent   864 kB Recv  1191 kB |  say
🔶 Pred  151 ms Sync   30 ms | Sent   864 kB Recv  1191 kB |  
🔶 Pred  153 ms Sync   25 ms | Sent   864 kB Recv  1191 kB | 10
🔶 Pred  148 ms Sync   32 ms | Sent   864 kB Recv  1191 kB | ,
🔶 Pred  167 ms Sync   30 ms | Sent   864 kB Recv  1191 kB |  we
🔶 Pred  222 ms Sync   26 ms | Sent   864 kB Recv  1191 kB |  create
🔶 Pred  161 ms Sync   70 ms | Sent   864 kB Recv  1191 kB |  a
🔶 Pred  193 ms Sync   77 ms | Sent   864 kB Recv  1191 kB |  new
🔶 Pred  165 ms Sync   73 ms | Sent   864 kB Recv  1191 kB |  node
🔶 Pred  154 ms Sync   46 ms | Sent   864 kB Recv  1191 kB |  
🔶 Pred  149 ms Sync   31 ms | Sent   864 kB Recv  1191 kB | 1
🔶 Pred  156 ms Sync   26 ms | Sent   864 kB Recv  1191 kB |  with
🔶 Pred  214 ms Sync   31 ms | Sent   864 kB Recv  1191 kB |  key
🔶 Pred  154 ms Sync   24 ms | Sent   864 kB Recv  1191 kB |  
🔶 Pred  150 ms Sync   35 ms | Sent   864 kB Recv  1191 kB | 10
🔶 Pred  151 ms Sync   28 ms | Sent   864 kB Recv  1191 kB | ,
🔶 Pred  151 ms Sync   26 ms | Sent   864 kB Recv  1191 kB |  parent
🔶 Pred  153 ms Sync   30 ms | Sent   864 kB Recv  1191 kB |  
🔶 Pred  151 ms Sync   30 ms | Sent   864 kB Recv  1191 kB | 0
🔶 Pred  152 ms Sync   54 ms | Sent   864 kB Recv  1191 kB | ,
🔶 Pred  152 ms Sync   21 ms | Sent   864 kB Recv  1191 kB |  and
🔶 Pred  162 ms Sync   36 ms | Sent   864 kB Recv  1191 kB |  add
🔶 Pred  161 ms Sync   28 ms | Sent   864 kB Recv  1191 kB |  it
🔶 Pred  196 ms Sync   74 ms | Sent   864 kB Recv  1191 kB |  to
🔶 Pred  171 ms Sync   63 ms | Sent   864 kB Recv  1191 kB |  node
🔶 Pred  152 ms Sync   23 ms | Sent   864 kB Recv  1191 kB |  
🔶 Pred  154 ms Sync   44 ms | Sent   864 kB Recv  1191 kB | 0
🔶 Pred  152 ms Sync   22 ms | Sent   864 kB Recv  1191 kB | 's
🔶 Pred  150 ms Sync   30 ms | Sent   864 kB Recv  1191 kB |  left
🔶 Pred  229 ms Sync   19 ms | Sent   864 kB Recv  1191 kB |  child
🔶 Pred  225 ms Sync   22 ms | Sent   864 kB Recv  1191 kB | .


🔶 Pred  152 ms Sync   28 ms | Sent   864 kB Recv  1191 kB | Then
🔶 Pred  151 ms Sync   26 ms | Sent   864 kB Recv  1191 kB | ,
🔶 Pred  153 ms Sync   29 ms | Sent   864 kB Recv  1191 kB |  node
🔶 Pred  153 ms Sync   26 ms | Sent   864 kB Recv  1191 kB |  
🔶 Pred  153 ms Sync   27 ms | Sent   864 kB Recv  1191 kB | 0
🔶 Pred  216 ms Sync  103 ms | Sent   864 kB Recv  1191 kB | 's
🔶 Pred  174 ms Sync   54 ms | Sent   864 kB Recv  1191 kB |  left
🔶 Pred  151 ms Sync   28 ms | Sent   864 kB Recv  1191 kB |  is
🔶 Pred  152 ms Sync   33 ms | Sent   864 kB Recv  1191 kB |  node
🔶 Pred  152 ms Sync   31 ms | Sent   864 kB Recv  1191 kB |  
🔶 Pred  154 ms Sync   27 ms | Sent   864 kB Recv  1191 kB | 1
🔶 Pred  151 ms Sync   55 ms | Sent   864 kB Recv  1191 kB | ,
🔶 Pred  153 ms Sync   18 ms | Sent   864 kB Recv  1191 kB |  and
🔶 Pred  152 ms Sync   29 ms | Sent   864 kB Recv  1191 kB |  node
🔶 Pred  152 ms Sync   34 ms | Sent   864 kB Recv  1191 kB |  
🔶 Pred  152 ms Sync   26 ms | Sent   864 kB Recv  1191 kB | 1
🔶 Pred  155 ms Sync   21 ms | Sent   864 kB Recv  1191 kB | 's
🔶 Pred  153 ms Sync   21 ms | Sent   864 kB Recv  1191 kB |  parent
🔶 Pred  154 ms Sync   24 ms | Sent   864 kB Recv  1191 kB |  is
🔶 Pred  154 ms Sync   24 ms | Sent   864 kB Recv  1191 kB |  
🔶 Pred  179 ms Sync   72 ms | Sent   864 kB Recv  1191 kB | 0
🔶 Pred  183 ms Sync   73 ms | Sent   864 kB Recv  1191 kB | .


🔶 Pred  194 ms Sync   50 ms | Sent   864 kB Recv  1191 kB | Now
🔶 Pred  213 ms Sync   25 ms | Sent   864 kB Recv  1191 kB | ,
🔶 Pred  153 ms Sync   24 ms | Sent   864 kB Recv  1191 kB |  when
🔶 Pred  153 ms Sync   29 ms | Sent   864 kB Recv  1191 kB |  inserting
🔶 Pred  154 ms Sync   28 ms | Sent   864 kB Recv  1191 kB |  the
🔶 Pred  153 ms Sync   52 ms | Sent   864 kB Recv  1191 kB |  next
🔶 Pred  151 ms Sync   22 ms | Sent   864 kB Recv  1191 kB |  key
🔶 Pred  154 ms Sync   19 ms | Sent   864 kB Recv  1191 kB | ,
🔶 Pred  153 ms Sync   33 ms | Sent   864 kB Recv  1191 kB |  say
🔶 Pred  153 ms Sync   26 ms | Sent   864 kB Recv  1191 kB |  
🔶 Pred  153 ms Sync   24 ms | Sent   864 kB Recv  1191 kB | 5
🔶 Pred  155 ms Sync   28 ms | Sent   864 kB Recv  1191 kB | ,
🔶 Pred  153 ms Sync   29 ms | Sent   864 kB Recv  1191 kB |  we
🔶 Pred  213 ms Sync   80 ms | Sent   864 kB Recv  1191 kB |  start
🔶 Pred  154 ms Sync   24 ms | Sent   864 kB Recv  1191 kB |  at
🔶 Pred  165 ms Sync   73 ms | Sent   864 kB Recv  1191 kB |  node
🔶 Pred  155 ms Sync   30 ms | Sent   864 kB Recv  1191 kB |  
🔶 Pred  152 ms Sync   24 ms | Sent   864 kB Recv  1191 kB | 0
🔶 Pred  153 ms Sync   28 ms | Sent   864 kB Recv  1191 kB | .
🔶 Pred  152 ms Sync   26 ms | Sent   864 kB Recv  1191 kB |  Since
🔶 Pred  154 ms Sync   22 ms | Sent   864 kB Recv  1191 kB |  
🔶 Pred  152 ms Sync   26 ms | Sent   864 kB Recv  1191 kB | 5
🔶 Pred  170 ms Sync   27 ms | Sent   864 kB Recv  1191 kB |  is
🔶 Pred  151 ms Sync   57 ms | Sent   864 kB Recv  1191 kB |  less
🔶 Pred  150 ms Sync   27 ms | Sent   864 kB Recv  1191 kB |  than
🔶 Pred  152 ms Sync   26 ms | Sent   864 kB Recv  1191 kB |  
🔶 Pred  179 ms Sync   20 ms | Sent   864 kB Recv  1191 kB | 10
🔶 Pred  208 ms Sync   26 ms | Sent   864 kB Recv  1191 kB | ,
🔶 Pred  218 ms Sync   76 ms | Sent   864 kB Recv  1191 kB |  we
🔶 Pred  154 ms Sync   39 ms | Sent   864 kB Recv  1191 kB |  go
🔶 Pred  159 ms Sync   79 ms | Sent   864 kB Recv  1191 kB |  to
🔶 Pred  155 ms Sync   26 ms | Sent   864 kB Recv  1191 kB |  node
🔶 Pred  154 ms Sync   33 ms | Sent   864 kB Recv  1191 kB |  
🔶 Pred  161 ms Sync   19 ms | Sent   864 kB Recv  1191 kB | 0
🔶 Pred  157 ms Sync   27 ms | Sent   864 kB Recv  1191 kB | 's
🔶 Pred  153 ms Sync   35 ms | Sent   864 kB Recv  1191 kB |  left
🔶 Pred  158 ms Sync   20 ms | Sent   864 kB Recv  1191 kB |  child
🔶 Pred  151 ms Sync   31 ms | Sent   864 kB Recv  1191 kB | ,
🔶 Pred  155 ms Sync   26 ms | Sent   864 kB Recv  1191 kB |  which
🔶 Pred  156 ms Sync   27 ms | Sent   864 kB Recv  1191 kB |  is
🔶 Pred  158 ms Sync   24 ms | Sent   864 kB Recv  1191 kB |  node
🔶 Pred  156 ms Sync   21 ms | Sent   864 kB Recv  1191 kB |  
🔶 Pred  152 ms Sync   33 ms | Sent   864 kB Recv  1191 kB | 1
🔶 Pred  210 ms Sync  120 ms | Sent   864 kB Recv  1191 kB | .


🔶 Pred  153 ms Sync   20 ms | Sent   864 kB Recv  1191 kB | Now
🔶 Pred  162 ms Sync   68 ms | Sent   864 kB Recv  1191 kB | ,
🔶 Pred  154 ms Sync   23 ms | Sent   864 kB Recv  1191 kB |  at
🔶 Pred  153 ms Sync   29 ms | Sent   864 kB Recv  1191 kB |  node
🔶 Pred  154 ms Sync   24 ms | Sent   864 kB Recv  1191 kB |  
🔶 Pred  154 ms Sync   24 ms | Sent   864 kB Recv  1191 kB | 1
🔶 Pred  152 ms Sync   24 ms | Sent   864 kB Recv  1191 kB | ,
🔶 Pred  191 ms Sync   32 ms | Sent   864 kB Recv  1191 kB |  we
🔶 Pred  187 ms Sync   20 ms | Sent   864 kB Recv  1191 kB |  compare
🔶 Pred  153 ms Sync   23 ms | Sent   864 kB Recv  1191 kB |  
🔶 Pred  154 ms Sync   33 ms | Sent   864 kB Recv  1191 kB | 5
🔶 Pred  153 ms Sync   29 ms | Sent   864 kB Recv  1191 kB |  with
🔶 Pred  154 ms Sync   25 ms | Sent   864 kB Recv  1191 kB |  node
🔶 Pred  155 ms Sync   26 ms | Sent   864 kB Recv  1191 kB |  
🔶 Pred  203 ms Sync   59 ms | Sent   864 kB Recv  1191 kB | 1
🔶 Pred  192 ms Sync   37 ms | Sent   864 kB Recv  1191 kB | 's
🔶 Pred  173 ms Sync   62 ms | Sent   864 kB Recv  1191 kB |  key
🔶 Pred  153 ms Sync   29 ms | Sent   864 kB Recv  1191 kB | ,
🔶 Pred  153 ms Sync   26 ms | Sent   864 kB Recv  1191 kB |  which
🔶 Pred  152 ms Sync   25 ms | Sent   864 kB Recv  1191 kB |  is
🔶 Pred  153 ms Sync   30 ms | Sent   864 kB Recv  1191 kB |  
🔶 Pred  154 ms Sync   29 ms | Sent   864 kB Recv  1191 kB | 10
🔶 Pred  154 ms Sync   24 ms | Sent   864 kB Recv  1191 kB | .
🔶 Pred  155 ms Sync   22 ms | Sent   864 kB Recv  1191 kB |  Since
🔶 Pred  154 ms Sync   25 ms | Sent   864 kB Recv  1191 kB |  
🔶 Pred  156 ms Sync   27 ms | Sent   864 kB Recv  1191 kB | 5
🔶 Pred  154 ms Sync   30 ms | Sent   864 kB Recv  1191 kB |  is
🔶 Pred  154 ms Sync   25 ms | Sent   864 kB Recv  1191 kB |  less
🔶 Pred  155 ms Sync   23 ms | Sent   864 kB Recv  1191 kB |  than
🔶 Pred  169 ms Sync   42 ms | Sent   864 kB Recv  1191 kB |  
🔶 Pred  214 ms Sync   83 ms | Sent   864 kB Recv  1191 kB | 10
🔶 Pred  174 ms Sync   63 ms | Sent   864 kB Recv  1191 kB | ,
🔶 Pred  208 ms Sync   19 ms | Sent   864 kB Recv  1191 kB |  we
🔶 Pred  191 ms Sync   24 ms | Sent   864 kB Recv  1191 kB |  go
🔶 Pred  152 ms Sync   30 ms | Sent   864 kB Recv  1191 kB |  to
🔶 Pred  154 ms Sync   30 ms | Sent   864 kB Recv  1191 kB |  node
🔶 Pred  156 ms Sync   28 ms | Sent   864 kB Recv  1191 kB |  
🔶 Pred  155 ms Sync   29 ms | Sent   864 kB Recv  1191 kB | 1
🔶 Pred  154 ms Sync   26 ms | Sent   864 kB Recv  1191 kB | 's
🔶 Pred  154 ms Sync   34 ms | Sent   864 kB Recv  1191 kB |  left
🔶 Pred  155 ms Sync   29 ms | Sent   864 kB Recv  1191 kB |  child
🔶 Pred  152 ms Sync   33 ms | Sent   864 kB Recv  1191 kB | .
🔶 Pred  153 ms Sync   37 ms | Sent   864 kB Recv  1191 kB |  Since
🔶 Pred  150 ms Sync   28 ms | Sent   864 kB Recv  1191 kB |  node
🔶 Pred  171 ms Sync   34 ms | Sent   864 kB Recv  1191 kB |  
🔶 Pred  204 ms Sync   48 ms | Sent   864 kB Recv  1191 kB | 1
🔶 Pred  172 ms Sync   51 ms | Sent   864 kB Recv  1191 kB |  has
🔶 Pred  161 ms Sync   23 ms | Sent   864 kB Recv  1191 kB |  no
🔶 Pred  155 ms Sync   21 ms | Sent   864 kB Recv  1191 kB |  left
🔶 Pred  156 ms Sync   24 ms | Sent   864 kB Recv  1191 kB |  child
🔶 Pred  150 ms Sync   28 ms | Sent   864 kB Recv  1191 kB | ,
🔶 Pred  152 ms Sync   33 ms | Sent   864 kB Recv  1191 kB |  we
🔶 Pred  155 ms Sync   43 ms | Sent   864 kB Recv  1191 kB |  create
🔶 Pred  156 ms Sync   30 ms | Sent   864 kB Recv  1191 kB |  a
🔶 Pred  155 ms Sync   26 ms | Sent   864 kB Recv  1191 kB |  new
🔶 Pred  155 ms Sync   23 ms | Sent   864 kB Recv  1191 kB |  node
🔶 Pred  156 ms Sync   29 ms | Sent   864 kB Recv  1191 kB |  
🔶 Pred  152 ms Sync   27 ms | Sent   864 kB Recv  1191 kB | 2
🔶 Pred  205 ms Sync   31 ms | Sent   864 kB Recv  1191 kB |  with
🔶 Pred  184 ms Sync   30 ms | Sent   864 kB Recv  1191 kB |  key
🔶 Pred  248 ms Sync   59 ms | Sent   864 kB Recv  1191 kB |  
🔶 Pred  178 ms Sync   52 ms | Sent   864 kB Recv  1191 kB | 5
🔶 Pred  155 ms Sync   26 ms | Sent   864 kB Recv  1191 kB | ,
🔶 Pred  157 ms Sync   22 ms | Sent   864 kB Recv  1191 kB |  parent
🔶 Pred  156 ms Sync   23 ms | Sent   864 kB Recv  1191 kB |  
🔶 Pred  155 ms Sync   34 ms | Sent   864 kB Recv  1191 kB | 1
🔶 Pred  155 ms Sync   33 ms | Sent   864 kB Recv  1191 kB | ,
🔶 Pred  156 ms Sync   20 ms | Sent   864 kB Recv  1191 kB |  and
🔶 Pred  153 ms Sync   33 ms | Sent   864 kB Recv  1191 kB |  add
🔶 Pred  154 ms Sync   29 ms | Sent   864 kB Recv  1191 kB |  it
🔶 Pred  153 ms Sync   34 ms | Sent   864 kB Recv  1191 kB |  to
🔶 Pred  156 ms Sync   26 ms | Sent   864 kB Recv  1191 kB |  node
🔶 Pred  155 ms Sync   25 ms | Sent   864 kB Recv  1191 kB |  
🔶 Pred  153 ms Sync   24 ms | Sent   864 kB Recv  1191 kB | 1
🔶 Pred  154 ms Sync   28 ms | Sent   864 kB Recv  1191 kB | 's
🔶 Pred  215 ms Sync   76 ms | Sent   864 kB Recv  1191 kB |  left
🔶 Pred  157 ms Sync   47 ms | Sent   864 kB Recv  1191 kB | .


🔶 Pred  200 ms Sync   46 ms | Sent   864 kB Recv  1191 kB | Now
🔶 Pred  156 ms Sync   24 ms | Sent   864 kB Recv  1191 kB | ,
🔶 Pred  152 ms Sync   31 ms | Sent   864 kB Recv  1191 kB |  node
🔶 Pred  156 ms Sync   23 ms | Sent   864 kB Recv  1191 kB |  
🔶 Pred  155 ms Sync   31 ms | Sent   864 kB Recv  1191 kB | 1
🔶 Pred  152 ms Sync   32 ms | Sent   864 kB Recv  1191 kB | 's
🔶 Pred  236 ms Sync   23 ms | Sent   864 kB Recv  1191 kB |  left
🔶 Pred  154 ms Sync   24 ms | Sent   864 kB Recv  1191 kB |  is
🔶 Pred  154 ms Sync   28 ms | Sent   864 kB Recv  1191 kB |  node
🔶 Pred  155 ms Sync   38 ms | Sent   864 kB Recv  1191 kB |  
🔶 Pred  153 ms Sync   33 ms | Sent   864 kB Recv  1191 kB | 2
🔶 Pred  155 ms Sync   24 ms | Sent   864 kB Recv  1191 kB | ,
🔶 Pred  154 ms Sync   25 ms | Sent   864 kB Recv  1191 kB |  and
🔶 Pred  216 ms Sync   75 ms | Sent   864 kB Recv  1191 kB |  node
🔶 Pred  170 ms Sync   52 ms | Sent   864 kB Recv  1191 kB |  
🔶 Pred  155 ms Sync   30 ms | Sent   864 kB Recv  1191 kB | 2
🔶 Pred  152 ms Sync   33 ms | Sent   864 kB Recv  1191 kB | 's
🔶 Pred  152 ms Sync   28 ms | Sent   864 kB Recv  1191 kB |  parent
🔶 Pred  155 ms Sync   24 ms | Sent   864 kB Recv  1191 kB |  is
🔶 Pred  163 ms Sync   24 ms | Sent   864 kB Recv  1191 kB |  
🔶 Pred  154 ms Sync   34 ms | Sent   864 kB Recv  1191 kB | 1
🔶 Pred  152 ms Sync   27 ms | Sent   864 kB Recv  1191 kB | .


🔶 Pred  155 ms Sync   28 ms | Sent   864 kB Recv  1191 kB | Now
🔶 Pred  155 ms Sync   51 ms | Sent   864 kB Recv  1191 kB | ,
🔶 Pred  154 ms Sync   57 ms | Sent   864 kB Recv  1191 kB |  node
🔶 Pred  155 ms Sync   22 ms | Sent   864 kB Recv  1191 kB |  
🔶 Pred  155 ms Sync   33 ms | Sent   864 kB Recv  1191 kB | 1
🔶 Pred  155 ms Sync   33 ms | Sent   864 kB Recv  1191 kB |  has
🔶 Pred  201 ms Sync   84 ms | Sent   864 kB Recv  1191 kB |  two
🔶 Pred  154 ms Sync   26 ms | Sent   864 kB Recv  1191 kB |  keys
🔶 Pred  172 ms Sync   65 ms | Sent   864 kB Recv  1191 kB | :
🔶 Pred  234 ms Sync   20 ms | Sent   864 kB Recv  1191 kB |  
🔶 Pred  154 ms Sync   20 ms | Sent   864 kB Recv  1191 kB | 5
🔶 Pred  154 ms Sync   23 ms | Sent   864 kB Recv  1191 kB |  and
🔶 Pred  153 ms Sync   23 ms | Sent   864 kB Recv  1191 kB |  
🔶 Pred  155 ms Sync   54 ms | Sent   864 kB Recv  1191 kB | 10
🔶 Pred  155 ms Sync   23 ms | Sent   864 kB Recv  1191 kB | .
🔶 Pred  156 ms Sync   22 ms | Sent   864 kB Recv  1191 kB |  Wait
🔶 Pred  152 ms Sync   24 ms | Sent   864 kB Recv  1191 kB | ,
🔶 Pred  157 ms Sync   30 ms | Sent   864 kB Recv  1191 kB |  no
🔶 Pred  157 ms Sync   24 ms | Sent   864 kB Recv  1191 kB | ,
🔶 Pred  162 ms Sync   29 ms | Sent   864 kB Recv  1191 kB |  node
🔶 Pred  153 ms Sync   37 ms | Sent   864 kB Recv  1191 kB |  
🔶 Pred  220 ms Sync   93 ms | Sent   864 kB Recv  1191 kB | 1
🔶 Pred  154 ms Sync   24 ms | Sent   864 kB Recv  1191 kB | 's
🔶 Pred  183 ms Sync   34 ms | Sent   864 kB Recv  1191 kB |  key
🔶 Pred  155 ms Sync   22 ms | Sent   864 kB Recv  1191 kB |  is
🔶 Pred  155 ms Sync   33 ms | Sent   864 kB Recv  1191 kB |  
🔶 Pred  161 ms Sync   37 ms | Sent   864 kB Recv  1191 kB | 10
🔶 Pred  156 ms Sync   25 ms | Sent   864 kB Recv  1191 kB | ,
🔶 Pred  153 ms Sync   30 ms | Sent   864 kB Recv  1191 kB |  and
🔶 Pred  157 ms Sync   29 ms | Sent   864 kB Recv  1191 kB |  its
🔶 Pred  153 ms Sync   27 ms | Sent   864 kB Recv  1191 kB |  left
🔶 Pred  154 ms Sync   55 ms | Sent   864 kB Recv  1191 kB |  child
🔶 Pred  155 ms Sync   25 ms | Sent   864 kB Recv  1191 kB |  is
🔶 Pred  155 ms Sync   23 ms | Sent   864 kB Recv  1191 kB |  node
🔶 Pred  197 ms Sync   21 ms | Sent   864 kB Recv  1191 kB |  
🔶 Pred  189 ms Sync   28 ms | Sent   864 kB Recv  1191 kB | 2
🔶 Pred  223 ms Sync   72 ms | Sent   864 kB Recv  1191 kB |  with
🔶 Pred  159 ms Sync   37 ms | Sent   864 kB Recv  1191 kB |  key
🔶 Pred  186 ms Sync   36 ms | Sent   864 kB Recv  1191 kB |  
🔶 Pred  157 ms Sync   18 ms | Sent   864 kB Recv  1191 kB | 5
🔶 Pred  156 ms Sync   20 ms | Sent   864 kB Recv  1191 kB | .
🔶 Pred  156 ms Sync   21 ms | Sent   864 kB Recv  1191 kB |  So
🔶 Pred  154 ms Sync   27 ms | Sent   864 kB Recv  1191 kB | ,
🔶 Pred  153 ms Sync   31 ms | Sent   864 kB Recv  1191 kB |  node
🔶 Pred  155 ms Sync   42 ms | Sent   864 kB Recv  1191 kB |  
🔶 Pred  156 ms Sync   29 ms | Sent   864 kB Recv  1191 kB | 1
🔶 Pred  156 ms Sync   33 ms | Sent   864 kB Recv  1191 kB | 's
🔶 Pred  155 ms Sync   31 ms | Sent   864 kB Recv  1191 kB |  keys
🔶 Pred  153 ms Sync   33 ms | Sent   864 kB Recv  1191 kB |  are
🔶 Pred  155 ms Sync   29 ms | Sent   864 kB Recv  1191 kB |  
🔶 Pred  155 ms Sync   25 ms | Sent   864 kB Recv  1191 kB | 5
🔶 Pred  193 ms Sync  101 ms | Sent   864 kB Recv  1191 kB |  and
🔶 Pred  155 ms Sync   24 ms | Sent   864 kB Recv  1191 kB |  
🔶 Pred  227 ms Sync   59 ms | Sent   864 kB Recv  1191 kB | 10
🔶 Pred  155 ms Sync   26 ms | Sent   864 kB Recv  1191 kB | ,
🔶 Pred  154 ms Sync   35 ms | Sent   864 kB Recv  1191 kB |  but
🔶 Pred  152 ms Sync   25 ms | Sent   864 kB Recv  1191 kB |  in
🔶 Pred  156 ms Sync   22 ms | Sent   864 kB Recv  1191 kB |  a
🔶 Pred  156 ms Sync   32 ms | Sent   864 kB Recv  1191 kB |  B
🔶 Pred  238 ms Sync   19 ms | Sent   864 kB Recv  1191 kB | -tree
🔶 Pred  154 ms Sync   28 ms | Sent   864 kB Recv  1191 kB | ,
🔶 Pred  154 ms Sync   27 ms | Sent   864 kB Recv  1191 kB |  each
🔶 Pred  155 ms Sync   30 ms | Sent   864 kB Recv  1191 kB |  node
🔶 Pred  155 ms Sync   25 ms | Sent   864 kB Recv  1191 kB | 's
🔶 Pred  154 ms Sync   31 ms | Sent   864 kB Recv  1191 kB |  keys
🔶 Pred  156 ms Sync   26 ms | Sent   864 kB Recv  1191 kB |  are
🔶 Pred  210 ms Sync  106 ms | Sent   864 kB Recv  1191 kB |  in
🔶 Pred  166 ms Sync   44 ms | Sent   864 kB Recv  1191 kB |  sorted
🔶 Pred  177 ms Sync   29 ms | Sent   864 kB Recv  1191 kB |  order
🔶 Pred  157 ms Sync   30 ms | Sent   864 kB Recv  1191 kB | ,
🔶 Pred  156 ms Sync   28 ms | Sent   864 kB Recv  1191 kB |  so
🔶 Pred  156 ms Sync   26 ms | Sent   864 kB Recv  1191 kB |  node
🔶 Pred  155 ms Sync   26 ms | Sent   864 kB Recv  1191 kB |  
🔶 Pred  157 ms Sync   28 ms | Sent   864 kB Recv  1191 kB | 1
🔶 Pred  153 ms Sync   30 ms | Sent   864 kB Recv  1191 kB | 's
🔶 Pred  156 ms Sync   26 ms | Sent   864 kB Recv  1191 kB |  keys
🔶 Pred  160 ms Sync   43 ms | Sent   864 kB Recv  1191 kB |  should
🔶 Pred  158 ms Sync   27 ms | Sent   864 kB Recv  1191 kB |  be
🔶 Pred  155 ms Sync   24 ms | Sent   864 kB Recv  1191 kB |  
🔶 Pred  154 ms Sync   25 ms | Sent   864 kB Recv  1191 kB | 5
🔶 Pred  157 ms Sync   27 ms | Sent   864 kB Recv  1191 kB | ,
🔶 Pred  205 ms Sync  101 ms | Sent   864 kB Recv  1191 kB |  
🔶 Pred  156 ms Sync   32 ms | Sent   864 kB Recv  1191 kB | 10
🔶 Pred  168 ms Sync   55 ms | Sent   864 kB Recv  1191 kB | .


🔶 Pred  243 ms Sync   22 ms | Sent   864 kB Recv  1191 kB | Wait
🔶 Pred  159 ms Sync   21 ms | Sent   864 kB Recv  1191 kB | ,
🔶 Pred  157 ms Sync   27 ms | Sent   864 kB Recv  1191 kB |  but
🔶 Pred  153 ms Sync   32 ms | Sent   864 kB Recv  1191 kB |  in
🔶 Pred  154 ms Sync   30 ms | Sent   864 kB Recv  1191 kB |  a
🔶 Pred  157 ms Sync   26 ms | Sent   864 kB Recv  1191 kB |  B
🔶 Pred  158 ms Sync   27 ms | Sent   864 kB Recv  1191 kB | -tree
🔶 Pred  157 ms Sync   28 ms | Sent   864 kB Recv  1191 kB | ,
🔶 Pred  157 ms Sync   27 ms | Sent   864 kB Recv  1191 kB |  each
🔶 Pred  157 ms Sync   49 ms | Sent   864 kB Recv  1191 kB |  node
🔶 Pred  156 ms Sync   24 ms | Sent   864 kB Recv  1191 kB |  can
🔶 Pred  155 ms Sync   27 ms | Sent   864 kB Recv  1191 kB |  have
🔶 Pred  225 ms Sync   59 ms | Sent   864 kB Recv  1191 kB |  up
🔶 Pred  156 ms Sync   23 ms | Sent   864 kB Recv  1191 kB |  to
🔶 Pred  171 ms Sync   52 ms | Sent   864 kB Recv  1191 kB |  k
🔶 Pred  159 ms Sync   26 ms | Sent   864 kB Recv  1191 kB |  keys
🔶 Pred  159 ms Sync   26 ms | Sent   864 kB Recv  1191 kB | ,
🔶 Pred  158 ms Sync   33 ms | Sent   864 kB Recv  1191 kB |  so
🔶 Pred  156 ms Sync   27 ms | Sent   864 kB Recv  1191 kB |  for
🔶 Pred  156 ms Sync   25 ms | Sent   864 kB Recv  1191 kB |  order
🔶 Pred  157 ms Sync   25 ms | Sent   864 kB Recv  1191 kB |  
🔶 Pred  157 ms Sync   26 ms | Sent   864 kB Recv  1191 kB | 3
🔶 Pred  156 ms Sync   32 ms | Sent   864 kB Recv  1191 kB | ,
🔶 Pred  158 ms Sync   28 ms | Sent   864 kB Recv  1191 kB |  each
🔶 Pred  156 ms Sync   26 ms | Sent   864 kB Recv  1191 kB |  node
🔶 Pred  202 ms Sync   21 ms | Sent   864 kB Recv  1191 kB |  can
🔶 Pred  236 ms Sync   30 ms | Sent   864 kB Recv  1191 kB |  have
🔶 Pred  226 ms Sync   82 ms | Sent   864 kB Recv  1191 kB |  up
🔶 Pred  179 ms Sync   46 ms | Sent   864 kB Recv  1191 kB |  to
🔶 Pred  153 ms Sync   28 ms | Sent   864 kB Recv  1191 kB |  
🔶 Pred  155 ms Sync   29 ms | Sent   864 kB Recv  1191 kB | 3
🔶 Pred  161 ms Sync   31 ms | Sent   864 kB Recv  1191 kB |  keys
🔶 Pred  160 ms Sync   29 ms | Sent   864 kB Recv  1191 kB | .
🔶 Pred  155 ms Sync   24 ms | Sent   864 kB Recv  1191 kB |  So
🔶 Pred  155 ms Sync   29 ms | Sent   864 kB Recv  1191 kB | ,
🔶 Pred  154 ms Sync   32 ms | Sent   864 kB Recv  1191 kB |  node
🔶 Pred  154 ms Sync   38 ms | Sent   864 kB Recv  1191 kB |  
🔶 Pred  155 ms Sync   24 ms | Sent   864 kB Recv  1191 kB | 1
🔶 Pred  154 ms Sync   34 ms | Sent   864 kB Recv  1191 kB |  now
🔶 Pred  156 ms Sync   31 ms | Sent   864 kB Recv  1191 kB |  has
🔶 Pred  155 ms Sync   28 ms | Sent   864 kB Recv  1191 kB |  two
🔶 Pred  155 ms Sync   32 ms | Sent   864 kB Recv  1191 kB |  keys
🔶 Pred  233 ms Sync   82 ms | Sent   864 kB Recv  1191 kB | ,
🔶 Pred  176 ms Sync   50 ms | Sent   864 kB Recv  1191 kB |  which
🔶 Pred  154 ms Sync   30 ms | Sent   864 kB Recv  1191 kB |  is
🔶 Pred  155 ms Sync   28 ms | Sent   864 kB Recv  1191 kB |  within
🔶 Pred  154 ms Sync   24 ms | Sent   864 kB Recv  1191 kB |  the
🔶 Pred  154 ms Sync   27 ms | Sent   864 kB Recv  1191 kB |  limit
🔶 Pred  154 ms Sync   29 ms | Sent   864 kB Recv  1191 kB | .


🔶 Pred  155 ms Sync   37 ms | Sent   864 kB Recv  1191 kB | Wait
🔶 Pred  239 ms Sync   25 ms | Sent   864 kB Recv  1191 kB | ,
🔶 Pred  156 ms Sync   23 ms | Sent   864 kB Recv  1191 kB |  but
🔶 Pred  157 ms Sync   30 ms | Sent   864 kB Recv  1191 kB |  in
🔶 Pred  155 ms Sync   28 ms | Sent   864 kB Recv  1191 kB |  reality
🔶 Pred  156 ms Sync   32 ms | Sent   864 kB Recv  1191 kB | ,
🔶 Pred  156 ms Sync   33 ms | Sent   864 kB Recv  1191 kB |  node
🔶 Pred  201 ms Sync  110 ms | Sent   864 kB Recv  1191 kB |  
🔶 Pred  182 ms Sync   38 ms | Sent   864 kB Recv  1191 kB | 1
🔶 Pred  170 ms Sync   56 ms | Sent   864 kB Recv  1191 kB | 's
🔶 Pred  155 ms Sync   25 ms | Sent   864 kB Recv  1191 kB |  key
🔶 Pred  154 ms Sync   27 ms | Sent   864 kB Recv  1191 kB |  is
🔶 Pred  153 ms Sync   32 ms | Sent   864 kB Recv  1191 kB |  
🔶 Pred  155 ms Sync   34 ms | Sent   864 kB Recv  1191 kB | 10
🔶 Pred  155 ms Sync   29 ms | Sent   864 kB Recv  1191 kB | ,
🔶 Pred  152 ms Sync   39 ms | Sent   864 kB Recv  1191 kB |  and
🔶 Pred  155 ms Sync   28 ms | Sent   864 kB Recv  1191 kB |  its
🔶 Pred  154 ms Sync   36 ms | Sent   864 kB Recv  1191 kB |  left
🔶 Pred  154 ms Sync   30 ms | Sent   864 kB Recv  1191 kB |  child
🔶 Pred  154 ms Sync   29 ms | Sent   864 kB Recv  1191 kB |  is
🔶 Pred  153 ms Sync   61 ms | Sent   864 kB Recv  1191 kB |  node
🔶 Pred  155 ms Sync   22 ms | Sent   864 kB Recv  1191 kB |  
🔶 Pred  153 ms Sync   27 ms | Sent   864 kB Recv  1191 kB | 2
🔶 Pred  221 ms Sync   92 ms | Sent   864 kB Recv  1191 kB |  with
🔶 Pred  172 ms Sync   53 ms | Sent   864 kB Recv  1191 kB |  key
🔶 Pred  239 ms Sync   19 ms | Sent   864 kB Recv  1191 kB |  
🔶 Pred  156 ms Sync   22 ms | Sent   864 kB Recv  1191 kB | 5
🔶 Pred  154 ms Sync   28 ms | Sent   864 kB Recv  1191 kB | .
🔶 Pred  156 ms Sync   24 ms | Sent   864 kB Recv  1191 kB |  So
🔶 Pred  177 ms Sync   22 ms | Sent   864 kB Recv  1191 kB | ,
🔶 Pred  157 ms Sync   26 ms | Sent   864 kB Recv  1191 kB |  node
🔶 Pred  157 ms Sync   24 ms | Sent   864 kB Recv  1191 kB |  
🔶 Pred  156 ms Sync   56 ms | Sent   864 kB Recv  1191 kB | 1
🔶 Pred  156 ms Sync   24 ms | Sent   864 kB Recv  1191 kB | 's
🔶 Pred  155 ms Sync   25 ms | Sent   864 kB Recv  1191 kB |  keys
🔶 Pred  155 ms Sync   31 ms | Sent   864 kB Recv  1191 kB |  are
🔶 Pred  154 ms Sync   38 ms | Sent   864 kB Recv  1191 kB |  
🔶 Pred  208 ms Sync   86 ms | Sent   864 kB Recv  1191 kB | 5
🔶 Pred  155 ms Sync   28 ms | Sent   864 kB Recv  1191 kB |  and
🔶 Pred  173 ms Sync   61 ms | Sent   864 kB Recv  1191 kB |  
🔶 Pred  164 ms Sync   41 ms | Sent   864 kB Recv  1191 kB | 10
🔶 Pred  156 ms Sync   27 ms | Sent   864 kB Recv  1191 kB | ,
🔶 Pred  157 ms Sync   28 ms | Sent   864 kB Recv  1191 kB |  but
🔶 Pred  153 ms Sync   33 ms | Sent   864 kB Recv  1191 kB |  that
🔶 Pred  158 ms Sync   26 ms | Sent   864 kB Recv  1191 kB | 's
🔶 Pred  159 ms Sync   29 ms | Sent   864 kB Recv  1191 kB |  two
🔶 Pred  157 ms Sync   31 ms | Sent   864 kB Recv  1191 kB |  keys
🔶 Pred  157 ms Sync   32 ms | Sent   864 kB Recv  1191 kB | ,
🔶 Pred  155 ms Sync   36 ms | Sent   864 kB Recv  1191 kB |  which
🔶 Pred  154 ms Sync   29 ms | Sent   864 kB Recv  1191 kB |  is
🔶 Pred  204 ms Sync   20 ms | Sent   864 kB Recv  1191 kB |  fine
🔶 Pred  197 ms Sync   26 ms | Sent   864 kB Recv  1191 kB | .


🔶 Pred  225 ms Sync   70 ms | Sent   864 kB Recv  1191 kB | Wait
🔶 Pred  183 ms Sync   63 ms | Sent   864 kB Recv  1191 kB | ,
🔶 Pred  156 ms Sync   22 ms | Sent   864 kB Recv  1191 kB |  but
🔶 Pred  157 ms Sync   29 ms | Sent   864 kB Recv  1191 kB |  in
🔶 Pred  158 ms Sync   25 ms | Sent   864 kB Recv  1191 kB |  a
🔶 Pred  154 ms Sync   25 ms | Sent   864 kB Recv  1191 kB |  B
🔶 Pred  156 ms Sync   30 ms | Sent   864 kB Recv  1191 kB | -tree
🔶 Pred  157 ms Sync   33 ms | Sent   864 kB Recv  1191 kB | ,
🔶 Pred  159 ms Sync   28 ms | Sent   864 kB Recv  1191 kB |  each
🔶 Pred  156 ms Sync   27 ms | Sent   864 kB Recv  1191 kB |  node
🔶 Pred  155 ms Sync   30 ms | Sent   864 kB Recv  1191 kB | 's
🔶 Pred  159 ms Sync   30 ms | Sent   864 kB Recv  1191 kB |  keys
🔶 Pred  159 ms Sync   25 ms | Sent   864 kB Recv  1191 kB |  are
🔶 Pred  157 ms Sync   27 ms | Sent   864 kB Recv  1191 kB |  in
🔶 Pred  157 ms Sync   25 ms | Sent   864 kB Recv  1191 kB |  sorted
🔶 Pred  212 ms Sync   72 ms | Sent   864 kB Recv  1191 kB |  order
🔶 Pred  157 ms Sync   25 ms | Sent   864 kB Recv  1191 kB | ,
🔶 Pred  181 ms Sync   46 ms | Sent   864 kB Recv  1191 kB |  so
🔶 Pred  157 ms Sync   24 ms | Sent   864 kB Recv  1191 kB |  node
🔶 Pred  156 ms Sync   28 ms | Sent   864 kB Recv  1191 kB |  
🔶 Pred  155 ms Sync   31 ms | Sent   864 kB Recv  1191 kB | 1
🔶 Pred  158 ms Sync   25 ms | Sent   864 kB Recv  1191 kB | 's
🔶 Pred  162 ms Sync   31 ms | Sent   864 kB Recv  1191 kB |  keys
🔶 Pred  208 ms Sync   20 ms | Sent   864 kB Recv  1191 kB |  should
🔶 Pred  211 ms Sync   31 ms | Sent   864 kB Recv  1191 kB |  be
🔶 Pred  156 ms Sync   50 ms | Sent   864 kB Recv  1191 kB |  
🔶 Pred  155 ms Sync   24 ms | Sent   864 kB Recv  1191 kB | 5
🔶 Pred  156 ms Sync   23 ms | Sent   864 kB Recv  1191 kB |  and
🔶 Pred  158 ms Sync   27 ms | Sent   864 kB Recv  1191 kB |  
🔶 Pred  156 ms Sync   30 ms | Sent   864 kB Recv  1191 kB | 10
🔶 Pred  229 ms Sync   88 ms | Sent   864 kB Recv  1191 kB | ,
🔶 Pred  172 ms Sync   50 ms | Sent   864 kB Recv  1191 kB |  but
🔶 Pred  161 ms Sync   32 ms | Sent   864 kB Recv  1191 kB |  node
🔶 Pred  157 ms Sync   27 ms | Sent   864 kB Recv  1191 kB |  
🔶 Pred  154 ms Sync   32 ms | Sent   864 kB Recv  1191 kB | 1
🔶 Pred  157 ms Sync   25 ms | Sent   864 kB Recv  1191 kB | 's
🔶 Pred  175 ms Sync   35 ms | Sent   864 kB Recv  1191 kB |  key
🔶 Pred  158 ms Sync   27 ms | Sent   864 kB Recv  1191 kB |  is
🔶 Pred  156 ms Sync   28 ms | Sent   864 kB Recv  1191 kB |  
🔶 Pred  155 ms Sync   36 ms | Sent   864 kB Recv  1191 kB | 10
🔶 Pred  158 ms Sync   30 ms | Sent   864 kB Recv  1191 kB | ,
🔶 Pred  159 ms Sync   26 ms | Sent   864 kB Recv  1191 kB |  and
🔶 Pred  156 ms Sync   27 ms | Sent   864 kB Recv  1191 kB |  its
🔶 Pred  157 ms Sync   22 ms | Sent   864 kB Recv  1191 kB |  left
🔶 Pred  157 ms Sync   27 ms | Sent   864 kB Recv  1191 kB |  child
🔶 Pred  210 ms Sync  114 ms | Sent   864 kB Recv  1191 kB |  is
🔶 Pred  185 ms Sync   45 ms | Sent   864 kB Recv  1191 kB |  node
🔶 Pred  204 ms Sync   19 ms | Sent   864 kB Recv  1191 kB |  
🔶 Pred  220 ms Sync   26 ms | Sent   864 kB Recv  1191 kB | 2
🔶 Pred  155 ms Sync   27 ms | Sent   864 kB Recv  1191 kB |  with
🔶 Pred  158 ms Sync   28 ms | Sent   864 kB Recv  1191 kB |  key
🔶 Pred  157 ms Sync   32 ms | Sent   864 kB Recv  1191 kB |  
🔶 Pred  157 ms Sync   25 ms | Sent   864 kB Recv  1191 kB | 5
🔶 Pred  157 ms Sync   29 ms | Sent   864 kB Recv  1191 kB | .
🔶 Pred  156 ms Sync   26 ms | Sent   864 kB Recv  1191 kB |  So
🔶 Pred  155 ms Sync   30 ms | Sent   864 kB Recv  1191 kB | ,
🔶 Pred  157 ms Sync   54 ms | Sent   864 kB Recv  1191 kB |  the
🔶 Pred  156 ms Sync   25 ms | Sent   864 kB Recv  1191 kB |  node
🔶 Pred  156 ms Sync   27 ms | Sent   864 kB Recv  1191 kB |  
🔶 Pred  193 ms Sync   78 ms | Sent   864 kB Recv  1191 kB | 1
🔶 Pred  176 ms Sync   34 ms | Sent   864 kB Recv  1191 kB | 's
🔶 Pred  183 ms Sync   57 ms | Sent   864 kB Recv  1191 kB |  keys
🔶 Pred  156 ms Sync   47 ms | Sent   864 kB Recv  1191 kB |  are
🔶 Pred  154 ms Sync   36 ms | Sent   864 kB Recv  1191 kB |  
🔶 Pred  157 ms Sync   26 ms | Sent   864 kB Recv  1191 kB | 5
🔶 Pred  157 ms Sync   32 ms | Sent   864 kB Recv  1191 kB |  and
🔶 Pred  157 ms Sync   28 ms | Sent   864 kB Recv  1191 kB |  
🔶 Pred  157 ms Sync   27 ms | Sent   864 kB Recv  1191 kB | 10
🔶 Pred  156 ms Sync   35 ms | Sent   864 kB Recv  1191 kB | ,
🔶 Pred  158 ms Sync   31 ms | Sent   864 kB Recv  1191 kB |  but
🔶 Pred  157 ms Sync   47 ms | Sent   864 kB Recv  1191 kB |  that
🔶 Pred  161 ms Sync   32 ms | Sent   864 kB Recv  1191 kB | 's
🔶 Pred  199 ms Sync   36 ms | Sent   864 kB Recv  1191 kB |  two
🔶 Pred  196 ms Sync   23 ms | Sent   864 kB Recv  1191 kB |  keys
🔶 Pred  210 ms Sync   77 ms | Sent   864 kB Recv  1191 kB | ,
🔶 Pred  171 ms Sync   50 ms | Sent   864 kB Recv  1191 kB |  which
🔶 Pred  158 ms Sync   35 ms | Sent   864 kB Recv  1191 kB |  is
🔶 Pred  157 ms Sync   26 ms | Sent   864 kB Recv  1191 kB |  okay
🔶 Pred  158 ms Sync   27 ms | Sent   864 kB Recv  1191 kB | .


🔶 Pred  156 ms Sync   27 ms | Sent   864 kB Recv  1191 kB | Wait
🔶 Pred  160 ms Sync   33 ms | Sent   864 kB Recv  1191 kB | ,
🔶 Pred  156 ms Sync   35 ms | Sent   864 kB Recv  1191 kB |  but
🔶 Pred  155 ms Sync   30 ms | Sent   864 kB Recv  1191 kB |  in
🔶 Pred  170 ms Sync   28 ms | Sent   864 kB Recv  1191 kB |  reality
🔶 Pred  156 ms Sync   32 ms | Sent   864 kB Recv  1191 kB | ,
🔶 Pred  158 ms Sync   25 ms | Sent   864 kB Recv  1191 kB |  node
🔶 Pred  154 ms Sync   32 ms | Sent   864 kB Recv  1191 kB |  
🔶 Pred  159 ms Sync   33 ms | Sent   864 kB Recv  1191 kB | 1
🔶 Pred  156 ms Sync   40 ms | Sent   864 kB Recv  1191 kB | 's
🔶 Pred  212 ms Sync   80 ms | Sent   864 kB Recv  1191 kB |  key
🔶 Pred  161 ms Sync   46 ms | Sent   864 kB Recv  1191 kB |  is
🔶 Pred  168 ms Sync   32 ms | Sent   864 kB Recv  1191 kB |  
🔶 Pred  156 ms Sync   30 ms | Sent   864 kB Recv  1191 kB | 10
🔶 Pred  158 ms Sync   27 ms | Sent   864 kB Recv  1191 kB | ,
🔶 Pred  155 ms Sync   33 ms | Sent   864 kB Recv  1191 kB |  and
🔶 Pred  154 ms Sync   40 ms | Sent   864 kB Recv  1191 kB |  its
🔶 Pred  155 ms Sync   32 ms | Sent   864 kB Recv  1191 kB |  left
🔶 Pred  219 ms Sync   34 ms | Sent   864 kB Recv  1191 kB |  child
🔶 Pred  156 ms Sync   31 ms | Sent   864 kB Recv  1191 kB |  is
🔶 Pred  156 ms Sync   31 ms | Sent   864 kB Recv  1191 kB |  node
🔶 Pred  156 ms Sync   25 ms | Sent   864 kB Recv  1191 kB |  
🔶 Pred  154 ms Sync   29 ms | Sent   864 kB Recv  1191 kB | 2
🔶 Pred  158 ms Sync   29 ms | Sent   864 kB Recv  1191 kB |  with
🔶 Pred  156 ms Sync   35 ms | Sent   864 kB Recv  1191 kB |  key
🔶 Pred  228 ms Sync   77 ms | Sent   864 kB Recv  1191 kB |  
🔶 Pred  178 ms Sync   59 ms | Sent   864 kB Recv  1191 kB | 5
🔶 Pred  157 ms Sync   31 ms | Sent   864 kB Recv  1191 kB | .
🔶 Pred  158 ms Sync   25 ms | Sent   864 kB Recv  1191 kB |  So
🔶 Pred  158 ms Sync   35 ms | Sent   864 kB Recv  1191 kB | ,
🔶 Pred  159 ms Sync   35 ms | Sent   864 kB Recv  1191 kB |  the
🔶 Pred  162 ms Sync   34 ms | Sent   864 kB Recv  1191 kB |  node
🔶 Pred  154 ms Sync   32 ms | Sent   864 kB Recv  1191 kB |  
🔶 Pred  157 ms Sync   32 ms | Sent   864 kB Recv  1191 kB | 1
🔶 Pred  156 ms Sync   32 ms | Sent   864 kB Recv  1191 kB | 's
🔶 Pred  160 ms Sync   31 ms | Sent   864 kB Recv  1191 kB |  keys
🔶 Pred  158 ms Sync   27 ms | Sent   864 kB Recv  1191 kB |  are
🔶 Pred  157 ms Sync   24 ms | Sent   864 kB Recv  1191 kB |  
🔶 Pred  156 ms Sync   30 ms | Sent   864 kB Recv  1191 kB | 5
🔶 Pred  158 ms Sync   26 ms | Sent   864 kB Recv  1191 kB |  and
🔶 Pred  241 ms Sync   82 ms | Sent   864 kB Recv  1191 kB |  
🔶 Pred  222 ms Sync   34 ms | Sent   864 kB Recv  1191 kB | 10
🔶 Pred  234 ms Sync   33 ms | Sent   864 kB Recv  1191 kB | ,
🔶 Pred  159 ms Sync   24 ms | Sent   864 kB Recv  1191 kB |  but
🔶 Pred  157 ms Sync   27 ms | Sent   864 kB Recv  1191 kB |  that
🔶 Pred  157 ms Sync   26 ms | Sent   864 kB Recv  1191 kB | 's
🔶 Pred  157 ms Sync   34 ms | Sent   864 kB Recv  1191 kB |  two
🔶 Pred  157 ms Sync   37 ms | Sent   864 kB Recv  1191 kB |  keys
🔶 Pred  157 ms Sync   33 ms | Sent   864 kB Recv  1191 kB | ,
🔶 Pred  159 ms Sync   23 ms | Sent   864 kB Recv  1191 kB |  which
🔶 Pred  156 ms Sync   29 ms | Sent   864 kB Recv  1191 kB |  is
🔶 Pred  171 ms Sync   35 ms | Sent   864 kB Recv  1191 kB |  okay
🔶 Pred  157 ms Sync   38 ms | Sent   864 kB Recv  1191 kB | .


🔶 Pred  158 ms Sync   27 ms | Sent   864 kB Recv  1191 kB | Wait
🔶 Pred  227 ms Sync   78 ms | Sent   864 kB Recv  1191 kB | ,
🔶 Pred  161 ms Sync   52 ms | Sent   864 kB Recv  1191 kB |  but
🔶 Pred  209 ms Sync   28 ms | Sent   864 kB Recv  1191 kB |  in
🔶 Pred  161 ms Sync   21 ms | Sent   864 kB Recv  1191 kB |  a
🔶 Pred  161 ms Sync   25 ms | Sent   864 kB Recv  1191 kB |  B
🔶 Pred  157 ms Sync   28 ms | Sent   864 kB Recv  1191 kB | -tree
🔶 Pred  160 ms Sync   23 ms | Sent   864 kB Recv  1191 kB | ,
🔶 Pred  161 ms Sync   26 ms | Sent   864 kB Recv  1191 kB |  each
🔶 Pred  169 ms Sync   27 ms | Sent   864 kB Recv  1191 kB |  node
🔶 Pred  159 ms Sync   32 ms | Sent   864 kB Recv  1191 kB | 's
🔶 Pred  159 ms Sync   30 ms | Sent   864 kB Recv  1191 kB |  keys
🔶 Pred  160 ms Sync   27 ms | Sent   864 kB Recv  1191 kB |  are
🔶 Pred  157 ms Sync   32 ms | Sent   864 kB Recv  1191 kB |  in
🔶 Pred  249 ms Sync   19 ms | Sent   864 kB Recv  1191 kB |  sorted
🔶 Pred  196 ms Sync   65 ms | Sent   864 kB Recv  1191 kB |  order
🔶 Pred  184 ms Sync   41 ms | Sent   864 kB Recv  1191 kB | ,
🔶 Pred  184 ms Sync   48 ms | Sent   864 kB Recv  1191 kB |  so
🔶 Pred  161 ms Sync   26 ms | Sent   864 kB Recv  1191 kB |  node
🔶 Pred  160 ms Sync   27 ms | Sent   864 kB Recv  1191 kB |  
🔶 Pred  160 ms Sync   30 ms | Sent   864 kB Recv  1191 kB | 1
🔶 Pred  160 ms Sync   27 ms | Sent   864 kB Recv  1191 kB | 's
🔶 Pred  160 ms Sync   29 ms | Sent   864 kB Recv  1191 kB |  keys
🔶 Pred  160 ms Sync   28 ms | Sent   864 kB Recv  1191 kB |  should
🔶 Pred  162 ms Sync   29 ms | Sent   864 kB Recv  1191 kB |  be
🔶 Pred  160 ms Sync   30 ms | Sent   864 kB Recv  1191 kB |  
🔶 Pred  160 ms Sync   36 ms | Sent   864 kB Recv  1191 kB | 5
🔶 Pred  161 ms Sync   26 ms | Sent   864 kB Recv  1191 kB |  and
🔶 Pred  159 ms Sync   37 ms | Sent   864 kB Recv  1191 kB |  
🔶 Pred  161 ms Sync   25 ms | Sent   864 kB Recv  1191 kB | 10
🔶 Pred  207 ms Sync   34 ms | Sent   864 kB Recv  1191 kB | ,
🔶 Pred  184 ms Sync   47 ms | Sent   864 kB Recv  1191 kB |  but
🔶 Pred  170 ms Sync   61 ms | Sent   864 kB Recv  1191 kB |  node
🔶 Pred  161 ms Sync   33 ms | Sent   864 kB Recv  1191 kB |  
🔶 Pred  161 ms Sync   27 ms | Sent   864 kB Recv  1191 kB | 1
🔶 Pred  161 ms Sync   22 ms | Sent   864 kB Recv  1191 kB | 's
🔶 Pred  164 ms Sync   23 ms | Sent   864 kB Recv  1191 kB |  key
🔶 Pred  159 ms Sync   28 ms | Sent   864 kB Recv  1191 kB |  is
🔶 Pred  267 ms Sync   19 ms | Sent   864 kB Recv  1191 kB |  
🔶 Pred  160 ms Sync   27 ms | Sent   864 kB Recv  1191 kB | 10
🔶 Pred  163 ms Sync   28 ms | Sent   864 kB Recv  1191 kB | ,
🔶 Pred  159 ms Sync   34 ms | Sent   864 kB Recv  1191 kB |  and
🔶 Pred  160 ms Sync   26 ms | Sent   864 kB Recv  1191 kB |  its
🔶 Pred  161 ms Sync   26 ms | Sent   864 kB Recv  1191 kB |  left
🔶 Pred  162 ms Sync   24 ms | Sent   864 kB Recv  1191 kB |  child
🔶 Pred  228 ms Sync   62 ms | Sent   864 kB Recv  1191 kB |  is
🔶 Pred  163 ms Sync   30 ms | Sent   864 kB Recv  1191 kB |  node
🔶 Pred  221 ms Sync   31 ms | Sent   864 kB Recv  1191 kB |  
🔶 Pred  162 ms Sync   25 ms | Sent   864 kB Recv  1191 kB | 2
🔶 Pred  160 ms Sync   26 ms | Sent   864 kB Recv  1191 kB |  with
🔶 Pred  162 ms Sync   23 ms | Sent   864 kB Recv  1191 kB |  key
🔶 Pred  161 ms Sync   29 ms | Sent   864 kB Recv  1191 kB |  
🔶 Pred  161 ms Sync   27 ms | Sent   864 kB Recv  1191 kB | 5
🔶 Pred  162 ms Sync   27 ms | Sent   864 kB Recv  1191 kB | .
🔶 Pred  161 ms Sync   27 ms | Sent   864 kB Recv  1191 kB |  So
🔶 Pred  162 ms Sync   27 ms | Sent   864 kB Recv  1191 kB | ,
🔶 Pred  163 ms Sync   26 ms | Sent   864 kB Recv  1191 kB |  the
🔶 Pred  165 ms Sync   25 ms | Sent   864 kB Recv  1191 kB |  node
🔶 Pred  166 ms Sync   30 ms | Sent   864 kB Recv  1191 kB |  
🔶 Pred  160 ms Sync   27 ms | Sent   864 kB Recv  1191 kB | 1
🔶 Pred  220 ms Sync   80 ms | Sent   864 kB Recv  1191 kB | 's
🔶 Pred  172 ms Sync   68 ms | Sent   864 kB Recv  1191 kB |  keys
🔶 Pred  241 ms Sync   28 ms | Sent   864 kB Recv  1191 kB |  are
🔶 Pred  159 ms Sync   28 ms | Sent   864 kB Recv  1191 kB |  
🔶 Pred  159 ms Sync   28 ms | Sent   864 kB Recv  1191 kB | 5
🔶 Pred  158 ms Sync   28 ms | Sent   864 kB Recv  1191 kB |  and
🔶 Pred  157 ms Sync   27 ms | Sent   864 kB Recv  1191 kB |  
🔶 Pred  160 ms Sync   27 ms | Sent   864 kB Recv  1191 kB | 10
🔶 Pred  158 ms Sync   30 ms | Sent   864 kB Recv  1191 kB | ,
🔶 Pred  157 ms Sync   35 ms | Sent   864 kB Recv  1191 kB |  but
🔶 Pred  159 ms Sync   31 ms | Sent   864 kB Recv  1191 kB |  that
🔶 Pred  158 ms Sync   29 ms | Sent   864 kB Recv  1191 kB | 's
🔶 Pred  159 ms Sync   33 ms | Sent   864 kB Recv  1191 kB |  two
🔶 Pred  158 ms Sync   30 ms | Sent   864 kB Recv  1191 kB |  keys
🔶 Pred  159 ms Sync   28 ms | Sent   864 kB Recv  1191 kB | ,
🔶 Pred  223 ms Sync   77 ms | Sent   864 kB Recv  1191 kB |  which
🔶 Pred  157 ms Sync   30 ms | Sent   864 kB Recv  1191 kB |  is
🔶 Pred  172 ms Sync   69 ms | Sent   864 kB Recv  1191 kB |  okay
🔶 Pred  160 ms Sync   29 ms | Sent   864 kB Recv  1191 kB | .


🔶 Pred  159 ms Sync   25 ms | Sent   864 kB Recv  1191 kB | Wait
🔶 Pred  157 ms Sync   33 ms | Sent   864 kB Recv  1191 kB | ,
🔶 Pred  158 ms Sync   32 ms | Sent   864 kB Recv  1191 kB |  but
🔶 Pred  160 ms Sync   43 ms | Sent   864 kB Recv  1191 kB |  in
🔶 Pred  157 ms Sync   49 ms | Sent   864 kB Recv  1191 kB |  reality
🔶 Pred  158 ms Sync   34 ms | Sent   864 kB Recv  1191 kB | ,
🔶 Pred  159 ms Sync   31 ms | Sent   864 kB Recv  1191 kB |  node
🔶 Pred  162 ms Sync   25 ms | Sent   864 kB Recv  1191 kB |  
🔶 Pred  263 ms Sync   38 ms | Sent   864 kB Recv  1191 kB | 1
🔶 Pred  169 ms Sync   22 ms | Sent   864 kB Recv  1191 kB | 's
🔶 Pred  214 ms Sync  102 ms | Sent   864 kB Recv  1191 kB |  key
🔶 Pred  189 ms Sync   53 ms | Sent   864 kB Recv  1191 kB |  is
🔶 Pred  177 ms Sync   36 ms | Sent   864 kB Recv  1191 kB |  
🔶 Pred  160 ms Sync   29 ms | Sent   864 kB Recv  1191 kB | 10
🔶 Pred  159 ms Sync   33 ms | Sent   864 kB Recv  1191 kB | ,
🔶 Pred  165 ms Sync   23 ms | Sent   864 kB Recv  1191 kB |  and
🔶 Pred  166 ms Sync   27 ms | Sent   864 kB Recv  1191 kB |  its
🔶 Pred  161 ms Sync   30 ms | Sent   864 kB Recv  1191 kB |  left
🔶 Pred  159 ms Sync   29 ms | Sent   864 kB Recv  1191 kB |  child
🔶 Pred  162 ms Sync   29 ms | Sent   864 kB Recv  1191 kB |  is
🔶 Pred  160 ms Sync   32 ms | Sent   864 kB Recv  1191 kB |  node
🔶 Pred  163 ms Sync   32 ms | Sent   864 kB Recv  1191 kB |  
🔶 Pred  163 ms Sync   30 ms | Sent   864 kB Recv  1191 kB | 2
🔶 Pred  159 ms Sync   38 ms | Sent   864 kB Recv  1191 kB |  with
🔶 Pred  276 ms Sync   52 ms | Sent   864 kB Recv  1191 kB |  key
🔶 Pred  172 ms Sync   67 ms | Sent   864 kB Recv  1191 kB |  
🔶 Pred  175 ms Sync   44 ms | Sent   864 kB Recv  1191 kB | 5
🔶 Pred  161 ms Sync   27 ms | Sent   864 kB Recv  1191 kB | .
🔶 Pred  159 ms Sync   26 ms | Sent   864 kB Recv  1191 kB |  So
🔶 Pred  161 ms Sync   31 ms | Sent   864 kB Recv  1191 kB | ,
🔶 Pred  159 ms Sync   33 ms | Sent   864 kB Recv  1191 kB |  the
🔶 Pred  210 ms Sync   18 ms | Sent   864 kB Recv  1191 kB |  node
🔶 Pred  198 ms Sync   24 ms | Sent   864 kB Recv  1191 kB |  
🔶 Pred  169 ms Sync   24 ms | Sent   864 kB Recv  1191 kB | 1

Evaluation
   nBatches: 32
    nTokens: 38
   tokens/s: 9.34 (107.04 ms/tok)
Prediction
    nTokens: 4962
   tokens/s: 6.17 (162.06 ms/tok)
⭕ Network is closed
