📄 AddBos: 255
📄 BosId: 128000 (<｜begin▁of▁sentence｜>)
📄 EosId: 128001 (<｜end▁of▁sentence｜>) 128001 (<｜end▁of▁sentence｜>) 
📄 RegularVocabSize: 128000
📄 SpecialVocabSize: 256
💡 Arch: Llama
💡 HiddenAct: Silu
💡 Dim: 4096
💡 HeadDim: 128
💡 QDim: 4096
💡 KvDim: 1024
💡 HiddenDim: 14336
💡 VocabSize: 128256
💡 nLayers: 32
💡 nHeads: 32
💡 nKvHeads: 8
💡 OrigSeqLen: 131072
💡 SeqLen: 8192
💡 NormEpsilon: 0.000010
💡 RopeType: Llama3.1
💡 RopeTheta: 500000
💡 RopeScaling: f=8.0, l=1.0, h=4.0, o=8192
📀 RequiredMemory: 3588 MB
⭕ Socket[0]: connecting to 192.168.1.77:9998 worker
⭕ Socket[0]: connected
⭕ Socket[1]: connecting to 192.168.1.75:9998 worker
⭕ Socket[1]: connected
⭕ Socket[2]: connecting to 192.168.1.76:9998 worker
⭕ Socket[2]: connected
⭕ Network is initialized
🧠 CPU: neon fp16
💿 Loading weights...
💿 Loaded 12/32
💿 Loaded 13/32
💿 Loaded 14/32
💿 Loaded 15/32
💿 Loaded 16/32
💿 Loaded 17/32
💿 Loaded 18/32
💿 Loaded 19/32
💿 Loaded 20/32
💿 Loaded 21/32
💿 Loaded 22/32
💿 Loaded 23/32
💿 Loaded 24/32
💿 Loaded 25/32
💿 Loaded 26/32
💿 Loaded 27/32
💿 Loaded 28/32
💿 Loaded 29/32
💿 Loaded 30/32
💿 Loaded 31/32
💿 Loaded 32/32
💿 Weights loaded
🚁 Network is in non-blocking mode
Prove rigorously that there are infinitely many prime numbers. Then present and fully explain three distinct proofs (Euclid's, Euler's analytic proof, and a topological proof), comparing their assumptions and elegance.
🔷️ Eval 2968 ms Sync  457 ms | Sent 27648 kB Recv 38136 kB | (32 tokens)
🔷️ Eval  879 ms Sync  136 ms | Sent  8640 kB Recv 11917 kB | (10 tokens)
🔶 Pred   92 ms Sync   14 ms | Sent   864 kB Recv  1191 kB |  Finally
🔶 Pred   92 ms Sync   15 ms | Sent   864 kB Recv  1191 kB | ,
🔶 Pred   93 ms Sync   15 ms | Sent   864 kB Recv  1191 kB |  conclude
🔶 Pred   93 ms Sync   15 ms | Sent   864 kB Recv  1191 kB |  with
🔶 Pred   92 ms Sync   16 ms | Sent   864 kB Recv  1191 kB |  a
🔶 Pred   93 ms Sync   15 ms | Sent   864 kB Recv  1191 kB |  discussion
🔶 Pred   92 ms Sync   16 ms | Sent   864 kB Recv  1191 kB |  on
🔶 Pred   92 ms Sync   16 ms | Sent   864 kB Recv  1191 kB |  the
🔶 Pred  142 ms Sync   70 ms | Sent   864 kB Recv  1191 kB |  infinit
🔶 Pred  130 ms Sync   27 ms | Sent   864 kB Recv  1191 kB | ude
🔶 Pred  103 ms Sync   34 ms | Sent   864 kB Recv  1191 kB |  of
🔶 Pred  107 ms Sync   39 ms | Sent   864 kB Recv  1191 kB |  primes
🔶 Pred   92 ms Sync   16 ms | Sent   864 kB Recv  1191 kB |  and
🔶 Pred   92 ms Sync   15 ms | Sent   864 kB Recv  1191 kB |  their
🔶 Pred   92 ms Sync   15 ms | Sent   864 kB Recv  1191 kB |  distribution
🔶 Pred  146 ms Sync   13 ms | Sent   864 kB Recv  1191 kB | .


🔶 Pred  174 ms Sync   22 ms | Sent   864 kB Recv  1191 kB | Okay
🔶 Pred   93 ms Sync   15 ms | Sent   864 kB Recv  1191 kB | ,
🔶 Pred   92 ms Sync   17 ms | Sent   864 kB Recv  1191 kB |  so
🔶 Pred   92 ms Sync   16 ms | Sent   864 kB Recv  1191 kB |  I
🔶 Pred   92 ms Sync   16 ms | Sent   864 kB Recv  1191 kB |  need
🔶 Pred   92 ms Sync   15 ms | Sent   864 kB Recv  1191 kB |  to
🔶 Pred   92 ms Sync   15 ms | Sent   864 kB Recv  1191 kB |  prove
🔶 Pred   92 ms Sync   16 ms | Sent   864 kB Recv  1191 kB |  that
🔶 Pred   92 ms Sync   16 ms | Sent   864 kB Recv  1191 kB |  there
🔶 Pred   93 ms Sync   15 ms | Sent   864 kB Recv  1191 kB |  are
🔶 Pred   94 ms Sync   15 ms | Sent   864 kB Recv  1191 kB |  infinitely
🔶 Pred   93 ms Sync   15 ms | Sent   864 kB Recv  1191 kB |  many
🔶 Pred   98 ms Sync   22 ms | Sent   864 kB Recv  1191 kB |  prime
🔶 Pred   92 ms Sync   15 ms | Sent   864 kB Recv  1191 kB |  numbers
🔶 Pred   93 ms Sync   15 ms | Sent   864 kB Recv  1191 kB | .
🔶 Pred   92 ms Sync   16 ms | Sent   864 kB Recv  1191 kB |  Hmm
🔶 Pred  120 ms Sync   90 ms | Sent   864 kB Recv  1191 kB | ,
🔶 Pred  105 ms Sync   20 ms | Sent   864 kB Recv  1191 kB |  I
🔶 Pred   94 ms Sync   19 ms | Sent   864 kB Recv  1191 kB |  remember
🔶 Pred   92 ms Sync  110 ms | Sent   864 kB Recv  1191 kB |  that
🔶 Pred   92 ms Sync   15 ms | Sent   864 kB Recv  1191 kB |  Eu
🔶 Pred   92 ms Sync   15 ms | Sent   864 kB Recv  1191 kB | clid
🔶 Pred   91 ms Sync   15 ms | Sent   864 kB Recv  1191 kB |  did
🔶 Pred   92 ms Sync   15 ms | Sent   864 kB Recv  1191 kB |  this
🔶 Pred   92 ms Sync   15 ms | Sent   864 kB Recv  1191 kB |  a
🔶 Pred   92 ms Sync   16 ms | Sent   864 kB Recv  1191 kB |  long
🔶 Pred   93 ms Sync   15 ms | Sent   864 kB Recv  1191 kB |  time
🔶 Pred   91 ms Sync   17 ms | Sent   864 kB Recv  1191 kB |  ago
🔶 Pred   92 ms Sync   16 ms | Sent   864 kB Recv  1191 kB | ,
🔶 Pred   92 ms Sync   16 ms | Sent   864 kB Recv  1191 kB |  but
🔶 Pred   92 ms Sync   16 ms | Sent   864 kB Recv  1191 kB |  I
🔶 Pred   92 ms Sync   15 ms | Sent   864 kB Recv  1191 kB | 'm
🔶 Pred   93 ms Sync   15 ms | Sent   864 kB Recv  1191 kB |  not
🔶 Pred   92 ms Sync   15 ms | Sent   864 kB Recv  1191 kB |  exactly
🔶 Pred   92 ms Sync   15 ms | Sent   864 kB Recv  1191 kB |  sure
🔶 Pred   92 ms Sync   15 ms | Sent   864 kB Recv  1191 kB |  how
🔶 Pred   93 ms Sync   16 ms | Sent   864 kB Recv  1191 kB | .
🔶 Pred   93 ms Sync   15 ms | Sent   864 kB Recv  1191 kB |  Let
🔶 Pred   92 ms Sync   16 ms | Sent   864 kB Recv  1191 kB |  me
🔶 Pred   92 ms Sync   16 ms | Sent   864 kB Recv  1191 kB |  think
🔶 Pred   92 ms Sync   15 ms | Sent   864 kB Recv  1191 kB | .
🔶 Pred  196 ms Sync   23 ms | Sent   864 kB Recv  1191 kB |  I
🔶 Pred  124 ms Sync   24 ms | Sent   864 kB Recv  1191 kB |  think
🔶 Pred   92 ms Sync   16 ms | Sent   864 kB Recv  1191 kB |  he
🔶 Pred  101 ms Sync   50 ms | Sent   864 kB Recv  1191 kB |  assumed
🔶 Pred   92 ms Sync   30 ms | Sent   864 kB Recv  1191 kB |  that
🔶 Pred   92 ms Sync   15 ms | Sent   864 kB Recv  1191 kB |  all
🔶 Pred   91 ms Sync   16 ms | Sent   864 kB Recv  1191 kB |  primes
🔶 Pred   92 ms Sync   15 ms | Sent   864 kB Recv  1191 kB |  are
🔶 Pred   92 ms Sync   16 ms | Sent   864 kB Recv  1191 kB |  a
🔶 Pred   92 ms Sync   16 ms | Sent   864 kB Recv  1191 kB |  finite
🔶 Pred   91 ms Sync   16 ms | Sent   864 kB Recv  1191 kB |  list
🔶 Pred   93 ms Sync   15 ms | Sent   864 kB Recv  1191 kB |  and
🔶 Pred   92 ms Sync   18 ms | Sent   864 kB Recv  1191 kB |  then
🔶 Pred   92 ms Sync   16 ms | Sent   864 kB Recv  1191 kB |  showed
🔶 Pred   92 ms Sync   16 ms | Sent   864 kB Recv  1191 kB |  that
🔶 Pred   93 ms Sync   16 ms | Sent   864 kB Recv  1191 kB |  you
🔶 Pred   93 ms Sync   15 ms | Sent   864 kB Recv  1191 kB |  can
🔶 Pred   92 ms Sync   17 ms | Sent   864 kB Recv  1191 kB |  make
🔶 Pred   93 ms Sync   16 ms | Sent   864 kB Recv  1191 kB |  a
🔶 Pred   92 ms Sync   17 ms | Sent   864 kB Recv  1191 kB |  new
🔶 Pred   94 ms Sync   14 ms | Sent   864 kB Recv  1191 kB |  prime
🔶 Pred   92 ms Sync   15 ms | Sent   864 kB Recv  1191 kB |  by
🔶 Pred   92 ms Sync   20 ms | Sent   864 kB Recv  1191 kB |  adding
🔶 Pred   92 ms Sync   16 ms | Sent   864 kB Recv  1191 kB |  one
🔶 Pred   92 ms Sync   16 ms | Sent   864 kB Recv  1191 kB |  or
🔶 Pred   92 ms Sync   16 ms | Sent   864 kB Recv  1191 kB |  something
🔶 Pred  184 ms Sync   66 ms | Sent   864 kB Recv  1191 kB | .
🔶 Pred   92 ms Sync   25 ms | Sent   864 kB Recv  1191 kB |  Yeah
🔶 Pred   93 ms Sync   17 ms | Sent   864 kB Recv  1191 kB | ,
🔶 Pred  116 ms Sync   56 ms | Sent   864 kB Recv  1191 kB |  that
🔶 Pred   92 ms Sync   16 ms | Sent   864 kB Recv  1191 kB |  sounds
🔶 Pred   92 ms Sync   16 ms | Sent   864 kB Recv  1191 kB |  right
🔶 Pred   92 ms Sync   15 ms | Sent   864 kB Recv  1191 kB | .


🔶 Pred   92 ms Sync   16 ms | Sent   864 kB Recv  1191 kB | So
🔶 Pred   92 ms Sync   15 ms | Sent   864 kB Recv  1191 kB | ,
🔶 Pred   92 ms Sync   16 ms | Sent   864 kB Recv  1191 kB |  maybe
🔶 Pred   93 ms Sync   15 ms | Sent   864 kB Recv  1191 kB |  I
🔶 Pred   92 ms Sync   16 ms | Sent   864 kB Recv  1191 kB |  should
🔶 Pred   92 ms Sync   15 ms | Sent   864 kB Recv  1191 kB |  start
🔶 Pred   93 ms Sync   15 ms | Sent   864 kB Recv  1191 kB |  by
🔶 Pred   94 ms Sync   16 ms | Sent   864 kB Recv  1191 kB |  assuming
🔶 Pred   93 ms Sync   15 ms | Sent   864 kB Recv  1191 kB |  that
🔶 Pred  129 ms Sync   13 ms | Sent   864 kB Recv  1191 kB |  there
🔶 Pred  125 ms Sync   21 ms | Sent   864 kB Recv  1191 kB |  are
🔶 Pred   95 ms Sync   15 ms | Sent   864 kB Recv  1191 kB |  only
🔶 Pred   95 ms Sync   14 ms | Sent   864 kB Recv  1191 kB |  fin
🔶 Pred   93 ms Sync   16 ms | Sent   864 kB Recv  1191 kB | it
🔶 Pred   92 ms Sync   16 ms | Sent   864 kB Recv  1191 kB | ely
🔶 Pred   93 ms Sync   16 ms | Sent   864 kB Recv  1191 kB |  many
🔶 Pred   93 ms Sync   15 ms | Sent   864 kB Recv  1191 kB |  primes
🔶 Pred  124 ms Sync   21 ms | Sent   864 kB Recv  1191 kB | .
🔶 Pred  134 ms Sync   86 ms | Sent   864 kB Recv  1191 kB |  Let
🔶 Pred   94 ms Sync   16 ms | Sent   864 kB Recv  1191 kB | 's
🔶 Pred  111 ms Sync   33 ms | Sent   864 kB Recv  1191 kB |  say
🔶 Pred   92 ms Sync   16 ms | Sent   864 kB Recv  1191 kB |  they
🔶 Pred   92 ms Sync   15 ms | Sent   864 kB Recv  1191 kB |  are
🔶 Pred   92 ms Sync   17 ms | Sent   864 kB Recv  1191 kB |  p
🔶 Pred   93 ms Sync   15 ms | Sent   864 kB Recv  1191 kB | 1
🔶 Pred   92 ms Sync   16 ms | Sent   864 kB Recv  1191 kB | ,
🔶 Pred   92 ms Sync   15 ms | Sent   864 kB Recv  1191 kB |  p
🔶 Pred   93 ms Sync   15 ms | Sent   864 kB Recv  1191 kB | 2
🔶 Pred   94 ms Sync   16 ms | Sent   864 kB Recv  1191 kB | ,
🔶 Pred   92 ms Sync   17 ms | Sent   864 kB Recv  1191 kB |  ...,
🔶 Pred   92 ms Sync   16 ms | Sent   864 kB Recv  1191 kB |  pn
🔶 Pred   92 ms Sync   16 ms | Sent   864 kB Recv  1191 kB | .
🔶 Pred   92 ms Sync   20 ms | Sent   864 kB Recv  1191 kB |  Then
🔶 Pred   92 ms Sync   17 ms | Sent   864 kB Recv  1191 kB | ,
🔶 Pred   92 ms Sync   18 ms | Sent   864 kB Recv  1191 kB |  if
🔶 Pred   92 ms Sync   16 ms | Sent   864 kB Recv  1191 kB |  I
🔶 Pred   93 ms Sync   17 ms | Sent   864 kB Recv  1191 kB |  take
🔶 Pred   94 ms Sync   15 ms | Sent   864 kB Recv  1191 kB |  the
🔶 Pred   92 ms Sync   16 ms | Sent   864 kB Recv  1191 kB |  product
🔶 Pred   92 ms Sync   16 ms | Sent   864 kB Recv  1191 kB |  of
🔶 Pred   92 ms Sync   16 ms | Sent   864 kB Recv  1191 kB |  all
🔶 Pred   93 ms Sync   16 ms | Sent   864 kB Recv  1191 kB |  these
🔶 Pred   92 ms Sync   16 ms | Sent   864 kB Recv  1191 kB |  primes
🔶 Pred  120 ms Sync   31 ms | Sent   864 kB Recv  1191 kB | ,
🔶 Pred  115 ms Sync   38 ms | Sent   864 kB Recv  1191 kB |  that
🔶 Pred   93 ms Sync   15 ms | Sent   864 kB Recv  1191 kB |  would
🔶 Pred  108 ms Sync   48 ms | Sent   864 kB Recv  1191 kB |  be
🔶 Pred   95 ms Sync   15 ms | Sent   864 kB Recv  1191 kB |  p
🔶 Pred   93 ms Sync   15 ms | Sent   864 kB Recv  1191 kB | 1
🔶 Pred   93 ms Sync   16 ms | Sent   864 kB Recv  1191 kB | *p
🔶 Pred  110 ms Sync   16 ms | Sent   864 kB Recv  1191 kB | 2
🔶 Pred  132 ms Sync   14 ms | Sent   864 kB Recv  1191 kB | *
🔶 Pred  144 ms Sync   23 ms | Sent   864 kB Recv  1191 kB | ...
🔶 Pred   94 ms Sync   17 ms | Sent   864 kB Recv  1191 kB | *
🔶 Pred   93 ms Sync   16 ms | Sent   864 kB Recv  1191 kB | pn
🔶 Pred   93 ms Sync   15 ms | Sent   864 kB Recv  1191 kB | .
🔶 Pred   92 ms Sync   15 ms | Sent   864 kB Recv  1191 kB |  Now
🔶 Pred   92 ms Sync   16 ms | Sent   864 kB Recv  1191 kB | ,
🔶 Pred   93 ms Sync   16 ms | Sent   864 kB Recv  1191 kB |  if
🔶 Pred   93 ms Sync   15 ms | Sent   864 kB Recv  1191 kB |  I
🔶 Pred   93 ms Sync   15 ms | Sent   864 kB Recv  1191 kB |  add
🔶 Pred   92 ms Sync   16 ms | Sent   864 kB Recv  1191 kB |  
🔶 Pred   95 ms Sync   15 ms | Sent   864 kB Recv  1191 kB | 1
🔶 Pred   93 ms Sync   16 ms | Sent   864 kB Recv  1191 kB |  to
🔶 Pred   93 ms Sync   16 ms | Sent   864 kB Recv  1191 kB |  this
🔶 Pred   92 ms Sync   16 ms | Sent   864 kB Recv  1191 kB |  product
🔶 Pred   94 ms Sync   15 ms | Sent   864 kB Recv  1191 kB | ,
🔶 Pred   93 ms Sync   15 ms | Sent   864 kB Recv  1191 kB |  I
🔶 Pred   93 ms Sync   15 ms | Sent   864 kB Recv  1191 kB |  get
🔶 Pred  110 ms Sync   39 ms | Sent   864 kB Recv  1191 kB |  a
🔶 Pred  130 ms Sync   66 ms | Sent   864 kB Recv  1191 kB |  number
🔶 Pred   93 ms Sync   15 ms | Sent   864 kB Recv  1191 kB |  that
🔶 Pred  111 ms Sync   52 ms | Sent   864 kB Recv  1191 kB | 's
🔶 Pred   93 ms Sync   16 ms | Sent   864 kB Recv  1191 kB |  not
🔶 Pred   93 ms Sync   16 ms | Sent   864 kB Recv  1191 kB |  divisible
🔶 Pred   93 ms Sync   15 ms | Sent   864 kB Recv  1191 kB |  by
🔶 Pred   95 ms Sync   17 ms | Sent   864 kB Recv  1191 kB |  any
🔶 Pred   95 ms Sync   20 ms | Sent   864 kB Recv  1191 kB |  of
🔶 Pred   94 ms Sync   18 ms | Sent   864 kB Recv  1191 kB |  the
🔶 Pred   93 ms Sync   17 ms | Sent   864 kB Recv  1191 kB |  primes
🔶 Pred   93 ms Sync   17 ms | Sent   864 kB Recv  1191 kB |  in
🔶 Pred   93 ms Sync   15 ms | Sent   864 kB Recv  1191 kB |  the
🔶 Pred   93 ms Sync   15 ms | Sent   864 kB Recv  1191 kB |  list
🔶 Pred   93 ms Sync   16 ms | Sent   864 kB Recv  1191 kB | ,
🔶 Pred   93 ms Sync   16 ms | Sent   864 kB Recv  1191 kB |  right
🔶 Pred   93 ms Sync   16 ms | Sent   864 kB Recv  1191 kB | ?
🔶 Pred   93 ms Sync   18 ms | Sent   864 kB Recv  1191 kB |  Because
🔶 Pred   94 ms Sync   17 ms | Sent   864 kB Recv  1191 kB |  if
🔶 Pred   94 ms Sync   17 ms | Sent   864 kB Recv  1191 kB |  it
🔶 Pred   92 ms Sync   17 ms | Sent   864 kB Recv  1191 kB |  were
🔶 Pred   93 ms Sync   17 ms | Sent   864 kB Recv  1191 kB | ,
🔶 Pred   93 ms Sync   16 ms | Sent   864 kB Recv  1191 kB |  say
🔶 Pred   92 ms Sync   17 ms | Sent   864 kB Recv  1191 kB |  p
🔶 Pred  191 ms Sync   61 ms | Sent   864 kB Recv  1191 kB | 1
🔶 Pred   93 ms Sync   17 ms | Sent   864 kB Recv  1191 kB |  divides
🔶 Pred  102 ms Sync   43 ms | Sent   864 kB Recv  1191 kB |  it
🔶 Pred   93 ms Sync   18 ms | Sent   864 kB Recv  1191 kB | ,
🔶 Pred   93 ms Sync   17 ms | Sent   864 kB Recv  1191 kB |  then
🔶 Pred   93 ms Sync   17 ms | Sent   864 kB Recv  1191 kB |  p
🔶 Pred   93 ms Sync   17 ms | Sent   864 kB Recv  1191 kB | 1
🔶 Pred   93 ms Sync   17 ms | Sent   864 kB Recv  1191 kB |  would
🔶 Pred   93 ms Sync   18 ms | Sent   864 kB Recv  1191 kB |  divide
🔶 Pred   99 ms Sync   15 ms | Sent   864 kB Recv  1191 kB |  
🔶 Pred  109 ms Sync   21 ms | Sent   864 kB Recv  1191 kB | 1
🔶 Pred   96 ms Sync   16 ms | Sent   864 kB Recv  1191 kB | ,
🔶 Pred   92 ms Sync   18 ms | Sent   864 kB Recv  1191 kB |  which
🔶 Pred   93 ms Sync   16 ms | Sent   864 kB Recv  1191 kB |  it
🔶 Pred   93 ms Sync   17 ms | Sent   864 kB Recv  1191 kB |  doesn
🔶 Pred   93 ms Sync   17 ms | Sent   864 kB Recv  1191 kB | 't
🔶 Pred   94 ms Sync   17 ms | Sent   864 kB Recv  1191 kB | .
🔶 Pred   93 ms Sync   17 ms | Sent   864 kB Recv  1191 kB |  So
🔶 Pred   94 ms Sync   17 ms | Sent   864 kB Recv  1191 kB | ,
🔶 Pred   94 ms Sync   17 ms | Sent   864 kB Recv  1191 kB |  this
🔶 Pred   94 ms Sync   17 ms | Sent   864 kB Recv  1191 kB |  new
🔶 Pred   94 ms Sync   17 ms | Sent   864 kB Recv  1191 kB |  number
🔶 Pred   93 ms Sync   16 ms | Sent   864 kB Recv  1191 kB | ,
🔶 Pred   93 ms Sync   17 ms | Sent   864 kB Recv  1191 kB |  p
🔶 Pred   93 ms Sync   18 ms | Sent   864 kB Recv  1191 kB | 1
🔶 Pred  123 ms Sync   72 ms | Sent   864 kB Recv  1191 kB | *p
🔶 Pred  107 ms Sync   41 ms | Sent   864 kB Recv  1191 kB | 2
🔶 Pred   93 ms Sync   17 ms | Sent   864 kB Recv  1191 kB | *
🔶 Pred  116 ms Sync   32 ms | Sent   864 kB Recv  1191 kB | ...
🔶 Pred   93 ms Sync   18 ms | Sent   864 kB Recv  1191 kB | *
🔶 Pred   94 ms Sync   16 ms | Sent   864 kB Recv  1191 kB | pn
🔶 Pred   93 ms Sync   17 ms | Sent   864 kB Recv  1191 kB |  +
🔶 Pred   93 ms Sync   17 ms | Sent   864 kB Recv  1191 kB |  
🔶 Pred   93 ms Sync   18 ms | Sent   864 kB Recv  1191 kB | 1
🔶 Pred   93 ms Sync   17 ms | Sent   864 kB Recv  1191 kB | ,
🔶 Pred   93 ms Sync   17 ms | Sent   864 kB Recv  1191 kB |  is
🔶 Pred   94 ms Sync   17 ms | Sent   864 kB Recv  1191 kB |  either
🔶 Pred   93 ms Sync   19 ms | Sent   864 kB Recv  1191 kB |  a
🔶 Pred   94 ms Sync   17 ms | Sent   864 kB Recv  1191 kB |  new
🔶 Pred   93 ms Sync   17 ms | Sent   864 kB Recv  1191 kB |  prime
🔶 Pred   93 ms Sync   18 ms | Sent   864 kB Recv  1191 kB |  or
🔶 Pred  114 ms Sync   16 ms | Sent   864 kB Recv  1191 kB |  a
🔶 Pred  166 ms Sync   23 ms | Sent   864 kB Recv  1191 kB |  composite
🔶 Pred  106 ms Sync   14 ms | Sent   864 kB Recv  1191 kB |  number
🔶 Pred   95 ms Sync   16 ms | Sent   864 kB Recv  1191 kB | .
🔶 Pred   93 ms Sync   17 ms | Sent   864 kB Recv  1191 kB |  But
🔶 Pred   94 ms Sync   17 ms | Sent   864 kB Recv  1191 kB |  if
🔶 Pred   93 ms Sync   17 ms | Sent   864 kB Recv  1191 kB |  it
🔶 Pred   93 ms Sync   17 ms | Sent   864 kB Recv  1191 kB | 's
🔶 Pred   93 ms Sync   17 ms | Sent   864 kB Recv  1191 kB |  composite
🔶 Pred  160 ms Sync   72 ms | Sent   864 kB Recv  1191 kB | ,
🔶 Pred   96 ms Sync   17 ms | Sent   864 kB Recv  1191 kB |  its
🔶 Pred  114 ms Sync   39 ms | Sent   864 kB Recv  1191 kB |  prime
🔶 Pred   93 ms Sync   18 ms | Sent   864 kB Recv  1191 kB |  factors
🔶 Pred   93 ms Sync   17 ms | Sent   864 kB Recv  1191 kB |  must
🔶 Pred   95 ms Sync   17 ms | Sent   864 kB Recv  1191 kB |  be
🔶 Pred   93 ms Sync   18 ms | Sent   864 kB Recv  1191 kB |  greater
🔶 Pred   93 ms Sync   18 ms | Sent   864 kB Recv  1191 kB |  than
🔶 Pred   93 ms Sync   17 ms | Sent   864 kB Recv  1191 kB |  pn
🔶 Pred   93 ms Sync   18 ms | Sent   864 kB Recv  1191 kB | ,
🔶 Pred   95 ms Sync   17 ms | Sent   864 kB Recv  1191 kB |  which
🔶 Pred   93 ms Sync   18 ms | Sent   864 kB Recv  1191 kB |  contrad
🔶 Pred   95 ms Sync   16 ms | Sent   864 kB Recv  1191 kB | icts
🔶 Pred   94 ms Sync   17 ms | Sent   864 kB Recv  1191 kB |  our
🔶 Pred   93 ms Sync   17 ms | Sent   864 kB Recv  1191 kB |  initial
🔶 Pred   93 ms Sync   18 ms | Sent   864 kB Recv  1191 kB |  assumption
🔶 Pred   93 ms Sync   17 ms | Sent   864 kB Recv  1191 kB |  that
🔶 Pred   93 ms Sync   18 ms | Sent   864 kB Recv  1191 kB |  pn
🔶 Pred   93 ms Sync   18 ms | Sent   864 kB Recv  1191 kB |  was
🔶 Pred  147 ms Sync   25 ms | Sent   864 kB Recv  1191 kB |  the
🔶 Pred   94 ms Sync   17 ms | Sent   864 kB Recv  1191 kB |  largest
🔶 Pred   93 ms Sync   17 ms | Sent   864 kB Recv  1191 kB |  prime
🔶 Pred   93 ms Sync   18 ms | Sent   864 kB Recv  1191 kB | .
🔶 Pred   93 ms Sync   18 ms | Sent   864 kB Recv  1191 kB |  So
🔶 Pred  110 ms Sync   16 ms | Sent   864 kB Recv  1191 kB | ,
🔶 Pred  131 ms Sync   89 ms | Sent   864 kB Recv  1191 kB |  either
🔶 Pred   94 ms Sync   18 ms | Sent   864 kB Recv  1191 kB |  way
🔶 Pred  108 ms Sync   41 ms | Sent   864 kB Recv  1191 kB | ,
🔶 Pred   94 ms Sync   17 ms | Sent   864 kB Recv  1191 kB |  we
🔶 Pred   94 ms Sync   17 ms | Sent   864 kB Recv  1191 kB |  have
🔶 Pred   94 ms Sync   17 ms | Sent   864 kB Recv  1191 kB |  a
🔶 Pred  111 ms Sync   17 ms | Sent   864 kB Recv  1191 kB |  prime
🔶 Pred  145 ms Sync   22 ms | Sent   864 kB Recv  1191 kB |  not
🔶 Pred   93 ms Sync   18 ms | Sent   864 kB Recv  1191 kB |  in
🔶 Pred   96 ms Sync   17 ms | Sent   864 kB Recv  1191 kB |  our
🔶 Pred   94 ms Sync   20 ms | Sent   864 kB Recv  1191 kB |  original
🔶 Pred   94 ms Sync   17 ms | Sent   864 kB Recv  1191 kB |  list
🔶 Pred   93 ms Sync   17 ms | Sent   864 kB Recv  1191 kB | ,
🔶 Pred  104 ms Sync   19 ms | Sent   864 kB Recv  1191 kB |  meaning
🔶 Pred   93 ms Sync   19 ms | Sent   864 kB Recv  1191 kB |  there
🔶 Pred   93 ms Sync   18 ms | Sent   864 kB Recv  1191 kB |  are
🔶 Pred   94 ms Sync   17 ms | Sent   864 kB Recv  1191 kB |  infinitely
🔶 Pred   95 ms Sync   17 ms | Sent   864 kB Recv  1191 kB |  many
🔶 Pred   95 ms Sync   16 ms | Sent   864 kB Recv  1191 kB |  primes
🔶 Pred   94 ms Sync   17 ms | Sent   864 kB Recv  1191 kB | .


🔶 Pred   94 ms Sync   17 ms | Sent   864 kB Recv  1191 kB | Wait
🔶 Pred   93 ms Sync   17 ms | Sent   864 kB Recv  1191 kB | ,
🔶 Pred   93 ms Sync   18 ms | Sent   864 kB Recv  1191 kB |  that
🔶 Pred   94 ms Sync   23 ms | Sent   864 kB Recv  1191 kB |  seems
🔶 Pred  148 ms Sync   97 ms | Sent   864 kB Recv  1191 kB |  like
🔶 Pred   94 ms Sync   18 ms | Sent   864 kB Recv  1191 kB |  Eu
🔶 Pred  113 ms Sync   45 ms | Sent   864 kB Recv  1191 kB | clid
🔶 Pred   94 ms Sync   18 ms | Sent   864 kB Recv  1191 kB | 's
🔶 Pred   94 ms Sync   17 ms | Sent   864 kB Recv  1191 kB |  proof
🔶 Pred   93 ms Sync   19 ms | Sent   864 kB Recv  1191 kB | .
🔶 Pred   94 ms Sync   18 ms | Sent   864 kB Recv  1191 kB |  So
🔶 Pred   94 ms Sync   19 ms | Sent   864 kB Recv  1191 kB | ,
🔶 Pred   96 ms Sync   16 ms | Sent   864 kB Recv  1191 kB |  that
🔶 Pred   96 ms Sync   17 ms | Sent   864 kB Recv  1191 kB | 's
🔶 Pred   97 ms Sync   17 ms | Sent   864 kB Recv  1191 kB |  one
🔶 Pred   97 ms Sync   16 ms | Sent   864 kB Recv  1191 kB |  proof
🔶 Pred   96 ms Sync   16 ms | Sent   864 kB Recv  1191 kB | .
🔶 Pred   96 ms Sync   16 ms | Sent   864 kB Recv  1191 kB |  But
🔶 Pred   96 ms Sync   16 ms | Sent   864 kB Recv  1191 kB |  the
🔶 Pred   97 ms Sync   16 ms | Sent   864 kB Recv  1191 kB |  question
🔶 Pred   97 ms Sync   17 ms | Sent   864 kB Recv  1191 kB |  also
🔶 Pred   97 ms Sync   17 ms | Sent   864 kB Recv  1191 kB |  mentions
🔶 Pred   97 ms Sync   16 ms | Sent   864 kB Recv  1191 kB |  Euler
🔶 Pred   97 ms Sync   15 ms | Sent   864 kB Recv  1191 kB | 's
🔶 Pred   96 ms Sync   16 ms | Sent   864 kB Recv  1191 kB |  analytic
🔶 Pred   96 ms Sync   16 ms | Sent   864 kB Recv  1191 kB |  proof
🔶 Pred   96 ms Sync   16 ms | Sent   864 kB Recv  1191 kB |  and
🔶 Pred   97 ms Sync   15 ms | Sent   864 kB Recv  1191 kB |  a
🔶 Pred  206 ms Sync   51 ms | Sent   864 kB Recv  1191 kB |  top
🔶 Pred   97 ms Sync   16 ms | Sent   864 kB Recv  1191 kB | ological
🔶 Pred   97 ms Sync   19 ms | Sent   864 kB Recv  1191 kB |  proof
🔶 Pred  136 ms Sync   19 ms | Sent   864 kB Recv  1191 kB | .
🔶 Pred   96 ms Sync   16 ms | Sent   864 kB Recv  1191 kB |  I
🔶 Pred   97 ms Sync   16 ms | Sent   864 kB Recv  1191 kB |  need
🔶 Pred   97 ms Sync   16 ms | Sent   864 kB Recv  1191 kB |  to
🔶 Pred   96 ms Sync   15 ms | Sent   864 kB Recv  1191 kB |  remember
🔶 Pred   97 ms Sync   16 ms | Sent   864 kB Recv  1191 kB |  what
🔶 Pred   96 ms Sync   17 ms | Sent   864 kB Recv  1191 kB |  those
🔶 Pred   98 ms Sync   16 ms | Sent   864 kB Recv  1191 kB |  are
🔶 Pred   97 ms Sync   17 ms | Sent   864 kB Recv  1191 kB | .


🔶 Pred   97 ms Sync   17 ms | Sent   864 kB Recv  1191 kB | E
🔶 Pred   97 ms Sync   15 ms | Sent   864 kB Recv  1191 kB | uler
🔶 Pred   97 ms Sync   16 ms | Sent   864 kB Recv  1191 kB | 's
🔶 Pred   98 ms Sync   15 ms | Sent   864 kB Recv  1191 kB |  proof
🔶 Pred   98 ms Sync   15 ms | Sent   864 kB Recv  1191 kB | ,
🔶 Pred   98 ms Sync   15 ms | Sent   864 kB Recv  1191 kB |  I
🔶 Pred   96 ms Sync   17 ms | Sent   864 kB Recv  1191 kB |  think
🔶 Pred   98 ms Sync   15 ms | Sent   864 kB Recv  1191 kB | ,
🔶 Pred   97 ms Sync   16 ms | Sent   864 kB Recv  1191 kB |  is
🔶 Pred   97 ms Sync   16 ms | Sent   864 kB Recv  1191 kB |  similar
🔶 Pred   97 ms Sync   15 ms | Sent   864 kB Recv  1191 kB |  to
🔶 Pred   97 ms Sync   18 ms | Sent   864 kB Recv  1191 kB |  Eu
🔶 Pred   97 ms Sync   18 ms | Sent   864 kB Recv  1191 kB | clid
🔶 Pred  158 ms Sync   63 ms | Sent   864 kB Recv  1191 kB | 's
🔶 Pred   98 ms Sync   16 ms | Sent   864 kB Recv  1191 kB |  but
🔶 Pred   98 ms Sync   19 ms | Sent   864 kB Recv  1191 kB |  uses
🔶 Pred   98 ms Sync   64 ms | Sent   864 kB Recv  1191 kB |  a
🔶 Pred   97 ms Sync   16 ms | Sent   864 kB Recv  1191 kB |  different
🔶 Pred   97 ms Sync   17 ms | Sent   864 kB Recv  1191 kB |  approach
🔶 Pred   97 ms Sync   17 ms | Sent   864 kB Recv  1191 kB | .
🔶 Pred   97 ms Sync   16 ms | Sent   864 kB Recv  1191 kB |  Instead
🔶 Pred   96 ms Sync   16 ms | Sent   864 kB Recv  1191 kB |  of
🔶 Pred   97 ms Sync   16 ms | Sent   864 kB Recv  1191 kB |  assuming
🔶 Pred   98 ms Sync   15 ms | Sent   864 kB Recv  1191 kB |  a
🔶 Pred   97 ms Sync   17 ms | Sent   864 kB Recv  1191 kB |  finite
🔶 Pred   98 ms Sync   16 ms | Sent   864 kB Recv  1191 kB |  list
🔶 Pred   96 ms Sync   16 ms | Sent   864 kB Recv  1191 kB | ,
🔶 Pred   97 ms Sync   16 ms | Sent   864 kB Recv  1191 kB |  he
🔶 Pred  115 ms Sync   15 ms | Sent   864 kB Recv  1191 kB |  considers
🔶 Pred  144 ms Sync   25 ms | Sent   864 kB Recv  1191 kB |  the
🔶 Pred   98 ms Sync   16 ms | Sent   864 kB Recv  1191 kB |  product
🔶 Pred   99 ms Sync   15 ms | Sent   864 kB Recv  1191 kB |  of
🔶 Pred   97 ms Sync   15 ms | Sent   864 kB Recv  1191 kB |  all
🔶 Pred   97 ms Sync   16 ms | Sent   864 kB Recv  1191 kB |  primes
🔶 Pred   97 ms Sync   16 ms | Sent   864 kB Recv  1191 kB |  up
🔶 Pred   98 ms Sync   15 ms | Sent   864 kB Recv  1191 kB |  to
🔶 Pred  112 ms Sync   16 ms | Sent   864 kB Recv  1191 kB |  n
🔶 Pred  154 ms Sync   51 ms | Sent   864 kB Recv  1191 kB | ,
🔶 Pred   97 ms Sync   49 ms | Sent   864 kB Recv  1191 kB |  and
🔶 Pred  114 ms Sync   50 ms | Sent   864 kB Recv  1191 kB |  then
🔶 Pred   98 ms Sync   16 ms | Sent   864 kB Recv  1191 kB |  shows
🔶 Pred   97 ms Sync   16 ms | Sent   864 kB Recv  1191 kB |  that
🔶 Pred   97 ms Sync   16 ms | Sent   864 kB Recv  1191 kB |  n
🔶 Pred   98 ms Sync   16 ms | Sent   864 kB Recv  1191 kB | +
🔶 Pred   98 ms Sync   18 ms | Sent   864 kB Recv  1191 kB | 1
🔶 Pred   98 ms Sync   16 ms | Sent   864 kB Recv  1191 kB |  is
🔶 Pred   99 ms Sync   16 ms | Sent   864 kB Recv  1191 kB |  either
🔶 Pred   98 ms Sync   16 ms | Sent   864 kB Recv  1191 kB |  prime
🔶 Pred   98 ms Sync   16 ms | Sent   864 kB Recv  1191 kB |  or
🔶 Pred   97 ms Sync   16 ms | Sent   864 kB Recv  1191 kB |  has
🔶 Pred   97 ms Sync   16 ms | Sent   864 kB Recv  1191 kB |  a
🔶 Pred   97 ms Sync   16 ms | Sent   864 kB Recv  1191 kB |  prime
🔶 Pred   97 ms Sync   17 ms | Sent   864 kB Recv  1191 kB |  factor
🔶 Pred   97 ms Sync   17 ms | Sent   864 kB Recv  1191 kB |  not
🔶 Pred   97 ms Sync   17 ms | Sent   864 kB Recv  1191 kB |  in
🔶 Pred   99 ms Sync   15 ms | Sent   864 kB Recv  1191 kB |  the
🔶 Pred   98 ms Sync   16 ms | Sent   864 kB Recv  1191 kB |  list
🔶 Pred   98 ms Sync   16 ms | Sent   864 kB Recv  1191 kB | .
🔶 Pred   98 ms Sync   15 ms | Sent   864 kB Recv  1191 kB |  So
🔶 Pred   98 ms Sync   15 ms | Sent   864 kB Recv  1191 kB | ,
🔶 Pred   97 ms Sync   21 ms | Sent   864 kB Recv  1191 kB |  similar
🔶 Pred  125 ms Sync   18 ms | Sent   864 kB Recv  1191 kB |  idea
🔶 Pred  128 ms Sync   71 ms | Sent   864 kB Recv  1191 kB |  but
🔶 Pred  103 ms Sync   14 ms | Sent   864 kB Recv  1191 kB |  maybe
🔶 Pred  119 ms Sync   53 ms | Sent   864 kB Recv  1191 kB |  ph
🔶 Pred   98 ms Sync   16 ms | Sent   864 kB Recv  1191 kB | r
🔶 Pred   98 ms Sync   16 ms | Sent   864 kB Recv  1191 kB | ased
🔶 Pred   98 ms Sync   16 ms | Sent   864 kB Recv  1191 kB |  differently
🔶 Pred  145 ms Sync   14 ms | Sent   864 kB Recv  1191 kB | .


🔶 Pred  157 ms Sync   28 ms | Sent   864 kB Recv  1191 kB | The
🔶 Pred   99 ms Sync   18 ms | Sent   864 kB Recv  1191 kB |  top
🔶 Pred   99 ms Sync   17 ms | Sent   864 kB Recv  1191 kB | ological
🔶 Pred   97 ms Sync   17 ms | Sent   864 kB Recv  1191 kB |  proof
🔶 Pred   98 ms Sync   16 ms | Sent   864 kB Recv  1191 kB | ,
🔶 Pred   99 ms Sync   16 ms | Sent   864 kB Recv  1191 kB |  hmm
🔶 Pred   97 ms Sync   17 ms | Sent   864 kB Recv  1191 kB | .
🔶 Pred   98 ms Sync   16 ms | Sent   864 kB Recv  1191 kB |  I
🔶 Pred   99 ms Sync   17 ms | Sent   864 kB Recv  1191 kB | 'm
🔶 Pred  100 ms Sync   25 ms | Sent   864 kB Recv  1191 kB |  not
🔶 Pred  100 ms Sync   16 ms | Sent   864 kB Recv  1191 kB |  too
🔶 Pred   98 ms Sync   16 ms | Sent   864 kB Recv  1191 kB |  sure
🔶 Pred  100 ms Sync   16 ms | Sent   864 kB Recv  1191 kB |  about
🔶 Pred   98 ms Sync   18 ms | Sent   864 kB Recv  1191 kB |  this
🔶 Pred  100 ms Sync   16 ms | Sent   864 kB Recv  1191 kB |  one
🔶 Pred  109 ms Sync   22 ms | Sent   864 kB Recv  1191 kB | .
🔶 Pred  132 ms Sync  110 ms | Sent   864 kB Recv  1191 kB |  Maybe
🔶 Pred   99 ms Sync   15 ms | Sent   864 kB Recv  1191 kB |  it
🔶 Pred  124 ms Sync   45 ms | Sent   864 kB Recv  1191 kB |  uses
🔶 Pred   99 ms Sync   16 ms | Sent   864 kB Recv  1191 kB |  some
🔶 Pred   99 ms Sync   16 ms | Sent   864 kB Recv  1191 kB |  concepts
🔶 Pred  102 ms Sync   15 ms | Sent   864 kB Recv  1191 kB |  from
🔶 Pred   99 ms Sync   17 ms | Sent   864 kB Recv  1191 kB |  topology
🔶 Pred   98 ms Sync   16 ms | Sent   864 kB Recv  1191 kB |  or
🔶 Pred   98 ms Sync   16 ms | Sent   864 kB Recv  1191 kB |  analysis
🔶 Pred  100 ms Sync   15 ms | Sent   864 kB Recv  1191 kB | ?
🔶 Pred   98 ms Sync   17 ms | Sent   864 kB Recv  1191 kB |  I
🔶 Pred   98 ms Sync   15 ms | Sent   864 kB Recv  1191 kB |  recall
🔶 Pred   98 ms Sync   16 ms | Sent   864 kB Recv  1191 kB |  something
🔶 Pred   98 ms Sync   16 ms | Sent   864 kB Recv  1191 kB |  about
🔶 Pred   98 ms Sync   17 ms | Sent   864 kB Recv  1191 kB |  the
🔶 Pred   98 ms Sync   16 ms | Sent   864 kB Recv  1191 kB |  density
🔶 Pred   98 ms Sync   16 ms | Sent   864 kB Recv  1191 kB |  of
🔶 Pred   99 ms Sync   16 ms | Sent   864 kB Recv  1191 kB |  primes
🔶 Pred   99 ms Sync   15 ms | Sent   864 kB Recv  1191 kB |  or
🔶 Pred   98 ms Sync   16 ms | Sent   864 kB Recv  1191 kB |  using
🔶 Pred   98 ms Sync   16 ms | Sent   864 kB Recv  1191 kB |  the
🔶 Pred   98 ms Sync   16 ms | Sent   864 kB Recv  1191 kB |  concept
🔶 Pred   98 ms Sync   16 ms | Sent   864 kB Recv  1191 kB |  of
🔶 Pred  150 ms Sync   22 ms | Sent   864 kB Recv  1191 kB |  limits
🔶 Pred  129 ms Sync   78 ms | Sent   864 kB Recv  1191 kB | .
🔶 Pred  100 ms Sync   16 ms | Sent   864 kB Recv  1191 kB |  Maybe
🔶 Pred  119 ms Sync   44 ms | Sent   864 kB Recv  1191 kB |  it
🔶 Pred  115 ms Sync   20 ms | Sent   864 kB Recv  1191 kB |  argues
🔶 Pred   98 ms Sync   16 ms | Sent   864 kB Recv  1191 kB |  that
🔶 Pred   99 ms Sync   15 ms | Sent   864 kB Recv  1191 kB |  primes
🔶 Pred   98 ms Sync   16 ms | Sent   864 kB Recv  1191 kB |  become
🔶 Pred   98 ms Sync   20 ms | Sent   864 kB Recv  1191 kB |  less
🔶 Pred   99 ms Sync   15 ms | Sent   864 kB Recv  1191 kB |  dense
🔶 Pred   99 ms Sync   16 ms | Sent   864 kB Recv  1191 kB |  as
🔶 Pred   99 ms Sync   16 ms | Sent   864 kB Recv  1191 kB |  numbers
🔶 Pred   99 ms Sync   15 ms | Sent   864 kB Recv  1191 kB |  get
🔶 Pred   98 ms Sync   15 ms | Sent   864 kB Recv  1191 kB |  larger
🔶 Pred   98 ms Sync   19 ms | Sent   864 kB Recv  1191 kB | ,
🔶 Pred   98 ms Sync   16 ms | Sent   864 kB Recv  1191 kB |  but
🔶 Pred   99 ms Sync   16 ms | Sent   864 kB Recv  1191 kB |  still
🔶 Pred   98 ms Sync   16 ms | Sent   864 kB Recv  1191 kB | ,
🔶 Pred   99 ms Sync   16 ms | Sent   864 kB Recv  1191 kB |  there
🔶 Pred  100 ms Sync   15 ms | Sent   864 kB Recv  1191 kB |  are
🔶 Pred   99 ms Sync   15 ms | Sent   864 kB Recv  1191 kB |  infinitely
🔶 Pred   98 ms Sync   16 ms | Sent   864 kB Recv  1191 kB |  many
🔶 Pred   98 ms Sync   16 ms | Sent   864 kB Recv  1191 kB | .
🔶 Pred   98 ms Sync   16 ms | Sent   864 kB Recv  1191 kB |  Or
🔶 Pred   98 ms Sync   15 ms | Sent   864 kB Recv  1191 kB |  perhaps
🔶 Pred  154 ms Sync   91 ms | Sent   864 kB Recv  1191 kB |  it
🔶 Pred  100 ms Sync   15 ms | Sent   864 kB Recv  1191 kB |  uses
🔶 Pred  115 ms Sync   43 ms | Sent   864 kB Recv  1191 kB |  the
🔶 Pred   99 ms Sync   16 ms | Sent   864 kB Recv  1191 kB |  idea
🔶 Pred   99 ms Sync   15 ms | Sent   864 kB Recv  1191 kB |  that
🔶 Pred   99 ms Sync   15 ms | Sent   864 kB Recv  1191 kB |  the
🔶 Pred   99 ms Sync   16 ms | Sent   864 kB Recv  1191 kB |  gaps
🔶 Pred   98 ms Sync   16 ms | Sent   864 kB Recv  1191 kB |  between
🔶 Pred   99 ms Sync   16 ms | Sent   864 kB Recv  1191 kB |  primes
🔶 Pred   99 ms Sync   15 ms | Sent   864 kB Recv  1191 kB |  can
🔶 Pred   98 ms Sync   16 ms | Sent   864 kB Recv  1191 kB | 't
🔶 Pred   99 ms Sync   17 ms | Sent   864 kB Recv  1191 kB |  be
🔶 Pred   98 ms Sync   15 ms | Sent   864 kB Recv  1191 kB |  too
🔶 Pred  100 ms Sync   19 ms | Sent   864 kB Recv  1191 kB |  regular
🔶 Pred   99 ms Sync   16 ms | Sent   864 kB Recv  1191 kB | ,
🔶 Pred  151 ms Sync   12 ms | Sent   864 kB Recv  1191 kB |  so
🔶 Pred  190 ms Sync   31 ms | Sent   864 kB Recv  1191 kB |  there
🔶 Pred   99 ms Sync   15 ms | Sent   864 kB Recv  1191 kB |  must
🔶 Pred   99 ms Sync   15 ms | Sent   864 kB Recv  1191 kB |  be
🔶 Pred   99 ms Sync   15 ms | Sent   864 kB Recv  1191 kB |  infinitely
🔶 Pred   98 ms Sync   16 ms | Sent   864 kB Recv  1191 kB |  many
🔶 Pred   98 ms Sync   21 ms | Sent   864 kB Recv  1191 kB | .


🔶 Pred  111 ms Sync   34 ms | Sent   864 kB Recv  1191 kB | Wait
🔶 Pred  143 ms Sync   73 ms | Sent   864 kB Recv  1191 kB | ,
🔶 Pred   99 ms Sync   15 ms | Sent   864 kB Recv  1191 kB |  maybe
🔶 Pred  113 ms Sync   51 ms | Sent   864 kB Recv  1191 kB |  it
🔶 Pred   99 ms Sync   16 ms | Sent   864 kB Recv  1191 kB | 's
🔶 Pred   99 ms Sync   16 ms | Sent   864 kB Recv  1191 kB |  about
🔶 Pred   99 ms Sync   16 ms | Sent   864 kB Recv  1191 kB |  the
🔶 Pred   99 ms Sync   15 ms | Sent   864 kB Recv  1191 kB |  distribution
🔶 Pred   99 ms Sync   15 ms | Sent   864 kB Recv  1191 kB |  of
🔶 Pred   99 ms Sync   15 ms | Sent   864 kB Recv  1191 kB |  primes
🔶 Pred  100 ms Sync   15 ms | Sent   864 kB Recv  1191 kB | .
🔶 Pred   98 ms Sync   17 ms | Sent   864 kB Recv  1191 kB |  If
🔶 Pred   99 ms Sync   15 ms | Sent   864 kB Recv  1191 kB |  primes
🔶 Pred   98 ms Sync   16 ms | Sent   864 kB Recv  1191 kB |  were
🔶 Pred   98 ms Sync   16 ms | Sent   864 kB Recv  1191 kB |  finite
🔶 Pred   99 ms Sync   15 ms | Sent   864 kB Recv  1191 kB | ,
🔶 Pred  112 ms Sync   13 ms | Sent   864 kB Recv  1191 kB |  then
🔶 Pred  154 ms Sync   26 ms | Sent   864 kB Recv  1191 kB |  beyond
🔶 Pred  102 ms Sync   15 ms | Sent   864 kB Recv  1191 kB |  a
🔶 Pred   99 ms Sync   15 ms | Sent   864 kB Recv  1191 kB |  certain
🔶 Pred   99 ms Sync   15 ms | Sent   864 kB Recv  1191 kB |  point
🔶 Pred   99 ms Sync   15 ms | Sent   864 kB Recv  1191 kB | ,
🔶 Pred   99 ms Sync   15 ms | Sent   864 kB Recv  1191 kB |  all
🔶 Pred   99 ms Sync   16 ms | Sent   864 kB Recv  1191 kB |  numbers
🔶 Pred  128 ms Sync   21 ms | Sent   864 kB Recv  1191 kB |  would
🔶 Pred  134 ms Sync   48 ms | Sent   864 kB Recv  1191 kB |  be
🔶 Pred   99 ms Sync   16 ms | Sent   864 kB Recv  1191 kB |  composite
🔶 Pred  114 ms Sync   53 ms | Sent   864 kB Recv  1191 kB | ,
🔶 Pred   99 ms Sync   16 ms | Sent   864 kB Recv  1191 kB |  but
🔶 Pred   99 ms Sync   16 ms | Sent   864 kB Recv  1191 kB |  we
🔶 Pred   99 ms Sync   16 ms | Sent   864 kB Recv  1191 kB |  know
🔶 Pred  152 ms Sync   12 ms | Sent   864 kB Recv  1191 kB |  that
🔶 Pred  130 ms Sync   16 ms | Sent   864 kB Recv  1191 kB | 's
🔶 Pred  111 ms Sync   20 ms | Sent   864 kB Recv  1191 kB |  not
🔶 Pred   99 ms Sync   17 ms | Sent   864 kB Recv  1191 kB |  the
🔶 Pred   99 ms Sync   15 ms | Sent   864 kB Recv  1191 kB |  case
🔶 Pred   99 ms Sync   16 ms | Sent   864 kB Recv  1191 kB |  because
🔶 Pred   99 ms Sync   16 ms | Sent   864 kB Recv  1191 kB |  we
🔶 Pred  100 ms Sync   16 ms | Sent   864 kB Recv  1191 kB |  can
🔶 Pred   99 ms Sync   15 ms | Sent   864 kB Recv  1191 kB |  always
🔶 Pred   98 ms Sync   16 ms | Sent   864 kB Recv  1191 kB |  find
🔶 Pred  100 ms Sync   16 ms | Sent   864 kB Recv  1191 kB |  primes
🔶 Pred  100 ms Sync   15 ms | Sent   864 kB Recv  1191 kB | .
🔶 Pred   99 ms Sync   15 ms | Sent   864 kB Recv  1191 kB |  So
🔶 Pred   99 ms Sync   16 ms | Sent   864 kB Recv  1191 kB | ,
🔶 Pred   99 ms Sync   19 ms | Sent   864 kB Recv  1191 kB |  maybe
🔶 Pred   98 ms Sync   17 ms | Sent   864 kB Recv  1191 kB |  the
🔶 Pred   99 ms Sync   16 ms | Sent   864 kB Recv  1191 kB |  top
🔶 Pred  149 ms Sync   85 ms | Sent   864 kB Recv  1191 kB | ological
🔶 Pred  100 ms Sync   16 ms | Sent   864 kB Recv  1191 kB |  proof
🔶 Pred  119 ms Sync   44 ms | Sent   864 kB Recv  1191 kB |  uses
🔶 Pred   99 ms Sync   17 ms | Sent   864 kB Recv  1191 kB |  some
🔶 Pred  100 ms Sync   16 ms | Sent   864 kB Recv  1191 kB |  properties
🔶 Pred   99 ms Sync   16 ms | Sent   864 kB Recv  1191 kB |  of
🔶 Pred  100 ms Sync   18 ms | Sent   864 kB Recv  1191 kB |  functions
🔶 Pred   99 ms Sync   17 ms | Sent   864 kB Recv  1191 kB |  or
🔶 Pred  100 ms Sync   15 ms | Sent   864 kB Recv  1191 kB |  limits
🔶 Pred  100 ms Sync   16 ms | Sent   864 kB Recv  1191 kB |  to
🔶 Pred  100 ms Sync   16 ms | Sent   864 kB Recv  1191 kB |  show
🔶 Pred  100 ms Sync   16 ms | Sent   864 kB Recv  1191 kB |  that
🔶 Pred  100 ms Sync   15 ms | Sent   864 kB Recv  1191 kB |  the
🔶 Pred   99 ms Sync   16 ms | Sent   864 kB Recv  1191 kB |  density
🔶 Pred   99 ms Sync   16 ms | Sent   864 kB Recv  1191 kB |  of
🔶 Pred   99 ms Sync   16 ms | Sent   864 kB Recv  1191 kB |  primes
🔶 Pred   99 ms Sync   16 ms | Sent   864 kB Recv  1191 kB |  can
🔶 Pred   99 ms Sync   16 ms | Sent   864 kB Recv  1191 kB | 't
🔶 Pred  101 ms Sync   14 ms | Sent   864 kB Recv  1191 kB |  drop
🔶 Pred  100 ms Sync   15 ms | Sent   864 kB Recv  1191 kB |  to
🔶 Pred   99 ms Sync   16 ms | Sent   864 kB Recv  1191 kB |  zero
🔶 Pred   99 ms Sync   16 ms | Sent   864 kB Recv  1191 kB | ,
🔶 Pred   99 ms Sync   16 ms | Sent   864 kB Recv  1191 kB |  hence
🔶 Pred  125 ms Sync   12 ms | Sent   864 kB Recv  1191 kB |  there
🔶 Pred  196 ms Sync   50 ms | Sent   864 kB Recv  1191 kB |  must
🔶 Pred  100 ms Sync   20 ms | Sent   864 kB Recv  1191 kB |  be
🔶 Pred  120 ms Sync   36 ms | Sent   864 kB Recv  1191 kB |  infinitely
🔶 Pred  100 ms Sync   15 ms | Sent   864 kB Recv  1191 kB |  many
🔶 Pred  100 ms Sync   16 ms | Sent   864 kB Recv  1191 kB | .


🔶 Pred  100 ms Sync   16 ms | Sent   864 kB Recv  1191 kB | I
🔶 Pred  100 ms Sync   16 ms | Sent   864 kB Recv  1191 kB |  need
🔶 Pred  103 ms Sync   15 ms | Sent   864 kB Recv  1191 kB |  to
🔶 Pred  100 ms Sync   16 ms | Sent   864 kB Recv  1191 kB |  structure
🔶 Pred  102 ms Sync   16 ms | Sent   864 kB Recv  1191 kB |  this
🔶 Pred  100 ms Sync   18 ms | Sent   864 kB Recv  1191 kB |  properly
🔶 Pred   99 ms Sync   16 ms | Sent   864 kB Recv  1191 kB | .
🔶 Pred  104 ms Sync   14 ms | Sent   864 kB Recv  1191 kB |  First
🔶 Pred  102 ms Sync   15 ms | Sent   864 kB Recv  1191 kB | ,
🔶 Pred  100 ms Sync   16 ms | Sent   864 kB Recv  1191 kB |  prove
🔶 Pred  102 ms Sync   15 ms | Sent   864 kB Recv  1191 kB |  that
🔶 Pred  100 ms Sync   16 ms | Sent   864 kB Recv  1191 kB |  there
🔶 Pred  101 ms Sync   16 ms | Sent   864 kB Recv  1191 kB |  are
🔶 Pred  100 ms Sync   15 ms | Sent   864 kB Recv  1191 kB |  infinitely
🔶 Pred   99 ms Sync   16 ms | Sent   864 kB Recv  1191 kB |  many
🔶 Pred  100 ms Sync   15 ms | Sent   864 kB Recv  1191 kB |  primes
🔶 Pred  100 ms Sync   15 ms | Sent   864 kB Recv  1191 kB |  rigor
🔶 Pred  100 ms Sync   16 ms | Sent   864 kB Recv  1191 kB | ously
🔶 Pred  100 ms Sync   15 ms | Sent   864 kB Recv  1191 kB | ,
🔶 Pred  155 ms Sync   88 ms | Sent   864 kB Recv  1191 kB |  then
🔶 Pred  101 ms Sync   16 ms | Sent   864 kB Recv  1191 kB |  present
🔶 Pred  120 ms Sync   56 ms | Sent   864 kB Recv  1191 kB |  three
🔶 Pred  101 ms Sync   16 ms | Sent   864 kB Recv  1191 kB |  distinct
🔶 Pred   99 ms Sync   16 ms | Sent   864 kB Recv  1191 kB |  proofs
🔶 Pred  100 ms Sync   16 ms | Sent   864 kB Recv  1191 kB | :
🔶 Pred  101 ms Sync   15 ms | Sent   864 kB Recv  1191 kB |  Eu
🔶 Pred  100 ms Sync   15 ms | Sent   864 kB Recv  1191 kB | clid
🔶 Pred   99 ms Sync   16 ms | Sent   864 kB Recv  1191 kB | 's
🔶 Pred  101 ms Sync   15 ms | Sent   864 kB Recv  1191 kB | ,
🔶 Pred  100 ms Sync   17 ms | Sent   864 kB Recv  1191 kB |  Euler
🔶 Pred  101 ms Sync   15 ms | Sent   864 kB Recv  1191 kB | 's
🔶 Pred  100 ms Sync   15 ms | Sent   864 kB Recv  1191 kB | ,
🔶 Pred  101 ms Sync   15 ms | Sent   864 kB Recv  1191 kB |  and
🔶 Pred  100 ms Sync   15 ms | Sent   864 kB Recv  1191 kB |  a
🔶 Pred  163 ms Sync   24 ms | Sent   864 kB Recv  1191 kB |  top
🔶 Pred  102 ms Sync   15 ms | Sent   864 kB Recv  1191 kB | ological
🔶 Pred  117 ms Sync   22 ms | Sent   864 kB Recv  1191 kB |  one
🔶 Pred  100 ms Sync   16 ms | Sent   864 kB Recv  1191 kB | ,
🔶 Pred  100 ms Sync   15 ms | Sent   864 kB Recv  1191 kB |  comparing
🔶 Pred  101 ms Sync   15 ms | Sent   864 kB Recv  1191 kB |  their
🔶 Pred  100 ms Sync   16 ms | Sent   864 kB Recv  1191 kB |  assumptions
🔶 Pred  101 ms Sync   14 ms | Sent   864 kB Recv  1191 kB |  and
🔶 Pred  150 ms Sync   69 ms | Sent   864 kB Recv  1191 kB |  elegance
🔶 Pred  100 ms Sync   17 ms | Sent   864 kB Recv  1191 kB | .
🔶 Pred  111 ms Sync   28 ms | Sent   864 kB Recv  1191 kB |  Finally
🔶 Pred  117 ms Sync   20 ms | Sent   864 kB Recv  1191 kB | ,
🔶 Pred  100 ms Sync   16 ms | Sent   864 kB Recv  1191 kB |  discuss
🔶 Pred  100 ms Sync   16 ms | Sent   864 kB Recv  1191 kB |  the
🔶 Pred  100 ms Sync   16 ms | Sent   864 kB Recv  1191 kB |  distribution
🔶 Pred   99 ms Sync   17 ms | Sent   864 kB Recv  1191 kB |  of
🔶 Pred   99 ms Sync   16 ms | Sent   864 kB Recv  1191 kB |  primes
🔶 Pred  101 ms Sync   17 ms | Sent   864 kB Recv  1191 kB | .


🔶 Pred  101 ms Sync   18 ms | Sent   864 kB Recv  1191 kB | Let
🔶 Pred   99 ms Sync   19 ms | Sent   864 kB Recv  1191 kB |  me
🔶 Pred  101 ms Sync   15 ms | Sent   864 kB Recv  1191 kB |  outline
🔶 Pred  101 ms Sync   15 ms | Sent   864 kB Recv  1191 kB |  each
🔶 Pred  101 ms Sync   15 ms | Sent   864 kB Recv  1191 kB |  proof
🔶 Pred  101 ms Sync   15 ms | Sent   864 kB Recv  1191 kB | .


🔶 Pred  100 ms Sync   15 ms | Sent   864 kB Recv  1191 kB | 1
🔶 Pred  100 ms Sync   16 ms | Sent   864 kB Recv  1191 kB | .
🔶 Pred  102 ms Sync   15 ms | Sent   864 kB Recv  1191 kB |  Eu
🔶 Pred  101 ms Sync   15 ms | Sent   864 kB Recv  1191 kB | clid
🔶 Pred  101 ms Sync   15 ms | Sent   864 kB Recv  1191 kB | 's
🔶 Pred  100 ms Sync   15 ms | Sent   864 kB Recv  1191 kB |  Proof
🔶 Pred  100 ms Sync   16 ms | Sent   864 kB Recv  1191 kB | :

🔶 Pred  101 ms Sync   16 ms | Sent   864 kB Recv  1191 kB |   
🔶 Pred  123 ms Sync   33 ms | Sent   864 kB Recv  1191 kB |  -
🔶 Pred  130 ms Sync   64 ms | Sent   864 kB Recv  1191 kB |  Assume
🔶 Pred  103 ms Sync   15 ms | Sent   864 kB Recv  1191 kB |  there
🔶 Pred  126 ms Sync   52 ms | Sent   864 kB Recv  1191 kB |  are
🔶 Pred  100 ms Sync   17 ms | Sent   864 kB Recv  1191 kB |  only
🔶 Pred  100 ms Sync   16 ms | Sent   864 kB Recv  1191 kB |  fin
🔶 Pred  114 ms Sync   20 ms | Sent   864 kB Recv  1191 kB | it
🔶 Pred  149 ms Sync   24 ms | Sent   864 kB Recv  1191 kB | ely
🔶 Pred  101 ms Sync   17 ms | Sent   864 kB Recv  1191 kB |  many
🔶 Pred  104 ms Sync   16 ms | Sent   864 kB Recv  1191 kB |  primes
🔶 Pred  102 ms Sync   18 ms | Sent   864 kB Recv  1191 kB | :
🔶 Pred  100 ms Sync   16 ms | Sent   864 kB Recv  1191 kB |  p
🔶 Pred  103 ms Sync   16 ms | Sent   864 kB Recv  1191 kB | 1
🔶 Pred  100 ms Sync   17 ms | Sent   864 kB Recv  1191 kB | ,
🔶 Pred  101 ms Sync   16 ms | Sent   864 kB Recv  1191 kB |  p
🔶 Pred  143 ms Sync   24 ms | Sent   864 kB Recv  1191 kB | 2
🔶 Pred  102 ms Sync   17 ms | Sent   864 kB Recv  1191 kB | ,
🔶 Pred  103 ms Sync   16 ms | Sent   864 kB Recv  1191 kB |  ...,
🔶 Pred  102 ms Sync   16 ms | Sent   864 kB Recv  1191 kB |  pn
🔶 Pred  101 ms Sync   16 ms | Sent   864 kB Recv  1191 kB | .

🔶 Pred  103 ms Sync   15 ms | Sent   864 kB Recv  1191 kB |   
🔶 Pred  101 ms Sync   16 ms | Sent   864 kB Recv  1191 kB |  -
🔶 Pred  102 ms Sync   14 ms | Sent   864 kB Recv  1191 kB |  Consider
🔶 Pred  166 ms Sync   97 ms | Sent   864 kB Recv  1191 kB |  the
🔶 Pred  103 ms Sync   15 ms | Sent   864 kB Recv  1191 kB |  number
🔶 Pred  130 ms Sync   58 ms | Sent   864 kB Recv  1191 kB |  N
🔶 Pred  102 ms Sync   15 ms | Sent   864 kB Recv  1191 kB |  =
🔶 Pred  102 ms Sync   16 ms | Sent   864 kB Recv  1191 kB |  p
🔶 Pred  101 ms Sync   17 ms | Sent   864 kB Recv  1191 kB | 1
🔶 Pred  102 ms Sync   16 ms | Sent   864 kB Recv  1191 kB | *p
🔶 Pred  100 ms Sync   16 ms | Sent   864 kB Recv  1191 kB | 2
🔶 Pred  102 ms Sync   16 ms | Sent   864 kB Recv  1191 kB | *
🔶 Pred  102 ms Sync   16 ms | Sent   864 kB Recv  1191 kB | ...
🔶 Pred  100 ms Sync   18 ms | Sent   864 kB Recv  1191 kB | *
🔶 Pred  101 ms Sync   18 ms | Sent   864 kB Recv  1191 kB | pn
🔶 Pred  100 ms Sync   19 ms | Sent   864 kB Recv  1191 kB |  +
🔶 Pred  101 ms Sync   16 ms | Sent   864 kB Recv  1191 kB |  
🔶 Pred  101 ms Sync   16 ms | Sent   864 kB Recv  1191 kB | 1
🔶 Pred  101 ms Sync   16 ms | Sent   864 kB Recv  1191 kB | .

🔶 Pred  100 ms Sync   17 ms | Sent   864 kB Recv  1191 kB |   
🔶 Pred  103 ms Sync   15 ms | Sent   864 kB Recv  1191 kB |  -
🔶 Pred  102 ms Sync   15 ms | Sent   864 kB Recv  1191 kB |  Show
🔶 Pred  102 ms Sync   15 ms | Sent   864 kB Recv  1191 kB |  that
🔶 Pred  101 ms Sync   16 ms | Sent   864 kB Recv  1191 kB |  N
🔶 Pred  101 ms Sync   16 ms | Sent   864 kB Recv  1191 kB |  is
🔶 Pred  138 ms Sync   20 ms | Sent   864 kB Recv  1191 kB |  not
🔶 Pred  192 ms Sync   58 ms | Sent   864 kB Recv  1191 kB |  divisible
🔶 Pred  101 ms Sync   16 ms | Sent   864 kB Recv  1191 kB |  by
🔶 Pred  117 ms Sync   44 ms | Sent   864 kB Recv  1191 kB |  any
🔶 Pred  101 ms Sync   16 ms | Sent   864 kB Recv  1191 kB |  pi
🔶 Pred  101 ms Sync   15 ms | Sent   864 kB Recv  1191 kB | ,
🔶 Pred  101 ms Sync   15 ms | Sent   864 kB Recv  1191 kB |  hence
🔶 Pred  102 ms Sync   16 ms | Sent   864 kB Recv  1191 kB |  N
🔶 Pred  101 ms Sync   15 ms | Sent   864 kB Recv  1191 kB |  is
🔶 Pred  101 ms Sync   17 ms | Sent   864 kB Recv  1191 kB |  either
🔶 Pred  102 ms Sync   16 ms | Sent   864 kB Recv  1191 kB |  prime
🔶 Pred  100 ms Sync   17 ms | Sent   864 kB Recv  1191 kB |  or
🔶 Pred  101 ms Sync   16 ms | Sent   864 kB Recv  1191 kB |  has
🔶 Pred  102 ms Sync   15 ms | Sent   864 kB Recv  1191 kB |  a
🔶 Pred  102 ms Sync   16 ms | Sent   864 kB Recv  1191 kB |  prime
🔶 Pred  101 ms Sync   17 ms | Sent   864 kB Recv  1191 kB |  factor
🔶 Pred  103 ms Sync   15 ms | Sent   864 kB Recv  1191 kB |  not
🔶 Pred  101 ms Sync   15 ms | Sent   864 kB Recv  1191 kB |  in
🔶 Pred  103 ms Sync   17 ms | Sent   864 kB Recv  1191 kB |  the
🔶 Pred  105 ms Sync   15 ms | Sent   864 kB Recv  1191 kB |  list
🔶 Pred  101 ms Sync   17 ms | Sent   864 kB Recv  1191 kB | .

🔶 Pred  104 ms Sync   15 ms | Sent   864 kB Recv  1191 kB |   
🔶 Pred  101 ms Sync   15 ms | Sent   864 kB Recv  1191 kB |  -
🔶 Pred  102 ms Sync   15 ms | Sent   864 kB Recv  1191 kB |  Therefore
🔶 Pred  120 ms Sync   17 ms | Sent   864 kB Recv  1191 kB | ,
🔶 Pred  138 ms Sync   64 ms | Sent   864 kB Recv  1191 kB |  there
🔶 Pred  101 ms Sync   16 ms | Sent   864 kB Recv  1191 kB | 's
🔶 Pred  115 ms Sync   57 ms | Sent   864 kB Recv  1191 kB |  a
🔶 Pred  103 ms Sync   14 ms | Sent   864 kB Recv  1191 kB |  prime
🔶 Pred  101 ms Sync   17 ms | Sent   864 kB Recv  1191 kB |  larger
🔶 Pred  101 ms Sync   16 ms | Sent   864 kB Recv  1191 kB |  than
🔶 Pred  102 ms Sync   16 ms | Sent   864 kB Recv  1191 kB |  pn
🔶 Pred  101 ms Sync   16 ms | Sent   864 kB Recv  1191 kB | ,
🔶 Pred  101 ms Sync   16 ms | Sent   864 kB Recv  1191 kB |  contradiction
🔶 Pred  104 ms Sync   15 ms | Sent   864 kB Recv  1191 kB | .


🔶 Pred  102 ms Sync   19 ms | Sent   864 kB Recv  1191 kB | 2
🔶 Pred  103 ms Sync   16 ms | Sent   864 kB Recv  1191 kB | .
🔶 Pred  101 ms Sync   17 ms | Sent   864 kB Recv  1191 kB |  Euler
🔶 Pred  102 ms Sync   15 ms | Sent   864 kB Recv  1191 kB | 's
🔶 Pred  130 ms Sync   14 ms | Sent   864 kB Recv  1191 kB |  Analy
🔶 Pred  153 ms Sync   15 ms | Sent   864 kB Recv  1191 kB | tic
🔶 Pred  104 ms Sync   15 ms | Sent   864 kB Recv  1191 kB |  Proof
🔶 Pred  103 ms Sync   15 ms | Sent   864 kB Recv  1191 kB | :

🔶 Pred  103 ms Sync   16 ms | Sent   864 kB Recv  1191 kB |   
🔶 Pred  103 ms Sync   15 ms | Sent   864 kB Recv  1191 kB |  -
🔶 Pred  102 ms Sync   21 ms | Sent   864 kB Recv  1191 kB |  Similar
🔶 Pred  101 ms Sync   17 ms | Sent   864 kB Recv  1191 kB |  to
🔶 Pred  117 ms Sync   14 ms | Sent   864 kB Recv  1191 kB |  Eu
🔶 Pred  128 ms Sync  108 ms | Sent   864 kB Recv  1191 kB | clid
🔶 Pred  103 ms Sync   16 ms | Sent   864 kB Recv  1191 kB |  but
🔶 Pred  111 ms Sync   47 ms | Sent   864 kB Recv  1191 kB |  uses
🔶 Pred  102 ms Sync   17 ms | Sent   864 kB Recv  1191 kB |  the
🔶 Pred  101 ms Sync   17 ms | Sent   864 kB Recv  1191 kB |  concept
🔶 Pred  102 ms Sync   16 ms | Sent   864 kB Recv  1191 kB |  of
🔶 Pred  103 ms Sync   16 ms | Sent   864 kB Recv  1191 kB |  the
🔶 Pred  101 ms Sync   15 ms | Sent   864 kB Recv  1191 kB |  product
🔶 Pred  102 ms Sync   16 ms | Sent   864 kB Recv  1191 kB |  of
🔶 Pred  103 ms Sync   15 ms | Sent   864 kB Recv  1191 kB |  primes
🔶 Pred  102 ms Sync   17 ms | Sent   864 kB Recv  1191 kB |  less
🔶 Pred  102 ms Sync   16 ms | Sent   864 kB Recv  1191 kB |  than
🔶 Pred  102 ms Sync   15 ms | Sent   864 kB Recv  1191 kB |  or
🔶 Pred  101 ms Sync   16 ms | Sent   864 kB Recv  1191 kB |  equal
🔶 Pred  102 ms Sync   16 ms | Sent   864 kB Recv  1191 kB |  to
🔶 Pred  102 ms Sync   16 ms | Sent   864 kB Recv  1191 kB |  n
🔶 Pred  101 ms Sync   20 ms | Sent   864 kB Recv  1191 kB | .

🔶 Pred  103 ms Sync   17 ms | Sent   864 kB Recv  1191 kB |   
🔶 Pred  101 ms Sync   17 ms | Sent   864 kB Recv  1191 kB |  -
🔶 Pred  103 ms Sync   16 ms | Sent   864 kB Recv  1191 kB |  Consider
🔶 Pred  103 ms Sync   15 ms | Sent   864 kB Recv  1191 kB |  N
🔶 Pred  102 ms Sync   17 ms | Sent   864 kB Recv  1191 kB |  =
🔶 Pred  102 ms Sync   16 ms | Sent   864 kB Recv  1191 kB |  p
🔶 Pred  144 ms Sync   26 ms | Sent   864 kB Recv  1191 kB | 1
🔶 Pred  125 ms Sync   48 ms | Sent   864 kB Recv  1191 kB | *p
🔶 Pred  102 ms Sync   18 ms | Sent   864 kB Recv  1191 kB | 2
🔶 Pred  125 ms Sync   51 ms | Sent   864 kB Recv  1191 kB | *
🔶 Pred  120 ms Sync   47 ms | Sent   864 kB Recv  1191 kB | ...
🔶 Pred  101 ms Sync   17 ms | Sent   864 kB Recv  1191 kB | *
🔶 Pred  141 ms Sync   14 ms | Sent   864 kB Recv  1191 kB | pn
🔶 Pred  140 ms Sync   20 ms | Sent   864 kB Recv  1191 kB |  +
🔶 Pred  105 ms Sync   16 ms | Sent   864 kB Recv  1191 kB |  
🔶 Pred  104 ms Sync   17 ms | Sent   864 kB Recv  1191 kB | 1
🔶 Pred  102 ms Sync   17 ms | Sent   864 kB Recv  1191 kB | .

🔶 Pred  103 ms Sync   16 ms | Sent   864 kB Recv  1191 kB |   
🔶 Pred  102 ms Sync   16 ms | Sent   864 kB Recv  1191 kB |  -
🔶 Pred  102 ms Sync   15 ms | Sent   864 kB Recv  1191 kB |  Show
🔶 Pred  102 ms Sync   15 ms | Sent   864 kB Recv  1191 kB |  that
🔶 Pred  103 ms Sync   14 ms | Sent   864 kB Recv  1191 kB |  N
🔶 Pred  103 ms Sync   15 ms | Sent   864 kB Recv  1191 kB |  is
🔶 Pred  109 ms Sync   14 ms | Sent   864 kB Recv  1191 kB |  either
🔶 Pred  105 ms Sync   14 ms | Sent   864 kB Recv  1191 kB |  prime
🔶 Pred  102 ms Sync   17 ms | Sent   864 kB Recv  1191 kB |  or
🔶 Pred  103 ms Sync   15 ms | Sent   864 kB Recv  1191 kB |  has
🔶 Pred  103 ms Sync   15 ms | Sent   864 kB Recv  1191 kB |  a
🔶 Pred  104 ms Sync   16 ms | Sent   864 kB Recv  1191 kB |  prime
🔶 Pred  158 ms Sync   78 ms | Sent   864 kB Recv  1191 kB |  factor
🔶 Pred  103 ms Sync   25 ms | Sent   864 kB Recv  1191 kB |  greater
🔶 Pred  121 ms Sync   37 ms | Sent   864 kB Recv  1191 kB |  than
🔶 Pred  102 ms Sync   30 ms | Sent   864 kB Recv  1191 kB |  n
🔶 Pred  102 ms Sync   16 ms | Sent   864 kB Recv  1191 kB | .

🔶 Pred  102 ms Sync   16 ms | Sent   864 kB Recv  1191 kB |   
🔶 Pred  102 ms Sync   16 ms | Sent   864 kB Recv  1191 kB |  -
🔶 Pred  102 ms Sync   16 ms | Sent   864 kB Recv  1191 kB |  Hence
🔶 Pred  103 ms Sync   16 ms | Sent   864 kB Recv  1191 kB | ,
🔶 Pred  105 ms Sync   14 ms | Sent   864 kB Recv  1191 kB |  there
🔶 Pred  102 ms Sync   17 ms | Sent   864 kB Recv  1191 kB |  are
🔶 Pred  103 ms Sync   15 ms | Sent   864 kB Recv  1191 kB |  infinitely
🔶 Pred  103 ms Sync   16 ms | Sent   864 kB Recv  1191 kB |  many
🔶 Pred  103 ms Sync   15 ms | Sent   864 kB Recv  1191 kB |  primes
🔶 Pred  103 ms Sync   15 ms | Sent   864 kB Recv  1191 kB | .


🔶 Pred  102 ms Sync   18 ms | Sent   864 kB Recv  1191 kB | Wait
🔶 Pred  102 ms Sync   18 ms | Sent   864 kB Recv  1191 kB | ,
🔶 Pred  104 ms Sync   15 ms | Sent   864 kB Recv  1191 kB |  is
🔶 Pred  102 ms Sync   16 ms | Sent   864 kB Recv  1191 kB |  that
🔶 Pred  102 ms Sync   16 ms | Sent   864 kB Recv  1191 kB |  different
🔶 Pred  102 ms Sync   16 ms | Sent   864 kB Recv  1191 kB |  from
🔶 Pred  103 ms Sync   16 ms | Sent   864 kB Recv  1191 kB |  Eu
🔶 Pred  121 ms Sync   15 ms | Sent   864 kB Recv  1191 kB | clid
🔶 Pred  207 ms Sync   65 ms | Sent   864 kB Recv  1191 kB | ?
🔶 Pred  103 ms Sync   23 ms | Sent   864 kB Recv  1191 kB |  Maybe
🔶 Pred  124 ms Sync   43 ms | Sent   864 kB Recv  1191 kB |  in
🔶 Pred  102 ms Sync   39 ms | Sent   864 kB Recv  1191 kB |  Eu
🔶 Pred  103 ms Sync   16 ms | Sent   864 kB Recv  1191 kB | clid
🔶 Pred  103 ms Sync   16 ms | Sent   864 kB Recv  1191 kB | 's
🔶 Pred  102 ms Sync   16 ms | Sent   864 kB Recv  1191 kB |  proof
🔶 Pred  102 ms Sync   16 ms | Sent   864 kB Recv  1191 kB | ,
🔶 Pred  103 ms Sync   16 ms | Sent   864 kB Recv  1191 kB |  he
🔶 Pred  105 ms Sync   16 ms | Sent   864 kB Recv  1191 kB |  considers
🔶 Pred  103 ms Sync   17 ms | Sent   864 kB Recv  1191 kB |  primes
🔶 Pred  103 ms Sync   15 ms | Sent   864 kB Recv  1191 kB |  up
🔶 Pred  103 ms Sync   17 ms | Sent   864 kB Recv  1191 kB |  to
🔶 Pred  103 ms Sync   16 ms | Sent   864 kB Recv  1191 kB |  n
🔶 Pred  104 ms Sync   15 ms | Sent   864 kB Recv  1191 kB | ,
🔶 Pred  104 ms Sync   15 ms | Sent   864 kB Recv  1191 kB |  but
🔶 Pred  103 ms Sync   15 ms | Sent   864 kB Recv  1191 kB |  in
🔶 Pred  105 ms Sync   15 ms | Sent   864 kB Recv  1191 kB |  Euler
🔶 Pred  103 ms Sync   15 ms | Sent   864 kB Recv  1191 kB | 's
🔶 Pred  104 ms Sync   15 ms | Sent   864 kB Recv  1191 kB | ,
🔶 Pred  105 ms Sync   15 ms | Sent   864 kB Recv  1191 kB |  he
🔶 Pred  103 ms Sync   16 ms | Sent   864 kB Recv  1191 kB |  considers
🔶 Pred  103 ms Sync   15 ms | Sent   864 kB Recv  1191 kB |  primes
🔶 Pred  167 ms Sync   63 ms | Sent   864 kB Recv  1191 kB |  less
🔶 Pred  104 ms Sync   19 ms | Sent   864 kB Recv  1191 kB |  than
🔶 Pred  118 ms Sync   43 ms | Sent   864 kB Recv  1191 kB |  or
🔶 Pred  105 ms Sync   26 ms | Sent   864 kB Recv  1191 kB |  equal
🔶 Pred  103 ms Sync   16 ms | Sent   864 kB Recv  1191 kB |  to
🔶 Pred  103 ms Sync   17 ms | Sent   864 kB Recv  1191 kB |  n
🔶 Pred  103 ms Sync   16 ms | Sent   864 kB Recv  1191 kB | .
🔶 Pred  103 ms Sync   15 ms | Sent   864 kB Recv  1191 kB |  Hmm
🔶 Pred  103 ms Sync   16 ms | Sent   864 kB Recv  1191 kB | ,
🔶 Pred  105 ms Sync   15 ms | Sent   864 kB Recv  1191 kB |  perhaps
🔶 Pred  104 ms Sync   32 ms | Sent   864 kB Recv  1191 kB |  the
🔶 Pred  104 ms Sync   15 ms | Sent   864 kB Recv  1191 kB |  difference
🔶 Pred  103 ms Sync   16 ms | Sent   864 kB Recv  1191 kB |  is
🔶 Pred  102 ms Sync   16 ms | Sent   864 kB Recv  1191 kB |  in
🔶 Pred  122 ms Sync   22 ms | Sent   864 kB Recv  1191 kB |  the
🔶 Pred  151 ms Sync   16 ms | Sent   864 kB Recv  1191 kB |  way
🔶 Pred  105 ms Sync   15 ms | Sent   864 kB Recv  1191 kB |  N
🔶 Pred  104 ms Sync   15 ms | Sent   864 kB Recv  1191 kB |  is
🔶 Pred  103 ms Sync   15 ms | Sent   864 kB Recv  1191 kB |  constructed
🔶 Pred  102 ms Sync   15 ms | Sent   864 kB Recv  1191 kB | .
🔶 Pred  103 ms Sync   16 ms | Sent   864 kB Recv  1191 kB |  Maybe
🔶 Pred  103 ms Sync   16 ms | Sent   864 kB Recv  1191 kB |  in
🔶 Pred  102 ms Sync   16 ms | Sent   864 kB Recv  1191 kB |  Eu
🔶 Pred  141 ms Sync  100 ms | Sent   864 kB Recv  1191 kB | clid
🔶 Pred  103 ms Sync   23 ms | Sent   864 kB Recv  1191 kB | 's
🔶 Pred  127 ms Sync   39 ms | Sent   864 kB Recv  1191 kB | ,
🔶 Pred  104 ms Sync   22 ms | Sent   864 kB Recv  1191 kB |  n
🔶 Pred  103 ms Sync   16 ms | Sent   864 kB Recv  1191 kB |  is
🔶 Pred  103 ms Sync   16 ms | Sent   864 kB Recv  1191 kB |  the
🔶 Pred  103 ms Sync   16 ms | Sent   864 kB Recv  1191 kB |  largest
🔶 Pred  103 ms Sync   16 ms | Sent   864 kB Recv  1191 kB |  prime
🔶 Pred  103 ms Sync   16 ms | Sent   864 kB Recv  1191 kB | ,
🔶 Pred  104 ms Sync   17 ms | Sent   864 kB Recv  1191 kB |  while
🔶 Pred  105 ms Sync   16 ms | Sent   864 kB Recv  1191 kB |  in
🔶 Pred  103 ms Sync   16 ms | Sent   864 kB Recv  1191 kB |  Euler
🔶 Pred  104 ms Sync   16 ms | Sent   864 kB Recv  1191 kB | 's
🔶 Pred  104 ms Sync   16 ms | Sent   864 kB Recv  1191 kB | ,
🔶 Pred  104 ms Sync   15 ms | Sent   864 kB Recv  1191 kB |  n
🔶 Pred  103 ms Sync   16 ms | Sent   864 kB Recv  1191 kB |  is
🔶 Pred  103 ms Sync   16 ms | Sent   864 kB Recv  1191 kB |  just
🔶 Pred  105 ms Sync   15 ms | Sent   864 kB Recv  1191 kB |  an
🔶 Pred  104 ms Sync   15 ms | Sent   864 kB Recv  1191 kB |  upper
🔶 Pred  103 ms Sync   16 ms | Sent   864 kB Recv  1191 kB |  limit
🔶 Pred  104 ms Sync   15 ms | Sent   864 kB Recv  1191 kB | ,
🔶 Pred  103 ms Sync   16 ms | Sent   864 kB Recv  1191 kB |  not
🔶 Pred  103 ms Sync   16 ms | Sent   864 kB Recv  1191 kB |  necessarily
🔶 Pred  142 ms Sync  105 ms | Sent   864 kB Recv  1191 kB |  the
🔶 Pred  104 ms Sync   27 ms | Sent   864 kB Recv  1191 kB |  largest
🔶 Pred  123 ms Sync   35 ms | Sent   864 kB Recv  1191 kB | .


🔶 Pred  103 ms Sync   34 ms | Sent   864 kB Recv  1191 kB | Wait
🔶 Pred  103 ms Sync   16 ms | Sent   864 kB Recv  1191 kB | ,
🔶 Pred  103 ms Sync   16 ms | Sent   864 kB Recv  1191 kB |  no
🔶 Pred  150 ms Sync   18 ms | Sent   864 kB Recv  1191 kB | ,
🔶 Pred  149 ms Sync   22 ms | Sent   864 kB Recv  1191 kB |  in
🔶 Pred  104 ms Sync   16 ms | Sent   864 kB Recv  1191 kB |  Eu
🔶 Pred  104 ms Sync   16 ms | Sent   864 kB Recv  1191 kB | clid
🔶 Pred  104 ms Sync   15 ms | Sent   864 kB Recv  1191 kB | 's
🔶 Pred  104 ms Sync   15 ms | Sent   864 kB Recv  1191 kB | ,
🔶 Pred  103 ms Sync   16 ms | Sent   864 kB Recv  1191 kB |  n
🔶 Pred  104 ms Sync   16 ms | Sent   864 kB Recv  1191 kB |  is
🔶 Pred  105 ms Sync   15 ms | Sent   864 kB Recv  1191 kB |  the
🔶 Pred  105 ms Sync   18 ms | Sent   864 kB Recv  1191 kB |  largest
🔶 Pred  107 ms Sync   16 ms | Sent   864 kB Recv  1191 kB |  prime
🔶 Pred  106 ms Sync   16 ms | Sent   864 kB Recv  1191 kB | ,
🔶 Pred  106 ms Sync   16 ms | Sent   864 kB Recv  1191 kB |  so
🔶 Pred  104 ms Sync   16 ms | Sent   864 kB Recv  1191 kB |  the
🔶 Pred  104 ms Sync   15 ms | Sent   864 kB Recv  1191 kB |  product
🔶 Pred  104 ms Sync   16 ms | Sent   864 kB Recv  1191 kB |  is
🔶 Pred  130 ms Sync   26 ms | Sent   864 kB Recv  1191 kB |  up
🔶 Pred  135 ms Sync   54 ms | Sent   864 kB Recv  1191 kB |  to
🔶 Pred  104 ms Sync   25 ms | Sent   864 kB Recv  1191 kB |  pn
🔶 Pred  119 ms Sync   67 ms | Sent   864 kB Recv  1191 kB | ,
🔶 Pred  102 ms Sync   17 ms | Sent   864 kB Recv  1191 kB |  and
🔶 Pred  104 ms Sync   16 ms | Sent   864 kB Recv  1191 kB |  then
🔶 Pred  104 ms Sync   16 ms | Sent   864 kB Recv  1191 kB |  N
🔶 Pred  104 ms Sync   15 ms | Sent   864 kB Recv  1191 kB |  is
🔶 Pred  104 ms Sync   15 ms | Sent   864 kB Recv  1191 kB |  pn
🔶 Pred  106 ms Sync   19 ms | Sent   864 kB Recv  1191 kB | +
🔶 Pred  104 ms Sync   19 ms | Sent   864 kB Recv  1191 kB | 1
🔶 Pred  103 ms Sync   17 ms | Sent   864 kB Recv  1191 kB | .
🔶 Pred  103 ms Sync   16 ms | Sent   864 kB Recv  1191 kB |  In
🔶 Pred  104 ms Sync   15 ms | Sent   864 kB Recv  1191 kB |  Euler
🔶 Pred  104 ms Sync   17 ms | Sent   864 kB Recv  1191 kB | 's
🔶 Pred  104 ms Sync   16 ms | Sent   864 kB Recv  1191 kB | ,
🔶 Pred  103 ms Sync   21 ms | Sent   864 kB Recv  1191 kB |  maybe
🔶 Pred  107 ms Sync   16 ms | Sent   864 kB Recv  1191 kB |  n
🔶 Pred  118 ms Sync   26 ms | Sent   864 kB Recv  1191 kB |  is
🔶 Pred  104 ms Sync   16 ms | Sent   864 kB Recv  1191 kB |  arbitrary
🔶 Pred  104 ms Sync   15 ms | Sent   864 kB Recv  1191 kB | ,
🔶 Pred  104 ms Sync   16 ms | Sent   864 kB Recv  1191 kB |  so
🔶 Pred  116 ms Sync   27 ms | Sent   864 kB Recv  1191 kB |  you
🔶 Pred  175 ms Sync   87 ms | Sent   864 kB Recv  1191 kB |  can
🔶 Pred  105 ms Sync   15 ms | Sent   864 kB Recv  1191 kB |  choose
🔶 Pred  127 ms Sync   43 ms | Sent   864 kB Recv  1191 kB |  n
🔶 Pred  104 ms Sync   16 ms | Sent   864 kB Recv  1191 kB |  as
🔶 Pred  104 ms Sync   16 ms | Sent   864 kB Recv  1191 kB |  large
🔶 Pred  105 ms Sync   16 ms | Sent   864 kB Recv  1191 kB |  as
🔶 Pred  104 ms Sync   16 ms | Sent   864 kB Recv  1191 kB |  you
🔶 Pred  104 ms Sync   16 ms | Sent   864 kB Recv  1191 kB |  want
🔶 Pred  105 ms Sync   16 ms | Sent   864 kB Recv  1191 kB | ,
🔶 Pred  105 ms Sync   17 ms | Sent   864 kB Recv  1191 kB |  and
🔶 Pred  104 ms Sync   17 ms | Sent   864 kB Recv  1191 kB |  then
🔶 Pred  109 ms Sync   15 ms | Sent   864 kB Recv  1191 kB |  N
🔶 Pred  106 ms Sync   15 ms | Sent   864 kB Recv  1191 kB |  is
🔶 Pred  106 ms Sync   16 ms | Sent   864 kB Recv  1191 kB |  n
🔶 Pred  104 ms Sync   16 ms | Sent   864 kB Recv  1191 kB | +
🔶 Pred  104 ms Sync   16 ms | Sent   864 kB Recv  1191 kB | 1
🔶 Pred  105 ms Sync   16 ms | Sent   864 kB Recv  1191 kB | ,
🔶 Pred  105 ms Sync   15 ms | Sent   864 kB Recv  1191 kB |  showing
🔶 Pred  103 ms Sync   17 ms | Sent   864 kB Recv  1191 kB |  that
🔶 Pred  105 ms Sync   15 ms | Sent   864 kB Recv  1191 kB |  there
🔶 Pred  105 ms Sync   15 ms | Sent   864 kB Recv  1191 kB |  are
🔶 Pred  105 ms Sync   16 ms | Sent   864 kB Recv  1191 kB |  infinitely
🔶 Pred  105 ms Sync   15 ms | Sent   864 kB Recv  1191 kB |  many
🔶 Pred  161 ms Sync   53 ms | Sent   864 kB Recv  1191 kB |  primes
🔶 Pred  105 ms Sync   16 ms | Sent   864 kB Recv  1191 kB | .


🔶 Pred  127 ms Sync   28 ms | Sent   864 kB Recv  1191 kB | Wait
🔶 Pred  106 ms Sync   16 ms | Sent   864 kB Recv  1191 kB | ,
🔶 Pred  105 ms Sync   15 ms | Sent   864 kB Recv  1191 kB |  maybe
🔶 Pred  105 ms Sync   15 ms | Sent   864 kB Recv  1191 kB |  I
🔶 Pred  105 ms Sync   16 ms | Sent   864 kB Recv  1191 kB | 'm
🔶 Pred  105 ms Sync   16 ms | Sent   864 kB Recv  1191 kB |  confl
🔶 Pred  106 ms Sync   17 ms | Sent   864 kB Recv  1191 kB | ating
🔶 Pred  106 ms Sync   16 ms | Sent   864 kB Recv  1191 kB |  the
🔶 Pred  106 ms Sync   17 ms | Sent   864 kB Recv  1191 kB |  two
🔶 Pred  105 ms Sync   15 ms | Sent   864 kB Recv  1191 kB | .
🔶 Pred  104 ms Sync   15 ms | Sent   864 kB Recv  1191 kB |  Let
🔶 Pred  105 ms Sync   15 ms | Sent   864 kB Recv  1191 kB |  me
🔶 Pred  123 ms Sync   15 ms | Sent   864 kB Recv  1191 kB |  check
🔶 Pred  164 ms Sync   13 ms | Sent   864 kB Recv  1191 kB | .


🔶 Pred  105 ms Sync   17 ms | Sent   864 kB Recv  1191 kB | Actually
🔶 Pred  106 ms Sync   15 ms | Sent   864 kB Recv  1191 kB | ,
🔶 Pred  105 ms Sync   16 ms | Sent   864 kB Recv  1191 kB |  in
🔶 Pred  104 ms Sync   16 ms | Sent   864 kB Recv  1191 kB |  Eu
🔶 Pred  104 ms Sync   16 ms | Sent   864 kB Recv  1191 kB | clid
🔶 Pred  105 ms Sync   15 ms | Sent   864 kB Recv  1191 kB | 's
🔶 Pred  105 ms Sync   15 ms | Sent   864 kB Recv  1191 kB |  proof
🔶 Pred  158 ms Sync   74 ms | Sent   864 kB Recv  1191 kB | ,
🔶 Pred  106 ms Sync   15 ms | Sent   864 kB Recv  1191 kB |  the
🔶 Pred  127 ms Sync   48 ms | Sent   864 kB Recv  1191 kB |  key
🔶 Pred  105 ms Sync   15 ms | Sent   864 kB Recv  1191 kB |  is
🔶 Pred  104 ms Sync   17 ms | Sent   864 kB Recv  1191 kB |  that
🔶 Pred  105 ms Sync   16 ms | Sent   864 kB Recv  1191 kB |  N
🔶 Pred  104 ms Sync   16 ms | Sent   864 kB Recv  1191 kB |  is
🔶 Pred  105 ms Sync   16 ms | Sent   864 kB Recv  1191 kB |  one
🔶 Pred  104 ms Sync   17 ms | Sent   864 kB Recv  1191 kB |  more
🔶 Pred  106 ms Sync   16 ms | Sent   864 kB Recv  1191 kB |  than
🔶 Pred  105 ms Sync   16 ms | Sent   864 kB Recv  1191 kB |  the
🔶 Pred  105 ms Sync   15 ms | Sent   864 kB Recv  1191 kB |  product
🔶 Pred  106 ms Sync   15 ms | Sent   864 kB Recv  1191 kB |  of
🔶 Pred  104 ms Sync   16 ms | Sent   864 kB Recv  1191 kB |  all
🔶 Pred  104 ms Sync   16 ms | Sent   864 kB Recv  1191 kB |  primes
🔶 Pred  104 ms Sync   16 ms | Sent   864 kB Recv  1191 kB |  up
🔶 Pred  106 ms Sync   16 ms | Sent   864 kB Recv  1191 kB |  to
🔶 Pred  106 ms Sync   15 ms | Sent   864 kB Recv  1191 kB |  a
🔶 Pred  105 ms Sync   15 ms | Sent   864 kB Recv  1191 kB |  certain
🔶 Pred  106 ms Sync   15 ms | Sent   864 kB Recv  1191 kB |  point
🔶 Pred  104 ms Sync   16 ms | Sent   864 kB Recv  1191 kB | ,
🔶 Pred  105 ms Sync   16 ms | Sent   864 kB Recv  1191 kB |  which
🔶 Pred  105 ms Sync   15 ms | Sent   864 kB Recv  1191 kB |  is
🔶 Pred  168 ms Sync   67 ms | Sent   864 kB Recv  1191 kB |  a
🔶 Pred  107 ms Sync   15 ms | Sent   864 kB Recv  1191 kB |  classic
🔶 Pred  120 ms Sync   39 ms | Sent   864 kB Recv  1191 kB |  example
🔶 Pred  105 ms Sync   17 ms | Sent   864 kB Recv  1191 kB | .
🔶 Pred  106 ms Sync   15 ms | Sent   864 kB Recv  1191 kB |  Euler
🔶 Pred  105 ms Sync   16 ms | Sent   864 kB Recv  1191 kB | 's
🔶 Pred  123 ms Sync   16 ms | Sent   864 kB Recv  1191 kB |  proof
🔶 Pred  166 ms Sync   14 ms | Sent   864 kB Recv  1191 kB |  is
🔶 Pred  106 ms Sync   16 ms | Sent   864 kB Recv  1191 kB |  similar
🔶 Pred  105 ms Sync   18 ms | Sent   864 kB Recv  1191 kB |  but
🔶 Pred  105 ms Sync   16 ms | Sent   864 kB Recv  1191 kB |  perhaps
🔶 Pred  106 ms Sync   15 ms | Sent   864 kB Recv  1191 kB |  more
🔶 Pred  105 ms Sync   16 ms | Sent   864 kB Recv  1191 kB |  general
🔶 Pred  104 ms Sync   19 ms | Sent   864 kB Recv  1191 kB | ,
🔶 Pred  105 ms Sync   16 ms | Sent   864 kB Recv  1191 kB |  considering
🔶 Pred  105 ms Sync   15 ms | Sent   864 kB Recv  1191 kB |  the
🔶 Pred  107 ms Sync   16 ms | Sent   864 kB Recv  1191 kB |  product
🔶 Pred  106 ms Sync   15 ms | Sent   864 kB Recv  1191 kB |  of
🔶 Pred  106 ms Sync   15 ms | Sent   864 kB Recv  1191 kB |  all
🔶 Pred  104 ms Sync   16 ms | Sent   864 kB Recv  1191 kB |  primes
🔶 Pred  105 ms Sync   16 ms | Sent   864 kB Recv  1191 kB |  less
🔶 Pred  105 ms Sync   16 ms | Sent   864 kB Recv  1191 kB |  than
🔶 Pred  105 ms Sync   16 ms | Sent   864 kB Recv  1191 kB |  or
🔶 Pred  160 ms Sync   73 ms | Sent   864 kB Recv  1191 kB |  equal
🔶 Pred  108 ms Sync   17 ms | Sent   864 kB Recv  1191 kB |  to
🔶 Pred  125 ms Sync   32 ms | Sent   864 kB Recv  1191 kB |  n
🔶 Pred  106 ms Sync   16 ms | Sent   864 kB Recv  1191 kB | ,
🔶 Pred  105 ms Sync   16 ms | Sent   864 kB Recv  1191 kB |  and
🔶 Pred  105 ms Sync   16 ms | Sent   864 kB Recv  1191 kB |  then
🔶 Pred  105 ms Sync   16 ms | Sent   864 kB Recv  1191 kB |  showing
🔶 Pred  105 ms Sync   16 ms | Sent   864 kB Recv  1191 kB |  that
🔶 Pred  107 ms Sync   16 ms | Sent   864 kB Recv  1191 kB |  n
🔶 Pred  105 ms Sync   16 ms | Sent   864 kB Recv  1191 kB | +
🔶 Pred  105 ms Sync   16 ms | Sent   864 kB Recv  1191 kB | 1
🔶 Pred  104 ms Sync   16 ms | Sent   864 kB Recv  1191 kB |  is
🔶 Pred  106 ms Sync   16 ms | Sent   864 kB Recv  1191 kB |  either
🔶 Pred  105 ms Sync   16 ms | Sent   864 kB Recv  1191 kB |  prime
🔶 Pred  105 ms Sync   16 ms | Sent   864 kB Recv  1191 kB |  or
🔶 Pred  105 ms Sync   17 ms | Sent   864 kB Recv  1191 kB |  has
🔶 Pred  107 ms Sync   17 ms | Sent   864 kB Recv  1191 kB |  a
🔶 Pred  106 ms Sync   15 ms | Sent   864 kB Recv  1191 kB |  prime
🔶 Pred  105 ms Sync   16 ms | Sent   864 kB Recv  1191 kB |  factor
🔶 Pred  105 ms Sync   16 ms | Sent   864 kB Recv  1191 kB |  beyond
🔶 Pred  105 ms Sync   17 ms | Sent   864 kB Recv  1191 kB |  n
🔶 Pred  105 ms Sync   17 ms | Sent   864 kB Recv  1191 kB | .


🔶 Pred  106 ms Sync   15 ms | Sent   864 kB Recv  1191 kB | So
🔶 Pred  177 ms Sync   56 ms | Sent   864 kB Recv  1191 kB | ,
🔶 Pred  141 ms Sync   21 ms | Sent   864 kB Recv  1191 kB |  both
🔶 Pred  123 ms Sync   44 ms | Sent   864 kB Recv  1191 kB |  proofs
🔶 Pred  107 ms Sync   15 ms | Sent   864 kB Recv  1191 kB |  assume
🔶 Pred  105 ms Sync   17 ms | Sent   864 kB Recv  1191 kB |  that
🔶 Pred  107 ms Sync   17 ms | Sent   864 kB Recv  1191 kB |  there
🔶 Pred  105 ms Sync   18 ms | Sent   864 kB Recv  1191 kB |  are
🔶 Pred  106 ms Sync   16 ms | Sent   864 kB Recv  1191 kB |  only
🔶 Pred  107 ms Sync   16 ms | Sent   864 kB Recv  1191 kB |  fin
🔶 Pred  105 ms Sync   17 ms | Sent   864 kB Recv  1191 kB | it
🔶 Pred  106 ms Sync   16 ms | Sent   864 kB Recv  1191 kB | ely
🔶 Pred  106 ms Sync   16 ms | Sent   864 kB Recv  1191 kB |  many
🔶 Pred  105 ms Sync   16 ms | Sent   864 kB Recv  1191 kB |  primes
🔶 Pred  105 ms Sync   17 ms | Sent   864 kB Recv  1191 kB |  up
🔶 Pred  106 ms Sync   15 ms | Sent   864 kB Recv  1191 kB |  to
🔶 Pred  105 ms Sync   17 ms | Sent   864 kB Recv  1191 kB |  a
🔶 Pred  107 ms Sync   16 ms | Sent   864 kB Recv  1191 kB |  certain
🔶 Pred  105 ms Sync   16 ms | Sent   864 kB Recv  1191 kB |  point
🔶 Pred  107 ms Sync   15 ms | Sent   864 kB Recv  1191 kB | ,
🔶 Pred  106 ms Sync   15 ms | Sent   864 kB Recv  1191 kB |  then
🔶 Pred  106 ms Sync   16 ms | Sent   864 kB Recv  1191 kB |  construct
🔶 Pred  106 ms Sync   15 ms | Sent   864 kB Recv  1191 kB |  N
🔶 Pred  105 ms Sync   16 ms | Sent   864 kB Recv  1191 kB |  to
🔶 Pred  145 ms Sync   86 ms | Sent   864 kB Recv  1191 kB |  show
🔶 Pred  107 ms Sync   16 ms | Sent   864 kB Recv  1191 kB |  that
🔶 Pred  118 ms Sync   48 ms | Sent   864 kB Recv  1191 kB |  there
🔶 Pred  107 ms Sync   16 ms | Sent   864 kB Recv  1191 kB |  must
🔶 Pred  106 ms Sync   17 ms | Sent   864 kB Recv  1191 kB |  be
🔶 Pred  137 ms Sync   25 ms | Sent   864 kB Recv  1191 kB |  a
🔶 Pred  107 ms Sync   15 ms | Sent   864 kB Recv  1191 kB |  prime
🔶 Pred  106 ms Sync   17 ms | Sent   864 kB Recv  1191 kB |  beyond
🔶 Pred  108 ms Sync   17 ms | Sent   864 kB Recv  1191 kB |  that
🔶 Pred  106 ms Sync   16 ms | Sent   864 kB Recv  1191 kB |  point
🔶 Pred  106 ms Sync   16 ms | Sent   864 kB Recv  1191 kB | .


🔶 Pred  106 ms Sync   15 ms | Sent   864 kB Recv  1191 kB | Now
🔶 Pred  105 ms Sync   16 ms | Sent   864 kB Recv  1191 kB | ,
🔶 Pred  106 ms Sync   15 ms | Sent   864 kB Recv  1191 kB |  the
🔶 Pred  175 ms Sync   15 ms | Sent   864 kB Recv  1191 kB |  top
🔶 Pred  179 ms Sync   23 ms | Sent   864 kB Recv  1191 kB | ological
🔶 Pred  108 ms Sync   15 ms | Sent   864 kB Recv  1191 kB |  proof
🔶 Pred  106 ms Sync   16 ms | Sent   864 kB Recv  1191 kB | .
🔶 Pred  106 ms Sync   19 ms | Sent   864 kB Recv  1191 kB |  I
🔶 Pred  105 ms Sync   16 ms | Sent   864 kB Recv  1191 kB | 'm
🔶 Pred  105 ms Sync   16 ms | Sent   864 kB Recv  1191 kB |  a
🔶 Pred  145 ms Sync   60 ms | Sent   864 kB Recv  1191 kB |  bit
🔶 Pred  126 ms Sync   38 ms | Sent   864 kB Recv  1191 kB |  fuzzy
🔶 Pred  130 ms Sync   94 ms | Sent   864 kB Recv  1191 kB |  on
🔶 Pred  106 ms Sync   16 ms | Sent   864 kB Recv  1191 kB |  this
🔶 Pred  105 ms Sync   17 ms | Sent   864 kB Recv  1191 kB | .
🔶 Pred  106 ms Sync   18 ms | Sent   864 kB Recv  1191 kB |  I
🔶 Pred  106 ms Sync   16 ms | Sent   864 kB Recv  1191 kB |  think
🔶 Pred  106 ms Sync   16 ms | Sent   864 kB Recv  1191 kB |  it
🔶 Pred  107 ms Sync   18 ms | Sent   864 kB Recv  1191 kB | 's
🔶 Pred  105 ms Sync   19 ms | Sent   864 kB Recv  1191 kB |  a
🔶 Pred  106 ms Sync   15 ms | Sent   864 kB Recv  1191 kB |  more
🔶 Pred  106 ms Sync   15 ms | Sent   864 kB Recv  1191 kB |  advanced
🔶 Pred  107 ms Sync   15 ms | Sent   864 kB Recv  1191 kB |  approach
🔶 Pred  106 ms Sync   16 ms | Sent   864 kB Recv  1191 kB | ,
🔶 Pred  106 ms Sync   16 ms | Sent   864 kB Recv  1191 kB |  maybe
🔶 Pred  107 ms Sync   16 ms | Sent   864 kB Recv  1191 kB |  using
🔶 Pred  109 ms Sync   15 ms | Sent   864 kB Recv  1191 kB |  the
🔶 Pred  106 ms Sync   17 ms | Sent   864 kB Recv  1191 kB |  concept
🔶 Pred  106 ms Sync   16 ms | Sent   864 kB Recv  1191 kB |  of
🔶 Pred  106 ms Sync   17 ms | Sent   864 kB Recv  1191 kB |  prime
🔶 Pred  105 ms Sync   16 ms | Sent   864 kB Recv  1191 kB |  gaps
🔶 Pred  106 ms Sync   16 ms | Sent   864 kB Recv  1191 kB |  or
🔶 Pred  131 ms Sync   30 ms | Sent   864 kB Recv  1191 kB |  the
🔶 Pred  127 ms Sync   75 ms | Sent   864 kB Recv  1191 kB |  distribution
🔶 Pred  105 ms Sync   22 ms | Sent   864 kB Recv  1191 kB |  of
🔶 Pred  108 ms Sync   66 ms | Sent   864 kB Recv  1191 kB |  primes
🔶 Pred  106 ms Sync   16 ms | Sent   864 kB Recv  1191 kB | .


🔶 Pred  106 ms Sync   16 ms | Sent   864 kB Recv  1191 kB | I
🔶 Pred  157 ms Sync   15 ms | Sent   864 kB Recv  1191 kB |  remember
🔶 Pred  142 ms Sync   21 ms | Sent   864 kB Recv  1191 kB |  something
🔶 Pred  108 ms Sync   16 ms | Sent   864 kB Recv  1191 kB |  about
🔶 Pred  107 ms Sync   17 ms | Sent   864 kB Recv  1191 kB |  the
🔶 Pred  106 ms Sync   16 ms | Sent   864 kB Recv  1191 kB |  function
🔶 Pred  106 ms Sync   16 ms | Sent   864 kB Recv  1191 kB |  π
🔶 Pred  106 ms Sync   16 ms | Sent   864 kB Recv  1191 kB | (x
🔶 Pred  111 ms Sync   15 ms | Sent   864 kB Recv  1191 kB | ),
🔶 Pred  106 ms Sync   17 ms | Sent   864 kB Recv  1191 kB |  which
🔶 Pred  109 ms Sync   16 ms | Sent   864 kB Recv  1191 kB |  counts
🔶 Pred  110 ms Sync   15 ms | Sent   864 kB Recv  1191 kB |  the
🔶 Pred  107 ms Sync   15 ms | Sent   864 kB Recv  1191 kB |  number
🔶 Pred  107 ms Sync   16 ms | Sent   864 kB Recv  1191 kB |  of
🔶 Pred  106 ms Sync   17 ms | Sent   864 kB Recv  1191 kB |  primes
🔶 Pred  106 ms Sync   16 ms | Sent   864 kB Recv  1191 kB |  less
🔶 Pred  107 ms Sync   16 ms | Sent   864 kB Recv  1191 kB |  than
🔶 Pred  107 ms Sync   17 ms | Sent   864 kB Recv  1191 kB |  or
🔶 Pred  141 ms Sync   30 ms | Sent   864 kB Recv  1191 kB |  equal
🔶 Pred  136 ms Sync   48 ms | Sent   864 kB Recv  1191 kB |  to
🔶 Pred  107 ms Sync   19 ms | Sent   864 kB Recv  1191 kB |  x
🔶 Pred  121 ms Sync   34 ms | Sent   864 kB Recv  1191 kB | .
🔶 Pred  107 ms Sync   16 ms | Sent   864 kB Recv  1191 kB |  It
🔶 Pred  106 ms Sync   17 ms | Sent   864 kB Recv  1191 kB | 's
🔶 Pred  107 ms Sync   16 ms | Sent   864 kB Recv  1191 kB |  known
🔶 Pred  109 ms Sync   17 ms | Sent   864 kB Recv  1191 kB |  that
🔶 Pred  111 ms Sync   17 ms | Sent   864 kB Recv  1191 kB |  π
🔶 Pred  110 ms Sync   16 ms | Sent   864 kB Recv  1191 kB | (x
🔶 Pred  122 ms Sync   18 ms | Sent   864 kB Recv  1191 kB | )
🔶 Pred  108 ms Sync   17 ms | Sent   864 kB Recv  1191 kB |  is
🔶 Pred  107 ms Sync   15 ms | Sent   864 kB Recv  1191 kB |  approximately
🔶 Pred  108 ms Sync   16 ms | Sent   864 kB Recv  1191 kB |  x
🔶 Pred  106 ms Sync   16 ms | Sent   864 kB Recv  1191 kB |  /
🔶 Pred  109 ms Sync   19 ms | Sent   864 kB Recv  1191 kB |  log
🔶 Pred  108 ms Sync   15 ms | Sent   864 kB Recv  1191 kB |  x
🔶 Pred  107 ms Sync   16 ms | Sent   864 kB Recv  1191 kB |  for
🔶 Pred  107 ms Sync   16 ms | Sent   864 kB Recv  1191 kB |  large
🔶 Pred  107 ms Sync   16 ms | Sent   864 kB Recv  1191 kB |  x
🔶 Pred  107 ms Sync   16 ms | Sent   864 kB Recv  1191 kB | ,
🔶 Pred  225 ms Sync   30 ms | Sent   864 kB Recv  1191 kB |  but
🔶 Pred  126 ms Sync   37 ms | Sent   864 kB Recv  1191 kB |  it
🔶 Pred  108 ms Sync   25 ms | Sent   864 kB Recv  1191 kB | 's
🔶 Pred  128 ms Sync   27 ms | Sent   864 kB Recv  1191 kB |  not
🔶 Pred  108 ms Sync   15 ms | Sent   864 kB Recv  1191 kB |  exact
🔶 Pred  107 ms Sync   17 ms | Sent   864 kB Recv  1191 kB | .
🔶 Pred  107 ms Sync   16 ms | Sent   864 kB Recv  1191 kB |  The
🔶 Pred  107 ms Sync   16 ms | Sent   864 kB Recv  1191 kB |  top
🔶 Pred  106 ms Sync   17 ms | Sent   864 kB Recv  1191 kB | ological
🔶 Pred  108 ms Sync   17 ms | Sent   864 kB Recv  1191 kB |  proof
🔶 Pred  106 ms Sync   18 ms | Sent   864 kB Recv  1191 kB |  might
🔶 Pred  107 ms Sync   17 ms | Sent   864 kB Recv  1191 kB |  use
🔶 Pred  107 ms Sync   16 ms | Sent   864 kB Recv  1191 kB |  the
🔶 Pred  106 ms Sync   17 ms | Sent   864 kB Recv  1191 kB |  idea
🔶 Pred  108 ms Sync   16 ms | Sent   864 kB Recv  1191 kB |  that
🔶 Pred  108 ms Sync   16 ms | Sent   864 kB Recv  1191 kB |  if
🔶 Pred  107 ms Sync   16 ms | Sent   864 kB Recv  1191 kB |  there
🔶 Pred  108 ms Sync   16 ms | Sent   864 kB Recv  1191 kB |  were
🔶 Pred  107 ms Sync   16 ms | Sent   864 kB Recv  1191 kB |  only
🔶 Pred  106 ms Sync   17 ms | Sent   864 kB Recv  1191 kB |  fin
🔶 Pred  108 ms Sync   15 ms | Sent   864 kB Recv  1191 kB | it
🔶 Pred  107 ms Sync   16 ms | Sent   864 kB Recv  1191 kB | ely
🔶 Pred  106 ms Sync   16 ms | Sent   864 kB Recv  1191 kB |  many
🔶 Pred  158 ms Sync   63 ms | Sent   864 kB Recv  1191 kB |  primes
🔶 Pred  111 ms Sync  108 ms | Sent   864 kB Recv  1191 kB | ,
🔶 Pred  135 ms Sync   44 ms | Sent   864 kB Recv  1191 kB |  then
🔶 Pred  108 ms Sync   16 ms | Sent   864 kB Recv  1191 kB |  beyond
🔶 Pred  107 ms Sync   17 ms | Sent   864 kB Recv  1191 kB |  some
🔶 Pred  108 ms Sync   16 ms | Sent   864 kB Recv  1191 kB |  point
🔶 Pred  107 ms Sync   16 ms | Sent   864 kB Recv  1191 kB | ,
🔶 Pred  107 ms Sync   17 ms | Sent   864 kB Recv  1191 kB |  all
🔶 Pred  109 ms Sync   16 ms | Sent   864 kB Recv  1191 kB |  numbers
🔶 Pred  108 ms Sync   17 ms | Sent   864 kB Recv  1191 kB |  would
🔶 Pred  107 ms Sync   16 ms | Sent   864 kB Recv  1191 kB |  be
🔶 Pred  106 ms Sync   17 ms | Sent   864 kB Recv  1191 kB |  composite
🔶 Pred  107 ms Sync   17 ms | Sent   864 kB Recv  1191 kB | ,
🔶 Pred  107 ms Sync   16 ms | Sent   864 kB Recv  1191 kB |  which
🔶 Pred  107 ms Sync   17 ms | Sent   864 kB Recv  1191 kB |  contrad
🔶 Pred  156 ms Sync   17 ms | Sent   864 kB Recv  1191 kB | icts
🔶 Pred  129 ms Sync   27 ms | Sent   864 kB Recv  1191 kB |  the
🔶 Pred  108 ms Sync   15 ms | Sent   864 kB Recv  1191 kB |  fact
🔶 Pred  107 ms Sync   16 ms | Sent   864 kB Recv  1191 kB |  that
🔶 Pred  108 ms Sync   15 ms | Sent   864 kB Recv  1191 kB |  we
🔶 Pred  107 ms Sync   16 ms | Sent   864 kB Recv  1191 kB |  can
🔶 Pred  117 ms Sync   19 ms | Sent   864 kB Recv  1191 kB |  always
🔶 Pred  169 ms Sync  101 ms | Sent   864 kB Recv  1191 kB |  find
🔶 Pred  115 ms Sync   36 ms | Sent   864 kB Recv  1191 kB |  primes
🔶 Pred  118 ms Sync   19 ms | Sent   864 kB Recv  1191 kB | .


🔶 Pred  108 ms Sync   17 ms | Sent   864 kB Recv  1191 kB | Alternatively
🔶 Pred  107 ms Sync   16 ms | Sent   864 kB Recv  1191 kB | ,
🔶 Pred  108 ms Sync   16 ms | Sent   864 kB Recv  1191 kB |  maybe
🔶 Pred  107 ms Sync   16 ms | Sent   864 kB Recv  1191 kB |  it
🔶 Pred  108 ms Sync   15 ms | Sent   864 kB Recv  1191 kB |  uses
🔶 Pred  108 ms Sync   17 ms | Sent   864 kB Recv  1191 kB |  the
🔶 Pred  108 ms Sync   16 ms | Sent   864 kB Recv  1191 kB |  concept
🔶 Pred  107 ms Sync   16 ms | Sent   864 kB Recv  1191 kB |  of
🔶 Pred  111 ms Sync   16 ms | Sent   864 kB Recv  1191 kB |  limits
🔶 Pred  109 ms Sync   15 ms | Sent   864 kB Recv  1191 kB |  and
🔶 Pred  108 ms Sync   16 ms | Sent   864 kB Recv  1191 kB |  continuity
🔶 Pred  120 ms Sync   23 ms | Sent   864 kB Recv  1191 kB | .
🔶 Pred  109 ms Sync   16 ms | Sent   864 kB Recv  1191 kB |  If
🔶 Pred  109 ms Sync   15 ms | Sent   864 kB Recv  1191 kB |  primes
🔶 Pred  109 ms Sync   17 ms | Sent   864 kB Recv  1191 kB |  were
🔶 Pred  107 ms Sync   16 ms | Sent   864 kB Recv  1191 kB |  finite
🔶 Pred  107 ms Sync   16 ms | Sent   864 kB Recv  1191 kB | ,
🔶 Pred  108 ms Sync   16 ms | Sent   864 kB Recv  1191 kB |  then
🔶 Pred  126 ms Sync   31 ms | Sent   864 kB Recv  1191 kB |  beyond
🔶 Pred  127 ms Sync   95 ms | Sent   864 kB Recv  1191 kB |  a
🔶 Pred  111 ms Sync   36 ms | Sent   864 kB Recv  1191 kB |  certain
🔶 Pred  136 ms Sync   23 ms | Sent   864 kB Recv  1191 kB |  point
🔶 Pred  108 ms Sync   15 ms | Sent   864 kB Recv  1191 kB | ,
🔶 Pred  107 ms Sync   16 ms | Sent   864 kB Recv  1191 kB |  all
🔶 Pred  159 ms Sync   16 ms | Sent   864 kB Recv  1191 kB |  numbers
🔶 Pred  141 ms Sync   25 ms | Sent   864 kB Recv  1191 kB |  would
🔶 Pred  108 ms Sync   17 ms | Sent   864 kB Recv  1191 kB |  be
🔶 Pred  108 ms Sync   18 ms | Sent   864 kB Recv  1191 kB |  composite
🔶 Pred  107 ms Sync   16 ms | Sent   864 kB Recv  1191 kB | ,
🔶 Pred  107 ms Sync   16 ms | Sent   864 kB Recv  1191 kB |  but
🔶 Pred  108 ms Sync   17 ms | Sent   864 kB Recv  1191 kB |  we
🔶 Pred  108 ms Sync   16 ms | Sent   864 kB Recv  1191 kB |  know
🔶 Pred  108 ms Sync   17 ms | Sent   864 kB Recv  1191 kB |  that
🔶 Pred  109 ms Sync   15 ms | Sent   864 kB Recv  1191 kB | 's
🔶 Pred  108 ms Sync   16 ms | Sent   864 kB Recv  1191 kB |  not
🔶 Pred  108 ms Sync   16 ms | Sent   864 kB Recv  1191 kB |  the
🔶 Pred  108 ms Sync   16 ms | Sent   864 kB Recv  1191 kB |  case
🔶 Pred  107 ms Sync   16 ms | Sent   864 kB Recv  1191 kB |  because
🔶 Pred  108 ms Sync   16 ms | Sent   864 kB Recv  1191 kB |  we
🔶 Pred  107 ms Sync   17 ms | Sent   864 kB Recv  1191 kB |  can
🔶 Pred  143 ms Sync   58 ms | Sent   864 kB Recv  1191 kB |  always
🔶 Pred  122 ms Sync   48 ms | Sent   864 kB Recv  1191 kB |  find
🔶 Pred  112 ms Sync   16 ms | Sent   864 kB Recv  1191 kB |  primes
🔶 Pred  109 ms Sync   60 ms | Sent   864 kB Recv  1191 kB | .
🔶 Pred  109 ms Sync   16 ms | Sent   864 kB Recv  1191 kB |  So
🔶 Pred  108 ms Sync   16 ms | Sent   864 kB Recv  1191 kB | ,
🔶 Pred  108 ms Sync   16 ms | Sent   864 kB Recv  1191 kB |  the
🔶 Pred  108 ms Sync   16 ms | Sent   864 kB Recv  1191 kB |  density
🔶 Pred  109 ms Sync   16 ms | Sent   864 kB Recv  1191 kB |  of
🔶 Pred  108 ms Sync   17 ms | Sent   864 kB Recv  1191 kB |  primes
🔶 Pred  108 ms Sync   16 ms | Sent   864 kB Recv  1191 kB |  can
🔶 Pred  108 ms Sync   15 ms | Sent   864 kB Recv  1191 kB | 't
🔶 Pred  108 ms Sync   16 ms | Sent   864 kB Recv  1191 kB |  be
🔶 Pred  108 ms Sync   15 ms | Sent   864 kB Recv  1191 kB |  zero
🔶 Pred  108 ms Sync   16 ms | Sent   864 kB Recv  1191 kB | ,
🔶 Pred  110 ms Sync   17 ms | Sent   864 kB Recv  1191 kB |  hence
🔶 Pred  112 ms Sync   15 ms | Sent   864 kB Recv  1191 kB |  there
🔶 Pred  110 ms Sync   15 ms | Sent   864 kB Recv  1191 kB |  must
🔶 Pred  109 ms Sync   16 ms | Sent   864 kB Recv  1191 kB |  be
🔶 Pred  108 ms Sync   16 ms | Sent   864 kB Recv  1191 kB |  infinitely
🔶 Pred  108 ms Sync   17 ms | Sent   864 kB Recv  1191 kB |  many
🔶 Pred  107 ms Sync   17 ms | Sent   864 kB Recv  1191 kB | .


🔶 Pred  226 ms Sync   64 ms | Sent   864 kB Recv  1191 kB | Wait
🔶 Pred  109 ms Sync   16 ms | Sent   864 kB Recv  1191 kB | ,
🔶 Pred  118 ms Sync   45 ms | Sent   864 kB Recv  1191 kB |  but
🔶 Pred  109 ms Sync   16 ms | Sent   864 kB Recv  1191 kB |  that
🔶 Pred  108 ms Sync   19 ms | Sent   864 kB Recv  1191 kB | 's
🔶 Pred  109 ms Sync   17 ms | Sent   864 kB Recv  1191 kB |  more
🔶 Pred  108 ms Sync   17 ms | Sent   864 kB Recv  1191 kB |  of
🔶 Pred  108 ms Sync   17 ms | Sent   864 kB Recv  1191 kB |  an
🔶 Pred  108 ms Sync   17 ms | Sent   864 kB Recv  1191 kB |  intuitive
🔶 Pred  109 ms Sync   16 ms | Sent   864 kB Recv  1191 kB |  argument
🔶 Pred  109 ms Sync   16 ms | Sent   864 kB Recv  1191 kB |  rather
🔶 Pred  114 ms Sync   15 ms | Sent   864 kB Recv  1191 kB |  than
🔶 Pred  110 ms Sync   24 ms | Sent   864 kB Recv  1191 kB |  a
🔶 Pred  107 ms Sync   23 ms | Sent   864 kB Recv  1191 kB |  rigorous
🔶 Pred  109 ms Sync   20 ms | Sent   864 kB Recv  1191 kB |  proof
🔶 Pred  108 ms Sync   19 ms | Sent   864 kB Recv  1191 kB | .
🔶 Pred  110 ms Sync   18 ms | Sent   864 kB Recv  1191 kB |  Maybe
🔶 Pred  109 ms Sync   16 ms | Sent   864 kB Recv  1191 kB |  the
🔶 Pred  109 ms Sync   16 ms | Sent   864 kB Recv  1191 kB |  top
🔶 Pred  109 ms Sync   15 ms | Sent   864 kB Recv  1191 kB | ological
🔶 Pred  109 ms Sync   16 ms | Sent   864 kB Recv  1191 kB |  proof
🔶 Pred  108 ms Sync   17 ms | Sent   864 kB Recv  1191 kB |  is
🔶 Pred  150 ms Sync   34 ms | Sent   864 kB Recv  1191 kB |  more
🔶 Pred  147 ms Sync   33 ms | Sent   864 kB Recv  1191 kB |  precise
🔶 Pred  111 ms Sync   26 ms | Sent   864 kB Recv  1191 kB | ,
🔶 Pred  156 ms Sync   34 ms | Sent   864 kB Recv  1191 kB |  using
🔶 Pred  109 ms Sync   16 ms | Sent   864 kB Recv  1191 kB |  properties
🔶 Pred  110 ms Sync   15 ms | Sent   864 kB Recv  1191 kB |  of
🔶 Pred  109 ms Sync   17 ms | Sent   864 kB Recv  1191 kB |  functions
🔶 Pred  108 ms Sync   17 ms | Sent   864 kB Recv  1191 kB |  or
🔶 Pred  109 ms Sync   16 ms | Sent   864 kB Recv  1191 kB |  topology
🔶 Pred  109 ms Sync   16 ms | Sent   864 kB Recv  1191 kB |  to
🔶 Pred  109 ms Sync   17 ms | Sent   864 kB Recv  1191 kB |  show
🔶 Pred  108 ms Sync   16 ms | Sent   864 kB Recv  1191 kB |  that
🔶 Pred  109 ms Sync   15 ms | Sent   864 kB Recv  1191 kB |  the
🔶 Pred  109 ms Sync   16 ms | Sent   864 kB Recv  1191 kB |  number
🔶 Pred  160 ms Sync   20 ms | Sent   864 kB Recv  1191 kB |  of
🔶 Pred  131 ms Sync   14 ms | Sent   864 kB Recv  1191 kB |  primes
🔶 Pred  111 ms Sync   14 ms | Sent   864 kB Recv  1191 kB |  must
🔶 Pred  108 ms Sync   17 ms | Sent   864 kB Recv  1191 kB |  be
🔶 Pred  109 ms Sync   16 ms | Sent   864 kB Recv  1191 kB |  infinite
🔶 Pred  109 ms Sync   16 ms | Sent   864 kB Recv  1191 kB | .


🔶 Pred  109 ms Sync   16 ms | Sent   864 kB Recv  1191 kB | Alternatively
🔶 Pred  109 ms Sync   16 ms | Sent   864 kB Recv  1191 kB | ,
🔶 Pred  155 ms Sync   69 ms | Sent   864 kB Recv  1191 kB |  perhaps
🔶 Pred  122 ms Sync   39 ms | Sent   864 kB Recv  1191 kB |  it
🔶 Pred  109 ms Sync   32 ms | Sent   864 kB Recv  1191 kB |  uses
🔶 Pred  162 ms Sync   21 ms | Sent   864 kB Recv  1191 kB |  the
🔶 Pred  109 ms Sync   16 ms | Sent   864 kB Recv  1191 kB |  concept
🔶 Pred  108 ms Sync   17 ms | Sent   864 kB Recv  1191 kB |  of
🔶 Pred  111 ms Sync   15 ms | Sent   864 kB Recv  1191 kB |  B
🔶 Pred  110 ms Sync   18 ms | Sent   864 kB Recv  1191 kB | aire
🔶 Pred  112 ms Sync   15 ms | Sent   864 kB Recv  1191 kB |  category
🔶 Pred  109 ms Sync   17 ms | Sent   864 kB Recv  1191 kB |  theorem
🔶 Pred  109 ms Sync   15 ms | Sent   864 kB Recv  1191 kB |  or
🔶 Pred  109 ms Sync   15 ms | Sent   864 kB Recv  1191 kB |  something
🔶 Pred  109 ms Sync   16 ms | Sent   864 kB Recv  1191 kB |  similar
🔶 Pred  109 ms Sync   16 ms | Sent   864 kB Recv  1191 kB | ,
🔶 Pred  109 ms Sync   17 ms | Sent   864 kB Recv  1191 kB |  but
🔶 Pred  109 ms Sync   17 ms | Sent   864 kB Recv  1191 kB |  I
🔶 Pred  109 ms Sync   16 ms | Sent   864 kB Recv  1191 kB | 'm
🔶 Pred  109 ms Sync   15 ms | Sent   864 kB Recv  1191 kB |  not
🔶 Pred  109 ms Sync   16 ms | Sent   864 kB Recv  1191 kB |  sure
🔶 Pred  109 ms Sync   15 ms | Sent   864 kB Recv  1191 kB | .


🔶 Pred  110 ms Sync   16 ms | Sent   864 kB Recv  1191 kB | Wait
🔶 Pred  109 ms Sync   17 ms | Sent   864 kB Recv  1191 kB | ,
🔶 Pred  169 ms Sync  142 ms | Sent   864 kB Recv  1191 kB |  another
🔶 Pred  110 ms Sync   16 ms | Sent   864 kB Recv  1191 kB |  thought
🔶 Pred  130 ms Sync   67 ms | Sent   864 kB Recv  1191 kB | :
🔶 Pred  109 ms Sync   17 ms | Sent   864 kB Recv  1191 kB |  the
🔶 Pred  109 ms Sync   17 ms | Sent   864 kB Recv  1191 kB |  top
🔶 Pred  168 ms Sync   13 ms | Sent   864 kB Recv  1191 kB | ological
🔶 Pred  176 ms Sync   19 ms | Sent   864 kB Recv  1191 kB |  proof
🔶 Pred  111 ms Sync   17 ms | Sent   864 kB Recv  1191 kB |  might
🔶 Pred  109 ms Sync   16 ms | Sent   864 kB Recv  1191 kB |  use
🔶 Pred  110 ms Sync   16 ms | Sent   864 kB Recv  1191 kB |  the
🔶 Pred  109 ms Sync   17 ms | Sent   864 kB Recv  1191 kB |  idea
🔶 Pred  109 ms Sync   16 ms | Sent   864 kB Recv  1191 kB |  that
🔶 Pred  109 ms Sync   17 ms | Sent   864 kB Recv  1191 kB |  the
🔶 Pred  110 ms Sync   16 ms | Sent   864 kB Recv  1191 kB |  set
🔶 Pred  111 ms Sync   19 ms | Sent   864 kB Recv  1191 kB |  of
🔶 Pred  109 ms Sync   16 ms | Sent   864 kB Recv  1191 kB |  primes
🔶 Pred  110 ms Sync   16 ms | Sent   864 kB Recv  1191 kB |  is
🔶 Pred  109 ms Sync   16 ms | Sent   864 kB Recv  1191 kB |  dense
🔶 Pred  109 ms Sync   16 ms | Sent   864 kB Recv  1191 kB |  in
🔶 Pred  109 ms Sync   16 ms | Sent   864 kB Recv  1191 kB |  the
🔶 Pred  135 ms Sync   26 ms | Sent   864 kB Recv  1191 kB |  sense
🔶 Pred  138 ms Sync   74 ms | Sent   864 kB Recv  1191 kB |  that
🔶 Pred  109 ms Sync   28 ms | Sent   864 kB Recv  1191 kB |  between
🔶 Pred  123 ms Sync   42 ms | Sent   864 kB Recv  1191 kB |  any
🔶 Pred  109 ms Sync   16 ms | Sent   864 kB Recv  1191 kB |  two
🔶 Pred  124 ms Sync   18 ms | Sent   864 kB Recv  1191 kB |  numbers
🔶 Pred  109 ms Sync   16 ms | Sent   864 kB Recv  1191 kB | ,
🔶 Pred  109 ms Sync   17 ms | Sent   864 kB Recv  1191 kB |  there
🔶 Pred  111 ms Sync   15 ms | Sent   864 kB Recv  1191 kB | 's
🔶 Pred  110 ms Sync   18 ms | Sent   864 kB Recv  1191 kB |  a
🔶 Pred  110 ms Sync   15 ms | Sent   864 kB Recv  1191 kB |  prime
🔶 Pred  109 ms Sync   16 ms | Sent   864 kB Recv  1191 kB | .
🔶 Pred  110 ms Sync   16 ms | Sent   864 kB Recv  1191 kB |  But
🔶 Pred  109 ms Sync   16 ms | Sent   864 kB Recv  1191 kB |  that
🔶 Pred  109 ms Sync   16 ms | Sent   864 kB Recv  1191 kB | 's
🔶 Pred  109 ms Sync   17 ms | Sent   864 kB Recv  1191 kB |  more
🔶 Pred  110 ms Sync   19 ms | Sent   864 kB Recv  1191 kB |  about
🔶 Pred  109 ms Sync   16 ms | Sent   864 kB Recv  1191 kB |  the
🔶 Pred  109 ms Sync   16 ms | Sent   864 kB Recv  1191 kB |  distribution
🔶 Pred  111 ms Sync   15 ms | Sent   864 kB Recv  1191 kB |  rather
🔶 Pred  109 ms Sync   18 ms | Sent   864 kB Recv  1191 kB |  than
🔶 Pred  110 ms Sync   16 ms | Sent   864 kB Recv  1191 kB |  infinit
🔶 Pred  233 ms Sync   56 ms | Sent   864 kB Recv  1191 kB | ude
🔶 Pred  112 ms Sync   34 ms | Sent   864 kB Recv  1191 kB | .


🔶 Pred  125 ms Sync   67 ms | Sent   864 kB Recv  1191 kB | Alternatively
🔶 Pred  112 ms Sync   16 ms | Sent   864 kB Recv  1191 kB | ,
🔶 Pred  110 ms Sync   17 ms | Sent   864 kB Recv  1191 kB |  maybe
🔶 Pred  110 ms Sync   18 ms | Sent   864 kB Recv  1191 kB |  it
🔶 Pred  110 ms Sync   16 ms | Sent   864 kB Recv  1191 kB | 's
🔶 Pred  110 ms Sync   17 ms | Sent   864 kB Recv  1191 kB |  about
🔶 Pred  111 ms Sync   16 ms | Sent   864 kB Recv  1191 kB |  the
🔶 Pred  110 ms Sync   17 ms | Sent   864 kB Recv  1191 kB |  function
🔶 Pred  110 ms Sync   16 ms | Sent   864 kB Recv  1191 kB |  f
🔶 Pred  109 ms Sync   15 ms | Sent   864 kB Recv  1191 kB | (n
🔶 Pred  109 ms Sync   16 ms | Sent   864 kB Recv  1191 kB | )
🔶 Pred  109 ms Sync   17 ms | Sent   864 kB Recv  1191 kB |  =
🔶 Pred  109 ms Sync   17 ms | Sent   864 kB Recv  1191 kB |  π
🔶 Pred  111 ms Sync   17 ms | Sent   864 kB Recv  1191 kB | (n
🔶 Pred  111 ms Sync   16 ms | Sent   864 kB Recv  1191 kB | )
🔶 Pred  110 ms Sync   16 ms | Sent   864 kB Recv  1191 kB |  /
🔶 Pred  109 ms Sync   17 ms | Sent   864 kB Recv  1191 kB |  n
🔶 Pred  110 ms Sync   16 ms | Sent   864 kB Recv  1191 kB | ,
🔶 Pred  109 ms Sync   17 ms | Sent   864 kB Recv  1191 kB |  which
🔶 Pred  111 ms Sync   15 ms | Sent   864 kB Recv  1191 kB |  tends
🔶 Pred  169 ms Sync   58 ms | Sent   864 kB Recv  1191 kB |  to
🔶 Pred  112 ms Sync   16 ms | Sent   864 kB Recv  1191 kB |  zero
🔶 Pred  123 ms Sync   31 ms | Sent   864 kB Recv  1191 kB |  as
🔶 Pred  110 ms Sync   56 ms | Sent   864 kB Recv  1191 kB |  n
🔶 Pred  109 ms Sync   17 ms | Sent   864 kB Recv  1191 kB |  approaches
🔶 Pred  110 ms Sync   16 ms | Sent   864 kB Recv  1191 kB |  infinity
🔶 Pred  110 ms Sync   17 ms | Sent   864 kB Recv  1191 kB | ,
🔶 Pred  109 ms Sync   17 ms | Sent   864 kB Recv  1191 kB |  but
🔶 Pred  110 ms Sync   16 ms | Sent   864 kB Recv  1191 kB |  since
🔶 Pred  111 ms Sync   18 ms | Sent   864 kB Recv  1191 kB |  π
🔶 Pred  109 ms Sync   20 ms | Sent   864 kB Recv  1191 kB | (n
🔶 Pred  112 ms Sync   16 ms | Sent   864 kB Recv  1191 kB | )
🔶 Pred  110 ms Sync   16 ms | Sent   864 kB Recv  1191 kB |  is
🔶 Pred  152 ms Sync   16 ms | Sent   864 kB Recv  1191 kB |  always
🔶 Pred  161 ms Sync   14 ms | Sent   864 kB Recv  1191 kB |  positive
🔶 Pred  112 ms Sync   15 ms | Sent   864 kB Recv  1191 kB | ,
🔶 Pred  111 ms Sync   15 ms | Sent   864 kB Recv  1191 kB |  it
🔶 Pred  110 ms Sync   15 ms | Sent   864 kB Recv  1191 kB |  implies
🔶 Pred  110 ms Sync   16 ms | Sent   864 kB Recv  1191 kB |  that
🔶 Pred  111 ms Sync   16 ms | Sent   864 kB Recv  1191 kB |  there
🔶 Pred  111 ms Sync   16 ms | Sent   864 kB Recv  1191 kB |  are
🔶 Pred  129 ms Sync   33 ms | Sent   864 kB Recv  1191 kB |  infinitely
🔶 Pred  139 ms Sync   79 ms | Sent   864 kB Recv  1191 kB |  many
🔶 Pred  110 ms Sync   20 ms | Sent   864 kB Recv  1191 kB |  primes
🔶 Pred  117 ms Sync   65 ms | Sent   864 kB Recv  1191 kB | .


🔶 Pred  110 ms Sync   16 ms | Sent   864 kB Recv  1191 kB | Wait
🔶 Pred  110 ms Sync   17 ms | Sent   864 kB Recv  1191 kB | ,
🔶 Pred  110 ms Sync   17 ms | Sent   864 kB Recv  1191 kB |  but
🔶 Pred  111 ms Sync   15 ms | Sent   864 kB Recv  1191 kB |  that
🔶 Pred  111 ms Sync   16 ms | Sent   864 kB Recv  1191 kB | 's
🔶 Pred  111 ms Sync   16 ms | Sent   864 kB Recv  1191 kB |  more
🔶 Pred  110 ms Sync   16 ms | Sent   864 kB Recv  1191 kB |  of
🔶 Pred  111 ms Sync   15 ms | Sent   864 kB Recv  1191 kB |  an
🔶 Pred  110 ms Sync   16 ms | Sent   864 kB Recv  1191 kB |  analytic
🔶 Pred  126 ms Sync   16 ms | Sent   864 kB Recv  1191 kB |  proof
🔶 Pred  112 ms Sync   15 ms | Sent   864 kB Recv  1191 kB |  rather
🔶 Pred  112 ms Sync   17 ms | Sent   864 kB Recv  1191 kB |  than
🔶 Pred  113 ms Sync   15 ms | Sent   864 kB Recv  1191 kB |  top
🔶 Pred  110 ms Sync   16 ms | Sent   864 kB Recv  1191 kB | ological
🔶 Pred  111 ms Sync   22 ms | Sent   864 kB Recv  1191 kB | .


🔶 Pred  111 ms Sync   18 ms | Sent   864 kB Recv  1191 kB | Hmm
🔶 Pred  111 ms Sync   17 ms | Sent   864 kB Recv  1191 kB | ,
🔶 Pred  110 ms Sync   16 ms | Sent   864 kB Recv  1191 kB |  maybe
🔶 Pred  152 ms Sync   25 ms | Sent   864 kB Recv  1191 kB |  I
🔶 Pred  137 ms Sync   42 ms | Sent   864 kB Recv  1191 kB |  need
🔶 Pred  120 ms Sync   58 ms | Sent   864 kB Recv  1191 kB |  to
🔶 Pred  121 ms Sync   35 ms | Sent   864 kB Recv  1191 kB |  look
🔶 Pred  110 ms Sync   16 ms | Sent   864 kB Recv  1191 kB |  up
🔶 Pred  127 ms Sync   17 ms | Sent   864 kB Recv  1191 kB |  the
🔶 Pred  165 ms Sync   18 ms | Sent   864 kB Recv  1191 kB |  actual
🔶 Pred  113 ms Sync   15 ms | Sent   864 kB Recv  1191 kB |  top
🔶 Pred  111 ms Sync   18 ms | Sent   864 kB Recv  1191 kB | ological
🔶 Pred  111 ms Sync   16 ms | Sent   864 kB Recv  1191 kB |  proof
🔶 Pred  111 ms Sync   15 ms | Sent   864 kB Recv  1191 kB | .
🔶 Pred  110 ms Sync   17 ms | Sent   864 kB Recv  1191 kB |  But
🔶 Pred  110 ms Sync   17 ms | Sent   864 kB Recv  1191 kB |  since
🔶 Pred  110 ms Sync   16 ms | Sent   864 kB Recv  1191 kB |  I
🔶 Pred  110 ms Sync   20 ms | Sent   864 kB Recv  1191 kB |  can
🔶 Pred  112 ms Sync   17 ms | Sent   864 kB Recv  1191 kB | 't
🔶 Pred  111 ms Sync   16 ms | Sent   864 kB Recv  1191 kB |  do
🔶 Pred  111 ms Sync   16 ms | Sent   864 kB Recv  1191 kB |  that
🔶 Pred  110 ms Sync   16 ms | Sent   864 kB Recv  1191 kB | ,
🔶 Pred  112 ms Sync   15 ms | Sent   864 kB Recv  1191 kB |  I
🔶 Pred  110 ms Sync   18 ms | Sent   864 kB Recv  1191 kB |  need
🔶 Pred  137 ms Sync   22 ms | Sent   864 kB Recv  1191 kB |  to
🔶 Pred  116 ms Sync  108 ms | Sent   864 kB Recv  1191 kB |  reconstruct
🔶 Pred  122 ms Sync   43 ms | Sent   864 kB Recv  1191 kB |  it
🔶 Pred  112 ms Sync   16 ms | Sent   864 kB Recv  1191 kB | .


🔶 Pred  112 ms Sync   15 ms | Sent   864 kB Recv  1191 kB | Wait
🔶 Pred  111 ms Sync   16 ms | Sent   864 kB Recv  1191 kB | ,
🔶 Pred  111 ms Sync   17 ms | Sent   864 kB Recv  1191 kB |  I
🔶 Pred  110 ms Sync   17 ms | Sent   864 kB Recv  1191 kB |  think
🔶 Pred  111 ms Sync   16 ms | Sent   864 kB Recv  1191 kB |  the
🔶 Pred  110 ms Sync   18 ms | Sent   864 kB Recv  1191 kB |  top
🔶 Pred  111 ms Sync   16 ms | Sent   864 kB Recv  1191 kB | ological
🔶 Pred  111 ms Sync   16 ms | Sent   864 kB Recv  1191 kB |  proof
🔶 Pred  111 ms Sync   16 ms | Sent   864 kB Recv  1191 kB |  uses
🔶 Pred  111 ms Sync   16 ms | Sent   864 kB Recv  1191 kB |  the
🔶 Pred  111 ms Sync   16 ms | Sent   864 kB Recv  1191 kB |  concept
🔶 Pred  111 ms Sync   17 ms | Sent   864 kB Recv  1191 kB |  of
🔶 Pred  112 ms Sync   16 ms | Sent   864 kB Recv  1191 kB |  the
🔶 Pred  112 ms Sync   15 ms | Sent   864 kB Recv  1191 kB |  prime
🔶 Pred  112 ms Sync   16 ms | Sent   864 kB Recv  1191 kB |  counting
🔶 Pred  112 ms Sync   15 ms | Sent   864 kB Recv  1191 kB |  function
🔶 Pred  111 ms Sync   17 ms | Sent   864 kB Recv  1191 kB |  and
🔶 Pred  129 ms Sync   16 ms | Sent   864 kB Recv  1191 kB |  the
🔶 Pred  214 ms Sync   62 ms | Sent   864 kB Recv  1191 kB |  fact
🔶 Pred  112 ms Sync   16 ms | Sent   864 kB Recv  1191 kB |  that
🔶 Pred  134 ms Sync   35 ms | Sent   864 kB Recv  1191 kB |  it
🔶 Pred  112 ms Sync   15 ms | Sent   864 kB Recv  1191 kB | 's
🔶 Pred  111 ms Sync   18 ms | Sent   864 kB Recv  1191 kB |  un
🔶 Pred  111 ms Sync   16 ms | Sent   864 kB Recv  1191 kB | bounded
🔶 Pred  111 ms Sync   16 ms | Sent   864 kB Recv  1191 kB | .
🔶 Pred  114 ms Sync   17 ms | Sent   864 kB Recv  1191 kB |  So
🔶 Pred  112 ms Sync   16 ms | Sent   864 kB Recv  1191 kB | ,
🔶 Pred  113 ms Sync   18 ms | Sent   864 kB Recv  1191 kB |  assuming
🔶 Pred  111 ms Sync   17 ms | Sent   864 kB Recv  1191 kB |  fin
🔶 Pred  111 ms Sync   17 ms | Sent   864 kB Recv  1191 kB | it
🔶 Pred  111 ms Sync   17 ms | Sent   864 kB Recv  1191 kB | ely
🔶 Pred  112 ms Sync   16 ms | Sent   864 kB Recv  1191 kB |  many
🔶 Pred  112 ms Sync   17 ms | Sent   864 kB Recv  1191 kB |  primes
🔶 Pred  112 ms Sync   18 ms | Sent   864 kB Recv  1191 kB |  leads
🔶 Pred  111 ms Sync   15 ms | Sent   864 kB Recv  1191 kB |  to
🔶 Pred  111 ms Sync   16 ms | Sent   864 kB Recv  1191 kB |  a
🔶 Pred  126 ms Sync   23 ms | Sent   864 kB Recv  1191 kB |  contradiction
🔶 Pred  112 ms Sync   16 ms | Sent   864 kB Recv  1191 kB |  because
🔶 Pred  111 ms Sync   17 ms | Sent   864 kB Recv  1191 kB |  we
🔶 Pred  111 ms Sync   16 ms | Sent   864 kB Recv  1191 kB |  can
🔶 Pred  170 ms Sync   68 ms | Sent   864 kB Recv  1191 kB |  always
🔶 Pred  112 ms Sync   17 ms | Sent   864 kB Recv  1191 kB |  find
🔶 Pred  133 ms Sync   50 ms | Sent   864 kB Recv  1191 kB |  a
🔶 Pred  112 ms Sync   15 ms | Sent   864 kB Recv  1191 kB |  prime
🔶 Pred  111 ms Sync   16 ms | Sent   864 kB Recv  1191 kB |  beyond
🔶 Pred  111 ms Sync   17 ms | Sent   864 kB Recv  1191 kB |  a
🔶 Pred  112 ms Sync   16 ms | Sent   864 kB Recv  1191 kB |  certain
🔶 Pred  111 ms Sync   17 ms | Sent   864 kB Recv  1191 kB |  point
🔶 Pred  112 ms Sync   17 ms | Sent   864 kB Recv  1191 kB | .


🔶 Pred  111 ms Sync   16 ms | Sent   864 kB Recv  1191 kB | Alternatively
🔶 Pred  112 ms Sync   16 ms | Sent   864 kB Recv  1191 kB | ,
🔶 Pred  112 ms Sync   16 ms | Sent   864 kB Recv  1191 kB |  maybe
🔶 Pred  111 ms Sync   16 ms | Sent   864 kB Recv  1191 kB |  it
🔶 Pred  165 ms Sync   15 ms | Sent   864 kB Recv  1191 kB |  uses
🔶 Pred  157 ms Sync   26 ms | Sent   864 kB Recv  1191 kB |  the
🔶 Pred  112 ms Sync   17 ms | Sent   864 kB Recv  1191 kB |  concept
🔶 Pred  112 ms Sync   16 ms | Sent   864 kB Recv  1191 kB |  of
🔶 Pred  112 ms Sync   16 ms | Sent   864 kB Recv  1191 kB |  limits
🔶 Pred  111 ms Sync   16 ms | Sent   864 kB Recv  1191 kB |  and
🔶 Pred  112 ms Sync   15 ms | Sent   864 kB Recv  1191 kB |  the
🔶 Pred  111 ms Sync   15 ms | Sent   864 kB Recv  1191 kB |  fact
🔶 Pred  163 ms Sync  113 ms | Sent   864 kB Recv  1191 kB |  that
🔶 Pred  112 ms Sync   16 ms | Sent   864 kB Recv  1191 kB |  the
🔶 Pred  126 ms Sync   57 ms | Sent   864 kB Recv  1191 kB |  primes
🔶 Pred  112 ms Sync   16 ms | Sent   864 kB Recv  1191 kB |  become
🔶 Pred  112 ms Sync   15 ms | Sent   864 kB Recv  1191 kB |  less
🔶 Pred  112 ms Sync   16 ms | Sent   864 kB Recv  1191 kB |  dense
🔶 Pred  111 ms Sync   16 ms | Sent   864 kB Recv  1191 kB | ,
🔶 Pred  112 ms Sync   16 ms | Sent   864 kB Recv  1191 kB |  but
🔶 Pred  112 ms Sync   17 ms | Sent   864 kB Recv  1191 kB |  still
🔶 Pred  112 ms Sync   16 ms | Sent   864 kB Recv  1191 kB | ,
🔶 Pred  111 ms Sync   16 ms | Sent   864 kB Recv  1191 kB |  their
🔶 Pred  111 ms Sync   17 ms | Sent   864 kB Recv  1191 kB |  number
🔶 Pred  112 ms Sync   16 ms | Sent   864 kB Recv  1191 kB |  is
🔶 Pred  112 ms Sync   16 ms | Sent   864 kB Recv  1191 kB |  un
🔶 Pred  112 ms Sync   17 ms | Sent   864 kB Recv  1191 kB | bounded
🔶 Pred  113 ms Sync   16 ms | Sent   864 kB Recv  1191 kB | .


🔶 Pred  112 ms Sync   17 ms | Sent   864 kB Recv  1191 kB | Wait
🔶 Pred  111 ms Sync   16 ms | Sent   864 kB Recv  1191 kB | ,
🔶 Pred  112 ms Sync   16 ms | Sent   864 kB Recv  1191 kB |  perhaps
🔶 Pred  111 ms Sync   16 ms | Sent   864 kB Recv  1191 kB |  the
🔶 Pred  112 ms Sync   16 ms | Sent   864 kB Recv  1191 kB |  top
🔶 Pred  112 ms Sync   16 ms | Sent   864 kB Recv  1191 kB | ological
🔶 Pred  183 ms Sync   60 ms | Sent   864 kB Recv  1191 kB |  proof
🔶 Pred  115 ms Sync   16 ms | Sent   864 kB Recv  1191 kB |  is
🔶 Pred  133 ms Sync   41 ms | Sent   864 kB Recv  1191 kB |  more
🔶 Pred  113 ms Sync   16 ms | Sent   864 kB Recv  1191 kB |  about
🔶 Pred  112 ms Sync   16 ms | Sent   864 kB Recv  1191 kB |  the
🔶 Pred  158 ms Sync   21 ms | Sent   864 kB Recv  1191 kB |  top
🔶 Pred  178 ms Sync   16 ms | Sent   864 kB Recv  1191 kB | ological
🔶 Pred  112 ms Sync   17 ms | Sent   864 kB Recv  1191 kB |  properties
🔶 Pred  112 ms Sync   16 ms | Sent   864 kB Recv  1191 kB |  of
🔶 Pred  112 ms Sync   16 ms | Sent   864 kB Recv  1191 kB |  the
🔶 Pred  112 ms Sync   16 ms | Sent   864 kB Recv  1191 kB |  set
🔶 Pred  112 ms Sync   16 ms | Sent   864 kB Recv  1191 kB |  of
🔶 Pred  112 ms Sync   15 ms | Sent   864 kB Recv  1191 kB |  primes
🔶 Pred  112 ms Sync   17 ms | Sent   864 kB Recv  1191 kB | .
🔶 Pred  114 ms Sync   15 ms | Sent   864 kB Recv  1191 kB |  For
🔶 Pred  112 ms Sync   16 ms | Sent   864 kB Recv  1191 kB |  example
🔶 Pred  112 ms Sync   16 ms | Sent   864 kB Recv  1191 kB | ,
🔶 Pred  112 ms Sync   15 ms | Sent   864 kB Recv  1191 kB |  considering
🔶 Pred  112 ms Sync   16 ms | Sent   864 kB Recv  1191 kB |  the
🔶 Pred  112 ms Sync   16 ms | Sent   864 kB Recv  1191 kB |  set
🔶 Pred  126 ms Sync   16 ms | Sent   864 kB Recv  1191 kB |  of
🔶 Pred  184 ms Sync   66 ms | Sent   864 kB Recv  1191 kB |  primes
🔶 Pred  112 ms Sync   24 ms | Sent   864 kB Recv  1191 kB |  as
🔶 Pred  144 ms Sync   62 ms | Sent   864 kB Recv  1191 kB |  a
🔶 Pred  112 ms Sync   16 ms | Sent   864 kB Recv  1191 kB |  perfect
🔶 Pred  113 ms Sync   16 ms | Sent   864 kB Recv  1191 kB |  set
🔶 Pred  112 ms Sync   15 ms | Sent   864 kB Recv  1191 kB |  in
🔶 Pred  112 ms Sync   17 ms | Sent   864 kB Recv  1191 kB |  topology
🔶 Pred  114 ms Sync   15 ms | Sent   864 kB Recv  1191 kB | ,
🔶 Pred  112 ms Sync   18 ms | Sent   864 kB Recv  1191 kB |  meaning
🔶 Pred  112 ms Sync   16 ms | Sent   864 kB Recv  1191 kB |  that
🔶 Pred  112 ms Sync   15 ms | Sent   864 kB Recv  1191 kB |  every
🔶 Pred  112 ms Sync   17 ms | Sent   864 kB Recv  1191 kB |  open
🔶 Pred  113 ms Sync   15 ms | Sent   864 kB Recv  1191 kB |  set
🔶 Pred  112 ms Sync   18 ms | Sent   864 kB Recv  1191 kB |  intersects
🔶 Pred  113 ms Sync   16 ms | Sent   864 kB Recv  1191 kB |  the
🔶 Pred  113 ms Sync   15 ms | Sent   864 kB Recv  1191 kB |  set
🔶 Pred  113 ms Sync   15 ms | Sent   864 kB Recv  1191 kB |  non
🔶 Pred  112 ms Sync   20 ms | Sent   864 kB Recv  1191 kB | -tr
🔶 Pred  112 ms Sync   16 ms | Sent   864 kB Recv  1191 kB | ivial
🔶 Pred  113 ms Sync   15 ms | Sent   864 kB Recv  1191 kB | ly
🔶 Pred  225 ms Sync   32 ms | Sent   864 kB Recv  1191 kB | .
🔶 Pred  129 ms Sync   49 ms | Sent   864 kB Recv  1191 kB |  But
🔶 Pred  129 ms Sync   33 ms | Sent   864 kB Recv  1191 kB |  I
🔶 Pred  112 ms Sync   40 ms | Sent   864 kB Recv  1191 kB | 'm
🔶 Pred  112 ms Sync   18 ms | Sent   864 kB Recv  1191 kB |  not
🔶 Pred  112 ms Sync   17 ms | Sent   864 kB Recv  1191 kB |  sure
🔶 Pred  113 ms Sync   16 ms | Sent   864 kB Recv  1191 kB |  how
🔶 Pred  112 ms Sync   17 ms | Sent   864 kB Recv  1191 kB |  that
🔶 Pred  113 ms Sync   16 ms | Sent   864 kB Recv  1191 kB |  directly
🔶 Pred  112 ms Sync   22 ms | Sent   864 kB Recv  1191 kB |  leads
🔶 Pred  112 ms Sync   16 ms | Sent   864 kB Recv  1191 kB |  to
🔶 Pred  113 ms Sync   16 ms | Sent   864 kB Recv  1191 kB |  infinit
🔶 Pred  112 ms Sync   17 ms | Sent   864 kB Recv  1191 kB | ude
🔶 Pred  112 ms Sync   16 ms | Sent   864 kB Recv  1191 kB | .


🔶 Pred  113 ms Sync   17 ms | Sent   864 kB Recv  1191 kB | Alternatively
🔶 Pred  115 ms Sync   17 ms | Sent   864 kB Recv  1191 kB | ,
🔶 Pred  115 ms Sync   16 ms | Sent   864 kB Recv  1191 kB |  maybe
🔶 Pred  114 ms Sync   16 ms | Sent   864 kB Recv  1191 kB |  it
🔶 Pred  114 ms Sync   16 ms | Sent   864 kB Recv  1191 kB | 's
🔶 Pred  153 ms Sync   25 ms | Sent   864 kB Recv  1191 kB |  about
🔶 Pred  113 ms Sync   15 ms | Sent   864 kB Recv  1191 kB |  the
🔶 Pred  113 ms Sync   16 ms | Sent   864 kB Recv  1191 kB |  fact
🔶 Pred  173 ms Sync   80 ms | Sent   864 kB Recv  1191 kB |  that
🔶 Pred  112 ms Sync   16 ms | Sent   864 kB Recv  1191 kB |  the
🔶 Pred  125 ms Sync   48 ms | Sent   864 kB Recv  1191 kB |  set
🔶 Pred  112 ms Sync   22 ms | Sent   864 kB Recv  1191 kB |  of
🔶 Pred  113 ms Sync   16 ms | Sent   864 kB Recv  1191 kB |  primes
🔶 Pred  118 ms Sync   18 ms | Sent   864 kB Recv  1191 kB |  is
🔶 Pred  112 ms Sync   18 ms | Sent   864 kB Recv  1191 kB |  closed
🔶 Pred  114 ms Sync   17 ms | Sent   864 kB Recv  1191 kB |  under
🔶 Pred  112 ms Sync   18 ms | Sent   864 kB Recv  1191 kB |  addition
🔶 Pred  113 ms Sync   15 ms | Sent   864 kB Recv  1191 kB |  and
🔶 Pred  112 ms Sync   16 ms | Sent   864 kB Recv  1191 kB |  multiplication
🔶 Pred  112 ms Sync   18 ms | Sent   864 kB Recv  1191 kB | ,
🔶 Pred  138 ms Sync   13 ms | Sent   864 kB Recv  1191 kB |  but
🔶 Pred  164 ms Sync   16 ms | Sent   864 kB Recv  1191 kB |  that
🔶 Pred  115 ms Sync   15 ms | Sent   864 kB Recv  1191 kB |  doesn
🔶 Pred  114 ms Sync   15 ms | Sent   864 kB Recv  1191 kB | 't
🔶 Pred  113 ms Sync   16 ms | Sent   864 kB Recv  1191 kB |  directly
🔶 Pred  113 ms Sync   16 ms | Sent   864 kB Recv  1191 kB |  help
🔶 Pred  113 ms Sync   16 ms | Sent   864 kB Recv  1191 kB | .


🔶 Pred  113 ms Sync   17 ms | Sent   864 kB Recv  1191 kB | Wait
🔶 Pred  130 ms Sync   30 ms | Sent   864 kB Recv  1191 kB | ,
🔶 Pred  191 ms Sync   49 ms | Sent   864 kB Recv  1191 kB |  perhaps
🔶 Pred  125 ms Sync   60 ms | Sent   864 kB Recv  1191 kB |  the
🔶 Pred  113 ms Sync   17 ms | Sent   864 kB Recv  1191 kB |  top
🔶 Pred  112 ms Sync   17 ms | Sent   864 kB Recv  1191 kB | ological
🔶 Pred  113 ms Sync   17 ms | Sent   864 kB Recv  1191 kB |  proof
🔶 Pred  113 ms Sync   16 ms | Sent   864 kB Recv  1191 kB |  is
🔶 Pred  114 ms Sync   16 ms | Sent   864 kB Recv  1191 kB |  similar
🔶 Pred  114 ms Sync   16 ms | Sent   864 kB Recv  1191 kB |  to
🔶 Pred  116 ms Sync   18 ms | Sent   864 kB Recv  1191 kB |  Eu
🔶 Pred  113 ms Sync   16 ms | Sent   864 kB Recv  1191 kB | clid
🔶 Pred  113 ms Sync   16 ms | Sent   864 kB Recv  1191 kB | 's
🔶 Pred  117 ms Sync   27 ms | Sent   864 kB Recv  1191 kB |  but
🔶 Pred  113 ms Sync   15 ms | Sent   864 kB Recv  1191 kB |  uses
🔶 Pred  113 ms Sync   16 ms | Sent   864 kB Recv  1191 kB |  a
🔶 Pred  114 ms Sync   16 ms | Sent   864 kB Recv  1191 kB |  different
🔶 Pred  114 ms Sync   17 ms | Sent   864 kB Recv  1191 kB |  method
🔶 Pred  114 ms Sync   17 ms | Sent   864 kB Recv  1191 kB | ,
🔶 Pred  113 ms Sync   16 ms | Sent   864 kB Recv  1191 kB |  like
🔶 Pred  112 ms Sync   18 ms | Sent   864 kB Recv  1191 kB |  considering
🔶 Pred  113 ms Sync   16 ms | Sent   864 kB Recv  1191 kB |  the
🔶 Pred  113 ms Sync   17 ms | Sent   864 kB Recv  1191 kB |  limit
🔶 Pred  196 ms Sync   62 ms | Sent   864 kB Recv  1191 kB |  points
🔶 Pred  114 ms Sync   16 ms | Sent   864 kB Recv  1191 kB |  or
🔶 Pred  131 ms Sync   53 ms | Sent   864 kB Recv  1191 kB |  something
🔶 Pred  113 ms Sync   17 ms | Sent   864 kB Recv  1191 kB | .


🔶 Pred  114 ms Sync   16 ms | Sent   864 kB Recv  1191 kB | Alternatively
🔶 Pred  168 ms Sync   14 ms | Sent   864 kB Recv  1191 kB | ,
🔶 Pred  138 ms Sync   15 ms | Sent   864 kB Recv  1191 kB |  maybe
🔶 Pred  115 ms Sync   18 ms | Sent   864 kB Recv  1191 kB |  it
🔶 Pred  115 ms Sync   16 ms | Sent   864 kB Recv  1191 kB | 's
🔶 Pred  113 ms Sync   18 ms | Sent   864 kB Recv  1191 kB |  about
🔶 Pred  114 ms Sync   17 ms | Sent   864 kB Recv  1191 kB |  the
🔶 Pred  114 ms Sync   16 ms | Sent   864 kB Recv  1191 kB |  density
🔶 Pred  113 ms Sync   17 ms | Sent   864 kB Recv  1191 kB |  of
🔶 Pred  113 ms Sync   16 ms | Sent   864 kB Recv  1191 kB |  primes
🔶 Pred  114 ms Sync   17 ms | Sent   864 kB Recv  1191 kB |  in
🔶 Pred  114 ms Sync   16 ms | Sent   864 kB Recv  1191 kB |  the
🔶 Pred  113 ms Sync   17 ms | Sent   864 kB Recv  1191 kB |  sense
🔶 Pred  113 ms Sync   17 ms | Sent   864 kB Recv  1191 kB |  that
🔶 Pred  113 ms Sync   15 ms | Sent   864 kB Recv  1191 kB |  the
🔶 Pred  115 ms Sync   16 ms | Sent   864 kB Recv  1191 kB |  gaps
🔶 Pred  132 ms Sync   26 ms | Sent   864 kB Recv  1191 kB |  between
🔶 Pred  151 ms Sync   56 ms | Sent   864 kB Recv  1191 kB |  primes
🔶 Pred  114 ms Sync   19 ms | Sent   864 kB Recv  1191 kB |  can
🔶 Pred  140 ms Sync   41 ms | Sent   864 kB Recv  1191 kB | 't
🔶 Pred  113 ms Sync   17 ms | Sent   864 kB Recv  1191 kB |  be
🔶 Pred  113 ms Sync   65 ms | Sent   864 kB Recv  1191 kB |  too
🔶 Pred  113 ms Sync   16 ms | Sent   864 kB Recv  1191 kB |  regular
🔶 Pred  113 ms Sync   18 ms | Sent   864 kB Recv  1191 kB | ,
🔶 Pred  115 ms Sync   16 ms | Sent   864 kB Recv  1191 kB |  so
🔶 Pred  113 ms Sync   19 ms | Sent   864 kB Recv  1191 kB |  there
🔶 Pred  113 ms Sync   17 ms | Sent   864 kB Recv  1191 kB |  must
🔶 Pred  114 ms Sync   16 ms | Sent   864 kB Recv  1191 kB |  be
🔶 Pred  113 ms Sync   18 ms | Sent   864 kB Recv  1191 kB |  infinitely
🔶 Pred  114 ms Sync   16 ms | Sent   864 kB Recv  1191 kB |  many
🔶 Pred  113 ms Sync   19 ms | Sent   864 kB Recv  1191 kB | .


🔶 Pred  115 ms Sync   17 ms | Sent   864 kB Recv  1191 kB | Wait
🔶 Pred  114 ms Sync   16 ms | Sent   864 kB Recv  1191 kB | ,
🔶 Pred  113 ms Sync   17 ms | Sent   864 kB Recv  1191 kB |  I
🔶 Pred  114 ms Sync   17 ms | Sent   864 kB Recv  1191 kB | 'm
🔶 Pred  113 ms Sync   17 ms | Sent   864 kB Recv  1191 kB |  getting
🔶 Pred  128 ms Sync   14 ms | Sent   864 kB Recv  1191 kB |  stuck
🔶 Pred  199 ms Sync   67 ms | Sent   864 kB Recv  1191 kB |  here
🔶 Pred  135 ms Sync   36 ms | Sent   864 kB Recv  1191 kB | .
🔶 Pred  136 ms Sync   37 ms | Sent   864 kB Recv  1191 kB |  Maybe
🔶 Pred  114 ms Sync   39 ms | Sent   864 kB Recv  1191 kB |  I
🔶 Pred  114 ms Sync   17 ms | Sent   864 kB Recv  1191 kB |  should
🔶 Pred  114 ms Sync   19 ms | Sent   864 kB Recv  1191 kB |  move
🔶 Pred  114 ms Sync   16 ms | Sent   864 kB Recv  1191 kB |  on
🔶 Pred  114 ms Sync   16 ms | Sent   864 kB Recv  1191 kB |  and
🔶 Pred  114 ms Sync   19 ms | Sent   864 kB Recv  1191 kB |  come
🔶 Pred  113 ms Sync   17 ms | Sent   864 kB Recv  1191 kB |  back
🔶 Pred  114 ms Sync   16 ms | Sent   864 kB Recv  1191 kB | .


🔶 Pred  114 ms Sync   16 ms | Sent   864 kB Recv  1191 kB | So
🔶 Pred  113 ms Sync   18 ms | Sent   864 kB Recv  1191 kB | ,
🔶 Pred  114 ms Sync   16 ms | Sent   864 kB Recv  1191 kB |  to
🔶 Pred  114 ms Sync   16 ms | Sent   864 kB Recv  1191 kB |  summarize
🔶 Pred  115 ms Sync   16 ms | Sent   864 kB Recv  1191 kB | ,
🔶 Pred  129 ms Sync   20 ms | Sent   864 kB Recv  1191 kB |  I
🔶 Pred  114 ms Sync   16 ms | Sent   864 kB Recv  1191 kB |  have
🔶 Pred  114 ms Sync   16 ms | Sent   864 kB Recv  1191 kB |  three
🔶 Pred  114 ms Sync   17 ms | Sent   864 kB Recv  1191 kB |  proofs
🔶 Pred  114 ms Sync   16 ms | Sent   864 kB Recv  1191 kB | :


🔶 Pred  140 ms Sync   19 ms | Sent   864 kB Recv  1191 kB | 1
🔶 Pred  141 ms Sync   63 ms | Sent   864 kB Recv  1191 kB | .
🔶 Pred  117 ms Sync   35 ms | Sent   864 kB Recv  1191 kB |  Eu
🔶 Pred  129 ms Sync   41 ms | Sent   864 kB Recv  1191 kB | clid
🔶 Pred  116 ms Sync   16 ms | Sent   864 kB Recv  1191 kB | 's
🔶 Pred  114 ms Sync   17 ms | Sent   864 kB Recv  1191 kB | :
🔶 Pred  114 ms Sync   16 ms | Sent   864 kB Recv  1191 kB |  Assume
🔶 Pred  114 ms Sync   17 ms | Sent   864 kB Recv  1191 kB |  fin
🔶 Pred  115 ms Sync   17 ms | Sent   864 kB Recv  1191 kB | it
🔶 Pred  114 ms Sync   18 ms | Sent   864 kB Recv  1191 kB | ely
🔶 Pred  114 ms Sync   16 ms | Sent   864 kB Recv  1191 kB |  many
🔶 Pred  113 ms Sync   17 ms | Sent   864 kB Recv  1191 kB |  primes
🔶 Pred  114 ms Sync   20 ms | Sent   864 kB Recv  1191 kB | ,
🔶 Pred  135 ms Sync   21 ms | Sent   864 kB Recv  1191 kB |  construct
🔶 Pred  163 ms Sync   18 ms | Sent   864 kB Recv  1191 kB |  N
🔶 Pred  115 ms Sync   16 ms | Sent   864 kB Recv  1191 kB |  =
🔶 Pred  114 ms Sync   16 ms | Sent   864 kB Recv  1191 kB |  product
🔶 Pred  114 ms Sync   17 ms | Sent   864 kB Recv  1191 kB |  +
🔶 Pred  114 ms Sync   16 ms | Sent   864 kB Recv  1191 kB | 1
🔶 Pred  114 ms Sync   17 ms | Sent   864 kB Recv  1191 kB | ,
🔶 Pred  115 ms Sync   15 ms | Sent   864 kB Recv  1191 kB |  show
🔶 Pred  148 ms Sync   62 ms | Sent   864 kB Recv  1191 kB |  N
🔶 Pred  132 ms Sync   39 ms | Sent   864 kB Recv  1191 kB |  is
🔶 Pred  134 ms Sync   36 ms | Sent   864 kB Recv  1191 kB |  prime
🔶 Pred  115 ms Sync   28 ms | Sent   864 kB Recv  1191 kB |  or
🔶 Pred  115 ms Sync   15 ms | Sent   864 kB Recv  1191 kB |  has
🔶 Pred  114 ms Sync   17 ms | Sent   864 kB Recv  1191 kB |  a
🔶 Pred  115 ms Sync   16 ms | Sent   864 kB Recv  1191 kB |  prime
🔶 Pred  114 ms Sync   17 ms | Sent   864 kB Recv  1191 kB |  factor
🔶 Pred  116 ms Sync   20 ms | Sent   864 kB Recv  1191 kB |  beyond
🔶 Pred  114 ms Sync   16 ms | Sent   864 kB Recv  1191 kB |  the
🔶 Pred  115 ms Sync   16 ms | Sent   864 kB Recv  1191 kB |  list
🔶 Pred  114 ms Sync   20 ms | Sent   864 kB Recv  1191 kB | ,
🔶 Pred  115 ms Sync   18 ms | Sent   864 kB Recv  1191 kB |  hence
🔶 Pred  114 ms Sync   16 ms | Sent   864 kB Recv  1191 kB |  infinitely
🔶 Pred  114 ms Sync   19 ms | Sent   864 kB Recv  1191 kB |  many
🔶 Pred  115 ms Sync   17 ms | Sent   864 kB Recv  1191 kB | .


🔶 Pred  114 ms Sync   17 ms | Sent   864 kB Recv  1191 kB | 2
🔶 Pred  114 ms Sync   16 ms | Sent   864 kB Recv  1191 kB | .
🔶 Pred  113 ms Sync   19 ms | Sent   864 kB Recv  1191 kB |  Euler
🔶 Pred  114 ms Sync   17 ms | Sent   864 kB Recv  1191 kB | 's
🔶 Pred  114 ms Sync   16 ms | Sent   864 kB Recv  1191 kB | :
🔶 Pred  123 ms Sync   31 ms | Sent   864 kB Recv  1191 kB |  Similar
🔶 Pred  150 ms Sync   79 ms | Sent   864 kB Recv  1191 kB |  to
🔶 Pred  114 ms Sync   38 ms | Sent   864 kB Recv  1191 kB |  Eu
🔶 Pred  218 ms Sync   25 ms | Sent   864 kB Recv  1191 kB | clid
🔶 Pred  114 ms Sync   18 ms | Sent   864 kB Recv  1191 kB |  but
🔶 Pred  164 ms Sync   19 ms | Sent   864 kB Recv  1191 kB |  perhaps
🔶 Pred  141 ms Sync   15 ms | Sent   864 kB Recv  1191 kB |  more
🔶 Pred  115 ms Sync   17 ms | Sent   864 kB Recv  1191 kB |  general
🔶 Pred  114 ms Sync   16 ms | Sent   864 kB Recv  1191 kB | ,
🔶 Pred  115 ms Sync   16 ms | Sent   864 kB Recv  1191 kB |  considering
🔶 Pred  115 ms Sync   16 ms | Sent   864 kB Recv  1191 kB |  primes
🔶 Pred  115 ms Sync   16 ms | Sent   864 kB Recv  1191 kB |  up
🔶 Pred  115 ms Sync   16 ms | Sent   864 kB Recv  1191 kB |  to
🔶 Pred  114 ms Sync   17 ms | Sent   864 kB Recv  1191 kB |  n
🔶 Pred  117 ms Sync   15 ms | Sent   864 kB Recv  1191 kB | ,
🔶 Pred  124 ms Sync   14 ms | Sent   864 kB Recv  1191 kB |  then
🔶 Pred  117 ms Sync   18 ms | Sent   864 kB Recv  1191 kB |  N
🔶 Pred  117 ms Sync   16 ms | Sent   864 kB Recv  1191 kB |  =
🔶 Pred  114 ms Sync   17 ms | Sent   864 kB Recv  1191 kB |  product
🔶 Pred  134 ms Sync   16 ms | Sent   864 kB Recv  1191 kB |  +
🔶 Pred  144 ms Sync   30 ms | Sent   864 kB Recv  1191 kB | 1
🔶 Pred  128 ms Sync   84 ms | Sent   864 kB Recv  1191 kB | ,
🔶 Pred  139 ms Sync   44 ms | Sent   864 kB Recv  1191 kB |  show
🔶 Pred  115 ms Sync   17 ms | Sent   864 kB Recv  1191 kB |  N
🔶 Pred  115 ms Sync   16 ms | Sent   864 kB Recv  1191 kB |  is
🔶 Pred  115 ms Sync   17 ms | Sent   864 kB Recv  1191 kB |  prime
🔶 Pred  115 ms Sync   20 ms | Sent   864 kB Recv  1191 kB |  or
🔶 Pred  114 ms Sync   18 ms | Sent   864 kB Recv  1191 kB |  has
🔶 Pred  115 ms Sync   19 ms | Sent   864 kB Recv  1191 kB |  a
🔶 Pred  114 ms Sync   16 ms | Sent   864 kB Recv  1191 kB |  prime
🔶 Pred  115 ms Sync   16 ms | Sent   864 kB Recv  1191 kB |  factor
🔶 Pred  115 ms Sync   15 ms | Sent   864 kB Recv  1191 kB |  beyond
🔶 Pred  114 ms Sync   18 ms | Sent   864 kB Recv  1191 kB |  n
🔶 Pred  114 ms Sync   27 ms | Sent   864 kB Recv  1191 kB | ,
🔶 Pred  115 ms Sync   25 ms | Sent   864 kB Recv  1191 kB |  hence
🔶 Pred  115 ms Sync   20 ms | Sent   864 kB Recv  1191 kB |  infinitely
🔶 Pred  115 ms Sync   20 ms | Sent   864 kB Recv  1191 kB |  many
🔶 Pred  115 ms Sync   16 ms | Sent   864 kB Recv  1191 kB | .


🔶 Pred  114 ms Sync   19 ms | Sent   864 kB Recv  1191 kB | 3
🔶 Pred  115 ms Sync   17 ms | Sent   864 kB Recv  1191 kB | .
🔶 Pred  147 ms Sync   12 ms | Sent   864 kB Recv  1191 kB |  Top
🔶 Pred  318 ms Sync   35 ms | Sent   864 kB Recv  1191 kB | ological
🔶 Pred  127 ms Sync   45 ms | Sent   864 kB Recv  1191 kB | :
🔶 Pred  116 ms Sync   15 ms | Sent   864 kB Recv  1191 kB |  More
🔶 Pred  115 ms Sync   17 ms | Sent   864 kB Recv  1191 kB |  advanced
🔶 Pred  116 ms Sync   16 ms | Sent   864 kB Recv  1191 kB | ,
🔶 Pred  115 ms Sync   16 ms | Sent   864 kB Recv  1191 kB |  maybe
🔶 Pred  115 ms Sync   20 ms | Sent   864 kB Recv  1191 kB |  using
🔶 Pred  117 ms Sync   17 ms | Sent   864 kB Recv  1191 kB |  properties
🔶 Pred  116 ms Sync   16 ms | Sent   864 kB Recv  1191 kB |  of
🔶 Pred  116 ms Sync   17 ms | Sent   864 kB Recv  1191 kB |  primes
🔶 Pred  115 ms Sync   16 ms | Sent   864 kB Recv  1191 kB | '
🔶 Pred  114 ms Sync   18 ms | Sent   864 kB Recv  1191 kB |  distribution
🔶 Pred  117 ms Sync   16 ms | Sent   864 kB Recv  1191 kB |  or
🔶 Pred  114 ms Sync   17 ms | Sent   864 kB Recv  1191 kB |  density
🔶 Pred  116 ms Sync   17 ms | Sent   864 kB Recv  1191 kB |  to
🔶 Pred  115 ms Sync   17 ms | Sent   864 kB Recv  1191 kB |  show
🔶 Pred  114 ms Sync   16 ms | Sent   864 kB Recv  1191 kB |  infinit
🔶 Pred  115 ms Sync   16 ms | Sent   864 kB Recv  1191 kB | ude
🔶 Pred  114 ms Sync   18 ms | Sent   864 kB Recv  1191 kB | .


🔶 Pred  115 ms Sync   17 ms | Sent   864 kB Recv  1191 kB | Now
🔶 Pred  132 ms Sync   20 ms | Sent   864 kB Recv  1191 kB | ,
🔶 Pred  154 ms Sync   66 ms | Sent   864 kB Recv  1191 kB |  comparing
🔶 Pred  115 ms Sync   17 ms | Sent   864 kB Recv  1191 kB |  their
🔶 Pred  137 ms Sync   63 ms | Sent   864 kB Recv  1191 kB |  assumptions
🔶 Pred  115 ms Sync   17 ms | Sent   864 kB Recv  1191 kB |  and
🔶 Pred  115 ms Sync   18 ms | Sent   864 kB Recv  1191 kB |  elegance
🔶 Pred  114 ms Sync   17 ms | Sent   864 kB Recv  1191 kB | .


🔶 Pred  115 ms Sync   17 ms | Sent   864 kB Recv  1191 kB | Eu
🔶 Pred  117 ms Sync   16 ms | Sent   864 kB Recv  1191 kB | clid
🔶 Pred  120 ms Sync   16 ms | Sent   864 kB Recv  1191 kB | 's
🔶 Pred  117 ms Sync   16 ms | Sent   864 kB Recv  1191 kB |  proof
🔶 Pred  117 ms Sync   17 ms | Sent   864 kB Recv  1191 kB |  is
🔶 Pred  116 ms Sync   16 ms | Sent   864 kB Recv  1191 kB |  elegant
🔶 Pred  169 ms Sync   14 ms | Sent   864 kB Recv  1191 kB |  because
🔶 Pred  148 ms Sync   15 ms | Sent   864 kB Recv  1191 kB |  it
🔶 Pred  117 ms Sync   16 ms | Sent   864 kB Recv  1191 kB | 's
🔶 Pred  116 ms Sync   15 ms | Sent   864 kB Recv  1191 kB |  simple
🔶 Pred  116 ms Sync   16 ms | Sent   864 kB Recv  1191 kB |  and
🔶 Pred  115 ms Sync   19 ms | Sent   864 kB Recv  1191 kB |  direct
🔶 Pred  115 ms Sync   18 ms | Sent   864 kB Recv  1191 kB | ,
🔶 Pred  115 ms Sync   19 ms | Sent   864 kB Recv  1191 kB |  using
🔶 Pred  174 ms Sync   48 ms | Sent   864 kB Recv  1191 kB |  just
🔶 Pred  116 ms Sync   19 ms | Sent   864 kB Recv  1191 kB |  the
🔶 Pred  136 ms Sync   35 ms | Sent   864 kB Recv  1191 kB |  concept
🔶 Pred  116 ms Sync   16 ms | Sent   864 kB Recv  1191 kB |  of
🔶 Pred  116 ms Sync   17 ms | Sent   864 kB Recv  1191 kB |  multiplication
🔶 Pred  129 ms Sync   18 ms | Sent   864 kB Recv  1191 kB |  and
🔶 Pred  116 ms Sync   17 ms | Sent   864 kB Recv  1191 kB |  addition
🔶 Pred  117 ms Sync   18 ms | Sent   864 kB Recv  1191 kB | .
🔶 Pred  117 ms Sync   17 ms | Sent   864 kB Recv  1191 kB |  It
🔶 Pred  116 ms Sync   18 ms | Sent   864 kB Recv  1191 kB |  doesn
🔶 Pred  115 ms Sync   17 ms | Sent   864 kB Recv  1191 kB | 't
🔶 Pred  115 ms Sync   17 ms | Sent   864 kB Recv  1191 kB |  require
🔶 Pred  116 ms Sync   17 ms | Sent   864 kB Recv  1191 kB |  any
🔶 Pred  115 ms Sync   17 ms | Sent   864 kB Recv  1191 kB |  advanced
🔶 Pred  115 ms Sync   18 ms | Sent   864 kB Recv  1191 kB |  mathematical
🔶 Pred  116 ms Sync   18 ms | Sent   864 kB Recv  1191 kB |  tools
🔶 Pred  117 ms Sync   16 ms | Sent   864 kB Recv  1191 kB | .


🔶 Pred  115 ms Sync   17 ms | Sent   864 kB Recv  1191 kB | E
🔶 Pred  114 ms Sync   18 ms | Sent   864 kB Recv  1191 kB | uler
🔶 Pred  115 ms Sync   17 ms | Sent   864 kB Recv  1191 kB | 's
🔶 Pred  115 ms Sync   17 ms | Sent   864 kB Recv  1191 kB |  proof
🔶 Pred  139 ms Sync   26 ms | Sent   864 kB Recv  1191 kB |  is
🔶 Pred  154 ms Sync   38 ms | Sent   864 kB Recv  1191 kB |  similar
🔶 Pred  122 ms Sync   45 ms | Sent   864 kB Recv  1191 kB |  in
🔶 Pred  116 ms Sync   63 ms | Sent   864 kB Recv  1191 kB |  elegance
🔶 Pred  115 ms Sync   18 ms | Sent   864 kB Recv  1191 kB | ,
🔶 Pred  152 ms Sync   15 ms | Sent   864 kB Recv  1191 kB |  using
🔶 Pred  154 ms Sync   18 ms | Sent   864 kB Recv  1191 kB |  the
🔶 Pred  117 ms Sync   17 ms | Sent   864 kB Recv  1191 kB |  same
🔶 Pred  116 ms Sync   19 ms | Sent   864 kB Recv  1191 kB |  idea
🔶 Pred  115 ms Sync   16 ms | Sent   864 kB Recv  1191 kB |  but
🔶 Pred  116 ms Sync   16 ms | Sent   864 kB Recv  1191 kB |  perhaps
🔶 Pred  115 ms Sync   18 ms | Sent   864 kB Recv  1191 kB |  ph
🔶 Pred  115 ms Sync   19 ms | Sent   864 kB Recv  1191 kB | r
🔶 Pred  115 ms Sync   22 ms | Sent   864 kB Recv  1191 kB | ased
🔶 Pred  117 ms Sync   20 ms | Sent   864 kB Recv  1191 kB |  differently
🔶 Pred  116 ms Sync   16 ms | Sent   864 kB Recv  1191 kB | ,
🔶 Pred  115 ms Sync   17 ms | Sent   864 kB Recv  1191 kB |  maybe
🔶 Pred  116 ms Sync   17 ms | Sent   864 kB Recv  1191 kB |  considering
🔶 Pred  115 ms Sync   17 ms | Sent   864 kB Recv  1191 kB |  the
🔶 Pred  116 ms Sync   16 ms | Sent   864 kB Recv  1191 kB |  product
🔶 Pred  116 ms Sync   16 ms | Sent   864 kB Recv  1191 kB |  up
🔶 Pred  187 ms Sync   57 ms | Sent   864 kB Recv  1191 kB |  to
🔶 Pred  119 ms Sync   17 ms | Sent   864 kB Recv  1191 kB |  n
🔶 Pred  131 ms Sync   53 ms | Sent   864 kB Recv  1191 kB |  and
🔶 Pred  115 ms Sync   17 ms | Sent   864 kB Recv  1191 kB |  then
🔶 Pred  116 ms Sync   18 ms | Sent   864 kB Recv  1191 kB |  showing
🔶 Pred  116 ms Sync   17 ms | Sent   864 kB Recv  1191 kB |  the
🔶 Pred  116 ms Sync   18 ms | Sent   864 kB Recv  1191 kB |  next
🔶 Pred  117 ms Sync   17 ms | Sent   864 kB Recv  1191 kB |  number
🔶 Pred  116 ms Sync   17 ms | Sent   864 kB Recv  1191 kB |  is
🔶 Pred  116 ms Sync   16 ms | Sent   864 kB Recv  1191 kB |  prime
🔶 Pred  116 ms Sync   17 ms | Sent   864 kB Recv  1191 kB |  or
🔶 Pred  116 ms Sync   17 ms | Sent   864 kB Recv  1191 kB |  has
🔶 Pred  116 ms Sync   17 ms | Sent   864 kB Recv  1191 kB |  a
🔶 Pred  115 ms Sync   17 ms | Sent   864 kB Recv  1191 kB |  larger
🔶 Pred  117 ms Sync   17 ms | Sent   864 kB Recv  1191 kB |  prime
🔶 Pred  117 ms Sync   16 ms | Sent   864 kB Recv  1191 kB |  factor
🔶 Pred  115 ms Sync   18 ms | Sent   864 kB Recv  1191 kB | .


🔶 Pred  115 ms Sync   19 ms | Sent   864 kB Recv  1191 kB | The
🔶 Pred  116 ms Sync   16 ms | Sent   864 kB Recv  1191 kB |  top
🔶 Pred  134 ms Sync   16 ms | Sent   864 kB Recv  1191 kB | ological
🔶 Pred  197 ms Sync   35 ms | Sent   864 kB Recv  1191 kB |  proof
🔶 Pred  129 ms Sync   83 ms | Sent   864 kB Recv  1191 kB |  is
🔶 Pred  135 ms Sync   63 ms | Sent   864 kB Recv  1191 kB |  more
🔶 Pred  117 ms Sync   16 ms | Sent   864 kB Recv  1191 kB |  complex
🔶 Pred  117 ms Sync   16 ms | Sent   864 kB Recv  1191 kB | .
🔶 Pred  116 ms Sync   18 ms | Sent   864 kB Recv  1191 kB |  It
🔶 Pred  116 ms Sync   17 ms | Sent   864 kB Recv  1191 kB |  likely
🔶 Pred  117 ms Sync   17 ms | Sent   864 kB Recv  1191 kB |  uses
🔶 Pred  117 ms Sync   19 ms | Sent   864 kB Recv  1191 kB |  concepts
🔶 Pred  128 ms Sync   27 ms | Sent   864 kB Recv  1191 kB |  from
🔶 Pred  117 ms Sync   17 ms | Sent   864 kB Recv  1191 kB |  analysis
🔶 Pred  117 ms Sync   16 ms | Sent   864 kB Recv  1191 kB |  or
🔶 Pred  117 ms Sync   17 ms | Sent   864 kB Recv  1191 kB |  topology
🔶 Pred  117 ms Sync   19 ms | Sent   864 kB Recv  1191 kB |  to
🔶 Pred  118 ms Sync   16 ms | Sent   864 kB Recv  1191 kB |  argue
🔶 Pred  117 ms Sync   16 ms | Sent   864 kB Recv  1191 kB |  about
🔶 Pred  115 ms Sync   23 ms | Sent   864 kB Recv  1191 kB |  the
🔶 Pred  116 ms Sync   19 ms | Sent   864 kB Recv  1191 kB |  density
🔶 Pred  117 ms Sync   17 ms | Sent   864 kB Recv  1191 kB |  or
🔶 Pred  116 ms Sync   18 ms | Sent   864 kB Recv  1191 kB |  distribution
🔶 Pred  115 ms Sync   20 ms | Sent   864 kB Recv  1191 kB |  of
🔶 Pred  174 ms Sync   65 ms | Sent   864 kB Recv  1191 kB |  primes
🔶 Pred  116 ms Sync   18 ms | Sent   864 kB Recv  1191 kB | .
🔶 Pred  129 ms Sync   42 ms | Sent   864 kB Recv  1191 kB |  It
🔶 Pred  115 ms Sync   18 ms | Sent   864 kB Recv  1191 kB |  might
🔶 Pred  117 ms Sync   16 ms | Sent   864 kB Recv  1191 kB |  be
🔶 Pred  116 ms Sync   19 ms | Sent   864 kB Recv  1191 kB |  more
🔶 Pred  116 ms Sync   18 ms | Sent   864 kB Recv  1191 kB |  involved
🔶 Pred  118 ms Sync   18 ms | Sent   864 kB Recv  1191 kB |  and
🔶 Pred  116 ms Sync   22 ms | Sent   864 kB Recv  1191 kB |  require
🔶 Pred  115 ms Sync   18 ms | Sent   864 kB Recv  1191 kB |  a
🔶 Pred  117 ms Sync   16 ms | Sent   864 kB Recv  1191 kB |  deeper
🔶 Pred  116 ms Sync   20 ms | Sent   864 kB Recv  1191 kB |  understanding
🔶 Pred  147 ms Sync   14 ms | Sent   864 kB Recv  1191 kB |  of
🔶 Pred  156 ms Sync   23 ms | Sent   864 kB Recv  1191 kB |  mathematical
🔶 Pred  117 ms Sync   16 ms | Sent   864 kB Recv  1191 kB |  concepts
🔶 Pred  118 ms Sync   16 ms | Sent   864 kB Recv  1191 kB | .


🔶 Pred  119 ms Sync   18 ms | Sent   864 kB Recv  1191 kB | In
🔶 Pred  117 ms Sync   18 ms | Sent   864 kB Recv  1191 kB |  terms
🔶 Pred  118 ms Sync   17 ms | Sent   864 kB Recv  1191 kB |  of
🔶 Pred  117 ms Sync   16 ms | Sent   864 kB Recv  1191 kB |  assumptions
🔶 Pred  175 ms Sync   87 ms | Sent   864 kB Recv  1191 kB | ,
🔶 Pred  117 ms Sync   67 ms | Sent   864 kB Recv  1191 kB |  all
🔶 Pred  135 ms Sync   51 ms | Sent   864 kB Recv  1191 kB |  three
🔶 Pred  118 ms Sync  146 ms | Sent   864 kB Recv  1191 kB |  proofs
🔶 Pred  116 ms Sync   27 ms | Sent   864 kB Recv  1191 kB |  assume
🔶 Pred  117 ms Sync   25 ms | Sent   864 kB Recv  1191 kB |  that
🔶 Pred  126 ms Sync   19 ms | Sent   864 kB Recv  1191 kB |  there
🔶 Pred  118 ms Sync   17 ms | Sent   864 kB Recv  1191 kB |  are
🔶 Pred  117 ms Sync   17 ms | Sent   864 kB Recv  1191 kB |  only
🔶 Pred  118 ms Sync   17 ms | Sent   864 kB Recv  1191 kB |  fin
🔶 Pred  118 ms Sync   17 ms | Sent   864 kB Recv  1191 kB | it
🔶 Pred  118 ms Sync   18 ms | Sent   864 kB Recv  1191 kB | ely
🔶 Pred  117 ms Sync   20 ms | Sent   864 kB Recv  1191 kB |  many
🔶 Pred  119 ms Sync   16 ms | Sent   864 kB Recv  1191 kB |  primes
🔶 Pred  118 ms Sync   18 ms | Sent   864 kB Recv  1191 kB | ,
🔶 Pred  117 ms Sync   17 ms | Sent   864 kB Recv  1191 kB |  which
🔶 Pred  117 ms Sync   17 ms | Sent   864 kB Recv  1191 kB |  is
🔶 Pred  117 ms Sync   18 ms | Sent   864 kB Recv  1191 kB |  the
🔶 Pred  117 ms Sync   17 ms | Sent   864 kB Recv  1191 kB |  neg
🔶 Pred  128 ms Sync   25 ms | Sent   864 kB Recv  1191 kB | ation
🔶 Pred  153 ms Sync   71 ms | Sent   864 kB Recv  1191 kB |  of
🔶 Pred  116 ms Sync   19 ms | Sent   864 kB Recv  1191 kB |  what
🔶 Pred  130 ms Sync   42 ms | Sent   864 kB Recv  1191 kB |  we
🔶 Pred  117 ms Sync   18 ms | Sent   864 kB Recv  1191 kB |  want
🔶 Pred  135 ms Sync   18 ms | Sent   864 kB Recv  1191 kB |  to
🔶 Pred  177 ms Sync   16 ms | Sent   864 kB Recv  1191 kB |  prove
🔶 Pred  118 ms Sync   16 ms | Sent   864 kB Recv  1191 kB | .
🔶 Pred  118 ms Sync   19 ms | Sent   864 kB Recv  1191 kB |  The
🔶 Pred  117 ms Sync   17 ms | Sent   864 kB Recv  1191 kB |  difference
🔶 Pred  117 ms Sync   17 ms | Sent   864 kB Recv  1191 kB |  is
🔶 Pred  117 ms Sync   17 ms | Sent   864 kB Recv  1191 kB |  in
🔶 Pred  117 ms Sync   18 ms | Sent   864 kB Recv  1191 kB |  the
🔶 Pred  118 ms Sync   18 ms | Sent   864 kB Recv  1191 kB |  method
🔶 Pred  121 ms Sync   17 ms | Sent   864 kB Recv  1191 kB | :
🔶 Pred  118 ms Sync   16 ms | Sent   864 kB Recv  1191 kB |  Eu
🔶 Pred  118 ms Sync   16 ms | Sent   864 kB Recv  1191 kB | clid
🔶 Pred  133 ms Sync   27 ms | Sent   864 kB Recv  1191 kB |  and
🔶 Pred  117 ms Sync   17 ms | Sent   864 kB Recv  1191 kB |  Euler
🔶 Pred  118 ms Sync   16 ms | Sent   864 kB Recv  1191 kB |  use
🔶 Pred  116 ms Sync   18 ms | Sent   864 kB Recv  1191 kB |  constructive
🔶 Pred  180 ms Sync   85 ms | Sent   864 kB Recv  1191 kB |  methods
🔶 Pred  117 ms Sync   19 ms | Sent   864 kB Recv  1191 kB | ,
🔶 Pred  133 ms Sync   49 ms | Sent   864 kB Recv  1191 kB |  while
🔶 Pred  117 ms Sync   18 ms | Sent   864 kB Recv  1191 kB |  the
🔶 Pred  117 ms Sync   18 ms | Sent   864 kB Recv  1191 kB |  top
🔶 Pred  118 ms Sync   16 ms | Sent   864 kB Recv  1191 kB | ological
🔶 Pred  117 ms Sync   18 ms | Sent   864 kB Recv  1191 kB |  proof
🔶 Pred  118 ms Sync   18 ms | Sent   864 kB Recv  1191 kB |  might
🔶 Pred  119 ms Sync   21 ms | Sent   864 kB Recv  1191 kB |  use
🔶 Pred  120 ms Sync   19 ms | Sent   864 kB Recv  1191 kB |  properties
🔶 Pred  120 ms Sync   19 ms | Sent   864 kB Recv  1191 kB |  of
🔶 Pred  118 ms Sync   17 ms | Sent   864 kB Recv  1191 kB |  functions
🔶 Pred  117 ms Sync   16 ms | Sent   864 kB Recv  1191 kB |  or
🔶 Pred  119 ms Sync   16 ms | Sent   864 kB Recv  1191 kB |  density
🔶 Pred  117 ms Sync   19 ms | Sent   864 kB Recv  1191 kB | .


🔶 Pred  117 ms Sync   19 ms | Sent   864 kB Recv  1191 kB | As
🔶 Pred  117 ms Sync   17 ms | Sent   864 kB Recv  1191 kB |  for
🔶 Pred  118 ms Sync   18 ms | Sent   864 kB Recv  1191 kB |  elegance
🔶 Pred  118 ms Sync   17 ms | Sent   864 kB Recv  1191 kB | ,
🔶 Pred  170 ms Sync   17 ms | Sent   864 kB Recv  1191 kB |  Eu
🔶 Pred  206 ms Sync   75 ms | Sent   864 kB Recv  1191 kB | clid
🔶 Pred  120 ms Sync   17 ms | Sent   864 kB Recv  1191 kB | 's
🔶 Pred  133 ms Sync   53 ms | Sent   864 kB Recv  1191 kB |  is
🔶 Pred  118 ms Sync   18 ms | Sent   864 kB Recv  1191 kB |  perhaps
🔶 Pred  120 ms Sync   16 ms | Sent   864 kB Recv  1191 kB |  the
🔶 Pred  118 ms Sync   19 ms | Sent   864 kB Recv  1191 kB |  most
🔶 Pred  118 ms Sync   21 ms | Sent   864 kB Recv  1191 kB |  straightforward
🔶 Pred  118 ms Sync   18 ms | Sent   864 kB Recv  1191 kB | ,
🔶 Pred  119 ms Sync   17 ms | Sent   864 kB Recv  1191 kB |  Euler
🔶 Pred  119 ms Sync   16 ms | Sent   864 kB Recv  1191 kB | 's
🔶 Pred  119 ms Sync   17 ms | Sent   864 kB Recv  1191 kB |  is
🔶 Pred  117 ms Sync   19 ms | Sent   864 kB Recv  1191 kB |  similar
🔶 Pred  121 ms Sync   15 ms | Sent   864 kB Recv  1191 kB |  but
🔶 Pred  120 ms Sync   18 ms | Sent   864 kB Recv  1191 kB |  maybe
🔶 Pred  119 ms Sync   16 ms | Sent   864 kB Recv  1191 kB |  a
🔶 Pred  119 ms Sync   16 ms | Sent   864 kB Recv  1191 kB |  bit
🔶 Pred  118 ms Sync   16 ms | Sent   864 kB Recv  1191 kB |  more
🔶 Pred  118 ms Sync   17 ms | Sent   864 kB Recv  1191 kB |  general
🔶 Pred  119 ms Sync   15 ms | Sent   864 kB Recv  1191 kB | ,
🔶 Pred  119 ms Sync   16 ms | Sent   864 kB Recv  1191 kB |  and
🔶 Pred  165 ms Sync   73 ms | Sent   864 kB Recv  1191 kB |  the
🔶 Pred  132 ms Sync   28 ms | Sent   864 kB Recv  1191 kB |  top
🔶 Pred  142 ms Sync   52 ms | Sent   864 kB Recv  1191 kB | ological
🔶 Pred  118 ms Sync   16 ms | Sent   864 kB Recv  1191 kB |  proof
🔶 Pred  118 ms Sync   17 ms | Sent   864 kB Recv  1191 kB |  is
🔶 Pred  118 ms Sync   16 ms | Sent   864 kB Recv  1191 kB |  more
🔶 Pred  119 ms Sync   16 ms | Sent   864 kB Recv  1191 kB |  sophisticated
🔶 Pred  120 ms Sync   16 ms | Sent   864 kB Recv  1191 kB | ,
🔶 Pred  120 ms Sync   18 ms | Sent   864 kB Recv  1191 kB |  using
🔶 Pred  118 ms Sync   17 ms | Sent   864 kB Recv  1191 kB |  advanced
🔶 Pred  119 ms Sync   18 ms | Sent   864 kB Recv  1191 kB |  mathematical
🔶 Pred  119 ms Sync   16 ms | Sent   864 kB Recv  1191 kB |  tools
🔶 Pred  145 ms Sync   15 ms | Sent   864 kB Recv  1191 kB | .


🔶 Pred  253 ms Sync   25 ms | Sent   864 kB Recv  1191 kB | Now
🔶 Pred  120 ms Sync   16 ms | Sent   864 kB Recv  1191 kB | ,
🔶 Pred  118 ms Sync   20 ms | Sent   864 kB Recv  1191 kB |  to
🔶 Pred  119 ms Sync   16 ms | Sent   864 kB Recv  1191 kB |  present
🔶 Pred  118 ms Sync   17 ms | Sent   864 kB Recv  1191 kB |  each
🔶 Pred  120 ms Sync   15 ms | Sent   864 kB Recv  1191 kB |  proof
🔶 Pred  123 ms Sync   27 ms | Sent   864 kB Recv  1191 kB |  step
🔶 Pred  201 ms Sync   82 ms | Sent   864 kB Recv  1191 kB | -by
🔶 Pred  141 ms Sync   53 ms | Sent   864 kB Recv  1191 kB | -step
🔶 Pred  122 ms Sync   18 ms | Sent   864 kB Recv  1191 kB | .


🔶 Pred  121 ms Sync   17 ms | Sent   864 kB Recv  1191 kB | First
🔶 Pred  120 ms Sync   16 ms | Sent   864 kB Recv  1191 kB | ,
🔶 Pred  118 ms Sync   19 ms | Sent   864 kB Recv  1191 kB |  Eu
🔶 Pred  119 ms Sync   16 ms | Sent   864 kB Recv  1191 kB | clid
🔶 Pred  120 ms Sync   16 ms | Sent   864 kB Recv  1191 kB | 's
🔶 Pred  120 ms Sync   15 ms | Sent   864 kB Recv  1191 kB |  proof
🔶 Pred  119 ms Sync   16 ms | Sent   864 kB Recv  1191 kB | :


🔶 Pred  119 ms Sync   16 ms | Sent   864 kB Recv  1191 kB | 1
🔶 Pred  119 ms Sync   16 ms | Sent   864 kB Recv  1191 kB | .
🔶 Pred  120 ms Sync   16 ms | Sent   864 kB Recv  1191 kB |  Let
🔶 Pred  119 ms Sync   20 ms | Sent   864 kB Recv  1191 kB | ’s
🔶 Pred  120 ms Sync   18 ms | Sent   864 kB Recv  1191 kB |  suppose
🔶 Pred  119 ms Sync   16 ms | Sent   864 kB Recv  1191 kB | ,
🔶 Pred  120 ms Sync   20 ms | Sent   864 kB Recv  1191 kB |  for
🔶 Pred  120 ms Sync   15 ms | Sent   864 kB Recv  1191 kB |  the
🔶 Pred  119 ms Sync   16 ms | Sent   864 kB Recv  1191 kB |  sake
🔶 Pred  119 ms Sync   18 ms | Sent   864 kB Recv  1191 kB |  of
🔶 Pred  172 ms Sync   85 ms | Sent   864 kB Recv  1191 kB |  contradiction
🔶 Pred  121 ms Sync   15 ms | Sent   864 kB Recv  1191 kB | ,
🔶 Pred  135 ms Sync   32 ms | Sent   864 kB Recv  1191 kB |  that
🔶 Pred  118 ms Sync   20 ms | Sent   864 kB Recv  1191 kB |  there
🔶 Pred  129 ms Sync   20 ms | Sent   864 kB Recv  1191 kB |  are
🔶 Pred  174 ms Sync   17 ms | Sent   864 kB Recv  1191 kB |  only
🔶 Pred  122 ms Sync   15 ms | Sent   864 kB Recv  1191 kB |  fin
🔶 Pred  119 ms Sync   19 ms | Sent   864 kB Recv  1191 kB | it
🔶 Pred  119 ms Sync   16 ms | Sent   864 kB Recv  1191 kB | ely
🔶 Pred  119 ms Sync   16 ms | Sent   864 kB Recv  1191 kB |  many
🔶 Pred  123 ms Sync   14 ms | Sent   864 kB Recv  1191 kB |  prime
🔶 Pred  121 ms Sync   15 ms | Sent   864 kB Recv  1191 kB |  numbers
🔶 Pred  119 ms Sync   19 ms | Sent   864 kB Recv  1191 kB | .
🔶 Pred  121 ms Sync   21 ms | Sent   864 kB Recv  1191 kB |  Let
🔶 Pred  119 ms Sync   18 ms | Sent   864 kB Recv  1191 kB |  these
🔶 Pred  120 ms Sync   16 ms | Sent   864 kB Recv  1191 kB |  primes
🔶 Pred  119 ms Sync   17 ms | Sent   864 kB Recv  1191 kB |  be
🔶 Pred  120 ms Sync   16 ms | Sent   864 kB Recv  1191 kB |  p
🔶 Pred  120 ms Sync   15 ms | Sent   864 kB Recv  1191 kB | ₁
🔶 Pred  118 ms Sync   21 ms | Sent   864 kB Recv  1191 kB | ,
🔶 Pred  175 ms Sync   94 ms | Sent   864 kB Recv  1191 kB |  p
🔶 Pred  120 ms Sync   17 ms | Sent   864 kB Recv  1191 kB | ₂
🔶 Pred  140 ms Sync   49 ms | Sent   864 kB Recv  1191 kB | ,
🔶 Pred  122 ms Sync   15 ms | Sent   864 kB Recv  1191 kB |  ...,
🔶 Pred  122 ms Sync   18 ms | Sent   864 kB Recv  1191 kB |  p
🔶 Pred  121 ms Sync   17 ms | Sent   864 kB Recv  1191 kB | ~
🔶 Pred  121 ms Sync   19 ms | Sent   864 kB Recv  1191 kB | ₙ
🔶 Pred  120 ms Sync   18 ms | Sent   864 kB Recv  1191 kB | .


🔶 Pred  121 ms Sync   20 ms | Sent   864 kB Recv  1191 kB | 2
🔶 Pred  121 ms Sync   17 ms | Sent   864 kB Recv  1191 kB | .
🔶 Pred  120 ms Sync   17 ms | Sent   864 kB Recv  1191 kB |  Consider
🔶 Pred  120 ms Sync   16 ms | Sent   864 kB Recv  1191 kB |  the
🔶 Pred  120 ms Sync   17 ms | Sent   864 kB Recv  1191 kB |  number
🔶 Pred  122 ms Sync   18 ms | Sent   864 kB Recv  1191 kB |  N
🔶 Pred  120 ms Sync   17 ms | Sent   864 kB Recv  1191 kB |  =
🔶 Pred  122 ms Sync   18 ms | Sent   864 kB Recv  1191 kB |  p
🔶 Pred  122 ms Sync   17 ms | Sent   864 kB Recv  1191 kB | ₁
🔶 Pred  121 ms Sync   18 ms | Sent   864 kB Recv  1191 kB |  ×
🔶 Pred  121 ms Sync   19 ms | Sent   864 kB Recv  1191 kB |  p
🔶 Pred  214 ms Sync   37 ms | Sent   864 kB Recv  1191 kB | ₂
🔶 Pred  141 ms Sync   82 ms | Sent   864 kB Recv  1191 kB |  ×
🔶 Pred  142 ms Sync   44 ms | Sent   864 kB Recv  1191 kB |  ...
🔶 Pred  119 ms Sync   16 ms | Sent   864 kB Recv  1191 kB |  ×
🔶 Pred  120 ms Sync   17 ms | Sent   864 kB Recv  1191 kB |  p
🔶 Pred  120 ms Sync   17 ms | Sent   864 kB Recv  1191 kB | ~
🔶 Pred  121 ms Sync   16 ms | Sent   864 kB Recv  1191 kB | ₙ
🔶 Pred  121 ms Sync   17 ms | Sent   864 kB Recv  1191 kB |  +
🔶 Pred  131 ms Sync   27 ms | Sent   864 kB Recv  1191 kB |  
🔶 Pred  120 ms Sync   17 ms | Sent   864 kB Recv  1191 kB | 1
🔶 Pred  121 ms Sync   16 ms | Sent   864 kB Recv  1191 kB | .


🔶 Pred  119 ms Sync   23 ms | Sent   864 kB Recv  1191 kB | 3
🔶 Pred  119 ms Sync   17 ms | Sent   864 kB Recv  1191 kB | .
🔶 Pred  120 ms Sync   17 ms | Sent   864 kB Recv  1191 kB |  We
🔶 Pred  121 ms Sync   18 ms | Sent   864 kB Recv  1191 kB |  need
🔶 Pred  121 ms Sync   16 ms | Sent   864 kB Recv  1191 kB |  to
🔶 Pred  120 ms Sync   16 ms | Sent   864 kB Recv  1191 kB |  show
🔶 Pred  120 ms Sync   15 ms | Sent   864 kB Recv  1191 kB |  that
🔶 Pred  119 ms Sync   24 ms | Sent   864 kB Recv  1191 kB |  N
🔶 Pred  119 ms Sync   19 ms | Sent   864 kB Recv  1191 kB |  is
🔶 Pred  137 ms Sync   26 ms | Sent   864 kB Recv  1191 kB |  either
🔶 Pred  166 ms Sync   61 ms | Sent   864 kB Recv  1191 kB |  a
🔶 Pred  141 ms Sync   36 ms | Sent   864 kB Recv  1191 kB |  prime
🔶 Pred  122 ms Sync   28 ms | Sent   864 kB Recv  1191 kB |  number
🔶 Pred  121 ms Sync   17 ms | Sent   864 kB Recv  1191 kB |  itself
🔶 Pred  120 ms Sync   17 ms | Sent   864 kB Recv  1191 kB |  or
🔶 Pred  120 ms Sync   18 ms | Sent   864 kB Recv  1191 kB |  has
🔶 Pred  122 ms Sync   16 ms | Sent   864 kB Recv  1191 kB |  a
🔶 Pred  121 ms Sync   18 ms | Sent   864 kB Recv  1191 kB |  prime
🔶 Pred  120 ms Sync   19 ms | Sent   864 kB Recv  1191 kB |  factor
🔶 Pred  120 ms Sync   16 ms | Sent   864 kB Recv  1191 kB |  that
🔶 Pred  120 ms Sync   16 ms | Sent   864 kB Recv  1191 kB |  is
🔶 Pred  138 ms Sync   16 ms | Sent   864 kB Recv  1191 kB |  not
🔶 Pred  178 ms Sync   18 ms | Sent   864 kB Recv  1191 kB |  in
🔶 Pred  122 ms Sync   15 ms | Sent   864 kB Recv  1191 kB |  the
🔶 Pred  121 ms Sync   17 ms | Sent   864 kB Recv  1191 kB |  list
🔶 Pred  122 ms Sync   16 ms | Sent   864 kB Recv  1191 kB |  p
🔶 Pred  120 ms Sync   16 ms | Sent   864 kB Recv  1191 kB | ₁
🔶 Pred  119 ms Sync   18 ms | Sent   864 kB Recv  1191 kB | ,
🔶 Pred  119 ms Sync   20 ms | Sent   864 kB Recv  1191 kB |  p
🔶 Pred  143 ms Sync   24 ms | Sent   864 kB Recv  1191 kB | ₂
🔶 Pred  144 ms Sync   66 ms | Sent   864 kB Recv  1191 kB | ,
🔶 Pred  126 ms Sync   48 ms | Sent   864 kB Recv  1191 kB |  ...,
🔶 Pred  168 ms Sync   19 ms | Sent   864 kB Recv  1191 kB |  p
🔶 Pred  119 ms Sync   18 ms | Sent   864 kB Recv  1191 kB | ~
🔶 Pred  120 ms Sync   17 ms | Sent   864 kB Recv  1191 kB | ₙ
🔶 Pred  120 ms Sync   17 ms | Sent   864 kB Recv  1191 kB | .


🔶 Pred  121 ms Sync   19 ms | Sent   864 kB Recv  1191 kB | 4
🔶 Pred  120 ms Sync   21 ms | Sent   864 kB Recv  1191 kB | .
🔶 Pred  123 ms Sync   15 ms | Sent   864 kB Recv  1191 kB |  Suppose
🔶 Pred  123 ms Sync   18 ms | Sent   864 kB Recv  1191 kB | ,
🔶 Pred  121 ms Sync   19 ms | Sent   864 kB Recv  1191 kB |  for
🔶 Pred  120 ms Sync   16 ms | Sent   864 kB Recv  1191 kB |  contradiction
🔶 Pred  120 ms Sync   18 ms | Sent   864 kB Recv  1191 kB | ,
🔶 Pred  122 ms Sync   16 ms | Sent   864 kB Recv  1191 kB |  that
🔶 Pred  120 ms Sync   19 ms | Sent   864 kB Recv  1191 kB |  N
🔶 Pred  121 ms Sync   16 ms | Sent   864 kB Recv  1191 kB |  is
🔶 Pred  120 ms Sync   15 ms | Sent   864 kB Recv  1191 kB |  divisible
🔶 Pred  121 ms Sync   16 ms | Sent   864 kB Recv  1191 kB |  by
🔶 Pred  120 ms Sync   16 ms | Sent   864 kB Recv  1191 kB |  some
🔶 Pred  121 ms Sync   16 ms | Sent   864 kB Recv  1191 kB |  prime
🔶 Pred  185 ms Sync   62 ms | Sent   864 kB Recv  1191 kB |  p
🔶 Pred  121 ms Sync   16 ms | Sent   864 kB Recv  1191 kB | ~
🔶 Pred  145 ms Sync   40 ms | Sent   864 kB Recv  1191 kB | ~
🔶 Pred  121 ms Sync   16 ms | Sent   864 kB Recv  1191 kB | ᵢ
🔶 Pred  121 ms Sync   19 ms | Sent   864 kB Recv  1191 kB |  in
🔶 Pred  198 ms Sync   21 ms | Sent   864 kB Recv  1191 kB |  the
🔶 Pred  121 ms Sync   18 ms | Sent   864 kB Recv  1191 kB |  list
🔶 Pred  123 ms Sync   15 ms | Sent   864 kB Recv  1191 kB | .
🔶 Pred  121 ms Sync   16 ms | Sent   864 kB Recv  1191 kB |  Then
🔶 Pred  121 ms Sync   17 ms | Sent   864 kB Recv  1191 kB | ,
🔶 Pred  120 ms Sync   20 ms | Sent   864 kB Recv  1191 kB |  p
🔶 Pred  121 ms Sync   16 ms | Sent   864 kB Recv  1191 kB | ~
🔶 Pred  135 ms Sync   23 ms | Sent   864 kB Recv  1191 kB | ~
🔶 Pred  122 ms Sync   17 ms | Sent   864 kB Recv  1191 kB | ᵢ
🔶 Pred  122 ms Sync   16 ms | Sent   864 kB Recv  1191 kB |  divides
🔶 Pred  120 ms Sync   16 ms | Sent   864 kB Recv  1191 kB |  N
🔶 Pred  121 ms Sync   17 ms | Sent   864 kB Recv  1191 kB | ,
🔶 Pred  122 ms Sync   16 ms | Sent   864 kB Recv  1191 kB |  so
🔶 Pred  121 ms Sync   16 ms | Sent   864 kB Recv  1191 kB |  p
🔶 Pred  165 ms Sync   40 ms | Sent   864 kB Recv  1191 kB | ~
🔶 Pred  141 ms Sync   44 ms | Sent   864 kB Recv  1191 kB | ~
🔶 Pred  139 ms Sync   36 ms | Sent   864 kB Recv  1191 kB | ᵢ
🔶 Pred  122 ms Sync   59 ms | Sent   864 kB Recv  1191 kB |  divides
🔶 Pred  121 ms Sync   17 ms | Sent   864 kB Recv  1191 kB |  (
🔶 Pred  122 ms Sync   19 ms | Sent   864 kB Recv  1191 kB | p
🔶 Pred  121 ms Sync   16 ms | Sent   864 kB Recv  1191 kB | ₁
🔶 Pred  122 ms Sync   20 ms | Sent   864 kB Recv  1191 kB |  ×
🔶 Pred  122 ms Sync   17 ms | Sent   864 kB Recv  1191 kB |  p
🔶 Pred  122 ms Sync   15 ms | Sent   864 kB Recv  1191 kB | ₂
🔶 Pred  121 ms Sync   17 ms | Sent   864 kB Recv  1191 kB |  ×
🔶 Pred  122 ms Sync   16 ms | Sent   864 kB Recv  1191 kB |  ...
🔶 Pred  121 ms Sync   15 ms | Sent   864 kB Recv  1191 kB |  ×
🔶 Pred  122 ms Sync   19 ms | Sent   864 kB Recv  1191 kB |  p
🔶 Pred  121 ms Sync   18 ms | Sent   864 kB Recv  1191 kB | ~
🔶 Pred  121 ms Sync   16 ms | Sent   864 kB Recv  1191 kB | ₙ
🔶 Pred  122 ms Sync   15 ms | Sent   864 kB Recv  1191 kB |  +
🔶 Pred  122 ms Sync   16 ms | Sent   864 kB Recv  1191 kB |  
🔶 Pred  122 ms Sync   17 ms | Sent   864 kB Recv  1191 kB | 1
🔶 Pred  185 ms Sync   27 ms | Sent   864 kB Recv  1191 kB | ).


🔶 Pred  167 ms Sync   76 ms | Sent   864 kB Recv  1191 kB | 5
🔶 Pred  123 ms Sync   17 ms | Sent   864 kB Recv  1191 kB | .
🔶 Pred  138 ms Sync   46 ms | Sent   864 kB Recv  1191 kB |  But
🔶 Pred  121 ms Sync   21 ms | Sent   864 kB Recv  1191 kB |  since
🔶 Pred  123 ms Sync   17 ms | Sent   864 kB Recv  1191 kB |  p
🔶 Pred  121 ms Sync   17 ms | Sent   864 kB Recv  1191 kB | ~
🔶 Pred  122 ms Sync   16 ms | Sent   864 kB Recv  1191 kB | ~
🔶 Pred  121 ms Sync   19 ms | Sent   864 kB Recv  1191 kB | ᵢ
🔶 Pred  121 ms Sync   18 ms | Sent   864 kB Recv  1191 kB |  is
🔶 Pred  122 ms Sync   15 ms | Sent   864 kB Recv  1191 kB |  one
🔶 Pred  120 ms Sync   18 ms | Sent   864 kB Recv  1191 kB |  of
🔶 Pred  120 ms Sync   17 ms | Sent   864 kB Recv  1191 kB |  the
🔶 Pred  120 ms Sync   18 ms | Sent   864 kB Recv  1191 kB |  primes
🔶 Pred  122 ms Sync   19 ms | Sent   864 kB Recv  1191 kB |  in
🔶 Pred  123 ms Sync   15 ms | Sent   864 kB Recv  1191 kB |  the
🔶 Pred  121 ms Sync   16 ms | Sent   864 kB Recv  1191 kB |  product
🔶 Pred  121 ms Sync   19 ms | Sent   864 kB Recv  1191 kB | ,
🔶 Pred  121 ms Sync   17 ms | Sent   864 kB Recv  1191 kB |  p
🔶 Pred  121 ms Sync   16 ms | Sent   864 kB Recv  1191 kB | ~
🔶 Pred  121 ms Sync   16 ms | Sent   864 kB Recv  1191 kB | ~
🔶 Pred  138 ms Sync   17 ms | Sent   864 kB Recv  1191 kB | ᵢ
🔶 Pred  151 ms Sync   72 ms | Sent   864 kB Recv  1191 kB |  divides
🔶 Pred  123 ms Sync   25 ms | Sent   864 kB Recv  1191 kB |  p
🔶 Pred  140 ms Sync   33 ms | Sent   864 kB Recv  1191 kB | ₁
🔶 Pred  121 ms Sync   18 ms | Sent   864 kB Recv  1191 kB |  ×
🔶 Pred  121 ms Sync   17 ms | Sent   864 kB Recv  1191 kB |  p
🔶 Pred  120 ms Sync   19 ms | Sent   864 kB Recv  1191 kB | ₂
🔶 Pred  122 ms Sync   17 ms | Sent   864 kB Recv  1191 kB |  ×
🔶 Pred  123 ms Sync   16 ms | Sent   864 kB Recv  1191 kB |  ...
🔶 Pred  121 ms Sync   16 ms | Sent   864 kB Recv  1191 kB |  ×
🔶 Pred  121 ms Sync   17 ms | Sent   864 kB Recv  1191 kB |  p
🔶 Pred  121 ms Sync   16 ms | Sent   864 kB Recv  1191 kB | ~
🔶 Pred  160 ms Sync   21 ms | Sent   864 kB Recv  1191 kB | ₙ
🔶 Pred  156 ms Sync   23 ms | Sent   864 kB Recv  1191 kB | ,
🔶 Pred  122 ms Sync   19 ms | Sent   864 kB Recv  1191 kB |  because
🔶 Pred  121 ms Sync   18 ms | Sent   864 kB Recv  1191 kB |  p
🔶 Pred  123 ms Sync   15 ms | Sent   864 kB Recv  1191 kB | ~
🔶 Pred  129 ms Sync   54 ms | Sent   864 kB Recv  1191 kB | ~
🔶 Pred  122 ms Sync   16 ms | Sent   864 kB Recv  1191 kB | ᵢ
🔶 Pred  140 ms Sync   16 ms | Sent   864 kB Recv  1191 kB |  is
🔶 Pred  144 ms Sync  129 ms | Sent   864 kB Recv  1191 kB |  one
🔶 Pred  133 ms Sync   55 ms | Sent   864 kB Recv  1191 kB |  of
🔶 Pred  122 ms Sync   16 ms | Sent   864 kB Recv  1191 kB |  the
🔶 Pred  122 ms Sync   17 ms | Sent   864 kB Recv  1191 kB |  factors
🔶 Pred  121 ms Sync   16 ms | Sent   864 kB Recv  1191 kB | .


🔶 Pred  122 ms Sync   16 ms | Sent   864 kB Recv  1191 kB | 6
🔶 Pred  122 ms Sync   17 ms | Sent   864 kB Recv  1191 kB | .
🔶 Pred  122 ms Sync   19 ms | Sent   864 kB Recv  1191 kB |  Therefore
🔶 Pred  121 ms Sync   19 ms | Sent   864 kB Recv  1191 kB | ,
🔶 Pred  122 ms Sync   16 ms | Sent   864 kB Recv  1191 kB |  p
🔶 Pred  122 ms Sync   16 ms | Sent   864 kB Recv  1191 kB | ~
🔶 Pred  122 ms Sync   15 ms | Sent   864 kB Recv  1191 kB | ~
🔶 Pred  123 ms Sync   17 ms | Sent   864 kB Recv  1191 kB | ᵢ
🔶 Pred  122 ms Sync   19 ms | Sent   864 kB Recv  1191 kB |  divides
🔶 Pred  121 ms Sync   21 ms | Sent   864 kB Recv  1191 kB |  (
🔶 Pred  123 ms Sync   16 ms | Sent   864 kB Recv  1191 kB | p
🔶 Pred  123 ms Sync   22 ms | Sent   864 kB Recv  1191 kB | ₁
🔶 Pred  124 ms Sync   17 ms | Sent   864 kB Recv  1191 kB |  ×
🔶 Pred  124 ms Sync   17 ms | Sent   864 kB Recv  1191 kB |  p
🔶 Pred  162 ms Sync   36 ms | Sent   864 kB Recv  1191 kB | ₂
🔶 Pred  144 ms Sync   44 ms | Sent   864 kB Recv  1191 kB |  ×
🔶 Pred  141 ms Sync   33 ms | Sent   864 kB Recv  1191 kB |  ...
🔶 Pred  122 ms Sync   17 ms | Sent   864 kB Recv  1191 kB |  ×
🔶 Pred  121 ms Sync   17 ms | Sent   864 kB Recv  1191 kB |  p
🔶 Pred  171 ms Sync   12 ms | Sent   864 kB Recv  1191 kB | ~
🔶 Pred  161 ms Sync   13 ms | Sent   864 kB Recv  1191 kB | ₙ
🔶 Pred  123 ms Sync   20 ms | Sent   864 kB Recv  1191 kB |  +
🔶 Pred  122 ms Sync   16 ms | Sent   864 kB Recv  1191 kB |  
🔶 Pred  121 ms Sync   17 ms | Sent   864 kB Recv  1191 kB | 1
🔶 Pred  122 ms Sync   16 ms | Sent   864 kB Recv  1191 kB | )
🔶 Pred  122 ms Sync   17 ms | Sent   864 kB Recv  1191 kB |  and
🔶 Pred  121 ms Sync   21 ms | Sent   864 kB Recv  1191 kB |  p
🔶 Pred  124 ms Sync   16 ms | Sent   864 kB Recv  1191 kB | ~
🔶 Pred  123 ms Sync   15 ms | Sent   864 kB Recv  1191 kB | ~
🔶 Pred  122 ms Sync   17 ms | Sent   864 kB Recv  1191 kB | ᵢ
🔶 Pred  123 ms Sync   16 ms | Sent   864 kB Recv  1191 kB |  divides
🔶 Pred  121 ms Sync   21 ms | Sent   864 kB Recv  1191 kB |  (
🔶 Pred  122 ms Sync   22 ms | Sent   864 kB Recv  1191 kB | p
🔶 Pred  123 ms Sync   16 ms | Sent   864 kB Recv  1191 kB | ₁
🔶 Pred  177 ms Sync   85 ms | Sent   864 kB Recv  1191 kB |  ×
🔶 Pred  124 ms Sync   17 ms | Sent   864 kB Recv  1191 kB |  p
🔶 Pred  140 ms Sync   47 ms | Sent   864 kB Recv  1191 kB | ₂
🔶 Pred  122 ms Sync   17 ms | Sent   864 kB Recv  1191 kB |  ×
🔶 Pred  122 ms Sync   17 ms | Sent   864 kB Recv  1191 kB |  ...
🔶 Pred  124 ms Sync   15 ms | Sent   864 kB Recv  1191 kB |  ×
🔶 Pred  123 ms Sync   16 ms | Sent   864 kB Recv  1191 kB |  p
🔶 Pred  124 ms Sync   18 ms | Sent   864 kB Recv  1191 kB | ~
🔶 Pred  122 ms Sync   16 ms | Sent   864 kB Recv  1191 kB | ₙ
🔶 Pred  122 ms Sync   16 ms | Sent   864 kB Recv  1191 kB | ).
🔶 Pred  122 ms Sync   17 ms | Sent   864 kB Recv  1191 kB |  Hence
🔶 Pred  122 ms Sync   18 ms | Sent   864 kB Recv  1191 kB | ,
🔶 Pred  122 ms Sync   18 ms | Sent   864 kB Recv  1191 kB |  p
🔶 Pred  123 ms Sync   18 ms | Sent   864 kB Recv  1191 kB | ~
🔶 Pred  124 ms Sync   16 ms | Sent   864 kB Recv  1191 kB | ~
🔶 Pred  122 ms Sync   16 ms | Sent   864 kB Recv  1191 kB | ᵢ
🔶 Pred  123 ms Sync   16 ms | Sent   864 kB Recv  1191 kB |  divides
🔶 Pred  123 ms Sync   20 ms | Sent   864 kB Recv  1191 kB |  the
🔶 Pred  123 ms Sync   15 ms | Sent   864 kB Recv  1191 kB |  difference
🔶 Pred  207 ms Sync   15 ms | Sent   864 kB Recv  1191 kB | ,
🔶 Pred  184 ms Sync   57 ms | Sent   864 kB Recv  1191 kB |  which
🔶 Pred  122 ms Sync   26 ms | Sent   864 kB Recv  1191 kB |  is
🔶 Pred  137 ms Sync   40 ms | Sent   864 kB Recv  1191 kB |  
🔶 Pred  123 ms Sync   16 ms | Sent   864 kB Recv  1191 kB | 1
🔶 Pred  123 ms Sync   16 ms | Sent   864 kB Recv  1191 kB | .


🔶 Pred  122 ms Sync   17 ms | Sent   864 kB Recv  1191 kB | 7
🔶 Pred  124 ms Sync   16 ms | Sent   864 kB Recv  1191 kB | .
🔶 Pred  122 ms Sync   20 ms | Sent   864 kB Recv  1191 kB |  This
🔶 Pred  122 ms Sync   17 ms | Sent   864 kB Recv  1191 kB |  is
🔶 Pred  124 ms Sync   16 ms | Sent   864 kB Recv  1191 kB |  a
🔶 Pred  126 ms Sync   17 ms | Sent   864 kB Recv  1191 kB |  contradiction
🔶 Pred  125 ms Sync   16 ms | Sent   864 kB Recv  1191 kB |  because
🔶 Pred  123 ms Sync   16 ms | Sent   864 kB Recv  1191 kB |  no
🔶 Pred  125 ms Sync   18 ms | Sent   864 kB Recv  1191 kB |  prime
🔶 Pred  124 ms Sync   21 ms | Sent   864 kB Recv  1191 kB |  number
🔶 Pred  122 ms Sync   17 ms | Sent   864 kB Recv  1191 kB |  can
🔶 Pred  123 ms Sync   16 ms | Sent   864 kB Recv  1191 kB |  divide
🔶 Pred  123 ms Sync   16 ms | Sent   864 kB Recv  1191 kB |  
🔶 Pred  123 ms Sync   16 ms | Sent   864 kB Recv  1191 kB | 1
🔶 Pred  123 ms Sync   28 ms | Sent   864 kB Recv  1191 kB | .


🔶 Pred  177 ms Sync   85 ms | Sent   864 kB Recv  1191 kB | 8
🔶 Pred  123 ms Sync   23 ms | Sent   864 kB Recv  1191 kB | .
🔶 Pred  145 ms Sync   35 ms | Sent   864 kB Recv  1191 kB |  Therefore
🔶 Pred  122 ms Sync   19 ms | Sent   864 kB Recv  1191 kB | ,
🔶 Pred  122 ms Sync   18 ms | Sent   864 kB Recv  1191 kB |  our
🔶 Pred  121 ms Sync   18 ms | Sent   864 kB Recv  1191 kB |  assumption
🔶 Pred  123 ms Sync   18 ms | Sent   864 kB Recv  1191 kB |  that
🔶 Pred  124 ms Sync   17 ms | Sent   864 kB Recv  1191 kB |  N
🔶 Pred  123 ms Sync   18 ms | Sent   864 kB Recv  1191 kB |  is
🔶 Pred  123 ms Sync   16 ms | Sent   864 kB Recv  1191 kB |  divisible
🔶 Pred  123 ms Sync   16 ms | Sent   864 kB Recv  1191 kB |  by
🔶 Pred  160 ms Sync   34 ms | Sent   864 kB Recv  1191 kB |  some
🔶 Pred  185 ms Sync   16 ms | Sent   864 kB Recv  1191 kB |  p
🔶 Pred  123 ms Sync   19 ms | Sent   864 kB Recv  1191 kB | ~
🔶 Pred  122 ms Sync   17 ms | Sent   864 kB Recv  1191 kB | ~
🔶 Pred  123 ms Sync   17 ms | Sent   864 kB Recv  1191 kB | ᵢ
🔶 Pred  123 ms Sync   16 ms | Sent   864 kB Recv  1191 kB |  in
🔶 Pred  122 ms Sync   18 ms | Sent   864 kB Recv  1191 kB |  the
🔶 Pred  122 ms Sync   20 ms | Sent   864 kB Recv  1191 kB |  list
🔶 Pred  165 ms Sync   88 ms | Sent   864 kB Recv  1191 kB |  is
🔶 Pred  122 ms Sync   18 ms | Sent   864 kB Recv  1191 kB |  false
🔶 Pred  136 ms Sync   48 ms | Sent   864 kB Recv  1191 kB | .


🔶 Pred  124 ms Sync   16 ms | Sent   864 kB Recv  1191 kB | 9
🔶 Pred  122 ms Sync   17 ms | Sent   864 kB Recv  1191 kB | .
🔶 Pred  123 ms Sync   17 ms | Sent   864 kB Recv  1191 kB |  Hence
🔶 Pred  122 ms Sync   17 ms | Sent   864 kB Recv  1191 kB | ,
🔶 Pred  124 ms Sync   18 ms | Sent   864 kB Recv  1191 kB |  N
🔶 Pred  123 ms Sync   17 ms | Sent   864 kB Recv  1191 kB |  is
🔶 Pred  122 ms Sync   21 ms | Sent   864 kB Recv  1191 kB |  not
🔶 Pred  122 ms Sync   17 ms | Sent   864 kB Recv  1191 kB |  divisible
🔶 Pred  122 ms Sync   20 ms | Sent   864 kB Recv  1191 kB |  by
🔶 Pred  123 ms Sync   18 ms | Sent   864 kB Recv  1191 kB |  any
🔶 Pred  124 ms Sync   20 ms | Sent   864 kB Recv  1191 kB |  of
🔶 Pred  124 ms Sync   18 ms | Sent   864 kB Recv  1191 kB |  the
🔶 Pred  122 ms Sync   18 ms | Sent   864 kB Recv  1191 kB |  primes
🔶 Pred  123 ms Sync   20 ms | Sent   864 kB Recv  1191 kB |  p
🔶 Pred  123 ms Sync   17 ms | Sent   864 kB Recv  1191 kB | ₁
🔶 Pred  122 ms Sync   18 ms | Sent   864 kB Recv  1191 kB | ,
🔶 Pred  123 ms Sync   16 ms | Sent   864 kB Recv  1191 kB |  p
🔶 Pred  187 ms Sync   66 ms | Sent   864 kB Recv  1191 kB | ₂
🔶 Pred  123 ms Sync   16 ms | Sent   864 kB Recv  1191 kB | ,
🔶 Pred  132 ms Sync   65 ms | Sent   864 kB Recv  1191 kB |  ...,
🔶 Pred  124 ms Sync   17 ms | Sent   864 kB Recv  1191 kB |  p
🔶 Pred  174 ms Sync   34 ms | Sent   864 kB Recv  1191 kB | ~
🔶 Pred  196 ms Sync   19 ms | Sent   864 kB Recv  1191 kB | ₙ
🔶 Pred  124 ms Sync   19 ms | Sent   864 kB Recv  1191 kB | .


🔶 Pred  124 ms Sync   15 ms | Sent   864 kB Recv  1191 kB | 10
🔶 Pred  123 ms Sync   18 ms | Sent   864 kB Recv  1191 kB | .
🔶 Pred  123 ms Sync   19 ms | Sent   864 kB Recv  1191 kB |  Since
🔶 Pred  123 ms Sync   15 ms | Sent   864 kB Recv  1191 kB |  N
🔶 Pred  124 ms Sync   16 ms | Sent   864 kB Recv  1191 kB |  is
🔶 Pred  125 ms Sync   18 ms | Sent   864 kB Recv  1191 kB |  greater
🔶 Pred  123 ms Sync   17 ms | Sent   864 kB Recv  1191 kB |  than
🔶 Pred  123 ms Sync   15 ms | Sent   864 kB Recv  1191 kB |  p
🔶 Pred  122 ms Sync   17 ms | Sent   864 kB Recv  1191 kB | ~
🔶 Pred  122 ms Sync   18 ms | Sent   864 kB Recv  1191 kB | ₙ
🔶 Pred  123 ms Sync   16 ms | Sent   864 kB Recv  1191 kB |  (
🔶 Pred  122 ms Sync   18 ms | Sent   864 kB Recv  1191 kB | because
🔶 Pred  184 ms Sync   69 ms | Sent   864 kB Recv  1191 kB |  we
🔶 Pred  124 ms Sync   16 ms | Sent   864 kB Recv  1191 kB |  added
🔶 Pred  145 ms Sync   38 ms | Sent   864 kB Recv  1191 kB |  
🔶 Pred  123 ms Sync   17 ms | Sent   864 kB Recv  1191 kB | 1
🔶 Pred  124 ms Sync   16 ms | Sent   864 kB Recv  1191 kB |  to
🔶 Pred  124 ms Sync   17 ms | Sent   864 kB Recv  1191 kB |  the
🔶 Pred  123 ms Sync   17 ms | Sent   864 kB Recv  1191 kB |  product
🔶 Pred  123 ms Sync   21 ms | Sent   864 kB Recv  1191 kB | ),
🔶 Pred  122 ms Sync   16 ms | Sent   864 kB Recv  1191 kB |  N
🔶 Pred  124 ms Sync   15 ms | Sent   864 kB Recv  1191 kB |  must
🔶 Pred  123 ms Sync   21 ms | Sent   864 kB Recv  1191 kB |  either
🔶 Pred  124 ms Sync   17 ms | Sent   864 kB Recv  1191 kB |  be
🔶 Pred  123 ms Sync   20 ms | Sent   864 kB Recv  1191 kB |  a
🔶 Pred  124 ms Sync   18 ms | Sent   864 kB Recv  1191 kB |  prime
🔶 Pred  123 ms Sync   20 ms | Sent   864 kB Recv  1191 kB |  number
🔶 Pred  126 ms Sync   15 ms | Sent   864 kB Recv  1191 kB |  itself
🔶 Pred  122 ms Sync   20 ms | Sent   864 kB Recv  1191 kB |  or
🔶 Pred  123 ms Sync   18 ms | Sent   864 kB Recv  1191 kB |  have
🔶 Pred  154 ms Sync   19 ms | Sent   864 kB Recv  1191 kB |  a
🔶 Pred  211 ms Sync   56 ms | Sent   864 kB Recv  1191 kB |  prime
🔶 Pred  139 ms Sync   24 ms | Sent   864 kB Recv  1191 kB |  factor
🔶 Pred  138 ms Sync   50 ms | Sent   864 kB Recv  1191 kB |  greater
🔶 Pred  125 ms Sync   17 ms | Sent   864 kB Recv  1191 kB |  than
🔶 Pred  124 ms Sync   18 ms | Sent   864 kB Recv  1191 kB |  p
🔶 Pred  125 ms Sync   17 ms | Sent   864 kB Recv  1191 kB | ~
🔶 Pred  125 ms Sync   18 ms | Sent   864 kB Recv  1191 kB | ₙ
🔶 Pred  126 ms Sync   17 ms | Sent   864 kB Recv  1191 kB | .


🔶 Pred  124 ms Sync   17 ms | Sent   864 kB Recv  1191 kB | 11
🔶 Pred  125 ms Sync   16 ms | Sent   864 kB Recv  1191 kB | .
🔶 Pred  124 ms Sync   17 ms | Sent   864 kB Recv  1191 kB |  In
🔶 Pred  124 ms Sync   17 ms | Sent   864 kB Recv  1191 kB |  either
🔶 Pred  125 ms Sync   17 ms | Sent   864 kB Recv  1191 kB |  case
🔶 Pred  126 ms Sync   16 ms | Sent   864 kB Recv  1191 kB | ,
🔶 Pred  124 ms Sync   18 ms | Sent   864 kB Recv  1191 kB |  we
🔶 Pred  126 ms Sync   16 ms | Sent   864 kB Recv  1191 kB |  have
🔶 Pred  126 ms Sync   15 ms | Sent   864 kB Recv  1191 kB |  a
🔶 Pred  127 ms Sync   17 ms | Sent   864 kB Recv  1191 kB |  prime
🔶 Pred  126 ms Sync   18 ms | Sent   864 kB Recv  1191 kB |  number
🔶 Pred  125 ms Sync   20 ms | Sent   864 kB Recv  1191 kB |  not
🔶 Pred  190 ms Sync   71 ms | Sent   864 kB Recv  1191 kB |  in
🔶 Pred  125 ms Sync   16 ms | Sent   864 kB Recv  1191 kB |  our
🔶 Pred  144 ms Sync   46 ms | Sent   864 kB Recv  1191 kB |  original
🔶 Pred  125 ms Sync   16 ms | Sent   864 kB Recv  1191 kB |  list
🔶 Pred  123 ms Sync   20 ms | Sent   864 kB Recv  1191 kB | ,
🔶 Pred  131 ms Sync   16 ms | Sent   864 kB Recv  1191 kB |  which
🔶 Pred  126 ms Sync   17 ms | Sent   864 kB Recv  1191 kB |  contrad
🔶 Pred  126 ms Sync   18 ms | Sent   864 kB Recv  1191 kB | icts
🔶 Pred  128 ms Sync   30 ms | Sent   864 kB Recv  1191 kB |  our
🔶 Pred  124 ms Sync   16 ms | Sent   864 kB Recv  1191 kB |  initial
🔶 Pred  124 ms Sync   17 ms | Sent   864 kB Recv  1191 kB |  assumption
🔶 Pred  176 ms Sync   14 ms | Sent   864 kB Recv  1191 kB |  that
🔶 Pred  196 ms Sync   24 ms | Sent   864 kB Recv  1191 kB |  p
🔶 Pred  126 ms Sync   17 ms | Sent   864 kB Recv  1191 kB | ₁
🔶 Pred  124 ms Sync   17 ms | Sent   864 kB Recv  1191 kB | ,
🔶 Pred  125 ms Sync   17 ms | Sent   864 kB Recv  1191 kB |  p
🔶 Pred  124 ms Sync   20 ms | Sent   864 kB Recv  1191 kB | ₂
🔶 Pred  124 ms Sync   20 ms | Sent   864 kB Recv  1191 kB | ,
🔶 Pred  137 ms Sync   20 ms | Sent   864 kB Recv  1191 kB |  ...,
🔶 Pred  150 ms Sync   84 ms | Sent   864 kB Recv  1191 kB |  p
🔶 Pred  125 ms Sync   17 ms | Sent   864 kB Recv  1191 kB | ~
🔶 Pred  149 ms Sync   53 ms | Sent   864 kB Recv  1191 kB | ₙ
🔶 Pred  123 ms Sync   25 ms | Sent   864 kB Recv  1191 kB |  were
🔶 Pred  125 ms Sync   16 ms | Sent   864 kB Recv  1191 kB |  all
🔶 Pred  125 ms Sync   16 ms | Sent   864 kB Recv  1191 kB |  the
🔶 Pred  125 ms Sync   17 ms | Sent   864 kB Recv  1191 kB |  primes
🔶 Pred  126 ms Sync   16 ms | Sent   864 kB Recv  1191 kB | .


🔶 Pred  124 ms Sync   18 ms | Sent   864 kB Recv  1191 kB | 12
🔶 Pred  125 ms Sync   17 ms | Sent   864 kB Recv  1191 kB | .
🔶 Pred  125 ms Sync   16 ms | Sent   864 kB Recv  1191 kB |  Therefore
🔶 Pred  125 ms Sync   16 ms | Sent   864 kB Recv  1191 kB | ,
🔶 Pred  126 ms Sync   16 ms | Sent   864 kB Recv  1191 kB |  there
🔶 Pred  124 ms Sync   19 ms | Sent   864 kB Recv  1191 kB |  must
🔶 Pred  126 ms Sync   17 ms | Sent   864 kB Recv  1191 kB |  be
🔶 Pred  125 ms Sync   16 ms | Sent   864 kB Recv  1191 kB |  infinitely
🔶 Pred  125 ms Sync   18 ms | Sent   864 kB Recv  1191 kB |  many
🔶 Pred  125 ms Sync   16 ms | Sent   864 kB Recv  1191 kB |  prime
🔶 Pred  126 ms Sync   17 ms | Sent   864 kB Recv  1191 kB |  numbers
🔶 Pred  178 ms Sync   44 ms | Sent   864 kB Recv  1191 kB | .


🔶 Pred  173 ms Sync   60 ms | Sent   864 kB Recv  1191 kB | That
🔶 Pred  139 ms Sync   46 ms | Sent   864 kB Recv  1191 kB | 's
🔶 Pred  126 ms Sync   15 ms | Sent   864 kB Recv  1191 kB |  Eu
🔶 Pred  143 ms Sync   16 ms | Sent   864 kB Recv  1191 kB | clid
🔶 Pred  238 ms Sync   21 ms | Sent   864 kB Recv  1191 kB | 's
🔶 Pred  126 ms Sync   19 ms | Sent   864 kB Recv  1191 kB |  proof
🔶 Pred  126 ms Sync   16 ms | Sent   864 kB Recv  1191 kB | .


🔶 Pred  126 ms Sync   16 ms | Sent   864 kB Recv  1191 kB | Now
🔶 Pred  125 ms Sync   19 ms | Sent   864 kB Recv  1191 kB | ,
🔶 Pred  126 ms Sync   18 ms | Sent   864 kB Recv  1191 kB |  Euler
🔶 Pred  127 ms Sync   18 ms | Sent   864 kB Recv  1191 kB | 's
🔶 Pred  127 ms Sync   19 ms | Sent   864 kB Recv  1191 kB |  analytic
🔶 Pred  126 ms Sync   16 ms | Sent   864 kB Recv  1191 kB |  proof
🔶 Pred  125 ms Sync   16 ms | Sent   864 kB Recv  1191 kB | :


🔶 Pred  125 ms Sync   19 ms | Sent   864 kB Recv  1191 kB | 1
🔶 Pred  126 ms Sync   17 ms | Sent   864 kB Recv  1191 kB | .
🔶 Pred  126 ms Sync   16 ms | Sent   864 kB Recv  1191 kB |  Let
🔶 Pred  127 ms Sync   15 ms | Sent   864 kB Recv  1191 kB | ’s
🔶 Pred  186 ms Sync   63 ms | Sent   864 kB Recv  1191 kB |  suppose
🔶 Pred  126 ms Sync   16 ms | Sent   864 kB Recv  1191 kB | ,
🔶 Pred  147 ms Sync   36 ms | Sent   864 kB Recv  1191 kB |  for
🔶 Pred  127 ms Sync   17 ms | Sent   864 kB Recv  1191 kB |  the
🔶 Pred  125 ms Sync   18 ms | Sent   864 kB Recv  1191 kB |  sake
🔶 Pred  126 ms Sync   17 ms | Sent   864 kB Recv  1191 kB |  of
🔶 Pred  128 ms Sync   17 ms | Sent   864 kB Recv  1191 kB |  contradiction
🔶 Pred  127 ms Sync   16 ms | Sent   864 kB Recv  1191 kB | ,
🔶 Pred  126 ms Sync   15 ms | Sent   864 kB Recv  1191 kB |  that
🔶 Pred  126 ms Sync   16 ms | Sent   864 kB Recv  1191 kB |  there
🔶 Pred  125 ms Sync   18 ms | Sent   864 kB Recv  1191 kB |  are
🔶 Pred  126 ms Sync   16 ms | Sent   864 kB Recv  1191 kB |  only
🔶 Pred  127 ms Sync   20 ms | Sent   864 kB Recv  1191 kB |  fin
🔶 Pred  126 ms Sync   21 ms | Sent   864 kB Recv  1191 kB | it
🔶 Pred  125 ms Sync   19 ms | Sent   864 kB Recv  1191 kB | ely
🔶 Pred  134 ms Sync   30 ms | Sent   864 kB Recv  1191 kB |  many
🔶 Pred  126 ms Sync   16 ms | Sent   864 kB Recv  1191 kB |  prime
🔶 Pred  125 ms Sync   20 ms | Sent   864 kB Recv  1191 kB |  numbers
🔶 Pred  185 ms Sync   13 ms | Sent   864 kB Recv  1191 kB | .
🔶 Pred  198 ms Sync   61 ms | Sent   864 kB Recv  1191 kB |  Let
🔶 Pred  125 ms Sync   17 ms | Sent   864 kB Recv  1191 kB |  these
🔶 Pred  141 ms Sync   58 ms | Sent   864 kB Recv  1191 kB |  primes
🔶 Pred  126 ms Sync   16 ms | Sent   864 kB Recv  1191 kB |  be
🔶 Pred  126 ms Sync   17 ms | Sent   864 kB Recv  1191 kB |  p
🔶 Pred  125 ms Sync   18 ms | Sent   864 kB Recv  1191 kB | ₁
🔶 Pred  126 ms Sync   18 ms | Sent   864 kB Recv  1191 kB | ,
🔶 Pred  127 ms Sync   16 ms | Sent   864 kB Recv  1191 kB |  p
🔶 Pred  126 ms Sync   16 ms | Sent   864 kB Recv  1191 kB | ₂
🔶 Pred  127 ms Sync   15 ms | Sent   864 kB Recv  1191 kB | ,
🔶 Pred  126 ms Sync   17 ms | Sent   864 kB Recv  1191 kB |  ...,
🔶 Pred  127 ms Sync   15 ms | Sent   864 kB Recv  1191 kB |  p
🔶 Pred  127 ms Sync   16 ms | Sent   864 kB Recv  1191 kB | ~
🔶 Pred  126 ms Sync   18 ms | Sent   864 kB Recv  1191 kB | ₙ
🔶 Pred  126 ms Sync   18 ms | Sent   864 kB Recv  1191 kB | .


🔶 Pred  128 ms Sync   15 ms | Sent   864 kB Recv  1191 kB | 2
🔶 Pred  126 ms Sync   17 ms | Sent   864 kB Recv  1191 kB | .
🔶 Pred  127 ms Sync   18 ms | Sent   864 kB Recv  1191 kB |  Consider
🔶 Pred  125 ms Sync   19 ms | Sent   864 kB Recv  1191 kB |  the
🔶 Pred  139 ms Sync   28 ms | Sent   864 kB Recv  1191 kB |  number
🔶 Pred  166 ms Sync   55 ms | Sent   864 kB Recv  1191 kB |  N
🔶 Pred  126 ms Sync   34 ms | Sent   864 kB Recv  1191 kB |  =
🔶 Pred  148 ms Sync   23 ms | Sent   864 kB Recv  1191 kB |  p
🔶 Pred  128 ms Sync   18 ms | Sent   864 kB Recv  1191 kB | ₁
🔶 Pred  129 ms Sync   21 ms | Sent   864 kB Recv  1191 kB |  ×
🔶 Pred  127 ms Sync   19 ms | Sent   864 kB Recv  1191 kB |  p
🔶 Pred  127 ms Sync   17 ms | Sent   864 kB Recv  1191 kB | ₂
🔶 Pred  125 ms Sync   18 ms | Sent   864 kB Recv  1191 kB |  ×
🔶 Pred  126 ms Sync   16 ms | Sent   864 kB Recv  1191 kB |  ...
🔶 Pred  125 ms Sync   22 ms | Sent   864 kB Recv  1191 kB |  ×
🔶 Pred  125 ms Sync   21 ms | Sent   864 kB Recv  1191 kB |  p
🔶 Pred  196 ms Sync   23 ms | Sent   864 kB Recv  1191 kB | ~
🔶 Pred  128 ms Sync   15 ms | Sent   864 kB Recv  1191 kB | ₙ
🔶 Pred  126 ms Sync   16 ms | Sent   864 kB Recv  1191 kB |  +
🔶 Pred  125 ms Sync   18 ms | Sent   864 kB Recv  1191 kB |  
🔶 Pred  125 ms Sync   17 ms | Sent   864 kB Recv  1191 kB | 1
🔶 Pred  125 ms Sync   20 ms | Sent   864 kB Recv  1191 kB | .


🔶 Pred  126 ms Sync   19 ms | Sent   864 kB Recv  1191 kB | 3
🔶 Pred  144 ms Sync   28 ms | Sent   864 kB Recv  1191 kB | .
🔶 Pred  145 ms Sync   97 ms | Sent   864 kB Recv  1191 kB |  We
🔶 Pred  146 ms Sync   49 ms | Sent   864 kB Recv  1191 kB |  need
🔶 Pred  125 ms Sync   17 ms | Sent   864 kB Recv  1191 kB |  to
🔶 Pred  126 ms Sync   17 ms | Sent   864 kB Recv  1191 kB |  show
🔶 Pred  125 ms Sync   17 ms | Sent   864 kB Recv  1191 kB |  that
🔶 Pred  128 ms Sync   16 ms | Sent   864 kB Recv  1191 kB |  N
🔶 Pred  127 ms Sync   20 ms | Sent   864 kB Recv  1191 kB |  is
🔶 Pred  126 ms Sync   18 ms | Sent   864 kB Recv  1191 kB |  either
🔶 Pred  126 ms Sync   16 ms | Sent   864 kB Recv  1191 kB |  a
🔶 Pred  127 ms Sync   15 ms | Sent   864 kB Recv  1191 kB |  prime
🔶 Pred  127 ms Sync   16 ms | Sent   864 kB Recv  1191 kB |  number
🔶 Pred  125 ms Sync   18 ms | Sent   864 kB Recv  1191 kB |  itself
🔶 Pred  128 ms Sync   18 ms | Sent   864 kB Recv  1191 kB |  or
🔶 Pred  128 ms Sync   18 ms | Sent   864 kB Recv  1191 kB |  has
🔶 Pred  126 ms Sync   17 ms | Sent   864 kB Recv  1191 kB |  a
🔶 Pred  126 ms Sync   18 ms | Sent   864 kB Recv  1191 kB |  prime
🔶 Pred  126 ms Sync   17 ms | Sent   864 kB Recv  1191 kB |  factor
🔶 Pred  127 ms Sync   20 ms | Sent   864 kB Recv  1191 kB |  that
🔶 Pred  126 ms Sync   19 ms | Sent   864 kB Recv  1191 kB |  is
🔶 Pred  176 ms Sync  116 ms | Sent   864 kB Recv  1191 kB |  not
🔶 Pred  127 ms Sync   37 ms | Sent   864 kB Recv  1191 kB |  in
🔶 Pred  138 ms Sync   40 ms | Sent   864 kB Recv  1191 kB |  the
🔶 Pred  127 ms Sync   16 ms | Sent   864 kB Recv  1191 kB |  list
🔶 Pred  197 ms Sync   19 ms | Sent   864 kB Recv  1191 kB |  p
🔶 Pred  130 ms Sync   15 ms | Sent   864 kB Recv  1191 kB | ₁
🔶 Pred  127 ms Sync   18 ms | Sent   864 kB Recv  1191 kB | ,
🔶 Pred  128 ms Sync   15 ms | Sent   864 kB Recv  1191 kB |  p
🔶 Pred  128 ms Sync   16 ms | Sent   864 kB Recv  1191 kB | ₂
🔶 Pred  126 ms Sync   17 ms | Sent   864 kB Recv  1191 kB | ,
🔶 Pred  127 ms Sync   15 ms | Sent   864 kB Recv  1191 kB |  ...,
🔶 Pred  127 ms Sync   18 ms | Sent   864 kB Recv  1191 kB |  p
🔶 Pred  127 ms Sync   20 ms | Sent   864 kB Recv  1191 kB | ~
🔶 Pred  128 ms Sync   17 ms | Sent   864 kB Recv  1191 kB | ₙ
🔶 Pred  127 ms Sync   17 ms | Sent   864 kB Recv  1191 kB | .


🔶 Pred  126 ms Sync   19 ms | Sent   864 kB Recv  1191 kB | 4
🔶 Pred  130 ms Sync   16 ms | Sent   864 kB Recv  1191 kB | .
🔶 Pred  131 ms Sync   15 ms | Sent   864 kB Recv  1191 kB |  Suppose
🔶 Pred  147 ms Sync   28 ms | Sent   864 kB Recv  1191 kB | ,
🔶 Pred  166 ms Sync   61 ms | Sent   864 kB Recv  1191 kB |  for
🔶 Pred  141 ms Sync   65 ms | Sent   864 kB Recv  1191 kB |  contradiction
🔶 Pred  127 ms Sync   17 ms | Sent   864 kB Recv  1191 kB | ,
🔶 Pred  128 ms Sync   17 ms | Sent   864 kB Recv  1191 kB |  that
🔶 Pred  128 ms Sync   18 ms | Sent   864 kB Recv  1191 kB |  N
🔶 Pred  128 ms Sync   17 ms | Sent   864 kB Recv  1191 kB |  is
🔶 Pred  128 ms Sync   19 ms | Sent   864 kB Recv  1191 kB |  divisible
🔶 Pred  127 ms Sync   16 ms | Sent   864 kB Recv  1191 kB |  by
🔶 Pred  127 ms Sync   17 ms | Sent   864 kB Recv  1191 kB |  some
🔶 Pred  128 ms Sync   16 ms | Sent   864 kB Recv  1191 kB |  prime
🔶 Pred  127 ms Sync   22 ms | Sent   864 kB Recv  1191 kB |  p
🔶 Pred  128 ms Sync   17 ms | Sent   864 kB Recv  1191 kB | ~
🔶 Pred  126 ms Sync   72 ms | Sent   864 kB Recv  1191 kB | ~
🔶 Pred  127 ms Sync   19 ms | Sent   864 kB Recv  1191 kB | ᵢ
🔶 Pred  126 ms Sync   19 ms | Sent   864 kB Recv  1191 kB |  in
🔶 Pred  127 ms Sync   15 ms | Sent   864 kB Recv  1191 kB |  the
🔶 Pred  126 ms Sync   17 ms | Sent   864 kB Recv  1191 kB |  list
🔶 Pred  177 ms Sync   16 ms | Sent   864 kB Recv  1191 kB | .
🔶 Pred  284 ms Sync   63 ms | Sent   864 kB Recv  1191 kB |  Then
🔶 Pred  143 ms Sync   50 ms | Sent   864 kB Recv  1191 kB | ,
🔶 Pred  129 ms Sync   16 ms | Sent   864 kB Recv  1191 kB |  p
🔶 Pred  127 ms Sync   19 ms | Sent   864 kB Recv  1191 kB | ~
🔶 Pred  127 ms Sync   16 ms | Sent   864 kB Recv  1191 kB | ~
🔶 Pred  128 ms Sync   16 ms | Sent   864 kB Recv  1191 kB | ᵢ
🔶 Pred  127 ms Sync   18 ms | Sent   864 kB Recv  1191 kB |  divides
🔶 Pred  127 ms Sync   16 ms | Sent   864 kB Recv  1191 kB |  N
🔶 Pred  127 ms Sync   18 ms | Sent   864 kB Recv  1191 kB | ,
🔶 Pred  127 ms Sync   19 ms | Sent   864 kB Recv  1191 kB |  so
🔶 Pred  127 ms Sync   18 ms | Sent   864 kB Recv  1191 kB |  p
🔶 Pred  126 ms Sync   19 ms | Sent   864 kB Recv  1191 kB | ~
🔶 Pred  128 ms Sync   21 ms | Sent   864 kB Recv  1191 kB | ~
🔶 Pred  130 ms Sync   16 ms | Sent   864 kB Recv  1191 kB | ᵢ
🔶 Pred  126 ms Sync   17 ms | Sent   864 kB Recv  1191 kB |  divides
🔶 Pred  126 ms Sync   18 ms | Sent   864 kB Recv  1191 kB |  (
🔶 Pred  128 ms Sync   16 ms | Sent   864 kB Recv  1191 kB | p
🔶 Pred  128 ms Sync   20 ms | Sent   864 kB Recv  1191 kB | ₁
🔶 Pred  127 ms Sync   17 ms | Sent   864 kB Recv  1191 kB |  ×
🔶 Pred  189 ms Sync   60 ms | Sent   864 kB Recv  1191 kB |  p
🔶 Pred  127 ms Sync   15 ms | Sent   864 kB Recv  1191 kB | ₂
🔶 Pred  143 ms Sync   41 ms | Sent   864 kB Recv  1191 kB |  ×
🔶 Pred  126 ms Sync   19 ms | Sent   864 kB Recv  1191 kB |  ...
🔶 Pred  127 ms Sync   20 ms | Sent   864 kB Recv  1191 kB |  ×
🔶 Pred  126 ms Sync   20 ms | Sent   864 kB Recv  1191 kB |  p
🔶 Pred  128 ms Sync   18 ms | Sent   864 kB Recv  1191 kB | ~
🔶 Pred  140 ms Sync   20 ms | Sent   864 kB Recv  1191 kB | ₙ
🔶 Pred  127 ms Sync   19 ms | Sent   864 kB Recv  1191 kB |  +
🔶 Pred  130 ms Sync   17 ms | Sent   864 kB Recv  1191 kB |  
🔶 Pred  133 ms Sync   19 ms | Sent   864 kB Recv  1191 kB | 1
🔶 Pred  179 ms Sync   16 ms | Sent   864 kB Recv  1191 kB | ).


🔶 Pred  222 ms Sync   21 ms | Sent   864 kB Recv  1191 kB | 5
🔶 Pred  128 ms Sync   18 ms | Sent   864 kB Recv  1191 kB | .
🔶 Pred  128 ms Sync   18 ms | Sent   864 kB Recv  1191 kB |  Since
🔶 Pred  126 ms Sync   17 ms | Sent   864 kB Recv  1191 kB |  p
🔶 Pred  127 ms Sync   16 ms | Sent   864 kB Recv  1191 kB | ~
🔶 Pred  127 ms Sync   17 ms | Sent   864 kB Recv  1191 kB | ~
🔶 Pred  173 ms Sync   81 ms | Sent   864 kB Recv  1191 kB | ᵢ
🔶 Pred  128 ms Sync   18 ms | Sent   864 kB Recv  1191 kB |  is
🔶 Pred  148 ms Sync   48 ms | Sent   864 kB Recv  1191 kB |  one
🔶 Pred  129 ms Sync   16 ms | Sent   864 kB Recv  1191 kB |  of
🔶 Pred  128 ms Sync   16 ms | Sent   864 kB Recv  1191 kB |  the
🔶 Pred  129 ms Sync   17 ms | Sent   864 kB Recv  1191 kB |  primes
🔶 Pred  128 ms Sync   19 ms | Sent   864 kB Recv  1191 kB |  in
🔶 Pred  129 ms Sync   19 ms | Sent   864 kB Recv  1191 kB |  the
🔶 Pred  128 ms Sync   16 ms | Sent   864 kB Recv  1191 kB |  product
🔶 Pred  128 ms Sync   17 ms | Sent   864 kB Recv  1191 kB | ,
🔶 Pred  128 ms Sync   16 ms | Sent   864 kB Recv  1191 kB |  p
🔶 Pred  128 ms Sync   18 ms | Sent   864 kB Recv  1191 kB | ~
🔶 Pred  129 ms Sync   16 ms | Sent   864 kB Recv  1191 kB | ~
🔶 Pred  128 ms Sync   18 ms | Sent   864 kB Recv  1191 kB | ᵢ
🔶 Pred  130 ms Sync   15 ms | Sent   864 kB Recv  1191 kB |  divides
🔶 Pred  128 ms Sync   16 ms | Sent   864 kB Recv  1191 kB |  p
🔶 Pred  126 ms Sync   21 ms | Sent   864 kB Recv  1191 kB | ₁
🔶 Pred  126 ms Sync   23 ms | Sent   864 kB Recv  1191 kB |  ×
🔶 Pred  128 ms Sync   17 ms | Sent   864 kB Recv  1191 kB |  p
🔶 Pred  147 ms Sync   33 ms | Sent   864 kB Recv  1191 kB | ₂
🔶 Pred  162 ms Sync   64 ms | Sent   864 kB Recv  1191 kB |  ×
🔶 Pred  137 ms Sync   53 ms | Sent   864 kB Recv  1191 kB |  ...
🔶 Pred  128 ms Sync   18 ms | Sent   864 kB Recv  1191 kB |  ×
🔶 Pred  128 ms Sync   18 ms | Sent   864 kB Recv  1191 kB |  p
🔶 Pred  223 ms Sync   24 ms | Sent   864 kB Recv  1191 kB | ~
🔶 Pred  129 ms Sync   19 ms | Sent   864 kB Recv  1191 kB | ₙ
🔶 Pred  127 ms Sync   21 ms | Sent   864 kB Recv  1191 kB | .


🔶 Pred  127 ms Sync   17 ms | Sent   864 kB Recv  1191 kB | 6
🔶 Pred  128 ms Sync   16 ms | Sent   864 kB Recv  1191 kB | .
🔶 Pred  127 ms Sync   19 ms | Sent   864 kB Recv  1191 kB |  Therefore
🔶 Pred  128 ms Sync   17 ms | Sent   864 kB Recv  1191 kB | ,
🔶 Pred  129 ms Sync   19 ms | Sent   864 kB Recv  1191 kB |  p
🔶 Pred  128 ms Sync   15 ms | Sent   864 kB Recv  1191 kB | ~
🔶 Pred  127 ms Sync   18 ms | Sent   864 kB Recv  1191 kB | ~
🔶 Pred  128 ms Sync   18 ms | Sent   864 kB Recv  1191 kB | ᵢ
🔶 Pred  127 ms Sync   19 ms | Sent   864 kB Recv  1191 kB |  divides
🔶 Pred  127 ms Sync   20 ms | Sent   864 kB Recv  1191 kB |  the
🔶 Pred  128 ms Sync   20 ms | Sent   864 kB Recv  1191 kB |  difference
🔶 Pred  186 ms Sync   83 ms | Sent   864 kB Recv  1191 kB | ,
🔶 Pred  127 ms Sync   18 ms | Sent   864 kB Recv  1191 kB |  which
🔶 Pred  154 ms Sync   43 ms | Sent   864 kB Recv  1191 kB |  is
🔶 Pred  128 ms Sync   18 ms | Sent   864 kB Recv  1191 kB |  
🔶 Pred  131 ms Sync   20 ms | Sent   864 kB Recv  1191 kB | 1
🔶 Pred  131 ms Sync   17 ms | Sent   864 kB Recv  1191 kB | .


🔶 Pred  128 ms Sync   19 ms | Sent   864 kB Recv  1191 kB | 7
🔶 Pred  127 ms Sync   18 ms | Sent   864 kB Recv  1191 kB | .
🔶 Pred  128 ms Sync   16 ms | Sent   864 kB Recv  1191 kB |  This
🔶 Pred  127 ms Sync   17 ms | Sent   864 kB Recv  1191 kB |  is
🔶 Pred  127 ms Sync   17 ms | Sent   864 kB Recv  1191 kB |  a
🔶 Pred  143 ms Sync   19 ms | Sent   864 kB Recv  1191 kB |  contradiction
🔶 Pred  130 ms Sync   18 ms | Sent   864 kB Recv  1191 kB |  because
🔶 Pred  130 ms Sync   17 ms | Sent   864 kB Recv  1191 kB |  no
🔶 Pred  128 ms Sync   22 ms | Sent   864 kB Recv  1191 kB |  prime
🔶 Pred  129 ms Sync   18 ms | Sent   864 kB Recv  1191 kB |  number
🔶 Pred  129 ms Sync   18 ms | Sent   864 kB Recv  1191 kB |  can
🔶 Pred  141 ms Sync   26 ms | Sent   864 kB Recv  1191 kB |  divide
🔶 Pred  206 ms Sync   22 ms | Sent   864 kB Recv  1191 kB |  
🔶 Pred  128 ms Sync  164 ms | Sent   864 kB Recv  1191 kB | 1
🔶 Pred  147 ms Sync   39 ms | Sent   864 kB Recv  1191 kB | .


🔶 Pred  129 ms Sync   17 ms | Sent   864 kB Recv  1191 kB | 8
🔶 Pred  127 ms Sync   18 ms | Sent   864 kB Recv  1191 kB | .
🔶 Pred  127 ms Sync   20 ms | Sent   864 kB Recv  1191 kB |  Hence
🔶 Pred  128 ms Sync   18 ms | Sent   864 kB Recv  1191 kB | ,
🔶 Pred  128 ms Sync   18 ms | Sent   864 kB Recv  1191 kB |  N
🔶 Pred  128 ms Sync   18 ms | Sent   864 kB Recv  1191 kB |  is
🔶 Pred  128 ms Sync   19 ms | Sent   864 kB Recv  1191 kB |  not
🔶 Pred  128 ms Sync   16 ms | Sent   864 kB Recv  1191 kB |  divisible
🔶 Pred  129 ms Sync   18 ms | Sent   864 kB Recv  1191 kB |  by
🔶 Pred  129 ms Sync   23 ms | Sent   864 kB Recv  1191 kB |  any
🔶 Pred  128 ms Sync   20 ms | Sent   864 kB Recv  1191 kB |  of
🔶 Pred  129 ms Sync   18 ms | Sent   864 kB Recv  1191 kB |  the
🔶 Pred  127 ms Sync   18 ms | Sent   864 kB Recv  1191 kB |  primes
🔶 Pred  127 ms Sync   21 ms | Sent   864 kB Recv  1191 kB |  p
🔶 Pred  128 ms Sync   18 ms | Sent   864 kB Recv  1191 kB | ₁
🔶 Pred  127 ms Sync   19 ms | Sent   864 kB Recv  1191 kB | ,
🔶 Pred  169 ms Sync   35 ms | Sent   864 kB Recv  1191 kB |  p
🔶 Pred  144 ms Sync   64 ms | Sent   864 kB Recv  1191 kB | ₂
🔶 Pred  134 ms Sync   51 ms | Sent   864 kB Recv  1191 kB | ,
🔶 Pred  128 ms Sync   19 ms | Sent   864 kB Recv  1191 kB |  ...,
🔶 Pred  128 ms Sync   16 ms | Sent   864 kB Recv  1191 kB |  p
🔶 Pred  129 ms Sync   20 ms | Sent   864 kB Recv  1191 kB | ~
🔶 Pred  130 ms Sync   16 ms | Sent   864 kB Recv  1191 kB | ₙ
🔶 Pred  128 ms Sync   19 ms | Sent   864 kB Recv  1191 kB | .


🔶 Pred  128 ms Sync   18 ms | Sent   864 kB Recv  1191 kB | 9
🔶 Pred  129 ms Sync   16 ms | Sent   864 kB Recv  1191 kB | .
🔶 Pred  128 ms Sync   19 ms | Sent   864 kB Recv  1191 kB |  Since
🔶 Pred  156 ms Sync   18 ms | Sent   864 kB Recv  1191 kB |  N
🔶 Pred  185 ms Sync   31 ms | Sent   864 kB Recv  1191 kB |  is
🔶 Pred  129 ms Sync   16 ms | Sent   864 kB Recv  1191 kB |  greater
🔶 Pred  129 ms Sync   17 ms | Sent   864 kB Recv  1191 kB |  than
🔶 Pred  128 ms Sync   17 ms | Sent   864 kB Recv  1191 kB |  p
🔶 Pred  128 ms Sync   17 ms | Sent   864 kB Recv  1191 kB | ~
🔶 Pred  132 ms Sync   17 ms | Sent   864 kB Recv  1191 kB | ₙ
🔶 Pred  131 ms Sync   19 ms | Sent   864 kB Recv  1191 kB | ,
🔶 Pred  188 ms Sync   88 ms | Sent   864 kB Recv  1191 kB |  it
🔶 Pred  129 ms Sync   16 ms | Sent   864 kB Recv  1191 kB |  must
🔶 Pred  145 ms Sync   49 ms | Sent   864 kB Recv  1191 kB |  either
🔶 Pred  129 ms Sync   18 ms | Sent   864 kB Recv  1191 kB |  be
🔶 Pred  129 ms Sync   17 ms | Sent   864 kB Recv  1191 kB |  a
🔶 Pred  129 ms Sync   17 ms | Sent   864 kB Recv  1191 kB |  prime
🔶 Pred  128 ms Sync   20 ms | Sent   864 kB Recv  1191 kB |  itself
🔶 Pred  129 ms Sync   16 ms | Sent   864 kB Recv  1191 kB |  or
🔶 Pred  129 ms Sync   16 ms | Sent   864 kB Recv  1191 kB |  have
🔶 Pred  128 ms Sync   19 ms | Sent   864 kB Recv  1191 kB |  a
🔶 Pred  129 ms Sync   18 ms | Sent   864 kB Recv  1191 kB |  prime
🔶 Pred  128 ms Sync   18 ms | Sent   864 kB Recv  1191 kB |  factor
🔶 Pred  129 ms Sync   20 ms | Sent   864 kB Recv  1191 kB |  greater
🔶 Pred  128 ms Sync   24 ms | Sent   864 kB Recv  1191 kB |  than
🔶 Pred  129 ms Sync   19 ms | Sent   864 kB Recv  1191 kB |  p
🔶 Pred  127 ms Sync   22 ms | Sent   864 kB Recv  1191 kB | ~
🔶 Pred  128 ms Sync   19 ms | Sent   864 kB Recv  1191 kB | ₙ
🔶 Pred  129 ms Sync   18 ms | Sent   864 kB Recv  1191 kB | .


🔶 Pred  135 ms Sync   37 ms | Sent   864 kB Recv  1191 kB | 10
🔶 Pred  189 ms Sync  103 ms | Sent   864 kB Recv  1191 kB | .
🔶 Pred  128 ms Sync   41 ms | Sent   864 kB Recv  1191 kB |  In
🔶 Pred  171 ms Sync   21 ms | Sent   864 kB Recv  1191 kB |  either
🔶 Pred  146 ms Sync   14 ms | Sent   864 kB Recv  1191 kB |  case
🔶 Pred  207 ms Sync   14 ms | Sent   864 kB Recv  1191 kB | ,
🔶 Pred  128 ms Sync   21 ms | Sent   864 kB Recv  1191 kB |  we
🔶 Pred  129 ms Sync   17 ms | Sent   864 kB Recv  1191 kB |  have
🔶 Pred  128 ms Sync   17 ms | Sent   864 kB Recv  1191 kB |  a
🔶 Pred  129 ms Sync   17 ms | Sent   864 kB Recv  1191 kB |  prime
🔶 Pred  127 ms Sync   24 ms | Sent   864 kB Recv  1191 kB |  not
🔶 Pred  128 ms Sync   19 ms | Sent   864 kB Recv  1191 kB |  in
🔶 Pred  132 ms Sync   17 ms | Sent   864 kB Recv  1191 kB |  our
🔶 Pred  128 ms Sync   17 ms | Sent   864 kB Recv  1191 kB |  original
🔶 Pred  129 ms Sync   18 ms | Sent   864 kB Recv  1191 kB |  list
🔶 Pred  128 ms Sync   19 ms | Sent   864 kB Recv  1191 kB | ,
🔶 Pred  128 ms Sync   19 ms | Sent   864 kB Recv  1191 kB |  contradict
🔶 Pred  127 ms Sync   23 ms | Sent   864 kB Recv  1191 kB | ing
🔶 Pred  127 ms Sync   20 ms | Sent   864 kB Recv  1191 kB |  the
🔶 Pred  182 ms Sync   75 ms | Sent   864 kB Recv  1191 kB |  assumption
🔶 Pred  128 ms Sync   17 ms | Sent   864 kB Recv  1191 kB | .


🔶 Pred  136 ms Sync   56 ms | Sent   864 kB Recv  1191 kB | 11
🔶 Pred  129 ms Sync   17 ms | Sent   864 kB Recv  1191 kB | .
🔶 Pred  129 ms Sync   16 ms | Sent   864 kB Recv  1191 kB |  Therefore
🔶 Pred  129 ms Sync   18 ms | Sent   864 kB Recv  1191 kB | ,
🔶 Pred  129 ms Sync   20 ms | Sent   864 kB Recv  1191 kB |  there
🔶 Pred  129 ms Sync   18 ms | Sent   864 kB Recv  1191 kB |  must
🔶 Pred  128 ms Sync   17 ms | Sent   864 kB Recv  1191 kB |  be
🔶 Pred  127 ms Sync   23 ms | Sent   864 kB Recv  1191 kB |  infinitely
🔶 Pred  128 ms Sync   19 ms | Sent   864 kB Recv  1191 kB |  many
🔶 Pred  130 ms Sync   24 ms | Sent   864 kB Recv  1191 kB |  primes
🔶 Pred  132 ms Sync   18 ms | Sent   864 kB Recv  1191 kB | .


🔶 Pred  132 ms Sync   18 ms | Sent   864 kB Recv  1191 kB | Wait
🔶 Pred  127 ms Sync   20 ms | Sent   864 kB Recv  1191 kB | ,
🔶 Pred  128 ms Sync   20 ms | Sent   864 kB Recv  1191 kB |  that
🔶 Pred  129 ms Sync   18 ms | Sent   864 kB Recv  1191 kB |  seems
🔶 Pred  145 ms Sync   17 ms | Sent   864 kB Recv  1191 kB |  identical
🔶 Pred  234 ms Sync   43 ms | Sent   864 kB Recv  1191 kB |  to
🔶 Pred  148 ms Sync   58 ms | Sent   864 kB Recv  1191 kB |  Eu
🔶 Pred  138 ms Sync   51 ms | Sent   864 kB Recv  1191 kB | clid
🔶 Pred  129 ms Sync   17 ms | Sent   864 kB Recv  1191 kB | 's
🔶 Pred  129 ms Sync   18 ms | Sent   864 kB Recv  1191 kB |  proof
🔶 Pred  127 ms Sync   20 ms | Sent   864 kB Recv  1191 kB | .
🔶 Pred  129 ms Sync   17 ms | Sent   864 kB Recv  1191 kB |  Maybe
🔶 Pred  128 ms Sync   18 ms | Sent   864 kB Recv  1191 kB |  I
🔶 Pred  129 ms Sync   17 ms | Sent   864 kB Recv  1191 kB |  was
🔶 Pred  128 ms Sync   18 ms | Sent   864 kB Recv  1191 kB |  wrong
🔶 Pred  127 ms Sync   19 ms | Sent   864 kB Recv  1191 kB |  earlier
🔶 Pred  127 ms Sync   17 ms | Sent   864 kB Recv  1191 kB | .
🔶 Pred  131 ms Sync   18 ms | Sent   864 kB Recv  1191 kB |  Perhaps
🔶 Pred  128 ms Sync   23 ms | Sent   864 kB Recv  1191 kB |  Euler
🔶 Pred  128 ms Sync   18 ms | Sent   864 kB Recv  1191 kB | 's
🔶 Pred  128 ms Sync   18 ms | Sent   864 kB Recv  1191 kB |  proof
🔶 Pred  128 ms Sync   24 ms | Sent   864 kB Recv  1191 kB |  is
🔶 Pred  128 ms Sync   20 ms | Sent   864 kB Recv  1191 kB |  the
🔶 Pred  128 ms Sync   19 ms | Sent   864 kB Recv  1191 kB |  same
🔶 Pred  155 ms Sync   37 ms | Sent   864 kB Recv  1191 kB |  as
🔶 Pred  165 ms Sync   56 ms | Sent   864 kB Recv  1191 kB |  Eu
🔶 Pred  165 ms Sync   35 ms | Sent   864 kB Recv  1191 kB | clid
🔶 Pred  129 ms Sync   18 ms | Sent   864 kB Recv  1191 kB | 's
🔶 Pred  129 ms Sync   19 ms | Sent   864 kB Recv  1191 kB | ,
🔶 Pred  127 ms Sync   20 ms | Sent   864 kB Recv  1191 kB |  just
🔶 Pred  130 ms Sync   18 ms | Sent   864 kB Recv  1191 kB |  ph
🔶 Pred  129 ms Sync   21 ms | Sent   864 kB Recv  1191 kB | r
🔶 Pred  128 ms Sync   18 ms | Sent   864 kB Recv  1191 kB | ased
🔶 Pred  128 ms Sync   19 ms | Sent   864 kB Recv  1191 kB |  differently
🔶 Pred  127 ms Sync   22 ms | Sent   864 kB Recv  1191 kB | .
🔶 Pred  162 ms Sync   16 ms | Sent   864 kB Recv  1191 kB |  Maybe
🔶 Pred  175 ms Sync   18 ms | Sent   864 kB Recv  1191 kB |  in
🔶 Pred  129 ms Sync   18 ms | Sent   864 kB Recv  1191 kB |  Euler
🔶 Pred  129 ms Sync   17 ms | Sent   864 kB Recv  1191 kB | 's
🔶 Pred  129 ms Sync   18 ms | Sent   864 kB Recv  1191 kB |  proof
🔶 Pred  127 ms Sync   19 ms | Sent   864 kB Recv  1191 kB | ,
🔶 Pred  129 ms Sync   17 ms | Sent   864 kB Recv  1191 kB |  he
🔶 Pred  129 ms Sync   19 ms | Sent   864 kB Recv  1191 kB |  considers
🔶 Pred  178 ms Sync   74 ms | Sent   864 kB Recv  1191 kB |  the
🔶 Pred  128 ms Sync   19 ms | Sent   864 kB Recv  1191 kB |  product
🔶 Pred  136 ms Sync   48 ms | Sent   864 kB Recv  1191 kB |  of
🔶 Pred  128 ms Sync   19 ms | Sent   864 kB Recv  1191 kB |  all
🔶 Pred  129 ms Sync   21 ms | Sent   864 kB Recv  1191 kB |  primes
🔶 Pred  130 ms Sync   22 ms | Sent   864 kB Recv  1191 kB |  less
🔶 Pred  131 ms Sync   21 ms | Sent   864 kB Recv  1191 kB |  than
🔶 Pred  132 ms Sync   24 ms | Sent   864 kB Recv  1191 kB |  or
🔶 Pred  128 ms Sync   20 ms | Sent   864 kB Recv  1191 kB |  equal
🔶 Pred  129 ms Sync   18 ms | Sent   864 kB Recv  1191 kB |  to
🔶 Pred  129 ms Sync   19 ms | Sent   864 kB Recv  1191 kB |  n
🔶 Pred  129 ms Sync   19 ms | Sent   864 kB Recv  1191 kB | ,
🔶 Pred  129 ms Sync   20 ms | Sent   864 kB Recv  1191 kB |  and
🔶 Pred  129 ms Sync   20 ms | Sent   864 kB Recv  1191 kB |  then
🔶 Pred  128 ms Sync   19 ms | Sent   864 kB Recv  1191 kB |  shows
🔶 Pred  130 ms Sync   18 ms | Sent   864 kB Recv  1191 kB |  that
🔶 Pred  129 ms Sync   18 ms | Sent   864 kB Recv  1191 kB |  n
🔶 Pred  128 ms Sync   21 ms | Sent   864 kB Recv  1191 kB | +
🔶 Pred  129 ms Sync   18 ms | Sent   864 kB Recv  1191 kB | 1
🔶 Pred  183 ms Sync   79 ms | Sent   864 kB Recv  1191 kB |  is
🔶 Pred  132 ms Sync   16 ms | Sent   864 kB Recv  1191 kB |  either
🔶 Pred  155 ms Sync   45 ms | Sent   864 kB Recv  1191 kB |  prime
🔶 Pred  130 ms Sync   21 ms | Sent   864 kB Recv  1191 kB |  or
🔶 Pred  171 ms Sync   20 ms | Sent   864 kB Recv  1191 kB |  has
🔶 Pred  166 ms Sync   23 ms | Sent   864 kB Recv  1191 kB |  a
🔶 Pred  132 ms Sync   18 ms | Sent   864 kB Recv  1191 kB |  prime
🔶 Pred  130 ms Sync   21 ms | Sent   864 kB Recv  1191 kB |  factor
🔶 Pred  130 ms Sync   18 ms | Sent   864 kB Recv  1191 kB |  beyond
🔶 Pred  129 ms Sync   21 ms | Sent   864 kB Recv  1191 kB |  n
🔶 Pred  128 ms Sync   21 ms | Sent   864 kB Recv  1191 kB | .
🔶 Pred  131 ms Sync   18 ms | Sent   864 kB Recv  1191 kB |  So
🔶 Pred  128 ms Sync   22 ms | Sent   864 kB Recv  1191 kB | ,
🔶 Pred  130 ms Sync   18 ms | Sent   864 kB Recv  1191 kB |  similar
🔶 Pred  129 ms Sync   21 ms | Sent   864 kB Recv  1191 kB |  to
🔶 Pred  134 ms Sync   16 ms | Sent   864 kB Recv  1191 kB |  Eu
🔶 Pred  129 ms Sync   21 ms | Sent   864 kB Recv  1191 kB | clid
🔶 Pred  128 ms Sync   20 ms | Sent   864 kB Recv  1191 kB |  but
🔶 Pred  186 ms Sync   82 ms | Sent   864 kB Recv  1191 kB |  perhaps
🔶 Pred  207 ms Sync   41 ms | Sent   864 kB Recv  1191 kB |  more
🔶 Pred  156 ms Sync   20 ms | Sent   864 kB Recv  1191 kB |  general
🔶 Pred  128 ms Sync   25 ms | Sent   864 kB Recv  1191 kB | .


🔶 Pred  129 ms Sync   19 ms | Sent   864 kB Recv  1191 kB | Alternatively
🔶 Pred  130 ms Sync   22 ms | Sent   864 kB Recv  1191 kB | ,
🔶 Pred  131 ms Sync   18 ms | Sent   864 kB Recv  1191 kB |  maybe
🔶 Pred  130 ms Sync   16 ms | Sent   864 kB Recv  1191 kB |  Euler
🔶 Pred  146 ms Sync   20 ms | Sent   864 kB Recv  1191 kB | 's
🔶 Pred  129 ms Sync   20 ms | Sent   864 kB Recv  1191 kB |  proof
🔶 Pred  130 ms Sync   18 ms | Sent   864 kB Recv  1191 kB |  is
🔶 Pred  129 ms Sync   22 ms | Sent   864 kB Recv  1191 kB |  more
🔶 Pred  130 ms Sync   22 ms | Sent   864 kB Recv  1191 kB |  about
🔶 Pred  129 ms Sync   26 ms | Sent   864 kB Recv  1191 kB |  the
🔶 Pred  129 ms Sync   20 ms | Sent   864 kB Recv  1191 kB |  infinit
🔶 Pred  131 ms Sync   19 ms | Sent   864 kB Recv  1191 kB | ude
🔶 Pred  129 ms Sync   26 ms | Sent   864 kB Recv  1191 kB |  of
🔶 Pred  187 ms Sync   26 ms | Sent   864 kB Recv  1191 kB |  primes
🔶 Pred  194 ms Sync   83 ms | Sent   864 kB Recv  1191 kB |  by
🔶 Pred  131 ms Sync   18 ms | Sent   864 kB Recv  1191 kB |  considering
🔶 Pred  150 ms Sync   40 ms | Sent   864 kB Recv  1191 kB |  the
🔶 Pred  129 ms Sync   19 ms | Sent   864 kB Recv  1191 kB |  product
🔶 Pred  130 ms Sync   20 ms | Sent   864 kB Recv  1191 kB |  of
🔶 Pred  129 ms Sync   19 ms | Sent   864 kB Recv  1191 kB |  primes
🔶 Pred  129 ms Sync   24 ms | Sent   864 kB Recv  1191 kB |  and
🔶 Pred  128 ms Sync   20 ms | Sent   864 kB Recv  1191 kB |  showing
🔶 Pred  130 ms Sync   19 ms | Sent   864 kB Recv  1191 kB |  that
🔶 Pred  129 ms Sync   19 ms | Sent   864 kB Recv  1191 kB |  the
🔶 Pred  131 ms Sync   18 ms | Sent   864 kB Recv  1191 kB |  next
🔶 Pred  130 ms Sync   20 ms | Sent   864 kB Recv  1191 kB |  number
🔶 Pred  130 ms Sync   19 ms | Sent   864 kB Recv  1191 kB |  is
🔶 Pred  130 ms Sync   18 ms | Sent   864 kB Recv  1191 kB |  prime
🔶 Pred  131 ms Sync   18 ms | Sent   864 kB Recv  1191 kB |  or
🔶 Pred  129 ms Sync   18 ms | Sent   864 kB Recv  1191 kB |  has
🔶 Pred  129 ms Sync   20 ms | Sent   864 kB Recv  1191 kB |  a
🔶 Pred  129 ms Sync   21 ms | Sent   864 kB Recv  1191 kB |  larger
🔶 Pred  128 ms Sync   20 ms | Sent   864 kB Recv  1191 kB |  prime
🔶 Pred  190 ms Sync   65 ms | Sent   864 kB Recv  1191 kB |  factor
🔶 Pred  131 ms Sync   18 ms | Sent   864 kB Recv  1191 kB | .


🔶 Pred  152 ms Sync   48 ms | Sent   864 kB Recv  1191 kB | Either
🔶 Pred  130 ms Sync   19 ms | Sent   864 kB Recv  1191 kB |  way
🔶 Pred  136 ms Sync   16 ms | Sent   864 kB Recv  1191 kB | ,
🔶 Pred  131 ms Sync   20 ms | Sent   864 kB Recv  1191 kB |  both
🔶 Pred  134 ms Sync   18 ms | Sent   864 kB Recv  1191 kB |  proofs
🔶 Pred  130 ms Sync   19 ms | Sent   864 kB Recv  1191 kB |  are
🔶 Pred  128 ms Sync   21 ms | Sent   864 kB Recv  1191 kB |  essentially
🔶 Pred  130 ms Sync   18 ms | Sent   864 kB Recv  1191 kB |  the
🔶 Pred  148 ms Sync   21 ms | Sent   864 kB Recv  1191 kB |  same
🔶 Pred  180 ms Sync   17 ms | Sent   864 kB Recv  1191 kB |  in
🔶 Pred  130 ms Sync   18 ms | Sent   864 kB Recv  1191 kB |  structure
🔶 Pred  130 ms Sync   17 ms | Sent   864 kB Recv  1191 kB | .


🔶 Pred  129 ms Sync   17 ms | Sent   864 kB Recv  1191 kB | Now
🔶 Pred  130 ms Sync   19 ms | Sent   864 kB Recv  1191 kB | ,
🔶 Pred  130 ms Sync   19 ms | Sent   864 kB Recv  1191 kB |  the
🔶 Pred  129 ms Sync   25 ms | Sent   864 kB Recv  1191 kB |  top
🔶 Pred  197 ms Sync   76 ms | Sent   864 kB Recv  1191 kB | ological
🔶 Pred  133 ms Sync   27 ms | Sent   864 kB Recv  1191 kB |  proof
🔶 Pred  148 ms Sync   86 ms | Sent   864 kB Recv  1191 kB | .
🔶 Pred  130 ms Sync   19 ms | Sent   864 kB Recv  1191 kB |  Since
🔶 Pred  130 ms Sync   19 ms | Sent   864 kB Recv  1191 kB |  I
🔶 Pred  131 ms Sync   19 ms | Sent   864 kB Recv  1191 kB | 'm
🔶 Pred  131 ms Sync   20 ms | Sent   864 kB Recv  1191 kB |  a
🔶 Pred  131 ms Sync   17 ms | Sent   864 kB Recv  1191 kB |  bit
🔶 Pred  131 ms Sync   17 ms | Sent   864 kB Recv  1191 kB |  unsure
🔶 Pred  132 ms Sync   17 ms | Sent   864 kB Recv  1191 kB | ,
🔶 Pred  132 ms Sync   18 ms | Sent   864 kB Recv  1191 kB |  I
🔶 Pred  136 ms Sync   17 ms | Sent   864 kB Recv  1191 kB | 'll
🔶 Pred  148 ms Sync   26 ms | Sent   864 kB Recv  1191 kB |  try
🔶 Pred  132 ms Sync   16 ms | Sent   864 kB Recv  1191 kB |  to
🔶 Pred  130 ms Sync   19 ms | Sent   864 kB Recv  1191 kB |  reconstruct
🔶 Pred  131 ms Sync   17 ms | Sent   864 kB Recv  1191 kB |  it
🔶 Pred  131 ms Sync   19 ms | Sent   864 kB Recv  1191 kB | .


🔶 Pred  131 ms Sync   23 ms | Sent   864 kB Recv  1191 kB | 1
🔶 Pred  150 ms Sync   40 ms | Sent   864 kB Recv  1191 kB | .
🔶 Pred  170 ms Sync   48 ms | Sent   864 kB Recv  1191 kB |  Assume
🔶 Pred  148 ms Sync   40 ms | Sent   864 kB Recv  1191 kB | ,
🔶 Pred  133 ms Sync   17 ms | Sent   864 kB Recv  1191 kB |  for
🔶 Pred  144 ms Sync   23 ms | Sent   864 kB Recv  1191 kB |  contradiction
🔶 Pred  193 ms Sync   17 ms | Sent   864 kB Recv  1191 kB | ,
🔶 Pred  131 ms Sync   20 ms | Sent   864 kB Recv  1191 kB |  that
🔶 Pred  129 ms Sync   21 ms | Sent   864 kB Recv  1191 kB |  there
🔶 Pred  132 ms Sync   18 ms | Sent   864 kB Recv  1191 kB |  are
🔶 Pred  131 ms Sync   19 ms | Sent   864 kB Recv  1191 kB |  only
🔶 Pred  131 ms Sync   20 ms | Sent   864 kB Recv  1191 kB |  fin
🔶 Pred  133 ms Sync   17 ms | Sent   864 kB Recv  1191 kB | it
🔶 Pred  132 ms Sync   18 ms | Sent   864 kB Recv  1191 kB | ely
🔶 Pred  132 ms Sync   18 ms | Sent   864 kB Recv  1191 kB |  many
🔶 Pred  132 ms Sync   16 ms | Sent   864 kB Recv  1191 kB |  primes
🔶 Pred  130 ms Sync   18 ms | Sent   864 kB Recv  1191 kB | :
🔶 Pred  131 ms Sync   21 ms | Sent   864 kB Recv  1191 kB |  p
🔶 Pred  131 ms Sync   22 ms | Sent   864 kB Recv  1191 kB | ₁
🔶 Pred  132 ms Sync   17 ms | Sent   864 kB Recv  1191 kB | ,
🔶 Pred  179 ms Sync  101 ms | Sent   864 kB Recv  1191 kB |  p
🔶 Pred  140 ms Sync   35 ms | Sent   864 kB Recv  1191 kB | ₂
🔶 Pred  137 ms Sync   26 ms | Sent   864 kB Recv  1191 kB | ,
🔶 Pred  131 ms Sync   19 ms | Sent   864 kB Recv  1191 kB |  ...,
🔶 Pred  132 ms Sync   19 ms | Sent   864 kB Recv  1191 kB |  p
🔶 Pred  133 ms Sync   20 ms | Sent   864 kB Recv  1191 kB | ~
🔶 Pred  132 ms Sync   19 ms | Sent   864 kB Recv  1191 kB | ₙ
🔶 Pred  131 ms Sync   18 ms | Sent   864 kB Recv  1191 kB | .


🔶 Pred  129 ms Sync   21 ms | Sent   864 kB Recv  1191 kB | 2
🔶 Pred  131 ms Sync   18 ms | Sent   864 kB Recv  1191 kB | .
🔶 Pred  131 ms Sync   25 ms | Sent   864 kB Recv  1191 kB |  Consider
🔶 Pred  133 ms Sync   17 ms | Sent   864 kB Recv  1191 kB |  the
🔶 Pred  132 ms Sync   18 ms | Sent   864 kB Recv  1191 kB |  set
🔶 Pred  133 ms Sync   16 ms | Sent   864 kB Recv  1191 kB |  S
🔶 Pred  131 ms Sync   22 ms | Sent   864 kB Recv  1191 kB |  =
🔶 Pred  132 ms Sync   18 ms | Sent   864 kB Recv  1191 kB |  {
🔶 Pred  133 ms Sync   18 ms | Sent   864 kB Recv  1191 kB |  p
🔶 Pred  205 ms Sync   23 ms | Sent   864 kB Recv  1191 kB | ₁
🔶 Pred  190 ms Sync   89 ms | Sent   864 kB Recv  1191 kB | ,
🔶 Pred  151 ms Sync   53 ms | Sent   864 kB Recv  1191 kB |  p
🔶 Pred  131 ms Sync   25 ms | Sent   864 kB Recv  1191 kB | ₂
🔶 Pred  132 ms Sync   20 ms | Sent   864 kB Recv  1191 kB | ,
🔶 Pred  136 ms Sync   20 ms | Sent   864 kB Recv  1191 kB |  ...,
🔶 Pred  136 ms Sync   19 ms | Sent   864 kB Recv  1191 kB |  p
🔶 Pred  134 ms Sync   19 ms | Sent   864 kB Recv  1191 kB | ~
🔶 Pred  132 ms Sync   17 ms | Sent   864 kB Recv  1191 kB | ₙ
🔶 Pred  131 ms Sync   17 ms | Sent   864 kB Recv  1191 kB |  }
🔶 Pred  132 ms Sync   18 ms | Sent   864 kB Recv  1191 kB | .


🔶 Pred  131 ms Sync   20 ms | Sent   864 kB Recv  1191 kB | 3
🔶 Pred  131 ms Sync   23 ms | Sent   864 kB Recv  1191 kB | .
🔶 Pred  130 ms Sync   19 ms | Sent   864 kB Recv  1191 kB |  The
🔶 Pred  132 ms Sync   18 ms | Sent   864 kB Recv  1191 kB |  idea
🔶 Pred  133 ms Sync   18 ms | Sent   864 kB Recv  1191 kB |  is
🔶 Pred  131 ms Sync   17 ms | Sent   864 kB Recv  1191 kB |  to
🔶 Pred  130 ms Sync   21 ms | Sent   864 kB Recv  1191 kB |  show
🔶 Pred  132 ms Sync   22 ms | Sent   864 kB Recv  1191 kB |  that
🔶 Pred  199 ms Sync   77 ms | Sent   864 kB Recv  1191 kB |  beyond
🔶 Pred  131 ms Sync   46 ms | Sent   864 kB Recv  1191 kB |  some
🔶 Pred  151 ms Sync   63 ms | Sent   864 kB Recv  1191 kB |  point
🔶 Pred  131 ms Sync   19 ms | Sent   864 kB Recv  1191 kB | ,
🔶 Pred  132 ms Sync   18 ms | Sent   864 kB Recv  1191 kB |  there
🔶 Pred  133 ms Sync   17 ms | Sent   864 kB Recv  1191 kB |  must
🔶 Pred  132 ms Sync   20 ms | Sent   864 kB Recv  1191 kB |  be
🔶 Pred  131 ms Sync   18 ms | Sent   864 kB Recv  1191 kB |  a
🔶 Pred  131 ms Sync   17 ms | Sent   864 kB Recv  1191 kB |  prime
🔶 Pred  132 ms Sync   17 ms | Sent   864 kB Recv  1191 kB |  not
🔶 Pred  159 ms Sync   13 ms | Sent   864 kB Recv  1191 kB |  in
🔶 Pred  184 ms Sync   21 ms | Sent   864 kB Recv  1191 kB |  S
🔶 Pred  133 ms Sync   22 ms | Sent   864 kB Recv  1191 kB | ,
🔶 Pred  133 ms Sync   18 ms | Sent   864 kB Recv  1191 kB |  hence
🔶 Pred  132 ms Sync   17 ms | Sent   864 kB Recv  1191 kB |  infinitely
🔶 Pred  133 ms Sync   17 ms | Sent   864 kB Recv  1191 kB |  many
🔶 Pred  131 ms Sync   18 ms | Sent   864 kB Recv  1191 kB |  primes
🔶 Pred  133 ms Sync   17 ms | Sent   864 kB Recv  1191 kB | .


🔶 Pred  184 ms Sync   72 ms | Sent   864 kB Recv  1191 kB | 4
🔶 Pred  132 ms Sync   19 ms | Sent   864 kB Recv  1191 kB | .
🔶 Pred  153 ms Sync   45 ms | Sent   864 kB Recv  1191 kB |  To
🔶 Pred  131 ms Sync   18 ms | Sent   864 kB Recv  1191 kB |  do
🔶 Pred  132 ms Sync   23 ms | Sent   864 kB Recv  1191 kB |  this
🔶 Pred  132 ms Sync   22 ms | Sent   864 kB Recv  1191 kB | ,
🔶 Pred  133 ms Sync   19 ms | Sent   864 kB Recv  1191 kB |  consider
🔶 Pred  133 ms Sync   16 ms | Sent   864 kB Recv  1191 kB |  the
🔶 Pred  131 ms Sync   17 ms | Sent   864 kB Recv  1191 kB |  function
🔶 Pred  133 ms Sync   17 ms | Sent   864 kB Recv  1191 kB |  f
🔶 Pred  134 ms Sync   17 ms | Sent   864 kB Recv  1191 kB | (x
🔶 Pred  134 ms Sync   16 ms | Sent   864 kB Recv  1191 kB | )
🔶 Pred  133 ms Sync   17 ms | Sent   864 kB Recv  1191 kB |  =
🔶 Pred  133 ms Sync   18 ms | Sent   864 kB Recv  1191 kB |  π
🔶 Pred  131 ms Sync   22 ms | Sent   864 kB Recv  1191 kB | (x
🔶 Pred  132 ms Sync   19 ms | Sent   864 kB Recv  1191 kB | )
🔶 Pred  132 ms Sync   16 ms | Sent   864 kB Recv  1191 kB |  -
🔶 Pred  137 ms Sync   16 ms | Sent   864 kB Recv  1191 kB |  x
🔶 Pred  135 ms Sync   21 ms | Sent   864 kB Recv  1191 kB |  /
🔶 Pred  199 ms Sync   68 ms | Sent   864 kB Recv  1191 kB |  log
🔶 Pred  136 ms Sync   53 ms | Sent   864 kB Recv  1191 kB |  x
🔶 Pred  146 ms Sync   30 ms | Sent   864 kB Recv  1191 kB | ,
🔶 Pred  150 ms Sync   22 ms | Sent   864 kB Recv  1191 kB |  where
🔶 Pred  193 ms Sync   21 ms | Sent   864 kB Recv  1191 kB |  π
🔶 Pred  133 ms Sync   19 ms | Sent   864 kB Recv  1191 kB | (x
🔶 Pred  132 ms Sync   18 ms | Sent   864 kB Recv  1191 kB | )
🔶 Pred  132 ms Sync   20 ms | Sent   864 kB Recv  1191 kB |  is
🔶 Pred  132 ms Sync   19 ms | Sent   864 kB Recv  1191 kB |  the
🔶 Pred  133 ms Sync   17 ms | Sent   864 kB Recv  1191 kB |  prime
🔶 Pred  134 ms Sync   18 ms | Sent   864 kB Recv  1191 kB |  counting
🔶 Pred  131 ms Sync   22 ms | Sent   864 kB Recv  1191 kB |  function
🔶 Pred  133 ms Sync   16 ms | Sent   864 kB Recv  1191 kB | .


🔶 Pred  133 ms Sync   16 ms | Sent   864 kB Recv  1191 kB | 5
🔶 Pred  131 ms Sync   18 ms | Sent   864 kB Recv  1191 kB | .
🔶 Pred  131 ms Sync   20 ms | Sent   864 kB Recv  1191 kB |  It
🔶 Pred  133 ms Sync   19 ms | Sent   864 kB Recv  1191 kB | 's
🔶 Pred  148 ms Sync   25 ms | Sent   864 kB Recv  1191 kB |  known
🔶 Pred  178 ms Sync   64 ms | Sent   864 kB Recv  1191 kB |  that
🔶 Pred  146 ms Sync   52 ms | Sent   864 kB Recv  1191 kB |  π
🔶 Pred  134 ms Sync   19 ms | Sent   864 kB Recv  1191 kB | (x
🔶 Pred  133 ms Sync   19 ms | Sent   864 kB Recv  1191 kB | )
🔶 Pred  145 ms Sync   21 ms | Sent   864 kB Recv  1191 kB |  ~
🔶 Pred  134 ms Sync   22 ms | Sent   864 kB Recv  1191 kB |  x
🔶 Pred  134 ms Sync   16 ms | Sent   864 kB Recv  1191 kB |  /
🔶 Pred  132 ms Sync   17 ms | Sent   864 kB Recv  1191 kB |  log
🔶 Pred  133 ms Sync   15 ms | Sent   864 kB Recv  1191 kB |  x
🔶 Pred  133 ms Sync   20 ms | Sent   864 kB Recv  1191 kB |  as
🔶 Pred  132 ms Sync   21 ms | Sent   864 kB Recv  1191 kB |  x
🔶 Pred  135 ms Sync   18 ms | Sent   864 kB Recv  1191 kB |  approaches
🔶 Pred  134 ms Sync   17 ms | Sent   864 kB Recv  1191 kB |  infinity
🔶 Pred  134 ms Sync   20 ms | Sent   864 kB Recv  1191 kB | ,
🔶 Pred  134 ms Sync   18 ms | Sent   864 kB Recv  1191 kB |  so
🔶 Pred  133 ms Sync   18 ms | Sent   864 kB Recv  1191 kB |  f
🔶 Pred  151 ms Sync   16 ms | Sent   864 kB Recv  1191 kB | (x
🔶 Pred  209 ms Sync   26 ms | Sent   864 kB Recv  1191 kB | )
🔶 Pred  275 ms Sync   30 ms | Sent   864 kB Recv  1191 kB |  approaches
🔶 Pred  145 ms Sync   47 ms | Sent   864 kB Recv  1191 kB |  zero
🔶 Pred  133 ms Sync   19 ms | Sent   864 kB Recv  1191 kB | .


🔶 Pred  133 ms Sync   18 ms | Sent   864 kB Recv  1191 kB | 6
🔶 Pred  134 ms Sync   20 ms | Sent   864 kB Recv  1191 kB | .
🔶 Pred  134 ms Sync   22 ms | Sent   864 kB Recv  1191 kB |  However
🔶 Pred  133 ms Sync   17 ms | Sent   864 kB Recv  1191 kB | ,
🔶 Pred  133 ms Sync   18 ms | Sent   864 kB Recv  1191 kB |  f
🔶 Pred  134 ms Sync   17 ms | Sent   864 kB Recv  1191 kB | (x
🔶 Pred  133 ms Sync   20 ms | Sent   864 kB Recv  1191 kB | )
🔶 Pred  138 ms Sync   17 ms | Sent   864 kB Recv  1191 kB |  is
🔶 Pred  137 ms Sync   18 ms | Sent   864 kB Recv  1191 kB |  always
🔶 Pred  135 ms Sync   18 ms | Sent   864 kB Recv  1191 kB |  positive
🔶 Pred  135 ms Sync   16 ms | Sent   864 kB Recv  1191 kB |  because
🔶 Pred  133 ms Sync   18 ms | Sent   864 kB Recv  1191 kB |  π
🔶 Pred  133 ms Sync   17 ms | Sent   864 kB Recv  1191 kB | (x
🔶 Pred  134 ms Sync   17 ms | Sent   864 kB Recv  1191 kB | )
🔶 Pred  147 ms Sync   21 ms | Sent   864 kB Recv  1191 kB |  >
🔶 Pred  171 ms Sync   73 ms | Sent   864 kB Recv  1191 kB |  x
🔶 Pred  160 ms Sync   27 ms | Sent   864 kB Recv  1191 kB |  /
🔶 Pred  134 ms Sync   19 ms | Sent   864 kB Recv  1191 kB |  log
🔶 Pred  133 ms Sync   18 ms | Sent   864 kB Recv  1191 kB |  x
🔶 Pred  134 ms Sync   17 ms | Sent   864 kB Recv  1191 kB |  for
🔶 Pred  134 ms Sync   19 ms | Sent   864 kB Recv  1191 kB |  sufficiently
🔶 Pred  135 ms Sync   19 ms | Sent   864 kB Recv  1191 kB |  large
🔶 Pred  133 ms Sync   17 ms | Sent   864 kB Recv  1191 kB |  x
🔶 Pred  134 ms Sync   17 ms | Sent   864 kB Recv  1191 kB | .


🔶 Pred  132 ms Sync   21 ms | Sent   864 kB Recv  1191 kB | 7
🔶 Pred  181 ms Sync   16 ms | Sent   864 kB Recv  1191 kB | .
🔶 Pred  173 ms Sync   17 ms | Sent   864 kB Recv  1191 kB |  The
🔶 Pred  136 ms Sync   19 ms | Sent   864 kB Recv  1191 kB |  function
🔶 Pred  133 ms Sync   21 ms | Sent   864 kB Recv  1191 kB |  f
🔶 Pred  134 ms Sync   19 ms | Sent   864 kB Recv  1191 kB | (x
🔶 Pred  133 ms Sync   18 ms | Sent   864 kB Recv  1191 kB | )
🔶 Pred  133 ms Sync   17 ms | Sent   864 kB Recv  1191 kB |  tends
🔶 Pred  134 ms Sync   17 ms | Sent   864 kB Recv  1191 kB |  to
🔶 Pred  183 ms Sync   95 ms | Sent   864 kB Recv  1191 kB |  zero
🔶 Pred  155 ms Sync   25 ms | Sent   864 kB Recv  1191 kB | ,
🔶 Pred  134 ms Sync   21 ms | Sent   864 kB Recv  1191 kB |  but
🔶 Pred  132 ms Sync   19 ms | Sent   864 kB Recv  1191 kB |  never
🔶 Pred  133 ms Sync   19 ms | Sent   864 kB Recv  1191 kB |  becomes
🔶 Pred  134 ms Sync   19 ms | Sent   864 kB Recv  1191 kB |  negative
🔶 Pred  135 ms Sync   17 ms | Sent   864 kB Recv  1191 kB | .


🔶 Pred  134 ms Sync   17 ms | Sent   864 kB Recv  1191 kB | 8
🔶 Pred  135 ms Sync   33 ms | Sent   864 kB Recv  1191 kB | .
🔶 Pred  133 ms Sync   18 ms | Sent   864 kB Recv  1191 kB |  Using
🔶 Pred  132 ms Sync   20 ms | Sent   864 kB Recv  1191 kB |  the
🔶 Pred  133 ms Sync   23 ms | Sent   864 kB Recv  1191 kB |  concept
🔶 Pred  132 ms Sync   19 ms | Sent   864 kB Recv  1191 kB |  of
🔶 Pred  133 ms Sync   19 ms | Sent   864 kB Recv  1191 kB |  limits
🔶 Pred  134 ms Sync   16 ms | Sent   864 kB Recv  1191 kB |  and
🔶 Pred  133 ms Sync   18 ms | Sent   864 kB Recv  1191 kB |  the
🔶 Pred  133 ms Sync   18 ms | Sent   864 kB Recv  1191 kB |  fact
🔶 Pred  133 ms Sync   19 ms | Sent   864 kB Recv  1191 kB |  that
🔶 Pred  189 ms Sync   75 ms | Sent   864 kB Recv  1191 kB |  f
🔶 Pred  133 ms Sync   18 ms | Sent   864 kB Recv  1191 kB | (x
🔶 Pred  153 ms Sync   56 ms | Sent   864 kB Recv  1191 kB | )
🔶 Pred  133 ms Sync   20 ms | Sent   864 kB Recv  1191 kB |  approaches
🔶 Pred  207 ms Sync   20 ms | Sent   864 kB Recv  1191 kB |  zero
🔶 Pred  141 ms Sync   17 ms | Sent   864 kB Recv  1191 kB | ,
🔶 Pred  136 ms Sync   18 ms | Sent   864 kB Recv  1191 kB |  we
🔶 Pred  134 ms Sync   18 ms | Sent   864 kB Recv  1191 kB |  can
🔶 Pred  135 ms Sync   19 ms | Sent   864 kB Recv  1191 kB |  argue
🔶 Pred  132 ms Sync   23 ms | Sent   864 kB Recv  1191 kB |  that
🔶 Pred  133 ms Sync   19 ms | Sent   864 kB Recv  1191 kB |  the
🔶 Pred  135 ms Sync   19 ms | Sent   864 kB Recv  1191 kB |  density
🔶 Pred  135 ms Sync   17 ms | Sent   864 kB Recv  1191 kB |  of
🔶 Pred  134 ms Sync   18 ms | Sent   864 kB Recv  1191 kB |  primes
🔶 Pred  134 ms Sync   18 ms | Sent   864 kB Recv  1191 kB |  decreases
🔶 Pred  133 ms Sync   20 ms | Sent   864 kB Recv  1191 kB | ,
🔶 Pred  134 ms Sync   21 ms | Sent   864 kB Recv  1191 kB |  but
🔶 Pred  134 ms Sync   20 ms | Sent   864 kB Recv  1191 kB |  they
🔶 Pred  194 ms Sync   68 ms | Sent   864 kB Recv  1191 kB |  still
🔶 Pred  134 ms Sync   18 ms | Sent   864 kB Recv  1191 kB |  must
🔶 Pred  153 ms Sync   38 ms | Sent   864 kB Recv  1191 kB |  be
🔶 Pred  135 ms Sync   18 ms | Sent   864 kB Recv  1191 kB |  infinite
🔶 Pred  135 ms Sync   17 ms | Sent   864 kB Recv  1191 kB |  because
🔶 Pred  135 ms Sync   18 ms | Sent   864 kB Recv  1191 kB |  f
🔶 Pred  133 ms Sync   18 ms | Sent   864 kB Recv  1191 kB | (x
🔶 Pred  134 ms Sync   22 ms | Sent   864 kB Recv  1191 kB | )
🔶 Pred  134 ms Sync   19 ms | Sent   864 kB Recv  1191 kB |  never
🔶 Pred  134 ms Sync   19 ms | Sent   864 kB Recv  1191 kB |  reaches
🔶 Pred  133 ms Sync   18 ms | Sent   864 kB Recv  1191 kB |  zero
🔶 Pred  136 ms Sync   17 ms | Sent   864 kB Recv  1191 kB | .


🔶 Pred  134 ms Sync   17 ms | Sent   864 kB Recv  1191 kB | Wait
🔶 Pred  135 ms Sync   17 ms | Sent   864 kB Recv  1191 kB | ,
🔶 Pred  134 ms Sync   20 ms | Sent   864 kB Recv  1191 kB |  but
🔶 Pred  134 ms Sync   18 ms | Sent   864 kB Recv  1191 kB |  this
🔶 Pred  134 ms Sync   25 ms | Sent   864 kB Recv  1191 kB |  is
🔶 Pred  212 ms Sync   21 ms | Sent   864 kB Recv  1191 kB |  more
🔶 Pred  193 ms Sync   60 ms | Sent   864 kB Recv  1191 kB |  of
🔶 Pred  133 ms Sync   18 ms | Sent   864 kB Recv  1191 kB |  an
🔶 Pred  148 ms Sync   47 ms | Sent   864 kB Recv  1191 kB |  analytic
🔶 Pred  134 ms Sync   19 ms | Sent   864 kB Recv  1191 kB |  proof
🔶 Pred  136 ms Sync   15 ms | Sent   864 kB Recv  1191 kB |  using
🔶 Pred  136 ms Sync   17 ms | Sent   864 kB Recv  1191 kB |  properties
🔶 Pred  134 ms Sync   23 ms | Sent   864 kB Recv  1191 kB |  of
🔶 Pred  134 ms Sync   19 ms | Sent   864 kB Recv  1191 kB |  the
🔶 Pred  136 ms Sync   17 ms | Sent   864 kB Recv  1191 kB |  prime
🔶 Pred  134 ms Sync   22 ms | Sent   864 kB Recv  1191 kB |  counting
🔶 Pred  133 ms Sync   18 ms | Sent   864 kB Recv  1191 kB |  function
🔶 Pred  135 ms Sync   23 ms | Sent   864 kB Recv  1191 kB | ,
🔶 Pred  147 ms Sync   33 ms | Sent   864 kB Recv  1191 kB |  not
🔶 Pred  135 ms Sync   20 ms | Sent   864 kB Recv  1191 kB |  necessarily
🔶 Pred  134 ms Sync   18 ms | Sent   864 kB Recv  1191 kB |  top
🔶 Pred  136 ms Sync   18 ms | Sent   864 kB Recv  1191 kB | ological
🔶 Pred  136 ms Sync   25 ms | Sent   864 kB Recv  1191 kB | .


🔶 Pred  139 ms Sync   18 ms | Sent   864 kB Recv  1191 kB | Alternatively
🔶 Pred  193 ms Sync   57 ms | Sent   864 kB Recv  1191 kB | ,
🔶 Pred  134 ms Sync   21 ms | Sent   864 kB Recv  1191 kB |  maybe
🔶 Pred  150 ms Sync   49 ms | Sent   864 kB Recv  1191 kB |  the
🔶 Pred  134 ms Sync   20 ms | Sent   864 kB Recv  1191 kB |  top
🔶 Pred  133 ms Sync   21 ms | Sent   864 kB Recv  1191 kB | ological
🔶 Pred  134 ms Sync   19 ms | Sent   864 kB Recv  1191 kB |  proof
🔶 Pred  136 ms Sync   19 ms | Sent   864 kB Recv  1191 kB |  uses
🔶 Pred  148 ms Sync   13 ms | Sent   864 kB Recv  1191 kB |  the
🔶 Pred  134 ms Sync   22 ms | Sent   864 kB Recv  1191 kB |  concept
🔶 Pred  133 ms Sync   23 ms | Sent   864 kB Recv  1191 kB |  of
🔶 Pred  159 ms Sync   18 ms | Sent   864 kB Recv  1191 kB |  limits
🔶 Pred  281 ms Sync   25 ms | Sent   864 kB Recv  1191 kB |  and
🔶 Pred  134 ms Sync   18 ms | Sent   864 kB Recv  1191 kB |  the
🔶 Pred  135 ms Sync   15 ms | Sent   864 kB Recv  1191 kB |  fact
🔶 Pred  134 ms Sync   20 ms | Sent   864 kB Recv  1191 kB |  that
🔶 Pred  134 ms Sync   18 ms | Sent   864 kB Recv  1191 kB |  the
🔶 Pred  136 ms Sync   16 ms | Sent   864 kB Recv  1191 kB |  set
🔶 Pred  161 ms Sync   25 ms | Sent   864 kB Recv  1191 kB |  of
🔶 Pred  176 ms Sync   49 ms | Sent   864 kB Recv  1191 kB |  primes
🔶 Pred  150 ms Sync   46 ms | Sent   864 kB Recv  1191 kB |  is
🔶 Pred  135 ms Sync   18 ms | Sent   864 kB Recv  1191 kB |  perfect
🔶 Pred  134 ms Sync   17 ms | Sent   864 kB Recv  1191 kB | ,
🔶 Pred  135 ms Sync   18 ms | Sent   864 kB Recv  1191 kB |  meaning
🔶 Pred  135 ms Sync   20 ms | Sent   864 kB Recv  1191 kB |  every
🔶 Pred  135 ms Sync   16 ms | Sent   864 kB Recv  1191 kB |  open
🔶 Pred  134 ms Sync   16 ms | Sent   864 kB Recv  1191 kB |  interval
🔶 Pred  134 ms Sync   16 ms | Sent   864 kB Recv  1191 kB |  contains
🔶 Pred  135 ms Sync   18 ms | Sent   864 kB Recv  1191 kB |  a
🔶 Pred  135 ms Sync   18 ms | Sent   864 kB Recv  1191 kB |  prime
🔶 Pred  134 ms Sync   19 ms | Sent   864 kB Recv  1191 kB | .


🔶 Pred  135 ms Sync   21 ms | Sent   864 kB Recv  1191 kB | But
🔶 Pred  135 ms Sync   18 ms | Sent   864 kB Recv  1191 kB |  how
🔶 Pred  136 ms Sync   16 ms | Sent   864 kB Recv  1191 kB |  does
🔶 Pred  134 ms Sync   18 ms | Sent   864 kB Recv  1191 kB |  that
🔶 Pred  135 ms Sync   20 ms | Sent   864 kB Recv  1191 kB |  lead
🔶 Pred  134 ms Sync   19 ms | Sent   864 kB Recv  1191 kB |  to
🔶 Pred  195 ms Sync   64 ms | Sent   864 kB Recv  1191 kB |  infinit
🔶 Pred  137 ms Sync   36 ms | Sent   864 kB Recv  1191 kB | ude
🔶 Pred  205 ms Sync   20 ms | Sent   864 kB Recv  1191 kB | ?
🔶 Pred  169 ms Sync   13 ms | Sent   864 kB Recv  1191 kB |  If
🔶 Pred  188 ms Sync   16 ms | Sent   864 kB Recv  1191 kB |  primes
🔶 Pred  137 ms Sync   17 ms | Sent   864 kB Recv  1191 kB |  were
🔶 Pred  135 ms Sync   18 ms | Sent   864 kB Recv  1191 kB |  finite
🔶 Pred  135 ms Sync   17 ms | Sent   864 kB Recv  1191 kB | ,
🔶 Pred  135 ms Sync   17 ms | Sent   864 kB Recv  1191 kB |  then
🔶 Pred  136 ms Sync   17 ms | Sent   864 kB Recv  1191 kB |  beyond
🔶 Pred  143 ms Sync   18 ms | Sent   864 kB Recv  1191 kB |  a
🔶 Pred  137 ms Sync   20 ms | Sent   864 kB Recv  1191 kB |  certain
🔶 Pred  138 ms Sync   17 ms | Sent   864 kB Recv  1191 kB |  point
🔶 Pred  135 ms Sync   19 ms | Sent   864 kB Recv  1191 kB | ,
🔶 Pred  137 ms Sync   18 ms | Sent   864 kB Recv  1191 kB |  all
🔶 Pred  158 ms Sync   15 ms | Sent   864 kB Recv  1191 kB |  numbers
🔶 Pred  149 ms Sync   23 ms | Sent   864 kB Recv  1191 kB |  would
🔶 Pred  194 ms Sync   69 ms | Sent   864 kB Recv  1191 kB |  be
🔶 Pred  137 ms Sync   18 ms | Sent   864 kB Recv  1191 kB |  composite
🔶 Pred  153 ms Sync   58 ms | Sent   864 kB Recv  1191 kB | ,
🔶 Pred  136 ms Sync   18 ms | Sent   864 kB Recv  1191 kB |  contradict
🔶 Pred  136 ms Sync   20 ms | Sent   864 kB Recv  1191 kB | ing
🔶 Pred  137 ms Sync   16 ms | Sent   864 kB Recv  1191 kB |  the
🔶 Pred  135 ms Sync   23 ms | Sent   864 kB Recv  1191 kB |  fact
🔶 Pred  138 ms Sync   18 ms | Sent   864 kB Recv  1191 kB |  that
🔶 Pred  136 ms Sync   17 ms | Sent   864 kB Recv  1191 kB |  primes
🔶 Pred  136 ms Sync   19 ms | Sent   864 kB Recv  1191 kB |  are
🔶 Pred  135 ms Sync   22 ms | Sent   864 kB Recv  1191 kB |  dense
🔶 Pred  136 ms Sync   18 ms | Sent   864 kB Recv  1191 kB | .


🔶 Pred  136 ms Sync   17 ms | Sent   864 kB Recv  1191 kB | Wait
🔶 Pred  136 ms Sync   18 ms | Sent   864 kB Recv  1191 kB | ,
🔶 Pred  135 ms Sync   18 ms | Sent   864 kB Recv  1191 kB |  perhaps
🔶 Pred  138 ms Sync   16 ms | Sent   864 kB Recv  1191 kB |  the
🔶 Pred  153 ms Sync   16 ms | Sent   864 kB Recv  1191 kB |  top
🔶 Pred  186 ms Sync   23 ms | Sent   864 kB Recv  1191 kB | ological
🔶 Pred  183 ms Sync   85 ms | Sent   864 kB Recv  1191 kB |  proof
🔶 Pred  136 ms Sync   17 ms | Sent   864 kB Recv  1191 kB |  is
🔶 Pred  155 ms Sync   37 ms | Sent   864 kB Recv  1191 kB |  about
🔶 Pred  149 ms Sync   24 ms | Sent   864 kB Recv  1191 kB |  the
🔶 Pred  170 ms Sync   20 ms | Sent   864 kB Recv  1191 kB |  set
🔶 Pred  136 ms Sync   22 ms | Sent   864 kB Recv  1191 kB |  of
🔶 Pred  136 ms Sync   19 ms | Sent   864 kB Recv  1191 kB |  primes
🔶 Pred  136 ms Sync   19 ms | Sent   864 kB Recv  1191 kB |  being
🔶 Pred  136 ms Sync   21 ms | Sent   864 kB Recv  1191 kB |  un
🔶 Pred  135 ms Sync   18 ms | Sent   864 kB Recv  1191 kB | bounded
🔶 Pred  138 ms Sync   17 ms | Sent   864 kB Recv  1191 kB | .
🔶 Pred  137 ms Sync   17 ms | Sent   864 kB Recv  1191 kB |  If
🔶 Pred  136 ms Sync   18 ms | Sent   864 kB Recv  1191 kB |  primes
🔶 Pred  137 ms Sync   16 ms | Sent   864 kB Recv  1191 kB |  were
🔶 Pred  136 ms Sync   21 ms | Sent   864 kB Recv  1191 kB |  finite
🔶 Pred  137 ms Sync   15 ms | Sent   864 kB Recv  1191 kB | ,
🔶 Pred  136 ms Sync   19 ms | Sent   864 kB Recv  1191 kB |  then
🔶 Pred  136 ms Sync   23 ms | Sent   864 kB Recv  1191 kB |  the
🔶 Pred  189 ms Sync   87 ms | Sent   864 kB Recv  1191 kB |  set
🔶 Pred  142 ms Sync   55 ms | Sent   864 kB Recv  1191 kB |  would
🔶 Pred  147 ms Sync   36 ms | Sent   864 kB Recv  1191 kB |  have
🔶 Pred  138 ms Sync   18 ms | Sent   864 kB Recv  1191 kB |  a
🔶 Pred  139 ms Sync   20 ms | Sent   864 kB Recv  1191 kB |  least
🔶 Pred  142 ms Sync   16 ms | Sent   864 kB Recv  1191 kB |  upper
🔶 Pred  136 ms Sync   19 ms | Sent   864 kB Recv  1191 kB |  bound
🔶 Pred  138 ms Sync   18 ms | Sent   864 kB Recv  1191 kB | ,
🔶 Pred  135 ms Sync   17 ms | Sent   864 kB Recv  1191 kB |  but
🔶 Pred  160 ms Sync   15 ms | Sent   864 kB Recv  1191 kB |  since
🔶 Pred  186 ms Sync   18 ms | Sent   864 kB Recv  1191 kB |  primes
🔶 Pred  137 ms Sync   16 ms | Sent   864 kB Recv  1191 kB |  can
🔶 Pred  135 ms Sync   20 ms | Sent   864 kB Recv  1191 kB |  be
🔶 Pred  137 ms Sync   20 ms | Sent   864 kB Recv  1191 kB |  found
🔶 Pred  137 ms Sync   17 ms | Sent   864 kB Recv  1191 kB |  arbitrarily
🔶 Pred  137 ms Sync   17 ms | Sent   864 kB Recv  1191 kB |  large
🔶 Pred  136 ms Sync   19 ms | Sent   864 kB Recv  1191 kB | ,
🔶 Pred  199 ms Sync   63 ms | Sent   864 kB Recv  1191 kB |  the
🔶 Pred  137 ms Sync   16 ms | Sent   864 kB Recv  1191 kB |  set
🔶 Pred  148 ms Sync   55 ms | Sent   864 kB Recv  1191 kB |  is
🔶 Pred  136 ms Sync   18 ms | Sent   864 kB Recv  1191 kB |  un
🔶 Pred  137 ms Sync   20 ms | Sent   864 kB Recv  1191 kB | bounded
🔶 Pred  137 ms Sync   18 ms | Sent   864 kB Recv  1191 kB | ,
🔶 Pred  137 ms Sync   16 ms | Sent   864 kB Recv  1191 kB |  hence
🔶 Pred  137 ms Sync   17 ms | Sent   864 kB Recv  1191 kB |  infinite
🔶 Pred  137 ms Sync   18 ms | Sent   864 kB Recv  1191 kB | .


🔶 Pred  136 ms Sync   22 ms | Sent   864 kB Recv  1191 kB | Alternatively
🔶 Pred  136 ms Sync   22 ms | Sent   864 kB Recv  1191 kB | ,
🔶 Pred  139 ms Sync   20 ms | Sent   864 kB Recv  1191 kB |  maybe
🔶 Pred  137 ms Sync   19 ms | Sent   864 kB Recv  1191 kB |  it
🔶 Pred  137 ms Sync   18 ms | Sent   864 kB Recv  1191 kB | 's
🔶 Pred  136 ms Sync   22 ms | Sent   864 kB Recv  1191 kB |  about
🔶 Pred  136 ms Sync   20 ms | Sent   864 kB Recv  1191 kB |  the
🔶 Pred  136 ms Sync   22 ms | Sent   864 kB Recv  1191 kB |  topology
🔶 Pred  136 ms Sync   22 ms | Sent   864 kB Recv  1191 kB |  of
🔶 Pred  190 ms Sync   69 ms | Sent   864 kB Recv  1191 kB |  the
🔶 Pred  138 ms Sync   17 ms | Sent   864 kB Recv  1191 kB |  real
🔶 Pred  188 ms Sync   39 ms | Sent   864 kB Recv  1191 kB |  line
🔶 Pred  137 ms Sync   18 ms | Sent   864 kB Recv  1191 kB | ,
🔶 Pred  216 ms Sync   21 ms | Sent   864 kB Recv  1191 kB |  considering
🔶 Pred  137 ms Sync   21 ms | Sent   864 kB Recv  1191 kB |  the
🔶 Pred  138 ms Sync   17 ms | Sent   864 kB Recv  1191 kB |  complement
🔶 Pred  137 ms Sync   19 ms | Sent   864 kB Recv  1191 kB |  of
🔶 Pred  136 ms Sync   20 ms | Sent   864 kB Recv  1191 kB |  primes
🔶 Pred  136 ms Sync   18 ms | Sent   864 kB Recv  1191 kB | .
🔶 Pred  138 ms Sync   21 ms | Sent   864 kB Recv  1191 kB |  If
🔶 Pred  140 ms Sync   18 ms | Sent   864 kB Recv  1191 kB |  primes
🔶 Pred  139 ms Sync   16 ms | Sent   864 kB Recv  1191 kB |  were
🔶 Pred  137 ms Sync   17 ms | Sent   864 kB Recv  1191 kB |  finite
🔶 Pred  136 ms Sync   18 ms | Sent   864 kB Recv  1191 kB | ,
🔶 Pred  136 ms Sync   19 ms | Sent   864 kB Recv  1191 kB |  their
🔶 Pred  144 ms Sync   17 ms | Sent   864 kB Recv  1191 kB |  complement
🔶 Pred  164 ms Sync   17 ms | Sent   864 kB Recv  1191 kB |  would
🔶 Pred  173 ms Sync   78 ms | Sent   864 kB Recv  1191 kB |  have
🔶 Pred  158 ms Sync   33 ms | Sent   864 kB Recv  1191 kB |  a
🔶 Pred  138 ms Sync   21 ms | Sent   864 kB Recv  1191 kB |  limit
🔶 Pred  136 ms Sync   19 ms | Sent   864 kB Recv  1191 kB |  point
🔶 Pred  139 ms Sync   15 ms | Sent   864 kB Recv  1191 kB | ,
🔶 Pred  135 ms Sync   21 ms | Sent   864 kB Recv  1191 kB |  but
🔶 Pred  137 ms Sync   18 ms | Sent   864 kB Recv  1191 kB |  primes
🔶 Pred  136 ms Sync   18 ms | Sent   864 kB Recv  1191 kB |  themselves
🔶 Pred  138 ms Sync   16 ms | Sent   864 kB Recv  1191 kB |  would
🔶 Pred  139 ms Sync   18 ms | Sent   864 kB Recv  1191 kB |  be
🔶 Pred  139 ms Sync   17 ms | Sent   864 kB Recv  1191 kB |  dense
🔶 Pred  136 ms Sync   20 ms | Sent   864 kB Recv  1191 kB | .


🔶 Pred  138 ms Sync   18 ms | Sent   864 kB Recv  1191 kB | Wait
🔶 Pred  137 ms Sync   18 ms | Sent   864 kB Recv  1191 kB | ,
🔶 Pred  137 ms Sync   17 ms | Sent   864 kB Recv  1191 kB |  I
🔶 Pred  137 ms Sync   21 ms | Sent   864 kB Recv  1191 kB | 'm
🔶 Pred  210 ms Sync   14 ms | Sent   864 kB Recv  1191 kB |  getting
🔶 Pred  222 ms Sync  102 ms | Sent   864 kB Recv  1191 kB |  confused
🔶 Pred  135 ms Sync   19 ms | Sent   864 kB Recv  1191 kB | .
🔶 Pred  152 ms Sync   54 ms | Sent   864 kB Recv  1191 kB |  Maybe
🔶 Pred  136 ms Sync   22 ms | Sent   864 kB Recv  1191 kB |  I
🔶 Pred  136 ms Sync   18 ms | Sent   864 kB Recv  1191 kB |  should
🔶 Pred  138 ms Sync   17 ms | Sent   864 kB Recv  1191 kB |  think
🔶 Pred  139 ms Sync   34 ms | Sent   864 kB Recv  1191 kB |  differently
🔶 Pred  136 ms Sync   19 ms | Sent   864 kB Recv  1191 kB | .


🔶 Pred  137 ms Sync   22 ms | Sent   864 kB Recv  1191 kB | Another
🔶 Pred  135 ms Sync   19 ms | Sent   864 kB Recv  1191 kB |  approach
🔶 Pred  139 ms Sync   18 ms | Sent   864 kB Recv  1191 kB | :
🔶 Pred  135 ms Sync   20 ms | Sent   864 kB Recv  1191 kB |  The
🔶 Pred  134 ms Sync   25 ms | Sent   864 kB Recv  1191 kB |  top
🔶 Pred  137 ms Sync   17 ms | Sent   864 kB Recv  1191 kB | ological
🔶 Pred  137 ms Sync   18 ms | Sent   864 kB Recv  1191 kB |  proof
🔶 Pred  136 ms Sync   22 ms | Sent   864 kB Recv  1191 kB |  might
🔶 Pred  137 ms Sync   19 ms | Sent   864 kB Recv  1191 kB |  use
🔶 Pred  137 ms Sync   24 ms | Sent   864 kB Recv  1191 kB |  the
🔶 Pred  200 ms Sync   58 ms | Sent   864 kB Recv  1191 kB |  concept
🔶 Pred  138 ms Sync   18 ms | Sent   864 kB Recv  1191 kB |  of
🔶 Pred  158 ms Sync   44 ms | Sent   864 kB Recv  1191 kB |  the
🔶 Pred  135 ms Sync   21 ms | Sent   864 kB Recv  1191 kB |  prime
🔶 Pred  136 ms Sync   18 ms | Sent   864 kB Recv  1191 kB |  gaps
🔶 Pred  138 ms Sync   21 ms | Sent   864 kB Recv  1191 kB | .
🔶 Pred  137 ms Sync   20 ms | Sent   864 kB Recv  1191 kB |  If
🔶 Pred  135 ms Sync   20 ms | Sent   864 kB Recv  1191 kB |  there
🔶 Pred  135 ms Sync   18 ms | Sent   864 kB Recv  1191 kB |  were
🔶 Pred  138 ms Sync   21 ms | Sent   864 kB Recv  1191 kB |  only
🔶 Pred  141 ms Sync   20 ms | Sent   864 kB Recv  1191 kB |  fin
🔶 Pred  200 ms Sync   37 ms | Sent   864 kB Recv  1191 kB | it
🔶 Pred  164 ms Sync   17 ms | Sent   864 kB Recv  1191 kB | ely
🔶 Pred  137 ms Sync   18 ms | Sent   864 kB Recv  1191 kB |  many
🔶 Pred  135 ms Sync   19 ms | Sent   864 kB Recv  1191 kB |  primes
🔶 Pred  136 ms Sync   20 ms | Sent   864 kB Recv  1191 kB | ,
🔶 Pred  136 ms Sync   20 ms | Sent   864 kB Recv  1191 kB |  then
🔶 Pred  182 ms Sync   83 ms | Sent   864 kB Recv  1191 kB |  the
🔶 Pred  204 ms Sync   19 ms | Sent   864 kB Recv  1191 kB |  gaps
🔶 Pred  143 ms Sync   69 ms | Sent   864 kB Recv  1191 kB |  between
🔶 Pred  135 ms Sync   20 ms | Sent   864 kB Recv  1191 kB |  consecutive
🔶 Pred  136 ms Sync   18 ms | Sent   864 kB Recv  1191 kB |  primes
🔶 Pred  137 ms Sync   23 ms | Sent   864 kB Recv  1191 kB |  could
🔶 Pred  139 ms Sync   17 ms | Sent   864 kB Recv  1191 kB |  become
🔶 Pred  141 ms Sync   16 ms | Sent   864 kB Recv  1191 kB |  arbitrarily
🔶 Pred  136 ms Sync   20 ms | Sent   864 kB Recv  1191 kB |  large
🔶 Pred  138 ms Sync   21 ms | Sent   864 kB Recv  1191 kB | ,
🔶 Pred  138 ms Sync   20 ms | Sent   864 kB Recv  1191 kB |  but
🔶 Pred  135 ms Sync   20 ms | Sent   864 kB Recv  1191 kB |  we
🔶 Pred  137 ms Sync   21 ms | Sent   864 kB Recv  1191 kB |  know
🔶 Pred  136 ms Sync   18 ms | Sent   864 kB Recv  1191 kB |  that
🔶 Pred  136 ms Sync   22 ms | Sent   864 kB Recv  1191 kB |  primes
🔶 Pred  136 ms Sync   24 ms | Sent   864 kB Recv  1191 kB |  become
🔶 Pred  135 ms Sync   23 ms | Sent   864 kB Recv  1191 kB |  less
🔶 Pred  137 ms Sync   17 ms | Sent   864 kB Recv  1191 kB |  frequent
🔶 Pred  208 ms Sync   59 ms | Sent   864 kB Recv  1191 kB |  but
🔶 Pred  138 ms Sync   18 ms | Sent   864 kB Recv  1191 kB |  still
🔶 Pred  160 ms Sync   44 ms | Sent   864 kB Recv  1191 kB |  infinitely
🔶 Pred  165 ms Sync   18 ms | Sent   864 kB Recv  1191 kB |  many
🔶 Pred  185 ms Sync   34 ms | Sent   864 kB Recv  1191 kB | .


🔶 Pred  137 ms Sync   29 ms | Sent   864 kB Recv  1191 kB | Wait
🔶 Pred  136 ms Sync   22 ms | Sent   864 kB Recv  1191 kB | ,
🔶 Pred  136 ms Sync   20 ms | Sent   864 kB Recv  1191 kB |  but
🔶 Pred  137 ms Sync   18 ms | Sent   864 kB Recv  1191 kB |  that
🔶 Pred  139 ms Sync   34 ms | Sent   864 kB Recv  1191 kB | 's
🔶 Pred  136 ms Sync   20 ms | Sent   864 kB Recv  1191 kB |  more
🔶 Pred  137 ms Sync   18 ms | Sent   864 kB Recv  1191 kB |  of
🔶 Pred  137 ms Sync   17 ms | Sent   864 kB Recv  1191 kB |  an
🔶 Pred  136 ms Sync   21 ms | Sent   864 kB Recv  1191 kB |  intuitive
🔶 Pred  135 ms Sync   19 ms | Sent   864 kB Recv  1191 kB |  argument
🔶 Pred  137 ms Sync   19 ms | Sent   864 kB Recv  1191 kB |  rather
🔶 Pred  137 ms Sync   21 ms | Sent   864 kB Recv  1191 kB |  than
🔶 Pred  199 ms Sync   70 ms | Sent   864 kB Recv  1191 kB |  a
🔶 Pred  138 ms Sync   19 ms | Sent   864 kB Recv  1191 kB |  rigorous
🔶 Pred  163 ms Sync   44 ms | Sent   864 kB Recv  1191 kB |  proof
🔶 Pred  138 ms Sync   24 ms | Sent   864 kB Recv  1191 kB | .


🔶 Pred  141 ms Sync   19 ms | Sent   864 kB Recv  1191 kB | Alternatively
🔶 Pred  136 ms Sync   24 ms | Sent   864 kB Recv  1191 kB | ,
🔶 Pred  136 ms Sync   25 ms | Sent   864 kB Recv  1191 kB |  maybe
🔶 Pred  138 ms Sync   18 ms | Sent   864 kB Recv  1191 kB |  it
🔶 Pred  137 ms Sync   19 ms | Sent   864 kB Recv  1191 kB |  uses
🔶 Pred  138 ms Sync   19 ms | Sent   864 kB Recv  1191 kB |  the
🔶 Pred  138 ms Sync   18 ms | Sent   864 kB Recv  1191 kB |  concept
🔶 Pred  138 ms Sync   19 ms | Sent   864 kB Recv  1191 kB |  of
🔶 Pred  137 ms Sync   21 ms | Sent   864 kB Recv  1191 kB |  the
🔶 Pred  137 ms Sync   24 ms | Sent   864 kB Recv  1191 kB |  limit
🔶 Pred  138 ms Sync   23 ms | Sent   864 kB Recv  1191 kB |  superior
🔶 Pred  138 ms Sync   25 ms | Sent   864 kB Recv  1191 kB | .
🔶 Pred  181 ms Sync   22 ms | Sent   864 kB Recv  1191 kB |  If
🔶 Pred  245 ms Sync   75 ms | Sent   864 kB Recv  1191 kB |  primes
🔶 Pred  140 ms Sync   17 ms | Sent   864 kB Recv  1191 kB |  were
🔶 Pred  150 ms Sync   40 ms | Sent   864 kB Recv  1191 kB |  finite
🔶 Pred  138 ms Sync   21 ms | Sent   864 kB Recv  1191 kB | ,
🔶 Pred  137 ms Sync   20 ms | Sent   864 kB Recv  1191 kB |  then
🔶 Pred  137 ms Sync   23 ms | Sent   864 kB Recv  1191 kB |  the
🔶 Pred  137 ms Sync   21 ms | Sent   864 kB Recv  1191 kB |  limit
🔶 Pred  136 ms Sync   22 ms | Sent   864 kB Recv  1191 kB |  superior
🔶 Pred  138 ms Sync   20 ms | Sent   864 kB Recv  1191 kB |  of
🔶 Pred  136 ms Sync   22 ms | Sent   864 kB Recv  1191 kB |  the
🔶 Pred  137 ms Sync   19 ms | Sent   864 kB Recv  1191 kB |  gaps
🔶 Pred  138 ms Sync   23 ms | Sent   864 kB Recv  1191 kB |  would
🔶 Pred  137 ms Sync   20 ms | Sent   864 kB Recv  1191 kB |  be
🔶 Pred  135 ms Sync   24 ms | Sent   864 kB Recv  1191 kB |  infinity
🔶 Pred  137 ms Sync   18 ms | Sent   864 kB Recv  1191 kB | ,
🔶 Pred  137 ms Sync   19 ms | Sent   864 kB Recv  1191 kB |  but
🔶 Pred  137 ms Sync   23 ms | Sent   864 kB Recv  1191 kB |  in
🔶 Pred  138 ms Sync   21 ms | Sent   864 kB Recv  1191 kB |  reality
🔶 Pred  192 ms Sync   79 ms | Sent   864 kB Recv  1191 kB | ,
🔶 Pred  137 ms Sync   19 ms | Sent   864 kB Recv  1191 kB |  the
🔶 Pred  160 ms Sync   40 ms | Sent   864 kB Recv  1191 kB |  gaps
🔶 Pred  138 ms Sync   19 ms | Sent   864 kB Recv  1191 kB |  can
🔶 Pred  137 ms Sync   19 ms | Sent   864 kB Recv  1191 kB | 't
🔶 Pred  136 ms Sync   22 ms | Sent   864 kB Recv  1191 kB |  be
🔶 Pred  137 ms Sync   23 ms | Sent   864 kB Recv  1191 kB |  too
🔶 Pred  137 ms Sync   20 ms | Sent   864 kB Recv  1191 kB |  large
🔶 Pred  146 ms Sync   18 ms | Sent   864 kB Recv  1191 kB |  infinitely
🔶 Pred  139 ms Sync   19 ms | Sent   864 kB Recv  1191 kB |  often
🔶 Pred  221 ms Sync   17 ms | Sent   864 kB Recv  1191 kB | ,
🔶 Pred  138 ms Sync   17 ms | Sent   864 kB Recv  1191 kB |  implying
🔶 Pred  139 ms Sync   20 ms | Sent   864 kB Recv  1191 kB |  that
🔶 Pred  138 ms Sync   17 ms | Sent   864 kB Recv  1191 kB |  primes
🔶 Pred  138 ms Sync   20 ms | Sent   864 kB Recv  1191 kB |  are
🔶 Pred  139 ms Sync   20 ms | Sent   864 kB Recv  1191 kB |  infinite
🔶 Pred  159 ms Sync   28 ms | Sent   864 kB Recv  1191 kB | .


🔶 Pred  216 ms Sync   82 ms | Sent   864 kB Recv  1191 kB | Wait
🔶 Pred  138 ms Sync   19 ms | Sent   864 kB Recv  1191 kB | ,
🔶 Pred  161 ms Sync   63 ms | Sent   864 kB Recv  1191 kB |  I
🔶 Pred  140 ms Sync   18 ms | Sent   864 kB Recv  1191 kB | 'm
🔶 Pred  141 ms Sync   15 ms | Sent   864 kB Recv  1191 kB |  not
🔶 Pred  138 ms Sync   21 ms | Sent   864 kB Recv  1191 kB |  sure
🔶 Pred  138 ms Sync   19 ms | Sent   864 kB Recv  1191 kB | .
🔶 Pred  139 ms Sync   18 ms | Sent   864 kB Recv  1191 kB |  Maybe
🔶 Pred  137 ms Sync   22 ms | Sent   864 kB Recv  1191 kB |  I
🔶 Pred  139 ms Sync   18 ms | Sent   864 kB Recv  1191 kB |  need
🔶 Pred  141 ms Sync   19 ms | Sent   864 kB Recv  1191 kB |  to
🔶 Pred  140 ms Sync   20 ms | Sent   864 kB Recv  1191 kB |  think
🔶 Pred  141 ms Sync   17 ms | Sent   864 kB Recv  1191 kB |  of
🔶 Pred  139 ms Sync   17 ms | Sent   864 kB Recv  1191 kB |  it
🔶 Pred  141 ms Sync   18 ms | Sent   864 kB Recv  1191 kB |  differently
🔶 Pred  138 ms Sync   20 ms | Sent   864 kB Recv  1191 kB | .


🔶 Pred  140 ms Sync   18 ms | Sent   864 kB Recv  1191 kB | Alternatively
🔶 Pred  138 ms Sync   20 ms | Sent   864 kB Recv  1191 kB | ,
🔶 Pred  194 ms Sync   88 ms | Sent   864 kB Recv  1191 kB |  perhaps
🔶 Pred  138 ms Sync   24 ms | Sent   864 kB Recv  1191 kB |  the
🔶 Pred  162 ms Sync   47 ms | Sent   864 kB Recv  1191 kB |  top
🔶 Pred  193 ms Sync   15 ms | Sent   864 kB Recv  1191 kB | ological
🔶 Pred  179 ms Sync   18 ms | Sent   864 kB Recv  1191 kB |  proof
🔶 Pred  140 ms Sync   15 ms | Sent   864 kB Recv  1191 kB |  is
🔶 Pred  138 ms Sync   18 ms | Sent   864 kB Recv  1191 kB |  about
🔶 Pred  137 ms Sync   21 ms | Sent   864 kB Recv  1191 kB |  the
🔶 Pred  139 ms Sync   18 ms | Sent   864 kB Recv  1191 kB |  function
🔶 Pred  140 ms Sync   20 ms | Sent   864 kB Recv  1191 kB |  f
🔶 Pred  140 ms Sync   17 ms | Sent   864 kB Recv  1191 kB | (n
🔶 Pred  140 ms Sync   18 ms | Sent   864 kB Recv  1191 kB | )
🔶 Pred  140 ms Sync   18 ms | Sent   864 kB Recv  1191 kB |  =
🔶 Pred  139 ms Sync   18 ms | Sent   864 kB Recv  1191 kB |  π
🔶 Pred  141 ms Sync   16 ms | Sent   864 kB Recv  1191 kB | (n
🔶 Pred  139 ms Sync   21 ms | Sent   864 kB Recv  1191 kB | )
🔶 Pred  139 ms Sync   20 ms | Sent   864 kB Recv  1191 kB |  /
🔶 Pred  212 ms Sync   82 ms | Sent   864 kB Recv  1191 kB |  n
🔶 Pred  138 ms Sync   32 ms | Sent   864 kB Recv  1191 kB | ,
🔶 Pred  158 ms Sync   29 ms | Sent   864 kB Recv  1191 kB |  which
🔶 Pred  138 ms Sync   19 ms | Sent   864 kB Recv  1191 kB |  tends
🔶 Pred  141 ms Sync   18 ms | Sent   864 kB Recv  1191 kB |  to
🔶 Pred  139 ms Sync   25 ms | Sent   864 kB Recv  1191 kB |  zero
🔶 Pred  138 ms Sync   20 ms | Sent   864 kB Recv  1191 kB | ,
🔶 Pred  136 ms Sync   24 ms | Sent   864 kB Recv  1191 kB |  but
🔶 Pred  139 ms Sync   23 ms | Sent   864 kB Recv  1191 kB |  since
🔶 Pred  141 ms Sync   18 ms | Sent   864 kB Recv  1191 kB |  it
🔶 Pred  144 ms Sync   18 ms | Sent   864 kB Recv  1191 kB | 's
🔶 Pred  141 ms Sync   18 ms | Sent   864 kB Recv  1191 kB |  always
🔶 Pred  139 ms Sync   21 ms | Sent   864 kB Recv  1191 kB |  positive
🔶 Pred  139 ms Sync   20 ms | Sent   864 kB Recv  1191 kB | ,
🔶 Pred  140 ms Sync   18 ms | Sent   864 kB Recv  1191 kB |  it
🔶 Pred  138 ms Sync   23 ms | Sent   864 kB Recv  1191 kB |  implies
🔶 Pred  218 ms Sync   26 ms | Sent   864 kB Recv  1191 kB |  that
🔶 Pred  205 ms Sync   72 ms | Sent   864 kB Recv  1191 kB |  π
🔶 Pred  151 ms Sync   20 ms | Sent   864 kB Recv  1191 kB | (n
🔶 Pred  140 ms Sync   69 ms | Sent   864 kB Recv  1191 kB | )
🔶 Pred  140 ms Sync   23 ms | Sent   864 kB Recv  1191 kB |  tends
🔶 Pred  141 ms Sync   21 ms | Sent   864 kB Recv  1191 kB |  to
🔶 Pred  141 ms Sync   19 ms | Sent   864 kB Recv  1191 kB |  infinity
🔶 Pred  138 ms Sync   21 ms | Sent   864 kB Recv  1191 kB | ,
🔶 Pred  139 ms Sync   19 ms | Sent   864 kB Recv  1191 kB |  hence
🔶 Pred  140 ms Sync   16 ms | Sent   864 kB Recv  1191 kB |  infinitely
🔶 Pred  138 ms Sync   19 ms | Sent   864 kB Recv  1191 kB |  many
🔶 Pred  142 ms Sync   18 ms | Sent   864 kB Recv  1191 kB |  primes
🔶 Pred  140 ms Sync   19 ms | Sent   864 kB Recv  1191 kB | .


🔶 Pred  140 ms Sync   18 ms | Sent   864 kB Recv  1191 kB | But
🔶 Pred  141 ms Sync   17 ms | Sent   864 kB Recv  1191 kB |  that
🔶 Pred  138 ms Sync   21 ms | Sent   864 kB Recv  1191 kB | 's
🔶 Pred  138 ms Sync   25 ms | Sent   864 kB Recv  1191 kB |  more
🔶 Pred  140 ms Sync   21 ms | Sent   864 kB Recv  1191 kB |  of
🔶 Pred  166 ms Sync   33 ms | Sent   864 kB Recv  1191 kB |  an
🔶 Pred  178 ms Sync   49 ms | Sent   864 kB Recv  1191 kB |  analytic
🔶 Pred  157 ms Sync   44 ms | Sent   864 kB Recv  1191 kB |  proof
🔶 Pred  140 ms Sync   18 ms | Sent   864 kB Recv  1191 kB |  rather
🔶 Pred  140 ms Sync   17 ms | Sent   864 kB Recv  1191 kB |  than
🔶 Pred  139 ms Sync   24 ms | Sent   864 kB Recv  1191 kB |  top
🔶 Pred  140 ms Sync   19 ms | Sent   864 kB Recv  1191 kB | ological
🔶 Pred  140 ms Sync   18 ms | Sent   864 kB Recv  1191 kB | .


🔶 Pred  139 ms Sync   19 ms | Sent   864 kB Recv  1191 kB | Wait
🔶 Pred  142 ms Sync   18 ms | Sent   864 kB Recv  1191 kB | ,
🔶 Pred  186 ms Sync   17 ms | Sent   864 kB Recv  1191 kB |  maybe
🔶 Pred  176 ms Sync   20 ms | Sent   864 kB Recv  1191 kB |  the
🔶 Pred  141 ms Sync   18 ms | Sent   864 kB Recv  1191 kB |  top
🔶 Pred  139 ms Sync   20 ms | Sent   864 kB Recv  1191 kB | ological
🔶 Pred  139 ms Sync   17 ms | Sent   864 kB Recv  1191 kB |  proof
🔶 Pred  139 ms Sync   20 ms | Sent   864 kB Recv  1191 kB |  is
🔶 Pred  141 ms Sync   17 ms | Sent   864 kB Recv  1191 kB |  about
🔶 Pred  139 ms Sync   18 ms | Sent   864 kB Recv  1191 kB |  the
🔶 Pred  199 ms Sync   81 ms | Sent   864 kB Recv  1191 kB |  set
🔶 Pred  157 ms Sync   49 ms | Sent   864 kB Recv  1191 kB |  of
🔶 Pred  142 ms Sync   22 ms | Sent   864 kB Recv  1191 kB |  primes
🔶 Pred  144 ms Sync   17 ms | Sent   864 kB Recv  1191 kB |  being
🔶 Pred  139 ms Sync   22 ms | Sent   864 kB Recv  1191 kB |  closed
🔶 Pred  142 ms Sync   19 ms | Sent   864 kB Recv  1191 kB |  under
🔶 Pred  141 ms Sync   17 ms | Sent   864 kB Recv  1191 kB |  some
🔶 Pred  142 ms Sync   17 ms | Sent   864 kB Recv  1191 kB |  operations
🔶 Pred  141 ms Sync   19 ms | Sent   864 kB Recv  1191 kB | ,
🔶 Pred  138 ms Sync   23 ms | Sent   864 kB Recv  1191 kB |  but
🔶 Pred  140 ms Sync   21 ms | Sent   864 kB Recv  1191 kB |  I
🔶 Pred  142 ms Sync   18 ms | Sent   864 kB Recv  1191 kB |  don
🔶 Pred  140 ms Sync   19 ms | Sent   864 kB Recv  1191 kB | 't
🔶 Pred  141 ms Sync   19 ms | Sent   864 kB Recv  1191 kB |  see
🔶 Pred  140 ms Sync   18 ms | Sent   864 kB Recv  1191 kB |  how
🔶 Pred  140 ms Sync   17 ms | Sent   864 kB Recv  1191 kB |  that
🔶 Pred  139 ms Sync   25 ms | Sent   864 kB Recv  1191 kB |  helps
🔶 Pred  173 ms Sync   66 ms | Sent   864 kB Recv  1191 kB | .


🔶 Pred  176 ms Sync   19 ms | Sent   864 kB Recv  1191 kB | Alternatively
🔶 Pred  163 ms Sync   50 ms | Sent   864 kB Recv  1191 kB | ,
🔶 Pred  153 ms Sync   22 ms | Sent   864 kB Recv  1191 kB |  maybe
🔶 Pred  202 ms Sync   19 ms | Sent   864 kB Recv  1191 kB |  it
🔶 Pred  143 ms Sync   38 ms | Sent   864 kB Recv  1191 kB | 's
🔶 Pred  144 ms Sync   18 ms | Sent   864 kB Recv  1191 kB |  about
🔶 Pred  140 ms Sync   18 ms | Sent   864 kB Recv  1191 kB |  the
🔶 Pred  141 ms Sync   18 ms | Sent   864 kB Recv  1191 kB |  fact
🔶 Pred  140 ms Sync   23 ms | Sent   864 kB Recv  1191 kB |  that
🔶 Pred  140 ms Sync   22 ms | Sent   864 kB Recv  1191 kB |  the
🔶 Pred  141 ms Sync   19 ms | Sent   864 kB Recv  1191 kB |  set
🔶 Pred  141 ms Sync   21 ms | Sent   864 kB Recv  1191 kB |  of
🔶 Pred  141 ms Sync   18 ms | Sent   864 kB Recv  1191 kB |  primes
🔶 Pred  141 ms Sync   19 ms | Sent   864 kB Recv  1191 kB |  is
🔶 Pred  139 ms Sync   22 ms | Sent   864 kB Recv  1191 kB |  perfect
🔶 Pred  140 ms Sync   18 ms | Sent   864 kB Recv  1191 kB | ,
🔶 Pred  266 ms Sync   41 ms | Sent   864 kB Recv  1191 kB |  hence
🔶 Pred  142 ms Sync   15 ms | Sent   864 kB Recv  1191 kB |  has
🔶 Pred  169 ms Sync   45 ms | Sent   864 kB Recv  1191 kB |  the
🔶 Pred  141 ms Sync   20 ms | Sent   864 kB Recv  1191 kB |  property
🔶 Pred  141 ms Sync   19 ms | Sent   864 kB Recv  1191 kB |  that
🔶 Pred  141 ms Sync   20 ms | Sent   864 kB Recv  1191 kB |  every
🔶 Pred  142 ms Sync   17 ms | Sent   864 kB Recv  1191 kB |  open
🔶 Pred  140 ms Sync   18 ms | Sent   864 kB Recv  1191 kB |  set
🔶 Pred  141 ms Sync   19 ms | Sent   864 kB Recv  1191 kB |  intersects
🔶 Pred  146 ms Sync   19 ms | Sent   864 kB Recv  1191 kB |  it
🔶 Pred  144 ms Sync   18 ms | Sent   864 kB Recv  1191 kB |  non
🔶 Pred  141 ms Sync   21 ms | Sent   864 kB Recv  1191 kB | -tr
🔶 Pred  142 ms Sync   18 ms | Sent   864 kB Recv  1191 kB | ivial
🔶 Pred  140 ms Sync   19 ms | Sent   864 kB Recv  1191 kB | ly
🔶 Pred  146 ms Sync   18 ms | Sent   864 kB Recv  1191 kB | ,
🔶 Pred  157 ms Sync   18 ms | Sent   864 kB Recv  1191 kB |  implying
🔶 Pred  190 ms Sync   24 ms | Sent   864 kB Recv  1191 kB |  that
🔶 Pred  187 ms Sync   96 ms | Sent   864 kB Recv  1191 kB |  there
🔶 Pred  155 ms Sync   18 ms | Sent   864 kB Recv  1191 kB |  are
🔶 Pred  166 ms Sync   58 ms | Sent   864 kB Recv  1191 kB |  infinitely
🔶 Pred  141 ms Sync   19 ms | Sent   864 kB Recv  1191 kB |  many
🔶 Pred  142 ms Sync   21 ms | Sent   864 kB Recv  1191 kB |  primes
🔶 Pred  143 ms Sync   21 ms | Sent   864 kB Recv  1191 kB | .


🔶 Pred  142 ms Sync   16 ms | Sent   864 kB Recv  1191 kB | Wait
🔶 Pred  141 ms Sync   19 ms | Sent   864 kB Recv  1191 kB | ,
🔶 Pred  142 ms Sync   18 ms | Sent   864 kB Recv  1191 kB |  that
🔶 Pred  140 ms Sync   22 ms | Sent   864 kB Recv  1191 kB |  could
🔶 Pred  141 ms Sync   19 ms | Sent   864 kB Recv  1191 kB |  be
🔶 Pred  142 ms Sync   25 ms | Sent   864 kB Recv  1191 kB | .
🔶 Pred  142 ms Sync   19 ms | Sent   864 kB Recv  1191 kB |  If
🔶 Pred  141 ms Sync   17 ms | Sent   864 kB Recv  1191 kB |  the
🔶 Pred  141 ms Sync   21 ms | Sent   864 kB Recv  1191 kB |  set
🔶 Pred  141 ms Sync   17 ms | Sent   864 kB Recv  1191 kB |  of
🔶 Pred  140 ms Sync   18 ms | Sent   864 kB Recv  1191 kB |  primes
🔶 Pred  174 ms Sync   34 ms | Sent   864 kB Recv  1191 kB |  were
🔶 Pred  164 ms Sync   34 ms | Sent   864 kB Recv  1191 kB |  finite
🔶 Pred  161 ms Sync   49 ms | Sent   864 kB Recv  1191 kB | ,
🔶 Pred  141 ms Sync   20 ms | Sent   864 kB Recv  1191 kB |  then
🔶 Pred  140 ms Sync   17 ms | Sent   864 kB Recv  1191 kB |  beyond
🔶 Pred  140 ms Sync   21 ms | Sent   864 kB Recv  1191 kB |  a
🔶 Pred  139 ms Sync   19 ms | Sent   864 kB Recv  1191 kB |  certain
🔶 Pred  141 ms Sync   18 ms | Sent   864 kB Recv  1191 kB |  point
🔶 Pred  141 ms Sync   17 ms | Sent   864 kB Recv  1191 kB | ,
🔶 Pred  141 ms Sync   20 ms | Sent   864 kB Recv  1191 kB |  every
🔶 Pred  237 ms Sync   16 ms | Sent   864 kB Recv  1191 kB |  open
🔶 Pred  143 ms Sync   18 ms | Sent   864 kB Recv  1191 kB |  set
🔶 Pred  141 ms Sync   19 ms | Sent   864 kB Recv  1191 kB |  would
🔶 Pred  141 ms Sync   21 ms | Sent   864 kB Recv  1191 kB |  miss
🔶 Pred  140 ms Sync   21 ms | Sent   864 kB Recv  1191 kB |  them
🔶 Pred  141 ms Sync   17 ms | Sent   864 kB Recv  1191 kB | ,
🔶 Pred  141 ms Sync   20 ms | Sent   864 kB Recv  1191 kB |  contradict
🔶 Pred  164 ms Sync   33 ms | Sent   864 kB Recv  1191 kB | ing
🔶 Pred  172 ms Sync   54 ms | Sent   864 kB Recv  1191 kB |  the
🔶 Pred  166 ms Sync   42 ms | Sent   864 kB Recv  1191 kB |  perfect
🔶 Pred  140 ms Sync   20 ms | Sent   864 kB Recv  1191 kB | ness
🔶 Pred  142 ms Sync   17 ms | Sent   864 kB Recv  1191 kB | .


🔶 Pred  140 ms Sync   28 ms | Sent   864 kB Recv  1191 kB | But
🔶 Pred  143 ms Sync   17 ms | Sent   864 kB Recv  1191 kB |  I
🔶 Pred  141 ms Sync   19 ms | Sent   864 kB Recv  1191 kB | 'm
🔶 Pred  145 ms Sync   23 ms | Sent   864 kB Recv  1191 kB |  not
🔶 Pred  143 ms Sync   20 ms | Sent   864 kB Recv  1191 kB |  entirely
🔶 Pred  142 ms Sync   17 ms | Sent   864 kB Recv  1191 kB |  sure
🔶 Pred  140 ms Sync   18 ms | Sent   864 kB Recv  1191 kB | .
🔶 Pred  142 ms Sync   17 ms | Sent   864 kB Recv  1191 kB |  Maybe
🔶 Pred  142 ms Sync   19 ms | Sent   864 kB Recv  1191 kB |  I
🔶 Pred  143 ms Sync   19 ms | Sent   864 kB Recv  1191 kB |  should
🔶 Pred  140 ms Sync   21 ms | Sent   864 kB Recv  1191 kB |  look
🔶 Pred  142 ms Sync   22 ms | Sent   864 kB Recv  1191 kB |  for
🔶 Pred  140 ms Sync   21 ms | Sent   864 kB Recv  1191 kB |  another
🔶 Pred  194 ms Sync   90 ms | Sent   864 kB Recv  1191 kB |  way
🔶 Pred  143 ms Sync   24 ms | Sent   864 kB Recv  1191 kB | .


🔶 Pred  165 ms Sync   46 ms | Sent   864 kB Recv  1191 kB | Alternatively
🔶 Pred  195 ms Sync   16 ms | Sent   864 kB Recv  1191 kB | ,
🔶 Pred  208 ms Sync   20 ms | Sent   864 kB Recv  1191 kB |  perhaps
🔶 Pred  142 ms Sync   18 ms | Sent   864 kB Recv  1191 kB |  the
🔶 Pred  141 ms Sync   22 ms | Sent   864 kB Recv  1191 kB |  top
🔶 Pred  142 ms Sync   19 ms | Sent   864 kB Recv  1191 kB | ological
🔶 Pred  143 ms Sync   20 ms | Sent   864 kB Recv  1191 kB |  proof
🔶 Pred  143 ms Sync   19 ms | Sent   864 kB Recv  1191 kB |  uses
🔶 Pred  142 ms Sync   19 ms | Sent   864 kB Recv  1191 kB |  the
🔶 Pred  143 ms Sync   19 ms | Sent   864 kB Recv  1191 kB |  concept
🔶 Pred  141 ms Sync   20 ms | Sent   864 kB Recv  1191 kB |  of
🔶 Pred  141 ms Sync   23 ms | Sent   864 kB Recv  1191 kB |  the
🔶 Pred  142 ms Sync   19 ms | Sent   864 kB Recv  1191 kB |  limit
🔶 Pred  143 ms Sync   17 ms | Sent   864 kB Recv  1191 kB |  points
🔶 Pred  161 ms Sync   22 ms | Sent   864 kB Recv  1191 kB | .
🔶 Pred  188 ms Sync  126 ms | Sent   864 kB Recv  1191 kB |  If
🔶 Pred  157 ms Sync   58 ms | Sent   864 kB Recv  1191 kB |  primes
🔶 Pred  141 ms Sync   19 ms | Sent   864 kB Recv  1191 kB |  were
🔶 Pred  142 ms Sync   22 ms | Sent   864 kB Recv  1191 kB |  finite
🔶 Pred  141 ms Sync   21 ms | Sent   864 kB Recv  1191 kB | ,
🔶 Pred  142 ms Sync   19 ms | Sent   864 kB Recv  1191 kB |  then
🔶 Pred  139 ms Sync   22 ms | Sent   864 kB Recv  1191 kB |  their
🔶 Pred  142 ms Sync   19 ms | Sent   864 kB Recv  1191 kB |  limit
🔶 Pred  141 ms Sync   20 ms | Sent   864 kB Recv  1191 kB |  points
🔶 Pred  142 ms Sync   22 ms | Sent   864 kB Recv  1191 kB |  would
🔶 Pred  142 ms Sync   21 ms | Sent   864 kB Recv  1191 kB |  be
🔶 Pred  142 ms Sync   19 ms | Sent   864 kB Recv  1191 kB |  finite
🔶 Pred  142 ms Sync   17 ms | Sent   864 kB Recv  1191 kB | ,
🔶 Pred  142 ms Sync   22 ms | Sent   864 kB Recv  1191 kB |  but
🔶 Pred  167 ms Sync   33 ms | Sent   864 kB Recv  1191 kB |  in
🔶 Pred  208 ms Sync   21 ms | Sent   864 kB Recv  1191 kB |  reality
🔶 Pred  199 ms Sync   81 ms | Sent   864 kB Recv  1191 kB | ,
🔶 Pred  163 ms Sync   43 ms | Sent   864 kB Recv  1191 kB |  primes
🔶 Pred  146 ms Sync   16 ms | Sent   864 kB Recv  1191 kB |  can
🔶 Pred  142 ms Sync   19 ms | Sent   864 kB Recv  1191 kB |  be
🔶 Pred  143 ms Sync   19 ms | Sent   864 kB Recv  1191 kB |  found
🔶 Pred  144 ms Sync   17 ms | Sent   864 kB Recv  1191 kB |  arbitrarily
🔶 Pred  142 ms Sync   18 ms | Sent   864 kB Recv  1191 kB |  large
🔶 Pred  141 ms Sync   20 ms | Sent   864 kB Recv  1191 kB | ,
🔶 Pred  143 ms Sync   17 ms | Sent   864 kB Recv  1191 kB |  so
🔶 Pred  144 ms Sync   17 ms | Sent   864 kB Recv  1191 kB |  the
🔶 Pred  142 ms Sync   23 ms | Sent   864 kB Recv  1191 kB |  set
🔶 Pred  141 ms Sync   24 ms | Sent   864 kB Recv  1191 kB |  is
🔶 Pred  143 ms Sync   17 ms | Sent   864 kB Recv  1191 kB |  un
🔶 Pred  142 ms Sync   19 ms | Sent   864 kB Recv  1191 kB | bounded
🔶 Pred  142 ms Sync   19 ms | Sent   864 kB Recv  1191 kB | ,
🔶 Pred  144 ms Sync   17 ms | Sent   864 kB Recv  1191 kB |  hence
🔶 Pred  142 ms Sync   18 ms | Sent   864 kB Recv  1191 kB |  infinite
🔶 Pred  195 ms Sync   73 ms | Sent   864 kB Recv  1191 kB | .


🔶 Pred  165 ms Sync   19 ms | Sent   864 kB Recv  1191 kB | Wait
🔶 Pred  166 ms Sync   44 ms | Sent   864 kB Recv  1191 kB | ,
🔶 Pred  142 ms Sync   19 ms | Sent   864 kB Recv  1191 kB |  that
🔶 Pred  148 ms Sync   19 ms | Sent   864 kB Recv  1191 kB |  makes
🔶 Pred  146 ms Sync   18 ms | Sent   864 kB Recv  1191 kB |  sense
🔶 Pred  144 ms Sync   15 ms | Sent   864 kB Recv  1191 kB | .
🔶 Pred  142 ms Sync   19 ms | Sent   864 kB Recv  1191 kB |  If
🔶 Pred  142 ms Sync   18 ms | Sent   864 kB Recv  1191 kB |  primes
🔶 Pred  161 ms Sync   18 ms | Sent   864 kB Recv  1191 kB |  were
🔶 Pred  197 ms Sync   18 ms | Sent   864 kB Recv  1191 kB |  finite
🔶 Pred  143 ms Sync   18 ms | Sent   864 kB Recv  1191 kB | ,
🔶 Pred  143 ms Sync   18 ms | Sent   864 kB Recv  1191 kB |  their
🔶 Pred  143 ms Sync   18 ms | Sent   864 kB Recv  1191 kB |  limit
🔶 Pred  142 ms Sync   24 ms | Sent   864 kB Recv  1191 kB |  points
🔶 Pred  143 ms Sync   18 ms | Sent   864 kB Recv  1191 kB |  would
🔶 Pred  142 ms Sync   19 ms | Sent   864 kB Recv  1191 kB |  be
🔶 Pred  192 ms Sync   76 ms | Sent   864 kB Recv  1191 kB |  a
🔶 Pred  142 ms Sync   18 ms | Sent   864 kB Recv  1191 kB |  finite
🔶 Pred  162 ms Sync   48 ms | Sent   864 kB Recv  1191 kB |  set
🔶 Pred  143 ms Sync   16 ms | Sent   864 kB Recv  1191 kB | ,
🔶 Pred  143 ms Sync   18 ms | Sent   864 kB Recv  1191 kB |  but
🔶 Pred  143 ms Sync   21 ms | Sent   864 kB Recv  1191 kB |  since
🔶 Pred  143 ms Sync   23 ms | Sent   864 kB Recv  1191 kB |  primes
🔶 Pred  144 ms Sync   17 ms | Sent   864 kB Recv  1191 kB |  can
🔶 Pred  143 ms Sync   21 ms | Sent   864 kB Recv  1191 kB |  be
🔶 Pred  142 ms Sync   21 ms | Sent   864 kB Recv  1191 kB |  found
🔶 Pred  145 ms Sync   20 ms | Sent   864 kB Recv  1191 kB |  beyond
🔶 Pred  142 ms Sync   18 ms | Sent   864 kB Recv  1191 kB |  any
🔶 Pred  144 ms Sync   20 ms | Sent   864 kB Recv  1191 kB |  bound
🔶 Pred  146 ms Sync   21 ms | Sent   864 kB Recv  1191 kB | ,
🔶 Pred  146 ms Sync   20 ms | Sent   864 kB Recv  1191 kB |  the
🔶 Pred  143 ms Sync   20 ms | Sent   864 kB Recv  1191 kB |  set
🔶 Pred  147 ms Sync   18 ms | Sent   864 kB Recv  1191 kB |  of
🔶 Pred  188 ms Sync   52 ms | Sent   864 kB Recv  1191 kB |  primes
🔶 Pred  165 ms Sync   44 ms | Sent   864 kB Recv  1191 kB |  is
🔶 Pred  160 ms Sync   45 ms | Sent   864 kB Recv  1191 kB |  un
🔶 Pred  176 ms Sync   28 ms | Sent   864 kB Recv  1191 kB | bounded
🔶 Pred  218 ms Sync   25 ms | Sent   864 kB Recv  1191 kB | ,
🔶 Pred  143 ms Sync   18 ms | Sent   864 kB Recv  1191 kB |  hence
🔶 Pred  143 ms Sync   17 ms | Sent   864 kB Recv  1191 kB |  there
🔶 Pred  143 ms Sync   17 ms | Sent   864 kB Recv  1191 kB |  are
🔶 Pred  142 ms Sync   19 ms | Sent   864 kB Recv  1191 kB |  infinitely
🔶 Pred  144 ms Sync   18 ms | Sent   864 kB Recv  1191 kB |  many
🔶 Pred  141 ms Sync   23 ms | Sent   864 kB Recv  1191 kB | .


🔶 Pred  140 ms Sync   20 ms | Sent   864 kB Recv  1191 kB | But
🔶 Pred  142 ms Sync   20 ms | Sent   864 kB Recv  1191 kB |  how
🔶 Pred  143 ms Sync   21 ms | Sent   864 kB Recv  1191 kB |  does
🔶 Pred  144 ms Sync   18 ms | Sent   864 kB Recv  1191 kB |  that
🔶 Pred  142 ms Sync   19 ms | Sent   864 kB Recv  1191 kB |  translate
🔶 Pred  143 ms Sync   19 ms | Sent   864 kB Recv  1191 kB |  into
🔶 Pred  189 ms Sync  114 ms | Sent   864 kB Recv  1191 kB |  a
🔶 Pred  155 ms Sync   20 ms | Sent   864 kB Recv  1191 kB |  proof
🔶 Pred  150 ms Sync   53 ms | Sent   864 kB Recv  1191 kB | ?
🔶 Pred  144 ms Sync   22 ms | Sent   864 kB Recv  1191 kB |  Maybe
🔶 Pred  142 ms Sync   20 ms | Sent   864 kB Recv  1191 kB |  by
🔶 Pred  143 ms Sync   18 ms | Sent   864 kB Recv  1191 kB |  contradiction
🔶 Pred  144 ms Sync   16 ms | Sent   864 kB Recv  1191 kB | :
🔶 Pred  142 ms Sync   20 ms | Sent   864 kB Recv  1191 kB |  assume
🔶 Pred  144 ms Sync   18 ms | Sent   864 kB Recv  1191 kB |  primes
🔶 Pred  146 ms Sync   18 ms | Sent   864 kB Recv  1191 kB |  are
🔶 Pred  142 ms Sync   22 ms | Sent   864 kB Recv  1191 kB |  finite
🔶 Pred  144 ms Sync   19 ms | Sent   864 kB Recv  1191 kB | ,
🔶 Pred  143 ms Sync   20 ms | Sent   864 kB Recv  1191 kB |  then
🔶 Pred  143 ms Sync   17 ms | Sent   864 kB Recv  1191 kB |  their
🔶 Pred  144 ms Sync   17 ms | Sent   864 kB Recv  1191 kB |  limit
🔶 Pred  184 ms Sync   16 ms | Sent   864 kB Recv  1191 kB |  points
🔶 Pred  182 ms Sync   17 ms | Sent   864 kB Recv  1191 kB |  are
🔶 Pred  216 ms Sync   77 ms | Sent   864 kB Recv  1191 kB |  finite
🔶 Pred  166 ms Sync   89 ms | Sent   864 kB Recv  1191 kB | ,
🔶 Pred  144 ms Sync   36 ms | Sent   864 kB Recv  1191 kB |  so
🔶 Pred  144 ms Sync   21 ms | Sent   864 kB Recv  1191 kB |  beyond
🔶 Pred  144 ms Sync   17 ms | Sent   864 kB Recv  1191 kB |  some
🔶 Pred  146 ms Sync   19 ms | Sent   864 kB Recv  1191 kB |  point
🔶 Pred  146 ms Sync   18 ms | Sent   864 kB Recv  1191 kB | ,
🔶 Pred  145 ms Sync   23 ms | Sent   864 kB Recv  1191 kB |  no
🔶 Pred  144 ms Sync   18 ms | Sent   864 kB Recv  1191 kB |  primes
🔶 Pred  145 ms Sync   18 ms | Sent   864 kB Recv  1191 kB |  exist
🔶 Pred  144 ms Sync   21 ms | Sent   864 kB Recv  1191 kB | ,
🔶 Pred  142 ms Sync   24 ms | Sent   864 kB Recv  1191 kB |  which
🔶 Pred  143 ms Sync   20 ms | Sent   864 kB Recv  1191 kB |  contrad
🔶 Pred  144 ms Sync   19 ms | Sent   864 kB Recv  1191 kB | icts
🔶 Pred  143 ms Sync   17 ms | Sent   864 kB Recv  1191 kB |  the
🔶 Pred  143 ms Sync   19 ms | Sent   864 kB Recv  1191 kB |  fact
🔶 Pred  168 ms Sync   20 ms | Sent   864 kB Recv  1191 kB |  that
🔶 Pred  172 ms Sync   94 ms | Sent   864 kB Recv  1191 kB |  we
🔶 Pred  165 ms Sync   46 ms | Sent   864 kB Recv  1191 kB |  can
🔶 Pred  144 ms Sync   23 ms | Sent   864 kB Recv  1191 kB |  find
🔶 Pred  144 ms Sync   19 ms | Sent   864 kB Recv  1191 kB |  primes
🔶 Pred  143 ms Sync   22 ms | Sent   864 kB Recv  1191 kB |  beyond
🔶 Pred  144 ms Sync   19 ms | Sent   864 kB Recv  1191 kB |  any
🔶 Pred  145 ms Sync   37 ms | Sent   864 kB Recv  1191 kB |  point
🔶 Pred  144 ms Sync   19 ms | Sent   864 kB Recv  1191 kB | .


🔶 Pred  171 ms Sync   21 ms | Sent   864 kB Recv  1191 kB | Therefore
🔶 Pred  196 ms Sync   17 ms | Sent   864 kB Recv  1191 kB | ,
🔶 Pred  143 ms Sync   22 ms | Sent   864 kB Recv  1191 kB |  the
🔶 Pred  142 ms Sync   23 ms | Sent   864 kB Recv  1191 kB |  set
🔶 Pred  143 ms Sync   17 ms | Sent   864 kB Recv  1191 kB |  of
🔶 Pred  144 ms Sync   19 ms | Sent   864 kB Recv  1191 kB |  primes
🔶 Pred  145 ms Sync   18 ms | Sent   864 kB Recv  1191 kB |  must
🔶 Pred  143 ms Sync   18 ms | Sent   864 kB Recv  1191 kB |  be
🔶 Pred  186 ms Sync   77 ms | Sent   864 kB Recv  1191 kB |  un
🔶 Pred  143 ms Sync   20 ms | Sent   864 kB Recv  1191 kB | bounded
🔶 Pred  144 ms Sync   94 ms | Sent   864 kB Recv  1191 kB | ,
🔶 Pred  143 ms Sync   18 ms | Sent   864 kB Recv  1191 kB |  hence
🔶 Pred  144 ms Sync   21 ms | Sent   864 kB Recv  1191 kB |  infinite
🔶 Pred  142 ms Sync   20 ms | Sent   864 kB Recv  1191 kB | .


🔶 Pred  142 ms Sync   21 ms | Sent   864 kB Recv  1191 kB | That
🔶 Pred  143 ms Sync   21 ms | Sent   864 kB Recv  1191 kB |  seems
🔶 Pred  143 ms Sync   17 ms | Sent   864 kB Recv  1191 kB |  plausible
🔶 Pred  144 ms Sync   22 ms | Sent   864 kB Recv  1191 kB | .
🔶 Pred  143 ms Sync   26 ms | Sent   864 kB Recv  1191 kB |  So
🔶 Pred  144 ms Sync   26 ms | Sent   864 kB Recv  1191 kB | ,
🔶 Pred  143 ms Sync   24 ms | Sent   864 kB Recv  1191 kB |  the
🔶 Pred  143 ms Sync   18 ms | Sent   864 kB Recv  1191 kB |  top
🔶 Pred  143 ms Sync   19 ms | Sent   864 kB Recv  1191 kB | ological
🔶 Pred  143 ms Sync   18 ms | Sent   864 kB Recv  1191 kB |  proof
🔶 Pred  143 ms Sync   22 ms | Sent   864 kB Recv  1191 kB |  would
🔶 Pred  203 ms Sync   68 ms | Sent   864 kB Recv  1191 kB |  argue
🔶 Pred  148 ms Sync   17 ms | Sent   864 kB Recv  1191 kB |  that
🔶 Pred  165 ms Sync   50 ms | Sent   864 kB Recv  1191 kB |  if
🔶 Pred  189 ms Sync   18 ms | Sent   864 kB Recv  1191 kB |  primes
🔶 Pred  175 ms Sync   18 ms | Sent   864 kB Recv  1191 kB |  were
🔶 Pred  147 ms Sync   17 ms | Sent   864 kB Recv  1191 kB |  finite
🔶 Pred  145 ms Sync   18 ms | Sent   864 kB Recv  1191 kB | ,
🔶 Pred  143 ms Sync   25 ms | Sent   864 kB Recv  1191 kB |  their
🔶 Pred  143 ms Sync   22 ms | Sent   864 kB Recv  1191 kB |  limit
🔶 Pred  145 ms Sync   21 ms | Sent   864 kB Recv  1191 kB |  points
🔶 Pred  143 ms Sync   22 ms | Sent   864 kB Recv  1191 kB |  would
🔶 Pred  145 ms Sync   19 ms | Sent   864 kB Recv  1191 kB |  be
🔶 Pred  144 ms Sync   20 ms | Sent   864 kB Recv  1191 kB |  finite
🔶 Pred  144 ms Sync   18 ms | Sent   864 kB Recv  1191 kB | ,
🔶 Pred  144 ms Sync   20 ms | Sent   864 kB Recv  1191 kB |  hence
🔶 Pred  144 ms Sync   18 ms | Sent   864 kB Recv  1191 kB |  beyond
🔶 Pred  142 ms Sync   20 ms | Sent   864 kB Recv  1191 kB |  some
🔶 Pred  186 ms Sync   87 ms | Sent   864 kB Recv  1191 kB |  point
🔶 Pred  145 ms Sync   19 ms | Sent   864 kB Recv  1191 kB | ,
🔶 Pred  162 ms Sync   48 ms | Sent   864 kB Recv  1191 kB |  no
🔶 Pred  144 ms Sync   18 ms | Sent   864 kB Recv  1191 kB |  primes
🔶 Pred  145 ms Sync   21 ms | Sent   864 kB Recv  1191 kB |  exist
🔶 Pred  147 ms Sync   16 ms | Sent   864 kB Recv  1191 kB | ,
🔶 Pred  143 ms Sync   20 ms | Sent   864 kB Recv  1191 kB |  which
🔶 Pred  147 ms Sync   17 ms | Sent   864 kB Recv  1191 kB |  contrad
🔶 Pred  146 ms Sync   17 ms | Sent   864 kB Recv  1191 kB | icts
🔶 Pred  149 ms Sync   16 ms | Sent   864 kB Recv  1191 kB |  the
🔶 Pred  161 ms Sync   14 ms | Sent   864 kB Recv  1191 kB |  fact
🔶 Pred  147 ms Sync   35 ms | Sent   864 kB Recv  1191 kB |  that
🔶 Pred  143 ms Sync   18 ms | Sent   864 kB Recv  1191 kB |  we
🔶 Pred  144 ms Sync   19 ms | Sent   864 kB Recv  1191 kB |  can
🔶 Pred  145 ms Sync   17 ms | Sent   864 kB Recv  1191 kB |  always
🔶 Pred  174 ms Sync   18 ms | Sent   864 kB Recv  1191 kB |  find
🔶 Pred  219 ms Sync   63 ms | Sent   864 kB Recv  1191 kB |  primes
🔶 Pred  174 ms Sync   90 ms | Sent   864 kB Recv  1191 kB | .
🔶 Pred  167 ms Sync   39 ms | Sent   864 kB Recv  1191 kB |  Therefore
🔶 Pred  146 ms Sync   28 ms | Sent   864 kB Recv  1191 kB | ,
🔶 Pred  146 ms Sync   20 ms | Sent   864 kB Recv  1191 kB |  primes
🔶 Pred  146 ms Sync   18 ms | Sent   864 kB Recv  1191 kB |  must
🔶 Pred  144 ms Sync   22 ms | Sent   864 kB Recv  1191 kB |  be
🔶 Pred  144 ms Sync   24 ms | Sent   864 kB Recv  1191 kB |  infinite
🔶 Pred  144 ms Sync   19 ms | Sent   864 kB Recv  1191 kB | .


🔶 Pred  145 ms Sync   19 ms | Sent   864 kB Recv  1191 kB | Okay
🔶 Pred  145 ms Sync   17 ms | Sent   864 kB Recv  1191 kB | ,
🔶 Pred  145 ms Sync   21 ms | Sent   864 kB Recv  1191 kB |  so
🔶 Pred  143 ms Sync   20 ms | Sent   864 kB Recv  1191 kB |  that
🔶 Pred  148 ms Sync   21 ms | Sent   864 kB Recv  1191 kB | 's
🔶 Pred  148 ms Sync   23 ms | Sent   864 kB Recv  1191 kB |  a
🔶 Pred  146 ms Sync   25 ms | Sent   864 kB Recv  1191 kB |  rough
🔶 Pred  144 ms Sync   19 ms | Sent   864 kB Recv  1191 kB |  idea
🔶 Pred  204 ms Sync   76 ms | Sent   864 kB Recv  1191 kB |  of
🔶 Pred  145 ms Sync   17 ms | Sent   864 kB Recv  1191 kB |  the
🔶 Pred  157 ms Sync   60 ms | Sent   864 kB Recv  1191 kB |  top
🔶 Pred  148 ms Sync   17 ms | Sent   864 kB Recv  1191 kB | ological
🔶 Pred  144 ms Sync   19 ms | Sent   864 kB Recv  1191 kB |  proof
🔶 Pred  145 ms Sync   23 ms | Sent   864 kB Recv  1191 kB | .


🔶 Pred  145 ms Sync   20 ms | Sent   864 kB Recv  1191 kB | Now
🔶 Pred  144 ms Sync   23 ms | Sent   864 kB Recv  1191 kB | ,
🔶 Pred  145 ms Sync   19 ms | Sent   864 kB Recv  1191 kB |  comparing
🔶 Pred  147 ms Sync   17 ms | Sent   864 kB Recv  1191 kB |  the
🔶 Pred  165 ms Sync   16 ms | Sent   864 kB Recv  1191 kB |  three
🔶 Pred  231 ms Sync   25 ms | Sent   864 kB Recv  1191 kB |  proofs
🔶 Pred  146 ms Sync   16 ms | Sent   864 kB Recv  1191 kB | :


🔶 Pred  145 ms Sync   19 ms | Sent   864 kB Recv  1191 kB | -
🔶 Pred  144 ms Sync   19 ms | Sent   864 kB Recv  1191 kB |  Eu
🔶 Pred  145 ms Sync   20 ms | Sent   864 kB Recv  1191 kB | clid
🔶 Pred  144 ms Sync   19 ms | Sent   864 kB Recv  1191 kB | 's
🔶 Pred  197 ms Sync   77 ms | Sent   864 kB Recv  1191 kB |  and
🔶 Pred  145 ms Sync   19 ms | Sent   864 kB Recv  1191 kB |  Euler
🔶 Pred  163 ms Sync   59 ms | Sent   864 kB Recv  1191 kB | 's
🔶 Pred  146 ms Sync   18 ms | Sent   864 kB Recv  1191 kB |  proofs
🔶 Pred  144 ms Sync   22 ms | Sent   864 kB Recv  1191 kB |  are
🔶 Pred  146 ms Sync   18 ms | Sent   864 kB Recv  1191 kB |  similar
🔶 Pred  144 ms Sync   20 ms | Sent   864 kB Recv  1191 kB | ,
🔶 Pred  144 ms Sync   19 ms | Sent   864 kB Recv  1191 kB |  both
🔶 Pred  146 ms Sync   18 ms | Sent   864 kB Recv  1191 kB |  assuming
🔶 Pred  145 ms Sync   20 ms | Sent   864 kB Recv  1191 kB |  fin
🔶 Pred  145 ms Sync   18 ms | Sent   864 kB Recv  1191 kB | it
🔶 Pred  144 ms Sync   20 ms | Sent   864 kB Recv  1191 kB | ely
🔶 Pred  145 ms Sync   17 ms | Sent   864 kB Recv  1191 kB |  many
🔶 Pred  146 ms Sync   16 ms | Sent   864 kB Recv  1191 kB |  primes
🔶 Pred  147 ms Sync   20 ms | Sent   864 kB Recv  1191 kB |  and
🔶 Pred  144 ms Sync   20 ms | Sent   864 kB Recv  1191 kB |  constructing
🔶 Pred  145 ms Sync   19 ms | Sent   864 kB Recv  1191 kB |  N
🔶 Pred  173 ms Sync   55 ms | Sent   864 kB Recv  1191 kB |  to
🔶 Pred  202 ms Sync   84 ms | Sent   864 kB Recv  1191 kB |  show
🔶 Pred  212 ms Sync   54 ms | Sent   864 kB Recv  1191 kB |  a
🔶 Pred  210 ms Sync   20 ms | Sent   864 kB Recv  1191 kB |  contradiction
🔶 Pred  146 ms Sync   18 ms | Sent   864 kB Recv  1191 kB | .


🔶 Pred  147 ms Sync   20 ms | Sent   864 kB Recv  1191 kB | -
🔶 Pred  148 ms Sync   20 ms | Sent   864 kB Recv  1191 kB |  The
🔶 Pred  148 ms Sync   19 ms | Sent   864 kB Recv  1191 kB |  top
🔶 Pred  146 ms Sync   17 ms | Sent   864 kB Recv  1191 kB | ological
🔶 Pred  145 ms Sync   18 ms | Sent   864 kB Recv  1191 kB |  proof
🔶 Pred  145 ms Sync   20 ms | Sent   864 kB Recv  1191 kB |  is
🔶 Pred  144 ms Sync   20 ms | Sent   864 kB Recv  1191 kB |  more
🔶 Pred  146 ms Sync   19 ms | Sent   864 kB Recv  1191 kB |  advanced
🔶 Pred  146 ms Sync   19 ms | Sent   864 kB Recv  1191 kB | ,
🔶 Pred  148 ms Sync   17 ms | Sent   864 kB Recv  1191 kB |  using
🔶 Pred  145 ms Sync   20 ms | Sent   864 kB Recv  1191 kB |  concepts
🔶 Pred  207 ms Sync  105 ms | Sent   864 kB Recv  1191 kB |  from
🔶 Pred  150 ms Sync   61 ms | Sent   864 kB Recv  1191 kB |  analysis
🔶 Pred  146 ms Sync   22 ms | Sent   864 kB Recv  1191 kB |  or
🔶 Pred  146 ms Sync   20 ms | Sent   864 kB Recv  1191 kB |  topology
🔶 Pred  144 ms Sync   29 ms | Sent   864 kB Recv  1191 kB |  to
🔶 Pred  145 ms Sync   17 ms | Sent   864 kB Recv  1191 kB |  argue
🔶 Pred  145 ms Sync   20 ms | Sent   864 kB Recv  1191 kB |  about
🔶 Pred  144 ms Sync   20 ms | Sent   864 kB Recv  1191 kB |  the
🔶 Pred  145 ms Sync   18 ms | Sent   864 kB Recv  1191 kB |  un
🔶 Pred  145 ms Sync   23 ms | Sent   864 kB Recv  1191 kB | bounded
🔶 Pred  144 ms Sync   23 ms | Sent   864 kB Recv  1191 kB | ness
🔶 Pred  147 ms Sync   18 ms | Sent   864 kB Recv  1191 kB |  of
🔶 Pred  145 ms Sync   22 ms | Sent   864 kB Recv  1191 kB |  primes
🔶 Pred  145 ms Sync   20 ms | Sent   864 kB Recv  1191 kB | .


🔶 Pred  145 ms Sync   21 ms | Sent   864 kB Recv  1191 kB | In
🔶 Pred  144 ms Sync   20 ms | Sent   864 kB Recv  1191 kB |  terms
🔶 Pred  214 ms Sync   49 ms | Sent   864 kB Recv  1191 kB |  of
🔶 Pred  196 ms Sync   85 ms | Sent   864 kB Recv  1191 kB |  assumptions
🔶 Pred  144 ms Sync   43 ms | Sent   864 kB Recv  1191 kB | ,
🔶 Pred  172 ms Sync   42 ms | Sent   864 kB Recv  1191 kB |  all
🔶 Pred  147 ms Sync   20 ms | Sent   864 kB Recv  1191 kB |  three
🔶 Pred  144 ms Sync   23 ms | Sent   864 kB Recv  1191 kB |  assume
🔶 Pred  144 ms Sync   17 ms | Sent   864 kB Recv  1191 kB |  the
🔶 Pred  146 ms Sync   17 ms | Sent   864 kB Recv  1191 kB |  contrary
🔶 Pred  146 ms Sync   19 ms | Sent   864 kB Recv  1191 kB |  (
🔶 Pred  147 ms Sync   16 ms | Sent   864 kB Recv  1191 kB | f
🔶 Pred  147 ms Sync   16 ms | Sent   864 kB Recv  1191 kB | initely
🔶 Pred  148 ms Sync   17 ms | Sent   864 kB Recv  1191 kB |  many
🔶 Pred  145 ms Sync   17 ms | Sent   864 kB Recv  1191 kB |  primes
🔶 Pred  146 ms Sync   18 ms | Sent   864 kB Recv  1191 kB | ),
🔶 Pred  145 ms Sync   19 ms | Sent   864 kB Recv  1191 kB |  and
🔶 Pred  145 ms Sync   19 ms | Sent   864 kB Recv  1191 kB |  then
🔶 Pred  146 ms Sync   20 ms | Sent   864 kB Recv  1191 kB |  show
🔶 Pred  169 ms Sync   37 ms | Sent   864 kB Recv  1191 kB |  a
🔶 Pred  262 ms Sync   27 ms | Sent   864 kB Recv  1191 kB |  contradiction
🔶 Pred  172 ms Sync   46 ms | Sent   864 kB Recv  1191 kB |  by
🔶 Pred  153 ms Sync   37 ms | Sent   864 kB Recv  1191 kB |  finding
🔶 Pred  148 ms Sync   20 ms | Sent   864 kB Recv  1191 kB |  a
🔶 Pred  146 ms Sync   19 ms | Sent   864 kB Recv  1191 kB |  new
🔶 Pred  146 ms Sync   17 ms | Sent   864 kB Recv  1191 kB |  prime
🔶 Pred  145 ms Sync   21 ms | Sent   864 kB Recv  1191 kB | .


🔶 Pred  147 ms Sync   18 ms | Sent   864 kB Recv  1191 kB | In
🔶 Pred  200 ms Sync   15 ms | Sent   864 kB Recv  1191 kB |  terms
🔶 Pred  181 ms Sync   16 ms | Sent   864 kB Recv  1191 kB |  of
🔶 Pred  145 ms Sync   18 ms | Sent   864 kB Recv  1191 kB |  elegance
🔶 Pred  146 ms Sync   21 ms | Sent   864 kB Recv  1191 kB | ,
🔶 Pred  146 ms Sync   17 ms | Sent   864 kB Recv  1191 kB |  Eu
🔶 Pred  146 ms Sync   21 ms | Sent   864 kB Recv  1191 kB | clid
🔶 Pred  146 ms Sync   17 ms | Sent   864 kB Recv  1191 kB | 's
🔶 Pred  146 ms Sync   17 ms | Sent   864 kB Recv  1191 kB |  is
🔶 Pred  153 ms Sync   37 ms | Sent   864 kB Recv  1191 kB |  the
🔶 Pred  162 ms Sync   44 ms | Sent   864 kB Recv  1191 kB |  simplest
🔶 Pred  210 ms Sync   52 ms | Sent   864 kB Recv  1191 kB | ,
🔶 Pred  161 ms Sync  103 ms | Sent   864 kB Recv  1191 kB |  direct
🔶 Pred  147 ms Sync   40 ms | Sent   864 kB Recv  1191 kB | ,
🔶 Pred  145 ms Sync  155 ms | Sent   864 kB Recv  1191 kB |  and
🔶 Pred  148 ms Sync   16 ms | Sent   864 kB Recv  1191 kB |  requires
🔶 Pred  148 ms Sync   18 ms | Sent   864 kB Recv  1191 kB |  minimal
🔶 Pred  147 ms Sync   16 ms | Sent   864 kB Recv  1191 kB |  setup
🔶 Pred  148 ms Sync   17 ms | Sent   864 kB Recv  1191 kB | .
🔶 Pred  162 ms Sync   15 ms | Sent   864 kB Recv  1191 kB |  Euler
🔶 Pred  156 ms Sync   17 ms | Sent   864 kB Recv  1191 kB | 's
🔶 Pred  150 ms Sync   17 ms | Sent   864 kB Recv  1191 kB |  is
🔶 Pred  145 ms Sync   21 ms | Sent   864 kB Recv  1191 kB |  similar
🔶 Pred  146 ms Sync   17 ms | Sent   864 kB Recv  1191 kB |  but
🔶 Pred  145 ms Sync   18 ms | Sent   864 kB Recv  1191 kB |  perhaps
🔶 Pred  148 ms Sync   20 ms | Sent   864 kB Recv  1191 kB |  more
🔶 Pred  146 ms Sync   20 ms | Sent   864 kB Recv  1191 kB |  general
🔶 Pred  148 ms Sync   18 ms | Sent   864 kB Recv  1191 kB | .
🔶 Pred  145 ms Sync   24 ms | Sent   864 kB Recv  1191 kB |  The
🔶 Pred  147 ms Sync   17 ms | Sent   864 kB Recv  1191 kB |  top
🔶 Pred  147 ms Sync   17 ms | Sent   864 kB Recv  1191 kB | ological
🔶 Pred  147 ms Sync   18 ms | Sent   864 kB Recv  1191 kB |  proof
🔶 Pred  148 ms Sync   19 ms | Sent   864 kB Recv  1191 kB |  is
🔶 Pred  147 ms Sync   18 ms | Sent   864 kB Recv  1191 kB |  more
🔶 Pred  148 ms Sync   17 ms | Sent   864 kB Recv  1191 kB |  sophisticated
🔶 Pred  147 ms Sync   32 ms | Sent   864 kB Recv  1191 kB | ,
🔶 Pred  146 ms Sync   24 ms | Sent   864 kB Recv  1191 kB |  requiring
🔶 Pred  164 ms Sync   21 ms | Sent   864 kB Recv  1191 kB |  knowledge
🔶 Pred  157 ms Sync   18 ms | Sent   864 kB Recv  1191 kB |  of
🔶 Pred  178 ms Sync   28 ms | Sent   864 kB Recv  1191 kB |  limit
🔶 Pred  178 ms Sync   61 ms | Sent   864 kB Recv  1191 kB |  points
🔶 Pred  212 ms Sync  104 ms | Sent   864 kB Recv  1191 kB |  or
🔶 Pred  157 ms Sync   84 ms | Sent   864 kB Recv  1191 kB |  prime
🔶 Pred  175 ms Sync   35 ms | Sent   864 kB Recv  1191 kB |  gaps
🔶 Pred  161 ms Sync   75 ms | Sent   864 kB Recv  1191 kB | .


🔶 Pred  160 ms Sync   62 ms | Sent   864 kB Recv  1191 kB | Finally
🔶 Pred  146 ms Sync   33 ms | Sent   864 kB Recv  1191 kB | ,
🔶 Pred  148 ms Sync   43 ms | Sent   864 kB Recv  1191 kB |  the
🔶 Pred  146 ms Sync   21 ms | Sent   864 kB Recv  1191 kB |  conclusion
🔶 Pred  147 ms Sync   17 ms | Sent   864 kB Recv  1191 kB |  is
🔶 Pred  146 ms Sync   19 ms | Sent   864 kB Recv  1191 kB |  that
🔶 Pred  146 ms Sync   20 ms | Sent   864 kB Recv  1191 kB |  all
🔶 Pred  145 ms Sync   25 ms | Sent   864 kB Recv  1191 kB |  three
🔶 Pred  147 ms Sync   18 ms | Sent   864 kB Recv  1191 kB |  proofs
🔶 Pred  160 ms Sync   20 ms | Sent   864 kB Recv  1191 kB |  establish
🔶 Pred  146 ms Sync   21 ms | Sent   864 kB Recv  1191 kB |  the
🔶 Pred  147 ms Sync   32 ms | Sent   864 kB Recv  1191 kB |  infinit
🔶 Pred  148 ms Sync   35 ms | Sent   864 kB Recv  1191 kB | ude
🔶 Pred  154 ms Sync   30 ms | Sent   864 kB Recv  1191 kB |  of
🔶 Pred  147 ms Sync   18 ms | Sent   864 kB Recv  1191 kB |  primes
🔶 Pred  147 ms Sync   24 ms | Sent   864 kB Recv  1191 kB | ,
🔶 Pred  149 ms Sync   17 ms | Sent   864 kB Recv  1191 kB |  each
🔶 Pred  146 ms Sync   20 ms | Sent   864 kB Recv  1191 kB |  in
🔶 Pred  245 ms Sync  104 ms | Sent   864 kB Recv  1191 kB |  their
🔶 Pred  176 ms Sync   76 ms | Sent   864 kB Recv  1191 kB |  own
🔶 Pred  169 ms Sync   58 ms | Sent   864 kB Recv  1191 kB |  way
🔶 Pred  147 ms Sync   20 ms | Sent   864 kB Recv  1191 kB | .
🔶 Pred  150 ms Sync   18 ms | Sent   864 kB Recv  1191 kB |  Eu
🔶 Pred  145 ms Sync   21 ms | Sent   864 kB Recv  1191 kB | clid
🔶 Pred  147 ms Sync   19 ms | Sent   864 kB Recv  1191 kB |  and
🔶 Pred  146 ms Sync   21 ms | Sent   864 kB Recv  1191 kB |  Euler
🔶 Pred  157 ms Sync   30 ms | Sent   864 kB Recv  1191 kB | 's
🔶 Pred  201 ms Sync   95 ms | Sent   864 kB Recv  1191 kB |  proofs
🔶 Pred  157 ms Sync   75 ms | Sent   864 kB Recv  1191 kB |  are
🔶 Pred  155 ms Sync  170 ms | Sent   864 kB Recv  1191 kB |  classic
🔶 Pred  146 ms Sync   19 ms | Sent   864 kB Recv  1191 kB |  and
🔶 Pred  150 ms Sync   20 ms | Sent   864 kB Recv  1191 kB |  straightforward
🔶 Pred  152 ms Sync   18 ms | Sent   864 kB Recv  1191 kB | ,
🔶 Pred  148 ms Sync   20 ms | Sent   864 kB Recv  1191 kB |  while
🔶 Pred  150 ms Sync   23 ms | Sent   864 kB Recv  1191 kB |  the
🔶 Pred  175 ms Sync   20 ms | Sent   864 kB Recv  1191 kB |  top
🔶 Pred  190 ms Sync   15 ms | Sent   864 kB Recv  1191 kB | ological
🔶 Pred  182 ms Sync   30 ms | Sent   864 kB Recv  1191 kB |  proof
🔶 Pred  148 ms Sync   20 ms | Sent   864 kB Recv  1191 kB |  uses
🔶 Pred  147 ms Sync   22 ms | Sent   864 kB Recv  1191 kB |  more
🔶 Pred  149 ms Sync   19 ms | Sent   864 kB Recv  1191 kB |  advanced
🔶 Pred  145 ms Sync   25 ms | Sent   864 kB Recv  1191 kB |  mathematical
🔶 Pred  146 ms Sync   55 ms | Sent   864 kB Recv  1191 kB |  concepts
🔶 Pred  146 ms Sync   98 ms | Sent   864 kB Recv  1191 kB |  to
🔶 Pred  146 ms Sync   29 ms | Sent   864 kB Recv  1191 kB |  reach
🔶 Pred  147 ms Sync   63 ms | Sent   864 kB Recv  1191 kB |  the
🔶 Pred  161 ms Sync   21 ms | Sent   864 kB Recv  1191 kB |  same
🔶 Pred  148 ms Sync   19 ms | Sent   864 kB Recv  1191 kB |  conclusion
🔶 Pred  149 ms Sync   20 ms | Sent   864 kB Recv  1191 kB | .


🔶 Pred  148 ms Sync   19 ms | Sent   864 kB Recv  1191 kB | Regarding
🔶 Pred  175 ms Sync   59 ms | Sent   864 kB Recv  1191 kB |  the
🔶 Pred  179 ms Sync   37 ms | Sent   864 kB Recv  1191 kB |  distribution
🔶 Pred  168 ms Sync   35 ms | Sent   864 kB Recv  1191 kB |  of
🔶 Pred  147 ms Sync   21 ms | Sent   864 kB Recv  1191 kB |  primes
🔶 Pred  148 ms Sync   18 ms | Sent   864 kB Recv  1191 kB | ,
🔶 Pred  148 ms Sync   25 ms | Sent   864 kB Recv  1191 kB |  it
🔶 Pred  150 ms Sync   24 ms | Sent   864 kB Recv  1191 kB | 's
🔶 Pred  147 ms Sync   22 ms | Sent   864 kB Recv  1191 kB |  known
🔶 Pred  146 ms Sync   28 ms | Sent   864 kB Recv  1191 kB |  from
🔶 Pred  146 ms Sync   26 ms | Sent   864 kB Recv  1191 kB |  the
🔶 Pred  147 ms Sync   19 ms | Sent   864 kB Recv  1191 kB |  Prime
🔶 Pred  146 ms Sync   24 ms | Sent   864 kB Recv  1191 kB |  Number
🔶 Pred  149 ms Sync   21 ms | Sent   864 kB Recv  1191 kB |  The
🔶 Pred  148 ms Sync   23 ms | Sent   864 kB Recv  1191 kB | orem
🔶 Pred  162 ms Sync   35 ms | Sent   864 kB Recv  1191 kB |  that
🔶 Pred  172 ms Sync   47 ms | Sent   864 kB Recv  1191 kB |  the
🔶 Pred  237 ms Sync   85 ms | Sent   864 kB Recv  1191 kB |  density
🔶 Pred  164 ms Sync   56 ms | Sent   864 kB Recv  1191 kB |  of
🔶 Pred  157 ms Sync   30 ms | Sent   864 kB Recv  1191 kB |  primes
🔶 Pred  160 ms Sync   30 ms | Sent   864 kB Recv  1191 kB |  around
🔶 Pred  147 ms Sync   22 ms | Sent   864 kB Recv  1191 kB |  n
🔶 Pred  147 ms Sync   19 ms | Sent   864 kB Recv  1191 kB |  is
🔶 Pred  149 ms Sync   18 ms | Sent   864 kB Recv  1191 kB |  roughly
🔶 Pred  147 ms Sync   18 ms | Sent   864 kB Recv  1191 kB |  
🔶 Pred  149 ms Sync   22 ms | Sent   864 kB Recv  1191 kB | 1
🔶 Pred  150 ms Sync   19 ms | Sent   864 kB Recv  1191 kB |  /
🔶 Pred  148 ms Sync   24 ms | Sent   864 kB Recv  1191 kB |  log
🔶 Pred  160 ms Sync   28 ms | Sent   864 kB Recv  1191 kB |  n
🔶 Pred  155 ms Sync   25 ms | Sent   864 kB Recv  1191 kB | .
🔶 Pred  147 ms Sync   23 ms | Sent   864 kB Recv  1191 kB |  This
🔶 Pred  148 ms Sync   18 ms | Sent   864 kB Recv  1191 kB |  implies
🔶 Pred  148 ms Sync   20 ms | Sent   864 kB Recv  1191 kB |  that
🔶 Pred  151 ms Sync   20 ms | Sent   864 kB Recv  1191 kB |  primes
🔶 Pred  147 ms Sync   22 ms | Sent   864 kB Recv  1191 kB |  become
🔶 Pred  157 ms Sync   78 ms | Sent   864 kB Recv  1191 kB |  less
🔶 Pred  147 ms Sync   38 ms | Sent   864 kB Recv  1191 kB |  frequent
🔶 Pred  155 ms Sync   41 ms | Sent   864 kB Recv  1191 kB |  as
🔶 Pred  188 ms Sync   57 ms | Sent   864 kB Recv  1191 kB |  numbers
🔶 Pred  163 ms Sync   51 ms | Sent   864 kB Recv  1191 kB |  grow
🔶 Pred  155 ms Sync   34 ms | Sent   864 kB Recv  1191 kB | ,
🔶 Pred  149 ms Sync   19 ms | Sent   864 kB Recv  1191 kB |  but
🔶 Pred  148 ms Sync   20 ms | Sent   864 kB Recv  1191 kB |  there
🔶 Pred  147 ms Sync   24 ms | Sent   864 kB Recv  1191 kB |  are
🔶 Pred  147 ms Sync   24 ms | Sent   864 kB Recv  1191 kB |  still
🔶 Pred  149 ms Sync   21 ms | Sent   864 kB Recv  1191 kB |  infinitely
🔶 Pred  147 ms Sync   22 ms | Sent   864 kB Recv  1191 kB |  many
🔶 Pred  147 ms Sync   25 ms | Sent   864 kB Recv  1191 kB | .
🔶 Pred  147 ms Sync   21 ms | Sent   864 kB Recv  1191 kB |  The
🔶 Pred  149 ms Sync   21 ms | Sent   864 kB Recv  1191 kB |  distribution
🔶 Pred  146 ms Sync   25 ms | Sent   864 kB Recv  1191 kB |  is
🔶 Pred  148 ms Sync   19 ms | Sent   864 kB Recv  1191 kB |  also
🔶 Pred  147 ms Sync   23 ms | Sent   864 kB Recv  1191 kB |  characterized
🔶 Pred  148 ms Sync   21 ms | Sent   864 kB Recv  1191 kB |  by
🔶 Pred  149 ms Sync   24 ms | Sent   864 kB Recv  1191 kB |  prime
🔶 Pred  147 ms Sync   21 ms | Sent   864 kB Recv  1191 kB |  gaps
🔶 Pred  193 ms Sync   16 ms | Sent   864 kB Recv  1191 kB | ,
🔶 Pred  189 ms Sync   18 ms | Sent   864 kB Recv  1191 kB |  which
🔶 Pred  164 ms Sync   18 ms | Sent   864 kB Recv  1191 kB |  can
🔶 Pred  179 ms Sync   18 ms | Sent   864 kB Recv  1191 kB |  be
🔶 Pred  199 ms Sync   30 ms | Sent   864 kB Recv  1191 kB |  large
🔶 Pred  147 ms Sync   24 ms | Sent   864 kB Recv  1191 kB |  but
🔶 Pred  162 ms Sync   29 ms | Sent   864 kB Recv  1191 kB |  are
🔶 Pred  149 ms Sync   16 ms | Sent   864 kB Recv  1191 kB |  not
🔶 Pred  148 ms Sync   23 ms | Sent   864 kB Recv  1191 kB |  arbitrarily
🔶 Pred  151 ms Sync   21 ms | Sent   864 kB Recv  1191 kB |  large
🔶 Pred  146 ms Sync   22 ms | Sent   864 kB Recv  1191 kB |  infinitely
🔶 Pred  161 ms Sync   20 ms | Sent   864 kB Recv  1191 kB |  often
🔶 Pred  150 ms Sync   26 ms | Sent   864 kB Recv  1191 kB | .
🔶 Pred  148 ms Sync   27 ms | Sent   864 kB Recv  1191 kB |  This
🔶 Pred  153 ms Sync   36 ms | Sent   864 kB Recv  1191 kB |  balance
🔶 Pred  150 ms Sync   84 ms | Sent   864 kB Recv  1191 kB |  ensures
🔶 Pred  149 ms Sync   48 ms | Sent   864 kB Recv  1191 kB |  that
🔶 Pred  149 ms Sync   83 ms | Sent   864 kB Recv  1191 kB |  there
🔶 Pred  149 ms Sync  126 ms | Sent   864 kB Recv  1191 kB |  are
🔶 Pred  148 ms Sync   50 ms | Sent   864 kB Recv  1191 kB |  always
🔶 Pred  147 ms Sync   24 ms | Sent   864 kB Recv  1191 kB |  primes
🔶 Pred  161 ms Sync   19 ms | Sent   864 kB Recv  1191 kB |  to
🔶 Pred  147 ms Sync   22 ms | Sent   864 kB Recv  1191 kB |  be
🔶 Pred  148 ms Sync   21 ms | Sent   864 kB Recv  1191 kB |  found
🔶 Pred  157 ms Sync   21 ms | Sent   864 kB Recv  1191 kB | ,
🔶 Pred  151 ms Sync   21 ms | Sent   864 kB Recv  1191 kB |  though
🔶 Pred  148 ms Sync   19 ms | Sent   864 kB Recv  1191 kB |  their
🔶 Pred  148 ms Sync   19 ms | Sent   864 kB Recv  1191 kB |  density
🔶 Pred  150 ms Sync   19 ms | Sent   864 kB Recv  1191 kB |  decreases
🔶 Pred  149 ms Sync   22 ms | Sent   864 kB Recv  1191 kB | .


🔶 Pred  148 ms Sync   24 ms | Sent   864 kB Recv  1191 kB | In
🔶 Pred  178 ms Sync   16 ms | Sent   864 kB Recv  1191 kB |  summary
🔶 Pred  203 ms Sync   16 ms | Sent   864 kB Recv  1191 kB | ,
🔶 Pred  159 ms Sync   20 ms | Sent   864 kB Recv  1191 kB |  the
🔶 Pred  155 ms Sync   21 ms | Sent   864 kB Recv  1191 kB |  three
🔶 Pred  177 ms Sync   21 ms | Sent   864 kB Recv  1191 kB |  proofs
🔶 Pred  164 ms Sync   20 ms | Sent   864 kB Recv  1191 kB |  each
🔶 Pred  164 ms Sync   21 ms | Sent   864 kB Recv  1191 kB |  demonstrate
🔶 Pred  157 ms Sync   25 ms | Sent   864 kB Recv  1191 kB |  the
🔶 Pred  150 ms Sync   20 ms | Sent   864 kB Recv  1191 kB |  infinit
🔶 Pred  149 ms Sync   25 ms | Sent   864 kB Recv  1191 kB | ude
🔶 Pred  150 ms Sync   20 ms | Sent   864 kB Recv  1191 kB |  of
🔶 Pred  158 ms Sync   32 ms | Sent   864 kB Recv  1191 kB |  primes
🔶 Pred  150 ms Sync   20 ms | Sent   864 kB Recv  1191 kB |  in
🔶 Pred  156 ms Sync   55 ms | Sent   864 kB Recv  1191 kB |  unique
🔶 Pred  171 ms Sync   63 ms | Sent   864 kB Recv  1191 kB |  ways
🔶 Pred  182 ms Sync  171 ms | Sent   864 kB Recv  1191 kB | ,
🔶 Pred  171 ms Sync   97 ms | Sent   864 kB Recv  1191 kB |  from
🔶 Pred  147 ms Sync   26 ms | Sent   864 kB Recv  1191 kB |  the
🔶 Pred  148 ms Sync   22 ms | Sent   864 kB Recv  1191 kB |  classic
🔶 Pred  148 ms Sync   23 ms | Sent   864 kB Recv  1191 kB |  Eu
🔶 Pred  148 ms Sync   24 ms | Sent   864 kB Recv  1191 kB | clidean
🔶 Pred  150 ms Sync   20 ms | Sent   864 kB Recv  1191 kB |  approach
🔶 Pred  151 ms Sync   21 ms | Sent   864 kB Recv  1191 kB |  to
🔶 Pred  150 ms Sync   19 ms | Sent   864 kB Recv  1191 kB |  more
🔶 Pred  150 ms Sync   21 ms | Sent   864 kB Recv  1191 kB |  advanced
🔶 Pred  153 ms Sync   20 ms | Sent   864 kB Recv  1191 kB |  methods
🔶 Pred  152 ms Sync   22 ms | Sent   864 kB Recv  1191 kB |  in
🔶 Pred  151 ms Sync   19 ms | Sent   864 kB Recv  1191 kB |  topology
🔶 Pred  148 ms Sync   21 ms | Sent   864 kB Recv  1191 kB |  and
🔶 Pred  150 ms Sync   19 ms | Sent   864 kB Recv  1191 kB |  analysis
🔶 Pred  149 ms Sync   21 ms | Sent   864 kB Recv  1191 kB | .
🔶 Pred  148 ms Sync   24 ms | Sent   864 kB Recv  1191 kB |  The
🔶 Pred  149 ms Sync   20 ms | Sent   864 kB Recv  1191 kB |  distribution
🔶 Pred  147 ms Sync   24 ms | Sent   864 kB Recv  1191 kB |  of
🔶 Pred  149 ms Sync   19 ms | Sent   864 kB Recv  1191 kB |  primes
🔶 Pred  147 ms Sync   25 ms | Sent   864 kB Recv  1191 kB | ,
🔶 Pred  150 ms Sync   23 ms | Sent   864 kB Recv  1191 kB |  while
🔶 Pred  149 ms Sync   19 ms | Sent   864 kB Recv  1191 kB |  becoming
🔶 Pred  149 ms Sync   23 ms | Sent   864 kB Recv  1191 kB |  sp
🔶 Pred  149 ms Sync   19 ms | Sent   864 kB Recv  1191 kB | arser
🔶 Pred  159 ms Sync   20 ms | Sent   864 kB Recv  1191 kB | ,
🔶 Pred  147 ms Sync   25 ms | Sent   864 kB Recv  1191 kB |  still
🔶 Pred  153 ms Sync   39 ms | Sent   864 kB Recv  1191 kB |  ensures
🔶 Pred  148 ms Sync   21 ms | Sent   864 kB Recv  1191 kB |  an
🔶 Pred  148 ms Sync   28 ms | Sent   864 kB Recv  1191 kB |  infinite
🔶 Pred  148 ms Sync   25 ms | Sent   864 kB Recv  1191 kB |  supply
🔶 Pred  148 ms Sync   22 ms | Sent   864 kB Recv  1191 kB | ,
🔶 Pred  150 ms Sync   29 ms | Sent   864 kB Recv  1191 kB |  reflecting
🔶 Pred  152 ms Sync   19 ms | Sent   864 kB Recv  1191 kB |  the
🔶 Pred  151 ms Sync   26 ms | Sent   864 kB Recv  1191 kB |  complexity
🔶 Pred  149 ms Sync   21 ms | Sent   864 kB Recv  1191 kB |  and
🔶 Pred  148 ms Sync   21 ms | Sent   864 kB Recv  1191 kB |  depth
🔶 Pred  149 ms Sync   28 ms | Sent   864 kB Recv  1191 kB |  of
🔶 Pred  148 ms Sync   23 ms | Sent   864 kB Recv  1191 kB |  number
🔶 Pred  150 ms Sync   24 ms | Sent   864 kB Recv  1191 kB |  theory
🔶 Pred  162 ms Sync   26 ms | Sent   864 kB Recv  1191 kB | .

🔶 Pred  177 ms Sync   70 ms | Sent   864 kB Recv  1191 kB | </think>
🔶 Pred  171 ms Sync   56 ms | Sent   864 kB Recv  1191 kB | 


🔶 Pred  229 ms Sync  111 ms | Sent   864 kB Recv  1191 kB | To
🔶 Pred  163 ms Sync   75 ms | Sent   864 kB Recv  1191 kB |  prove
🔶 Pred  245 ms Sync   26 ms | Sent   864 kB Recv  1191 kB |  that
🔶 Pred  164 ms Sync   36 ms | Sent   864 kB Recv  1191 kB |  there
🔶 Pred  153 ms Sync   31 ms | Sent   864 kB Recv  1191 kB |  are
🔶 Pred  181 ms Sync   17 ms | Sent   864 kB Recv  1191 kB |  infinitely
🔶 Pred  181 ms Sync   25 ms | Sent   864 kB Recv  1191 kB |  many
🔶 Pred  151 ms Sync   21 ms | Sent   864 kB Recv  1191 kB |  prime
🔶 Pred  177 ms Sync  102 ms | Sent   864 kB Recv  1191 kB |  numbers
🔶 Pred  211 ms Sync   21 ms | Sent   864 kB Recv  1191 kB | ,
🔶 Pred  165 ms Sync   53 ms | Sent   864 kB Recv  1191 kB |  we
🔶 Pred  150 ms Sync   21 ms | Sent   864 kB Recv  1191 kB |  can
🔶 Pred  148 ms Sync   23 ms | Sent   864 kB Recv  1191 kB |  present
🔶 Pred  147 ms Sync   23 ms | Sent   864 kB Recv  1191 kB |  three
🔶 Pred  154 ms Sync   20 ms | Sent   864 kB Recv  1191 kB |  distinct
🔶 Pred  149 ms Sync   24 ms | Sent   864 kB Recv  1191 kB |  proofs
🔶 Pred  150 ms Sync   21 ms | Sent   864 kB Recv  1191 kB | :
🔶 Pred  149 ms Sync   20 ms | Sent   864 kB Recv  1191 kB |  Eu
🔶 Pred  148 ms Sync   21 ms | Sent   864 kB Recv  1191 kB | clid
🔶 Pred  149 ms Sync   22 ms | Sent   864 kB Recv  1191 kB | 's
🔶 Pred  150 ms Sync   22 ms | Sent   864 kB Recv  1191 kB |  classic
🔶 Pred  150 ms Sync   26 ms | Sent   864 kB Recv  1191 kB |  proof
🔶 Pred  149 ms Sync   20 ms | Sent   864 kB Recv  1191 kB | ,
🔶 Pred  149 ms Sync   22 ms | Sent   864 kB Recv  1191 kB |  Euler
🔶 Pred  151 ms Sync   36 ms | Sent   864 kB Recv  1191 kB | 's
🔶 Pred  180 ms Sync  106 ms | Sent   864 kB Recv  1191 kB |  analytic
🔶 Pred  164 ms Sync   48 ms | Sent   864 kB Recv  1191 kB |  proof
🔶 Pred  152 ms Sync   19 ms | Sent   864 kB Recv  1191 kB | ,
🔶 Pred  152 ms Sync   21 ms | Sent   864 kB Recv  1191 kB |  and
🔶 Pred  149 ms Sync   24 ms | Sent   864 kB Recv  1191 kB |  a
🔶 Pred  151 ms Sync   21 ms | Sent   864 kB Recv  1191 kB |  top
🔶 Pred  188 ms Sync   23 ms | Sent   864 kB Recv  1191 kB | ological
🔶 Pred  185 ms Sync   19 ms | Sent   864 kB Recv  1191 kB |  proof
🔶 Pred  151 ms Sync   23 ms | Sent   864 kB Recv  1191 kB | .
🔶 Pred  150 ms Sync   22 ms | Sent   864 kB Recv  1191 kB |  Each
🔶 Pred  151 ms Sync   20 ms | Sent   864 kB Recv  1191 kB |  approach
🔶 Pred  151 ms Sync   23 ms | Sent   864 kB Recv  1191 kB |  differs
🔶 Pred  164 ms Sync   26 ms | Sent   864 kB Recv  1191 kB |  in
🔶 Pred  152 ms Sync   20 ms | Sent   864 kB Recv  1191 kB |  method
🔶 Pred  150 ms Sync   24 ms | Sent   864 kB Recv  1191 kB |  but
🔶 Pred  206 ms Sync   89 ms | Sent   864 kB Recv  1191 kB |  shares
🔶 Pred  149 ms Sync   19 ms | Sent   864 kB Recv  1191 kB |  the
🔶 Pred  169 ms Sync   55 ms | Sent   864 kB Recv  1191 kB |  common
🔶 Pred  151 ms Sync   22 ms | Sent   864 kB Recv  1191 kB |  goal
🔶 Pred  155 ms Sync   18 ms | Sent   864 kB Recv  1191 kB |  of
🔶 Pred  149 ms Sync   21 ms | Sent   864 kB Recv  1191 kB |  contradiction
🔶 Pred  150 ms Sync   22 ms | Sent   864 kB Recv  1191 kB |  by
🔶 Pred  148 ms Sync   25 ms | Sent   864 kB Recv  1191 kB |  assuming
🔶 Pred  153 ms Sync   21 ms | Sent   864 kB Recv  1191 kB |  a
🔶 Pred  151 ms Sync   18 ms | Sent   864 kB Recv  1191 kB |  finite
🔶 Pred  151 ms Sync   25 ms | Sent   864 kB Recv  1191 kB |  number
🔶 Pred  152 ms Sync   23 ms | Sent   864 kB Recv  1191 kB |  of
🔶 Pred  152 ms Sync   19 ms | Sent   864 kB Recv  1191 kB |  primes
🔶 Pred  154 ms Sync   20 ms | Sent   864 kB Recv  1191 kB | .


🔶 Pred  153 ms Sync   23 ms | Sent   864 kB Recv  1191 kB | ###
🔶 Pred  152 ms Sync   19 ms | Sent   864 kB Recv  1191 kB |  Eu
🔶 Pred  169 ms Sync   38 ms | Sent   864 kB Recv  1191 kB | clid
🔶 Pred  211 ms Sync  131 ms | Sent   864 kB Recv  1191 kB | 's
🔶 Pred  194 ms Sync   44 ms | Sent   864 kB Recv  1191 kB |  Proof
🔶 Pred  149 ms Sync   19 ms | Sent   864 kB Recv  1191 kB | :

🔶 Pred  151 ms Sync   20 ms | Sent   864 kB Recv  1191 kB | 1
🔶 Pred  149 ms Sync   23 ms | Sent   864 kB Recv  1191 kB | .
🔶 Pred  152 ms Sync   19 ms | Sent   864 kB Recv  1191 kB |  **
🔶 Pred  149 ms Sync   22 ms | Sent   864 kB Recv  1191 kB | Ass
🔶 Pred  152 ms Sync   19 ms | Sent   864 kB Recv  1191 kB | umption
🔶 Pred  149 ms Sync   22 ms | Sent   864 kB Recv  1191 kB | **:
🔶 Pred  152 ms Sync   23 ms | Sent   864 kB Recv  1191 kB |  Suppose
🔶 Pred  150 ms Sync   22 ms | Sent   864 kB Recv  1191 kB |  there
🔶 Pred  152 ms Sync   19 ms | Sent   864 kB Recv  1191 kB |  are
🔶 Pred  150 ms Sync   20 ms | Sent   864 kB Recv  1191 kB |  only
🔶 Pred  150 ms Sync   19 ms | Sent   864 kB Recv  1191 kB |  fin
🔶 Pred  149 ms Sync   22 ms | Sent   864 kB Recv  1191 kB | it
🔶 Pred  153 ms Sync   34 ms | Sent   864 kB Recv  1191 kB | ely
🔶 Pred  186 ms Sync  145 ms | Sent   864 kB Recv  1191 kB |  many
🔶 Pred  172 ms Sync   59 ms | Sent   864 kB Recv  1191 kB |  primes
🔶 Pred  152 ms Sync   18 ms | Sent   864 kB Recv  1191 kB | :
🔶 Pred  153 ms Sync   21 ms | Sent   864 kB Recv  1191 kB |  \(
🔶 Pred  150 ms Sync   19 ms | Sent   864 kB Recv  1191 kB |  p
🔶 Pred  151 ms Sync   22 ms | Sent   864 kB Recv  1191 kB | _
🔶 Pred  150 ms Sync   24 ms | Sent   864 kB Recv  1191 kB | 1
🔶 Pred  151 ms Sync   20 ms | Sent   864 kB Recv  1191 kB | ,
🔶 Pred  151 ms Sync   18 ms | Sent   864 kB Recv  1191 kB |  p
🔶 Pred  149 ms Sync   21 ms | Sent   864 kB Recv  1191 kB | _
🔶 Pred  148 ms Sync   23 ms | Sent   864 kB Recv  1191 kB | 2
🔶 Pred  160 ms Sync   28 ms | Sent   864 kB Recv  1191 kB | ,
🔶 Pred  220 ms Sync   16 ms | Sent   864 kB Recv  1191 kB |  \
🔶 Pred  149 ms Sync   23 ms | Sent   864 kB Recv  1191 kB | ld
🔶 Pred  151 ms Sync   18 ms | Sent   864 kB Recv  1191 kB | ots
🔶 Pred  209 ms Sync  102 ms | Sent   864 kB Recv  1191 kB | ,
🔶 Pred  172 ms Sync   39 ms | Sent   864 kB Recv  1191 kB |  p
🔶 Pred  151 ms Sync   19 ms | Sent   864 kB Recv  1191 kB | _n
🔶 Pred  150 ms Sync   21 ms | Sent   864 kB Recv  1191 kB |  \
🔶 Pred  151 ms Sync   22 ms | Sent   864 kB Recv  1191 kB | ).

🔶 Pred  148 ms Sync   22 ms | Sent   864 kB Recv  1191 kB | 2
🔶 Pred  151 ms Sync   19 ms | Sent   864 kB Recv  1191 kB | .
🔶 Pred  156 ms Sync   19 ms | Sent   864 kB Recv  1191 kB |  **
🔶 Pred  155 ms Sync   23 ms | Sent   864 kB Recv  1191 kB | Construction
🔶 Pred  151 ms Sync   19 ms | Sent   864 kB Recv  1191 kB | **:
🔶 Pred  150 ms Sync   22 ms | Sent   864 kB Recv  1191 kB |  Consider
🔶 Pred  151 ms Sync   30 ms | Sent   864 kB Recv  1191 kB |  the
🔶 Pred  150 ms Sync   28 ms | Sent   864 kB Recv  1191 kB |  number
🔶 Pred  149 ms Sync   21 ms | Sent   864 kB Recv  1191 kB |  \(
🔶 Pred  150 ms Sync   21 ms | Sent   864 kB Recv  1191 kB |  N
🔶 Pred  151 ms Sync   23 ms | Sent   864 kB Recv  1191 kB |  =
🔶 Pred  213 ms Sync   64 ms | Sent   864 kB Recv  1191 kB |  p
🔶 Pred  150 ms Sync   18 ms | Sent   864 kB Recv  1191 kB | _
🔶 Pred  166 ms Sync   54 ms | Sent   864 kB Recv  1191 kB | 1
🔶 Pred  151 ms Sync   20 ms | Sent   864 kB Recv  1191 kB |  \
🔶 Pred  151 ms Sync   22 ms | Sent   864 kB Recv  1191 kB | times
🔶 Pred  150 ms Sync   22 ms | Sent   864 kB Recv  1191 kB |  p
🔶 Pred  154 ms Sync   21 ms | Sent   864 kB Recv  1191 kB | _
🔶 Pred  233 ms Sync   19 ms | Sent   864 kB Recv  1191 kB | 2
🔶 Pred  151 ms Sync   21 ms | Sent   864 kB Recv  1191 kB |  \
🔶 Pred  150 ms Sync   21 ms | Sent   864 kB Recv  1191 kB | times
🔶 Pred  150 ms Sync   21 ms | Sent   864 kB Recv  1191 kB |  \
🔶 Pred  151 ms Sync   28 ms | Sent   864 kB Recv  1191 kB | cd
🔶 Pred  150 ms Sync   21 ms | Sent   864 kB Recv  1191 kB | ots
🔶 Pred  151 ms Sync   18 ms | Sent   864 kB Recv  1191 kB |  \
🔶 Pred  150 ms Sync   28 ms | Sent   864 kB Recv  1191 kB | times
🔶 Pred  149 ms Sync   22 ms | Sent   864 kB Recv  1191 kB |  p
🔶 Pred  217 ms Sync   99 ms | Sent   864 kB Recv  1191 kB | _n
🔶 Pred  152 ms Sync   21 ms | Sent   864 kB Recv  1191 kB |  +
🔶 Pred  175 ms Sync   44 ms | Sent   864 kB Recv  1191 kB |  
🔶 Pred  151 ms Sync   21 ms | Sent   864 kB Recv  1191 kB | 1
🔶 Pred  151 ms Sync   26 ms | Sent   864 kB Recv  1191 kB |  \
🔶 Pred  152 ms Sync   20 ms | Sent   864 kB Recv  1191 kB | ).

🔶 Pred  153 ms Sync   19 ms | Sent   864 kB Recv  1191 kB | 3
🔶 Pred  150 ms Sync   22 ms | Sent   864 kB Recv  1191 kB | .
🔶 Pred  150 ms Sync   24 ms | Sent   864 kB Recv  1191 kB |  **
🔶 Pred  150 ms Sync   23 ms | Sent   864 kB Recv  1191 kB | Contr
🔶 Pred  148 ms Sync   28 ms | Sent   864 kB Recv  1191 kB | ad
🔶 Pred  152 ms Sync   25 ms | Sent   864 kB Recv  1191 kB | iction
🔶 Pred  151 ms Sync   22 ms | Sent   864 kB Recv  1191 kB | **:
🔶 Pred  150 ms Sync   21 ms | Sent   864 kB Recv  1191 kB |  If
🔶 Pred  149 ms Sync   23 ms | Sent   864 kB Recv  1191 kB |  \(
🔶 Pred  151 ms Sync   21 ms | Sent   864 kB Recv  1191 kB |  N
🔶 Pred  153 ms Sync   25 ms | Sent   864 kB Recv  1191 kB |  \
🔶 Pred  150 ms Sync   19 ms | Sent   864 kB Recv  1191 kB | )
🔶 Pred  255 ms Sync   49 ms | Sent   864 kB Recv  1191 kB |  is
🔶 Pred  155 ms Sync   18 ms | Sent   864 kB Recv  1191 kB |  divisible
🔶 Pred  183 ms Sync   50 ms | Sent   864 kB Recv  1191 kB |  by
🔶 Pred  158 ms Sync   42 ms | Sent   864 kB Recv  1191 kB |  any
🔶 Pred  153 ms Sync   18 ms | Sent   864 kB Recv  1191 kB |  \(
🔶 Pred  151 ms Sync   21 ms | Sent   864 kB Recv  1191 kB |  p
🔶 Pred  150 ms Sync   24 ms | Sent   864 kB Recv  1191 kB | _i
🔶 Pred  151 ms Sync   20 ms | Sent   864 kB Recv  1191 kB |  \
🔶 Pred  151 ms Sync   23 ms | Sent   864 kB Recv  1191 kB | ),
🔶 Pred  152 ms Sync   21 ms | Sent   864 kB Recv  1191 kB |  then
🔶 Pred  151 ms Sync   23 ms | Sent   864 kB Recv  1191 kB |  \(
🔶 Pred  150 ms Sync   25 ms | Sent   864 kB Recv  1191 kB |  p
🔶 Pred  151 ms Sync   23 ms | Sent   864 kB Recv  1191 kB | _i
🔶 Pred  148 ms Sync   25 ms | Sent   864 kB Recv  1191 kB |  \
🔶 Pred  161 ms Sync   28 ms | Sent   864 kB Recv  1191 kB | )
🔶 Pred  198 ms Sync  122 ms | Sent   864 kB Recv  1191 kB |  divides
🔶 Pred  169 ms Sync   46 ms | Sent   864 kB Recv  1191 kB |  
🔶 Pred  152 ms Sync   18 ms | Sent   864 kB Recv  1191 kB | 1
🔶 Pred  153 ms Sync   21 ms | Sent   864 kB Recv  1191 kB | ,
🔶 Pred  152 ms Sync   20 ms | Sent   864 kB Recv  1191 kB |  which
🔶 Pred  151 ms Sync   21 ms | Sent   864 kB Recv  1191 kB |  is
🔶 Pred  151 ms Sync   21 ms | Sent   864 kB Recv  1191 kB |  impossible
🔶 Pred  152 ms Sync   20 ms | Sent   864 kB Recv  1191 kB | .
🔶 Pred  152 ms Sync   19 ms | Sent   864 kB Recv  1191 kB |  Thus
🔶 Pred  150 ms Sync   22 ms | Sent   864 kB Recv  1191 kB | ,
🔶 Pred  152 ms Sync   21 ms | Sent   864 kB Recv  1191 kB |  \(
🔶 Pred  234 ms Sync   22 ms | Sent   864 kB Recv  1191 kB |  N
🔶 Pred  154 ms Sync   19 ms | Sent   864 kB Recv  1191 kB |  \
🔶 Pred  153 ms Sync   78 ms | Sent   864 kB Recv  1191 kB | )
🔶 Pred  150 ms Sync   25 ms | Sent   864 kB Recv  1191 kB |  is
🔶 Pred  213 ms Sync   98 ms | Sent   864 kB Recv  1191 kB |  either
🔶 Pred  174 ms Sync   52 ms | Sent   864 kB Recv  1191 kB |  prime
🔶 Pred  153 ms Sync   20 ms | Sent   864 kB Recv  1191 kB |  or
🔶 Pred  151 ms Sync   21 ms | Sent   864 kB Recv  1191 kB |  has
🔶 Pred  150 ms Sync   25 ms | Sent   864 kB Recv  1191 kB |  a
🔶 Pred  153 ms Sync   23 ms | Sent   864 kB Recv  1191 kB |  prime
🔶 Pred  152 ms Sync   20 ms | Sent   864 kB Recv  1191 kB |  factor
🔶 Pred  152 ms Sync   19 ms | Sent   864 kB Recv  1191 kB |  not
🔶 Pred  151 ms Sync   20 ms | Sent   864 kB Recv  1191 kB |  in
🔶 Pred  150 ms Sync   21 ms | Sent   864 kB Recv  1191 kB |  the
🔶 Pred  150 ms Sync   25 ms | Sent   864 kB Recv  1191 kB |  list
🔶 Pred  154 ms Sync   19 ms | Sent   864 kB Recv  1191 kB | .

🔶 Pred  158 ms Sync   23 ms | Sent   864 kB Recv  1191 kB | 4
🔶 Pred  156 ms Sync   20 ms | Sent   864 kB Recv  1191 kB | .
🔶 Pred  156 ms Sync   20 ms | Sent   864 kB Recv  1191 kB |  **
🔶 Pred  151 ms Sync   26 ms | Sent   864 kB Recv  1191 kB | Conclusion
🔶 Pred  219 ms Sync   87 ms | Sent   864 kB Recv  1191 kB | **:
🔶 Pred  169 ms Sync   53 ms | Sent   864 kB Recv  1191 kB |  Since
🔶 Pred  150 ms Sync   21 ms | Sent   864 kB Recv  1191 kB |  \(
🔶 Pred  152 ms Sync   20 ms | Sent   864 kB Recv  1191 kB |  N
🔶 Pred  153 ms Sync   22 ms | Sent   864 kB Recv  1191 kB |  >
🔶 Pred  174 ms Sync   20 ms | Sent   864 kB Recv  1191 kB |  p
🔶 Pred  213 ms Sync   16 ms | Sent   864 kB Recv  1191 kB | _n
🔶 Pred  152 ms Sync   23 ms | Sent   864 kB Recv  1191 kB |  \
🔶 Pred  160 ms Sync   32 ms | Sent   864 kB Recv  1191 kB | ),
🔶 Pred  156 ms Sync   21 ms | Sent   864 kB Recv  1191 kB |  it
🔶 Pred  152 ms Sync   22 ms | Sent   864 kB Recv  1191 kB |  must
🔶 Pred  151 ms Sync   23 ms | Sent   864 kB Recv  1191 kB |  be
🔶 Pred  152 ms Sync   22 ms | Sent   864 kB Recv  1191 kB |  a
🔶 Pred  153 ms Sync   20 ms | Sent   864 kB Recv  1191 kB |  new
🔶 Pred  151 ms Sync   21 ms | Sent   864 kB Recv  1191 kB |  prime
🔶 Pred  195 ms Sync   75 ms | Sent   864 kB Recv  1191 kB |  or
🔶 Pred  236 ms Sync   59 ms | Sent   864 kB Recv  1191 kB |  have
🔶 Pred  166 ms Sync   17 ms | Sent   864 kB Recv  1191 kB |  a
🔶 Pred  151 ms Sync   21 ms | Sent   864 kB Recv  1191 kB |  prime
🔶 Pred  152 ms Sync   22 ms | Sent   864 kB Recv  1191 kB |  factor
🔶 Pred  155 ms Sync   21 ms | Sent   864 kB Recv  1191 kB |  beyond
🔶 Pred  150 ms Sync   21 ms | Sent   864 kB Recv  1191 kB |  \(
🔶 Pred  154 ms Sync   20 ms | Sent   864 kB Recv  1191 kB |  p
🔶 Pred  150 ms Sync   22 ms | Sent   864 kB Recv  1191 kB | _n
🔶 Pred  152 ms Sync   23 ms | Sent   864 kB Recv  1191 kB |  \
🔶 Pred  153 ms Sync   21 ms | Sent   864 kB Recv  1191 kB | ),
🔶 Pred  152 ms Sync   25 ms | Sent   864 kB Recv  1191 kB |  contradict
🔶 Pred  151 ms Sync   22 ms | Sent   864 kB Recv  1191 kB | ing
🔶 Pred  153 ms Sync   21 ms | Sent   864 kB Recv  1191 kB |  the
🔶 Pred  151 ms Sync   22 ms | Sent   864 kB Recv  1191 kB |  fin
🔶 Pred  151 ms Sync   25 ms | Sent   864 kB Recv  1191 kB | iten
🔶 Pred  207 ms Sync  175 ms | Sent   864 kB Recv  1191 kB | ess
🔶 Pred  228 ms Sync   53 ms | Sent   864 kB Recv  1191 kB |  of
🔶 Pred  153 ms Sync   19 ms | Sent   864 kB Recv  1191 kB |  primes
🔶 Pred  150 ms Sync   22 ms | Sent   864 kB Recv  1191 kB | .
🔶 Pred  151 ms Sync   22 ms | Sent   864 kB Recv  1191 kB |  Hence
🔶 Pred  154 ms Sync   20 ms | Sent   864 kB Recv  1191 kB | ,
🔶 Pred  153 ms Sync   21 ms | Sent   864 kB Recv  1191 kB |  there
🔶 Pred  155 ms Sync   23 ms | Sent   864 kB Recv  1191 kB |  are
🔶 Pred  156 ms Sync   25 ms | Sent   864 kB Recv  1191 kB |  infinitely
🔶 Pred  152 ms Sync   23 ms | Sent   864 kB Recv  1191 kB |  many
🔶 Pred  152 ms Sync   21 ms | Sent   864 kB Recv  1191 kB |  primes
🔶 Pred  153 ms Sync   21 ms | Sent   864 kB Recv  1191 kB | .


🔶 Pred  149 ms Sync   27 ms | Sent   864 kB Recv  1191 kB | ###
🔶 Pred  153 ms Sync   20 ms | Sent   864 kB Recv  1191 kB |  Euler
🔶 Pred  152 ms Sync   20 ms | Sent   864 kB Recv  1191 kB | 's
🔶 Pred  184 ms Sync   64 ms | Sent   864 kB Recv  1191 kB |  Analy
🔶 Pred  170 ms Sync   57 ms | Sent   864 kB Recv  1191 kB | tic
🔶 Pred  173 ms Sync   52 ms | Sent   864 kB Recv  1191 kB |  Proof
🔶 Pred  151 ms Sync   22 ms | Sent   864 kB Recv  1191 kB | :

🔶 Pred  152 ms Sync   21 ms | Sent   864 kB Recv  1191 kB | 1
🔶 Pred  152 ms Sync   24 ms | Sent   864 kB Recv  1191 kB | .
🔶 Pred  153 ms Sync   25 ms | Sent   864 kB Recv  1191 kB |  **
🔶 Pred  152 ms Sync   21 ms | Sent   864 kB Recv  1191 kB | Ass
🔶 Pred  151 ms Sync   26 ms | Sent   864 kB Recv  1191 kB | umption
🔶 Pred  150 ms Sync   22 ms | Sent   864 kB Recv  1191 kB | **:
🔶 Pred  153 ms Sync   28 ms | Sent   864 kB Recv  1191 kB |  Suppose
🔶 Pred  153 ms Sync   23 ms | Sent   864 kB Recv  1191 kB |  there
🔶 Pred  234 ms Sync   17 ms | Sent   864 kB Recv  1191 kB |  are
🔶 Pred  169 ms Sync   23 ms | Sent   864 kB Recv  1191 kB |  only
🔶 Pred  155 ms Sync   21 ms | Sent   864 kB Recv  1191 kB |  fin
🔶 Pred  152 ms Sync   27 ms | Sent   864 kB Recv  1191 kB | it
🔶 Pred  219 ms Sync   68 ms | Sent   864 kB Recv  1191 kB | ely
🔶 Pred  165 ms Sync   49 ms | Sent   864 kB Recv  1191 kB |  many
🔶 Pred  190 ms Sync   28 ms | Sent   864 kB Recv  1191 kB |  primes
🔶 Pred  152 ms Sync   21 ms | Sent   864 kB Recv  1191 kB | :
🔶 Pred  153 ms Sync   20 ms | Sent   864 kB Recv  1191 kB |  \(
🔶 Pred  154 ms Sync   20 ms | Sent   864 kB Recv  1191 kB |  p
🔶 Pred  153 ms Sync   26 ms | Sent   864 kB Recv  1191 kB | _
🔶 Pred  152 ms Sync   26 ms | Sent   864 kB Recv  1191 kB | 1
🔶 Pred  152 ms Sync   21 ms | Sent   864 kB Recv  1191 kB | ,
🔶 Pred  152 ms Sync   25 ms | Sent   864 kB Recv  1191 kB |  p
🔶 Pred  153 ms Sync   24 ms | Sent   864 kB Recv  1191 kB | _
🔶 Pred  153 ms Sync   20 ms | Sent   864 kB Recv  1191 kB | 2
🔶 Pred  153 ms Sync   24 ms | Sent   864 kB Recv  1191 kB | ,
🔶 Pred  154 ms Sync   20 ms | Sent   864 kB Recv  1191 kB |  \
🔶 Pred  153 ms Sync   27 ms | Sent   864 kB Recv  1191 kB | ld
🔶 Pred  152 ms Sync   29 ms | Sent   864 kB Recv  1191 kB | ots
🔶 Pred  217 ms Sync   86 ms | Sent   864 kB Recv  1191 kB | ,
🔶 Pred  171 ms Sync   48 ms | Sent   864 kB Recv  1191 kB |  p
🔶 Pred  159 ms Sync   22 ms | Sent   864 kB Recv  1191 kB | _n
🔶 Pred  155 ms Sync   21 ms | Sent   864 kB Recv  1191 kB |  \
🔶 Pred  154 ms Sync   21 ms | Sent   864 kB Recv  1191 kB | ).

🔶 Pred  207 ms Sync   15 ms | Sent   864 kB Recv  1191 kB | 2
🔶 Pred  275 ms Sync   27 ms | Sent   864 kB Recv  1191 kB | .
🔶 Pred  154 ms Sync   19 ms | Sent   864 kB Recv  1191 kB |  **
🔶 Pred  153 ms Sync   20 ms | Sent   864 kB Recv  1191 kB | Construction
🔶 Pred  154 ms Sync   22 ms | Sent   864 kB Recv  1191 kB | **:
🔶 Pred  156 ms Sync   20 ms | Sent   864 kB Recv  1191 kB |  Consider
🔶 Pred  156 ms Sync   19 ms | Sent   864 kB Recv  1191 kB |  the
🔶 Pred  156 ms Sync   20 ms | Sent   864 kB Recv  1191 kB |  number
🔶 Pred  154 ms Sync   22 ms | Sent   864 kB Recv  1191 kB |  \(
🔶 Pred  167 ms Sync   31 ms | Sent   864 kB Recv  1191 kB |  N
🔶 Pred  197 ms Sync   96 ms | Sent   864 kB Recv  1191 kB |  =
🔶 Pred  181 ms Sync   43 ms | Sent   864 kB Recv  1191 kB |  p
🔶 Pred  154 ms Sync   18 ms | Sent   864 kB Recv  1191 kB | _
🔶 Pred  152 ms Sync   21 ms | Sent   864 kB Recv  1191 kB | 1
🔶 Pred  154 ms Sync   24 ms | Sent   864 kB Recv  1191 kB |  \
🔶 Pred  156 ms Sync   22 ms | Sent   864 kB Recv  1191 kB | times
🔶 Pred  156 ms Sync   16 ms | Sent   864 kB Recv  1191 kB |  p
🔶 Pred  155 ms Sync   18 ms | Sent   864 kB Recv  1191 kB | _
🔶 Pred  156 ms Sync   18 ms | Sent   864 kB Recv  1191 kB | 2
🔶 Pred  154 ms Sync   22 ms | Sent   864 kB Recv  1191 kB |  \
🔶 Pred  153 ms Sync   22 ms | Sent   864 kB Recv  1191 kB | times
🔶 Pred  155 ms Sync   22 ms | Sent   864 kB Recv  1191 kB |  \
🔶 Pred  155 ms Sync   21 ms | Sent   864 kB Recv  1191 kB | cd
🔶 Pred  155 ms Sync   24 ms | Sent   864 kB Recv  1191 kB | ots
🔶 Pred  154 ms Sync   20 ms | Sent   864 kB Recv  1191 kB |  \
🔶 Pred  199 ms Sync   44 ms | Sent   864 kB Recv  1191 kB | times
🔶 Pred  253 ms Sync   60 ms | Sent   864 kB Recv  1191 kB |  p
🔶 Pred  157 ms Sync   83 ms | Sent   864 kB Recv  1191 kB | _n
🔶 Pred  157 ms Sync   19 ms | Sent   864 kB Recv  1191 kB |  +
🔶 Pred  155 ms Sync   19 ms | Sent   864 kB Recv  1191 kB |  
🔶 Pred  156 ms Sync   19 ms | Sent   864 kB Recv  1191 kB | 1
🔶 Pred  153 ms Sync   23 ms | Sent   864 kB Recv  1191 kB |  \
🔶 Pred  155 ms Sync   17 ms | Sent   864 kB Recv  1191 kB | ).

🔶 Pred  155 ms Sync   21 ms | Sent   864 kB Recv  1191 kB | 3
🔶 Pred  154 ms Sync   22 ms | Sent   864 kB Recv  1191 kB | .
🔶 Pred  153 ms Sync   22 ms | Sent   864 kB Recv  1191 kB |  **
🔶 Pred  155 ms Sync   21 ms | Sent   864 kB Recv  1191 kB | Contr
🔶 Pred  155 ms Sync   25 ms | Sent   864 kB Recv  1191 kB | ad
🔶 Pred  163 ms Sync   21 ms | Sent   864 kB Recv  1191 kB | iction
🔶 Pred  157 ms Sync   21 ms | Sent   864 kB Recv  1191 kB | **:
🔶 Pred  154 ms Sync   26 ms | Sent   864 kB Recv  1191 kB |  If
🔶 Pred  219 ms Sync   78 ms | Sent   864 kB Recv  1191 kB |  \(
🔶 Pred  167 ms Sync   44 ms | Sent   864 kB Recv  1191 kB |  N
🔶 Pred  156 ms Sync   19 ms | Sent   864 kB Recv  1191 kB |  \
🔶 Pred  153 ms Sync   28 ms | Sent   864 kB Recv  1191 kB | )
🔶 Pred  156 ms Sync   18 ms | Sent   864 kB Recv  1191 kB |  is
🔶 Pred  156 ms Sync   19 ms | Sent   864 kB Recv  1191 kB |  divisible
🔶 Pred  156 ms Sync   19 ms | Sent   864 kB Recv  1191 kB |  by
🔶 Pred  156 ms Sync   19 ms | Sent   864 kB Recv  1191 kB |  any
🔶 Pred  156 ms Sync   20 ms | Sent   864 kB Recv  1191 kB |  \(
🔶 Pred  153 ms Sync   21 ms | Sent   864 kB Recv  1191 kB |  p
🔶 Pred  155 ms Sync   22 ms | Sent   864 kB Recv  1191 kB | _i
🔶 Pred  199 ms Sync   27 ms | Sent   864 kB Recv  1191 kB |  \
🔶 Pred  190 ms Sync   28 ms | Sent   864 kB Recv  1191 kB | ),
🔶 Pred  155 ms Sync   18 ms | Sent   864 kB Recv  1191 kB |  then
🔶 Pred  154 ms Sync   21 ms | Sent   864 kB Recv  1191 kB |  \(
🔶 Pred  196 ms Sync   56 ms | Sent   864 kB Recv  1191 kB |  p
🔶 Pred  215 ms Sync   39 ms | Sent   864 kB Recv  1191 kB | _i
🔶 Pred  179 ms Sync   47 ms | Sent   864 kB Recv  1191 kB |  \
🔶 Pred  153 ms Sync   40 ms | Sent   864 kB Recv  1191 kB | )
🔶 Pred  154 ms Sync   21 ms | Sent   864 kB Recv  1191 kB |  divides
🔶 Pred  156 ms Sync   20 ms | Sent   864 kB Recv  1191 kB |  
🔶 Pred  156 ms Sync   21 ms | Sent   864 kB Recv  1191 kB | 1
🔶 Pred  155 ms Sync   22 ms | Sent   864 kB Recv  1191 kB | ,
🔶 Pred  153 ms Sync   20 ms | Sent   864 kB Recv  1191 kB |  which
🔶 Pred  152 ms Sync   24 ms | Sent   864 kB Recv  1191 kB |  is
🔶 Pred  154 ms Sync   24 ms | Sent   864 kB Recv  1191 kB |  impossible
🔶 Pred  154 ms Sync   20 ms | Sent   864 kB Recv  1191 kB | .
🔶 Pred  154 ms Sync   20 ms | Sent   864 kB Recv  1191 kB |  Thus
🔶 Pred  154 ms Sync   26 ms | Sent   864 kB Recv  1191 kB | ,
🔶 Pred  153 ms Sync   21 ms | Sent   864 kB Recv  1191 kB |  \(
🔶 Pred  153 ms Sync   22 ms | Sent   864 kB Recv  1191 kB |  N
🔶 Pred  209 ms Sync   92 ms | Sent   864 kB Recv  1191 kB |  \
🔶 Pred  158 ms Sync   59 ms | Sent   864 kB Recv  1191 kB | )
🔶 Pred  225 ms Sync   22 ms | Sent   864 kB Recv  1191 kB |  is
🔶 Pred  164 ms Sync   30 ms | Sent   864 kB Recv  1191 kB |  either
🔶 Pred  153 ms Sync   23 ms | Sent   864 kB Recv  1191 kB |  prime
🔶 Pred  248 ms Sync   20 ms | Sent   864 kB Recv  1191 kB |  or
🔶 Pred  162 ms Sync   24 ms | Sent   864 kB Recv  1191 kB |  has
🔶 Pred  157 ms Sync   23 ms | Sent   864 kB Recv  1191 kB |  a
🔶 Pred  153 ms Sync   23 ms | Sent   864 kB Recv  1191 kB |  prime
🔶 Pred  156 ms Sync   25 ms | Sent   864 kB Recv  1191 kB |  factor
🔶 Pred  155 ms Sync   24 ms | Sent   864 kB Recv  1191 kB |  not
🔶 Pred  153 ms Sync   24 ms | Sent   864 kB Recv  1191 kB |  in
🔶 Pred  154 ms Sync   21 ms | Sent   864 kB Recv  1191 kB |  the
🔶 Pred  154 ms Sync   20 ms | Sent   864 kB Recv  1191 kB |  list
🔶 Pred  155 ms Sync   22 ms | Sent   864 kB Recv  1191 kB | .

🔶 Pred  206 ms Sync   95 ms | Sent   864 kB Recv  1191 kB | 4
🔶 Pred  160 ms Sync   62 ms | Sent   864 kB Recv  1191 kB | .
🔶 Pred  153 ms Sync   23 ms | Sent   864 kB Recv  1191 kB |  **
🔶 Pred  152 ms Sync   23 ms | Sent   864 kB Recv  1191 kB | Conclusion
🔶 Pred  155 ms Sync   25 ms | Sent   864 kB Recv  1191 kB | **:
🔶 Pred  154 ms Sync   21 ms | Sent   864 kB Recv  1191 kB |  Since
🔶 Pred  154 ms Sync   21 ms | Sent   864 kB Recv  1191 kB |  \(
🔶 Pred  154 ms Sync   22 ms | Sent   864 kB Recv  1191 kB |  N
🔶 Pred  154 ms Sync   24 ms | Sent   864 kB Recv  1191 kB |  >
🔶 Pred  152 ms Sync   24 ms | Sent   864 kB Recv  1191 kB |  p
🔶 Pred  157 ms Sync   23 ms | Sent   864 kB Recv  1191 kB | _n
🔶 Pred  154 ms Sync   20 ms | Sent   864 kB Recv  1191 kB |  \
🔶 Pred  150 ms Sync   27 ms | Sent   864 kB Recv  1191 kB | ),
🔶 Pred  154 ms Sync   27 ms | Sent   864 kB Recv  1191 kB |  it
🔶 Pred  155 ms Sync   21 ms | Sent   864 kB Recv  1191 kB |  must
🔶 Pred  155 ms Sync   23 ms | Sent   864 kB Recv  1191 kB |  be
🔶 Pred  287 ms Sync   78 ms | Sent   864 kB Recv  1191 kB |  a
🔶 Pred  164 ms Sync   56 ms | Sent   864 kB Recv  1191 kB |  new
🔶 Pred  156 ms Sync   19 ms | Sent   864 kB Recv  1191 kB |  prime
🔶 Pred  153 ms Sync   23 ms | Sent   864 kB Recv  1191 kB |  or
🔶 Pred  155 ms Sync   21 ms | Sent   864 kB Recv  1191 kB |  have
🔶 Pred  156 ms Sync   19 ms | Sent   864 kB Recv  1191 kB |  a
🔶 Pred  154 ms Sync   24 ms | Sent   864 kB Recv  1191 kB |  prime
🔶 Pred  154 ms Sync   22 ms | Sent   864 kB Recv  1191 kB |  factor
🔶 Pred  154 ms Sync   23 ms | Sent   864 kB Recv  1191 kB |  beyond
🔶 Pred  153 ms Sync   21 ms | Sent   864 kB Recv  1191 kB |  \(
🔶 Pred  153 ms Sync   21 ms | Sent   864 kB Recv  1191 kB |  p
🔶 Pred  156 ms Sync   22 ms | Sent   864 kB Recv  1191 kB | _n
🔶 Pred  153 ms Sync   24 ms | Sent   864 kB Recv  1191 kB |  \
🔶 Pred  152 ms Sync   24 ms | Sent   864 kB Recv  1191 kB | ),
🔶 Pred  153 ms Sync   31 ms | Sent   864 kB Recv  1191 kB |  contradict
🔶 Pred  186 ms Sync   46 ms | Sent   864 kB Recv  1191 kB | ing
🔶 Pred  196 ms Sync   23 ms | Sent   864 kB Recv  1191 kB |  the
🔶 Pred  170 ms Sync   45 ms | Sent   864 kB Recv  1191 kB |  fin
🔶 Pred  155 ms Sync   22 ms | Sent   864 kB Recv  1191 kB | iten
🔶 Pred  154 ms Sync   22 ms | Sent   864 kB Recv  1191 kB | ess
🔶 Pred  154 ms Sync   22 ms | Sent   864 kB Recv  1191 kB |  of
🔶 Pred  155 ms Sync   21 ms | Sent   864 kB Recv  1191 kB |  primes
🔶 Pred  155 ms Sync   22 ms | Sent   864 kB Recv  1191 kB | .
🔶 Pred  154 ms Sync   22 ms | Sent   864 kB Recv  1191 kB |  Hence
🔶 Pred  154 ms Sync   25 ms | Sent   864 kB Recv  1191 kB | ,
🔶 Pred  171 ms Sync   32 ms | Sent   864 kB Recv  1191 kB |  there
🔶 Pred  183 ms Sync   22 ms | Sent   864 kB Recv  1191 kB |  are
🔶 Pred  209 ms Sync   17 ms | Sent   864 kB Recv  1191 kB |  infinitely
🔶 Pred  156 ms Sync   22 ms | Sent   864 kB Recv  1191 kB |  many
🔶 Pred  156 ms Sync   23 ms | Sent   864 kB Recv  1191 kB |  primes
🔶 Pred  155 ms Sync   23 ms | Sent   864 kB Recv  1191 kB | .


🔶 Pred  219 ms Sync   51 ms | Sent   864 kB Recv  1191 kB | ###
🔶 Pred  184 ms Sync   37 ms | Sent   864 kB Recv  1191 kB |  Top
🔶 Pred  157 ms Sync   20 ms | Sent   864 kB Recv  1191 kB | ological
🔶 Pred  158 ms Sync   21 ms | Sent   864 kB Recv  1191 kB |  Proof
🔶 Pred  156 ms Sync   21 ms | Sent   864 kB Recv  1191 kB | :

🔶 Pred  156 ms Sync   21 ms | Sent   864 kB Recv  1191 kB | 1
🔶 Pred  157 ms Sync   21 ms | Sent   864 kB Recv  1191 kB | .
🔶 Pred  157 ms Sync   21 ms | Sent   864 kB Recv  1191 kB |  **
🔶 Pred  157 ms Sync   21 ms | Sent   864 kB Recv  1191 kB | Ass
🔶 Pred  154 ms Sync   20 ms | Sent   864 kB Recv  1191 kB | umption
🔶 Pred  158 ms Sync   19 ms | Sent   864 kB Recv  1191 kB | **:
🔶 Pred  166 ms Sync   17 ms | Sent   864 kB Recv  1191 kB |  Suppose
🔶 Pred  158 ms Sync   19 ms | Sent   864 kB Recv  1191 kB |  there
🔶 Pred  154 ms Sync   23 ms | Sent   864 kB Recv  1191 kB |  are
🔶 Pred  155 ms Sync   22 ms | Sent   864 kB Recv  1191 kB |  only
🔶 Pred  157 ms Sync   24 ms | Sent   864 kB Recv  1191 kB |  fin
🔶 Pred  219 ms Sync   62 ms | Sent   864 kB Recv  1191 kB | it
🔶 Pred  166 ms Sync   48 ms | Sent   864 kB Recv  1191 kB | ely
🔶 Pred  156 ms Sync   20 ms | Sent   864 kB Recv  1191 kB |  many
🔶 Pred  157 ms Sync   24 ms | Sent   864 kB Recv  1191 kB |  primes
🔶 Pred  158 ms Sync   19 ms | Sent   864 kB Recv  1191 kB | :
🔶 Pred  204 ms Sync   18 ms | Sent   864 kB Recv  1191 kB |  \(
🔶 Pred  195 ms Sync   16 ms | Sent   864 kB Recv  1191 kB |  p
🔶 Pred  157 ms Sync   24 ms | Sent   864 kB Recv  1191 kB | _
🔶 Pred  156 ms Sync   24 ms | Sent   864 kB Recv  1191 kB | 1
🔶 Pred  156 ms Sync   21 ms | Sent   864 kB Recv  1191 kB | ,
🔶 Pred  157 ms Sync   22 ms | Sent   864 kB Recv  1191 kB |  p
🔶 Pred  164 ms Sync   20 ms | Sent   864 kB Recv  1191 kB | _
🔶 Pred  160 ms Sync   24 ms | Sent   864 kB Recv  1191 kB | 2
🔶 Pred  156 ms Sync   21 ms | Sent   864 kB Recv  1191 kB | ,
🔶 Pred  154 ms Sync   25 ms | Sent   864 kB Recv  1191 kB |  \
🔶 Pred  213 ms Sync   67 ms | Sent   864 kB Recv  1191 kB | ld
🔶 Pred  157 ms Sync   20 ms | Sent   864 kB Recv  1191 kB | ots
🔶 Pred  178 ms Sync   42 ms | Sent   864 kB Recv  1191 kB | ,
🔶 Pred  155 ms Sync   20 ms | Sent   864 kB Recv  1191 kB |  p
🔶 Pred  155 ms Sync   23 ms | Sent   864 kB Recv  1191 kB | _n
🔶 Pred  156 ms Sync   24 ms | Sent   864 kB Recv  1191 kB |  \
🔶 Pred  154 ms Sync   23 ms | Sent   864 kB Recv  1191 kB | ).

🔶 Pred  156 ms Sync   21 ms | Sent   864 kB Recv  1191 kB | 2
🔶 Pred  155 ms Sync   25 ms | Sent   864 kB Recv  1191 kB | .
🔶 Pred  155 ms Sync   21 ms | Sent   864 kB Recv  1191 kB |  **
🔶 Pred  156 ms Sync   24 ms | Sent   864 kB Recv  1191 kB | Contr
🔶 Pred  155 ms Sync   21 ms | Sent   864 kB Recv  1191 kB | ad
🔶 Pred  156 ms Sync   23 ms | Sent   864 kB Recv  1191 kB | iction
🔶 Pred  158 ms Sync   21 ms | Sent   864 kB Recv  1191 kB | **:
🔶 Pred  156 ms Sync   21 ms | Sent   864 kB Recv  1191 kB |  If
🔶 Pred  168 ms Sync   33 ms | Sent   864 kB Recv  1191 kB |  primes
🔶 Pred  276 ms Sync   59 ms | Sent   864 kB Recv  1191 kB |  were
🔶 Pred  264 ms Sync   55 ms | Sent   864 kB Recv  1191 kB |  finite
🔶 Pred  156 ms Sync   20 ms | Sent   864 kB Recv  1191 kB | ,
🔶 Pred  157 ms Sync   23 ms | Sent   864 kB Recv  1191 kB |  their
🔶 Pred  157 ms Sync   21 ms | Sent   864 kB Recv  1191 kB |  limit
🔶 Pred  155 ms Sync   23 ms | Sent   864 kB Recv  1191 kB |  points
🔶 Pred  157 ms Sync   25 ms | Sent   864 kB Recv  1191 kB |  would
🔶 Pred  154 ms Sync   22 ms | Sent   864 kB Recv  1191 kB |  be
🔶 Pred  158 ms Sync   28 ms | Sent   864 kB Recv  1191 kB |  finite
🔶 Pred  155 ms Sync   25 ms | Sent   864 kB Recv  1191 kB | ,
🔶 Pred  157 ms Sync   20 ms | Sent   864 kB Recv  1191 kB |  implying
🔶 Pred  156 ms Sync   22 ms | Sent   864 kB Recv  1191 kB |  beyond
🔶 Pred  158 ms Sync   25 ms | Sent   864 kB Recv  1191 kB |  some
🔶 Pred  157 ms Sync   22 ms | Sent   864 kB Recv  1191 kB |  point
🔶 Pred  156 ms Sync   26 ms | Sent   864 kB Recv  1191 kB | ,
🔶 Pred  216 ms Sync   72 ms | Sent   864 kB Recv  1191 kB |  no
🔶 Pred  176 ms Sync   46 ms | Sent   864 kB Recv  1191 kB |  primes
🔶 Pred  155 ms Sync   22 ms | Sent   864 kB Recv  1191 kB |  exist
🔶 Pred  154 ms Sync   22 ms | Sent   864 kB Recv  1191 kB | .
🔶 Pred  155 ms Sync   27 ms | Sent   864 kB Recv  1191 kB |  However
🔶 Pred  159 ms Sync   23 ms | Sent   864 kB Recv  1191 kB | ,
🔶 Pred  160 ms Sync   22 ms | Sent   864 kB Recv  1191 kB |  we
🔶 Pred  160 ms Sync   18 ms | Sent   864 kB Recv  1191 kB |  can
🔶 Pred  156 ms Sync   21 ms | Sent   864 kB Recv  1191 kB |  always
🔶 Pred  158 ms Sync   25 ms | Sent   864 kB Recv  1191 kB |  find
🔶 Pred  158 ms Sync   21 ms | Sent   864 kB Recv  1191 kB |  primes
🔶 Pred  247 ms Sync   21 ms | Sent   864 kB Recv  1191 kB |  beyond
🔶 Pred  155 ms Sync   22 ms | Sent   864 kB Recv  1191 kB |  any
🔶 Pred  158 ms Sync   21 ms | Sent   864 kB Recv  1191 kB |  bound
🔶 Pred  156 ms Sync   23 ms | Sent   864 kB Recv  1191 kB | ,
🔶 Pred  215 ms Sync   66 ms | Sent   864 kB Recv  1191 kB |  contradict
🔶 Pred  163 ms Sync   59 ms | Sent   864 kB Recv  1191 kB | ing
🔶 Pred  159 ms Sync   44 ms | Sent   864 kB Recv  1191 kB |  this
🔶 Pred  157 ms Sync   22 ms | Sent   864 kB Recv  1191 kB | .

🔶 Pred  157 ms Sync   23 ms | Sent   864 kB Recv  1191 kB | 3
🔶 Pred  159 ms Sync   20 ms | Sent   864 kB Recv  1191 kB | .
🔶 Pred  158 ms Sync   20 ms | Sent   864 kB Recv  1191 kB |  **
🔶 Pred  157 ms Sync   23 ms | Sent   864 kB Recv  1191 kB | Conclusion
🔶 Pred  157 ms Sync   20 ms | Sent   864 kB Recv  1191 kB | **:
🔶 Pred  154 ms Sync   25 ms | Sent   864 kB Recv  1191 kB |  Therefore
🔶 Pred  157 ms Sync   24 ms | Sent   864 kB Recv  1191 kB | ,
🔶 Pred  157 ms Sync   20 ms | Sent   864 kB Recv  1191 kB |  primes
🔶 Pred  157 ms Sync   20 ms | Sent   864 kB Recv  1191 kB |  must
🔶 Pred  155 ms Sync   23 ms | Sent   864 kB Recv  1191 kB |  be
🔶 Pred  154 ms Sync   24 ms | Sent   864 kB Recv  1191 kB |  infinite
🔶 Pred  155 ms Sync   27 ms | Sent   864 kB Recv  1191 kB | .


🔶 Pred  210 ms Sync   99 ms | Sent   864 kB Recv  1191 kB | ###
🔶 Pred  188 ms Sync   56 ms | Sent   864 kB Recv  1191 kB |  Distribution
🔶 Pred  155 ms Sync   38 ms | Sent   864 kB Recv  1191 kB |  of
🔶 Pred  155 ms Sync   22 ms | Sent   864 kB Recv  1191 kB |  Pr
🔶 Pred  158 ms Sync   19 ms | Sent   864 kB Recv  1191 kB | imes
🔶 Pred  239 ms Sync   19 ms | Sent   864 kB Recv  1191 kB | :

🔶 Pred  157 ms Sync   23 ms | Sent   864 kB Recv  1191 kB | The
🔶 Pred  156 ms Sync   22 ms | Sent   864 kB Recv  1191 kB |  Prime
🔶 Pred  157 ms Sync   19 ms | Sent   864 kB Recv  1191 kB |  Number
🔶 Pred  157 ms Sync   24 ms | Sent   864 kB Recv  1191 kB |  The
🔶 Pred  157 ms Sync   23 ms | Sent   864 kB Recv  1191 kB | orem
🔶 Pred  157 ms Sync   23 ms | Sent   864 kB Recv  1191 kB |  states
🔶 Pred  157 ms Sync   24 ms | Sent   864 kB Recv  1191 kB |  that
🔶 Pred  156 ms Sync   20 ms | Sent   864 kB Recv  1191 kB |  the
🔶 Pred  158 ms Sync   22 ms | Sent   864 kB Recv  1191 kB |  density
🔶 Pred  221 ms Sync   74 ms | Sent   864 kB Recv  1191 kB |  of
🔶 Pred  187 ms Sync   54 ms | Sent   864 kB Recv  1191 kB |  primes
🔶 Pred  156 ms Sync   22 ms | Sent   864 kB Recv  1191 kB |  near
🔶 Pred  157 ms Sync   23 ms | Sent   864 kB Recv  1191 kB |  \(
🔶 Pred  156 ms Sync   21 ms | Sent   864 kB Recv  1191 kB |  n
🔶 Pred  159 ms Sync   20 ms | Sent   864 kB Recv  1191 kB |  \
🔶 Pred  156 ms Sync   22 ms | Sent   864 kB Recv  1191 kB | )
🔶 Pred  157 ms Sync   22 ms | Sent   864 kB Recv  1191 kB |  is
🔶 Pred  158 ms Sync   23 ms | Sent   864 kB Recv  1191 kB |  roughly
🔶 Pred  158 ms Sync   28 ms | Sent   864 kB Recv  1191 kB |  \(
🔶 Pred  160 ms Sync   22 ms | Sent   864 kB Recv  1191 kB |  \
🔶 Pred  157 ms Sync   22 ms | Sent   864 kB Recv  1191 kB | frac
🔶 Pred  159 ms Sync   24 ms | Sent   864 kB Recv  1191 kB | {
🔶 Pred  157 ms Sync   22 ms | Sent   864 kB Recv  1191 kB | 1
🔶 Pred  158 ms Sync   25 ms | Sent   864 kB Recv  1191 kB | }{
🔶 Pred  170 ms Sync   29 ms | Sent   864 kB Recv  1191 kB | \
🔶 Pred  262 ms Sync   58 ms | Sent   864 kB Recv  1191 kB | log
🔶 Pred  175 ms Sync   38 ms | Sent   864 kB Recv  1191 kB |  n
🔶 Pred  166 ms Sync   19 ms | Sent   864 kB Recv  1191 kB | }
🔶 Pred  161 ms Sync   20 ms | Sent   864 kB Recv  1191 kB |  \
🔶 Pred  160 ms Sync   21 ms | Sent   864 kB Recv  1191 kB | ),
🔶 Pred  157 ms Sync   25 ms | Sent   864 kB Recv  1191 kB |  indicating
🔶 Pred  159 ms Sync   20 ms | Sent   864 kB Recv  1191 kB |  primes
🔶 Pred  160 ms Sync   21 ms | Sent   864 kB Recv  1191 kB |  become
🔶 Pred  158 ms Sync   20 ms | Sent   864 kB Recv  1191 kB |  less
🔶 Pred  158 ms Sync   24 ms | Sent   864 kB Recv  1191 kB |  frequent
🔶 Pred  160 ms Sync   21 ms | Sent   864 kB Recv  1191 kB | .
🔶 Pred  159 ms Sync   22 ms | Sent   864 kB Recv  1191 kB |  Despite
🔶 Pred  158 ms Sync   20 ms | Sent   864 kB Recv  1191 kB |  this
🔶 Pred  156 ms Sync   21 ms | Sent   864 kB Recv  1191 kB | ,
🔶 Pred  157 ms Sync   24 ms | Sent   864 kB Recv  1191 kB |  the
🔶 Pred  212 ms Sync   88 ms | Sent   864 kB Recv  1191 kB |  infinit
🔶 Pred  168 ms Sync   54 ms | Sent   864 kB Recv  1191 kB | ude
🔶 Pred  158 ms Sync   21 ms | Sent   864 kB Recv  1191 kB |  of
🔶 Pred  158 ms Sync   21 ms | Sent   864 kB Recv  1191 kB |  primes
🔶 Pred  168 ms Sync   31 ms | Sent   864 kB Recv  1191 kB |  is
🔶 Pred  159 ms Sync   22 ms | Sent   864 kB Recv  1191 kB |  ensured
🔶 Pred  156 ms Sync   26 ms | Sent   864 kB Recv  1191 kB |  by
🔶 Pred  158 ms Sync   24 ms | Sent   864 kB Recv  1191 kB |  the
🔶 Pred  156 ms Sync   24 ms | Sent   864 kB Recv  1191 kB |  proofs
🔶 Pred  157 ms Sync   22 ms | Sent   864 kB Recv  1191 kB |  above
🔶 Pred  174 ms Sync   25 ms | Sent   864 kB Recv  1191 kB | ,
🔶 Pred  215 ms Sync   28 ms | Sent   864 kB Recv  1191 kB |  as
🔶 Pred  165 ms Sync   22 ms | Sent   864 kB Recv  1191 kB |  their
🔶 Pred  158 ms Sync   24 ms | Sent   864 kB Recv  1191 kB |  density
🔶 Pred  157 ms Sync   22 ms | Sent   864 kB Recv  1191 kB |  never
🔶 Pred  215 ms Sync   88 ms | Sent   864 kB Recv  1191 kB |  drops
🔶 Pred  166 ms Sync   58 ms | Sent   864 kB Recv  1191 kB |  to
🔶 Pred  157 ms Sync   23 ms | Sent   864 kB Recv  1191 kB |  zero
🔶 Pred  156 ms Sync   23 ms | Sent   864 kB Recv  1191 kB | ,
🔶 Pred  157 ms Sync   22 ms | Sent   864 kB Recv  1191 kB |  and
🔶 Pred  158 ms Sync   22 ms | Sent   864 kB Recv  1191 kB |  new
🔶 Pred  156 ms Sync   23 ms | Sent   864 kB Recv  1191 kB |  primes
🔶 Pred  157 ms Sync   20 ms | Sent   864 kB Recv  1191 kB |  can
🔶 Pred  155 ms Sync   32 ms | Sent   864 kB Recv  1191 kB |  always
🔶 Pred  158 ms Sync   24 ms | Sent   864 kB Recv  1191 kB |  be
🔶 Pred  157 ms Sync   24 ms | Sent   864 kB Recv  1191 kB |  found
🔶 Pred  158 ms Sync   24 ms | Sent   864 kB Recv  1191 kB | .


🔶 Pred  161 ms Sync   24 ms | Sent   864 kB Recv  1191 kB | ###
🔶 Pred  159 ms Sync   23 ms | Sent   864 kB Recv  1191 kB |  Conclusion
🔶 Pred  157 ms Sync   22 ms | Sent   864 kB Recv  1191 kB | :

🔶 Pred  203 ms Sync   55 ms | Sent   864 kB Recv  1191 kB | Each
🔶 Pred  209 ms Sync   42 ms | Sent   864 kB Recv  1191 kB |  proof
🔶 Pred  169 ms Sync   56 ms | Sent   864 kB Recv  1191 kB |  eleg
🔶 Pred  156 ms Sync   25 ms | Sent   864 kB Recv  1191 kB | antly
🔶 Pred  160 ms Sync   23 ms | Sent   864 kB Recv  1191 kB |  demonstrates
🔶 Pred  183 ms Sync   22 ms | Sent   864 kB Recv  1191 kB |  the
🔶 Pred  225 ms Sync   18 ms | Sent   864 kB Recv  1191 kB |  infinit
🔶 Pred  158 ms Sync   24 ms | Sent   864 kB Recv  1191 kB | ude
🔶 Pred  159 ms Sync   21 ms | Sent   864 kB Recv  1191 kB |  of
🔶 Pred  156 ms Sync   24 ms | Sent   864 kB Recv  1191 kB |  primes
🔶 Pred  160 ms Sync   19 ms | Sent   864 kB Recv  1191 kB | ,
🔶 Pred  156 ms Sync   22 ms | Sent   864 kB Recv  1191 kB |  with
🔶 Pred  157 ms Sync   23 ms | Sent   864 kB Recv  1191 kB |  Eu
🔶 Pred  157 ms Sync   27 ms | Sent   864 kB Recv  1191 kB | clid
🔶 Pred  160 ms Sync   22 ms | Sent   864 kB Recv  1191 kB |  and
🔶 Pred  228 ms Sync   47 ms | Sent   864 kB Recv  1191 kB |  Euler
🔶 Pred  194 ms Sync   33 ms | Sent   864 kB Recv  1191 kB |  using
🔶 Pred  169 ms Sync   51 ms | Sent   864 kB Recv  1191 kB |  straightforward
🔶 Pred  159 ms Sync   22 ms | Sent   864 kB Recv  1191 kB |  arithmetic
🔶 Pred  157 ms Sync   22 ms | Sent   864 kB Recv  1191 kB | ,
🔶 Pred  158 ms Sync   24 ms | Sent   864 kB Recv  1191 kB |  and
🔶 Pred  159 ms Sync   23 ms | Sent   864 kB Recv  1191 kB |  the
🔶 Pred  161 ms Sync   21 ms | Sent   864 kB Recv  1191 kB |  top
🔶 Pred  174 ms Sync   20 ms | Sent   864 kB Recv  1191 kB | ological
🔶 Pred  157 ms Sync   22 ms | Sent   864 kB Recv  1191 kB |  proof
🔶 Pred  158 ms Sync   27 ms | Sent   864 kB Recv  1191 kB |  employing
🔶 Pred  157 ms Sync   28 ms | Sent   864 kB Recv  1191 kB |  advanced
🔶 Pred  157 ms Sync   20 ms | Sent   864 kB Recv  1191 kB |  concepts
🔶 Pred  157 ms Sync   25 ms | Sent   864 kB Recv  1191 kB |  to
🔶 Pred  157 ms Sync   23 ms | Sent   864 kB Recv  1191 kB |  reinforce
🔶 Pred  158 ms Sync   22 ms | Sent   864 kB Recv  1191 kB |  the
🔶 Pred  279 ms Sync   69 ms | Sent   864 kB Recv  1191 kB |  same
🔶 Pred  168 ms Sync   52 ms | Sent   864 kB Recv  1191 kB |  conclusion
🔶 Pred  159 ms Sync   43 ms | Sent   864 kB Recv  1191 kB | .
🔶 Pred  160 ms Sync   21 ms | Sent   864 kB Recv  1191 kB |  The
🔶 Pred  159 ms Sync   19 ms | Sent   864 kB Recv  1191 kB |  distribution
🔶 Pred  159 ms Sync   22 ms | Sent   864 kB Recv  1191 kB |  of
🔶 Pred  158 ms Sync   27 ms | Sent   864 kB Recv  1191 kB |  primes
🔶 Pred  158 ms Sync   21 ms | Sent   864 kB Recv  1191 kB | ,
🔶 Pred  158 ms Sync   22 ms | Sent   864 kB Recv  1191 kB |  though
🔶 Pred  160 ms Sync   25 ms | Sent   864 kB Recv  1191 kB |  sp
🔶 Pred  159 ms Sync   23 ms | Sent   864 kB Recv  1191 kB | arser
🔶 Pred  159 ms Sync   24 ms | Sent   864 kB Recv  1191 kB | ,
🔶 Pred  158 ms Sync   21 ms | Sent   864 kB Recv  1191 kB |  ensures
🔶 Pred  159 ms Sync   20 ms | Sent   864 kB Recv  1191 kB |  an
🔶 Pred  158 ms Sync   24 ms | Sent   864 kB Recv  1191 kB |  infinite
🔶 Pred  222 ms Sync   69 ms | Sent   864 kB Recv  1191 kB |  supply
🔶 Pred  176 ms Sync   41 ms | Sent   864 kB Recv  1191 kB | ,
🔶 Pred  203 ms Sync   55 ms | Sent   864 kB Recv  1191 kB |  reflecting
🔶 Pred  159 ms Sync   21 ms | Sent   864 kB Recv  1191 kB |  the
🔶 Pred  160 ms Sync   24 ms | Sent   864 kB Recv  1191 kB |  depth
🔶 Pred  156 ms Sync   29 ms | Sent   864 kB Recv  1191 kB |  and
🔶 Pred  158 ms Sync   20 ms | Sent   864 kB Recv  1191 kB |  complexity
🔶 Pred  156 ms Sync   25 ms | Sent   864 kB Recv  1191 kB |  of
🔶 Pred  161 ms Sync   22 ms | Sent   864 kB Recv  1191 kB |  number
🔶 Pred  161 ms Sync   23 ms | Sent   864 kB Recv  1191 kB |  theory
🔶 Pred  197 ms Sync   21 ms | Sent   864 kB Recv  1191 kB | .
🔶 Pred  215 ms Sync   34 ms | Sent   864 kB Recv  1191 kB | ~
🔶 Pred  161 ms Sync   25 ms | Sent   864 kB Recv  1191 kB | ~
🔶 Pred  159 ms Sync   24 ms | Sent   864 kB Recv  1191 kB | ://
🔶 Pred  185 ms Sync   30 ms | Sent   864 kB Recv  1191 kB | 


🔶 Pred  200 ms Sync   65 ms | Sent   864 kB Recv  1191 kB | The
🔶 Pred  184 ms Sync   53 ms | Sent   864 kB Recv  1191 kB |  three
🔶 Pred  158 ms Sync   23 ms | Sent   864 kB Recv  1191 kB |  proofs
🔶 Pred  160 ms Sync   23 ms | Sent   864 kB Recv  1191 kB |  presented
🔶 Pred  162 ms Sync   21 ms | Sent   864 kB Recv  1191 kB |  each
🔶 Pred  161 ms Sync   22 ms | Sent   864 kB Recv  1191 kB |  establish
🔶 Pred  164 ms Sync   20 ms | Sent   864 kB Recv  1191 kB |  the
🔶 Pred  158 ms Sync   28 ms | Sent   864 kB Recv  1191 kB |  infinit
🔶 Pred  158 ms Sync   22 ms | Sent   864 kB Recv  1191 kB | ude
🔶 Pred  161 ms Sync   24 ms | Sent   864 kB Recv  1191 kB |  of
🔶 Pred  158 ms Sync   29 ms | Sent   864 kB Recv  1191 kB |  primes
🔶 Pred  177 ms Sync   23 ms | Sent   864 kB Recv  1191 kB |  in
🔶 Pred  159 ms Sync   25 ms | Sent   864 kB Recv  1191 kB |  distinct
🔶 Pred  156 ms Sync   26 ms | Sent   864 kB Recv  1191 kB |  ways
🔶 Pred  162 ms Sync   22 ms | Sent   864 kB Recv  1191 kB | ,
🔶 Pred  214 ms Sync   86 ms | Sent   864 kB Recv  1191 kB |  showcasing
🔶 Pred  182 ms Sync   41 ms | Sent   864 kB Recv  1191 kB |  the
🔶 Pred  166 ms Sync   21 ms | Sent   864 kB Recv  1191 kB |  ing
🔶 Pred  161 ms Sync   17 ms | Sent   864 kB Recv  1191 kB | enuity
🔶 Pred  161 ms Sync   24 ms | Sent   864 kB Recv  1191 kB |  of
🔶 Pred  232 ms Sync   24 ms | Sent   864 kB Recv  1191 kB |  mathematical
🔶 Pred  161 ms Sync   20 ms | Sent   864 kB Recv  1191 kB |  reasoning
🔶 Pred  163 ms Sync   18 ms | Sent   864 kB Recv  1191 kB | .
🔶 Pred  159 ms Sync   23 ms | Sent   864 kB Recv  1191 kB |  Eu
🔶 Pred  161 ms Sync   23 ms | Sent   864 kB Recv  1191 kB | clid
🔶 Pred  160 ms Sync   24 ms | Sent   864 kB Recv  1191 kB | 's
🔶 Pred  164 ms Sync   21 ms | Sent   864 kB Recv  1191 kB |  and
🔶 Pred  160 ms Sync   21 ms | Sent   864 kB Recv  1191 kB |  Euler
🔶 Pred  159 ms Sync   23 ms | Sent   864 kB Recv  1191 kB | 's
🔶 Pred  160 ms Sync   27 ms | Sent   864 kB Recv  1191 kB |  proofs
🔶 Pred  209 ms Sync   86 ms | Sent   864 kB Recv  1191 kB |  are
🔶 Pred  181 ms Sync   39 ms | Sent   864 kB Recv  1191 kB |  classic
🔶 Pred  160 ms Sync   22 ms | Sent   864 kB Recv  1191 kB |  and
🔶 Pred  160 ms Sync   21 ms | Sent   864 kB Recv  1191 kB |  concise
🔶 Pred  163 ms Sync   26 ms | Sent   864 kB Recv  1191 kB | ,
🔶 Pred  160 ms Sync   21 ms | Sent   864 kB Recv  1191 kB |  while
🔶 Pred  159 ms Sync   22 ms | Sent   864 kB Recv  1191 kB |  the
🔶 Pred  159 ms Sync   22 ms | Sent   864 kB Recv  1191 kB |  top
🔶 Pred  161 ms Sync   23 ms | Sent   864 kB Recv  1191 kB | ological
🔶 Pred  160 ms Sync   24 ms | Sent   864 kB Recv  1191 kB |  approach
🔶 Pred  166 ms Sync   22 ms | Sent   864 kB Recv  1191 kB |  adds
🔶 Pred  167 ms Sync   22 ms | Sent   864 kB Recv  1191 kB |  a
🔶 Pred  161 ms Sync   20 ms | Sent   864 kB Recv  1191 kB |  layer
🔶 Pred  160 ms Sync   20 ms | Sent   864 kB Recv  1191 kB |  of
🔶 Pred  159 ms Sync   23 ms | Sent   864 kB Recv  1191 kB |  complexity
🔶 Pred  235 ms Sync   76 ms | Sent   864 kB Recv  1191 kB | ,
🔶 Pred  202 ms Sync   55 ms | Sent   864 kB Recv  1191 kB |  illustrating
🔶 Pred  159 ms Sync   26 ms | Sent   864 kB Recv  1191 kB |  the
🔶 Pred  162 ms Sync   21 ms | Sent   864 kB Recv  1191 kB |  richness
🔶 Pred  159 ms Sync   21 ms | Sent   864 kB Recv  1191 kB |  of
🔶 Pred  157 ms Sync   26 ms | Sent   864 kB Recv  1191 kB |  mathematical
🔶 Pred  157 ms Sync   22 ms | Sent   864 kB Recv  1191 kB |  methods
🔶 Pred  158 ms Sync   21 ms | Sent   864 kB Recv  1191 kB | .
🔶 Pred  159 ms Sync   21 ms | Sent   864 kB Recv  1191 kB |  The
🔶 Pred  160 ms Sync   24 ms | Sent   864 kB Recv  1191 kB |  distribution
🔶 Pred  159 ms Sync   26 ms | Sent   864 kB Recv  1191 kB |  of
🔶 Pred  159 ms Sync   23 ms | Sent   864 kB Recv  1191 kB |  primes
🔶 Pred  162 ms Sync   20 ms | Sent   864 kB Recv  1191 kB | ,
🔶 Pred  161 ms Sync   23 ms | Sent   864 kB Recv  1191 kB |  as
🔶 Pred  158 ms Sync   24 ms | Sent   864 kB Recv  1191 kB |  described
🔶 Pred  182 ms Sync   39 ms | Sent   864 kB Recv  1191 kB |  by
🔶 Pred  199 ms Sync   54 ms | Sent   864 kB Recv  1191 kB |  the
🔶 Pred  162 ms Sync   69 ms | Sent   864 kB Recv  1191 kB |  Prime
🔶 Pred  160 ms Sync   21 ms | Sent   864 kB Recv  1191 kB |  Number
🔶 Pred  160 ms Sync   21 ms | Sent   864 kB Recv  1191 kB |  The
🔶 Pred  162 ms Sync   21 ms | Sent   864 kB Recv  1191 kB | orem
🔶 Pred  160 ms Sync   23 ms | Sent   864 kB Recv  1191 kB | ,
🔶 Pred  159 ms Sync   22 ms | Sent   864 kB Recv  1191 kB |  comple
🔶 Pred  162 ms Sync   21 ms | Sent   864 kB Recv  1191 kB | ments
🔶 Pred  162 ms Sync   20 ms | Sent   864 kB Recv  1191 kB |  these
🔶 Pred  162 ms Sync   20 ms | Sent   864 kB Recv  1191 kB |  proofs
🔶 Pred  243 ms Sync   27 ms | Sent   864 kB Recv  1191 kB | ,
🔶 Pred  161 ms Sync   20 ms | Sent   864 kB Recv  1191 kB |  highlighting
🔶 Pred  162 ms Sync   20 ms | Sent   864 kB Recv  1191 kB |  both
🔶 Pred  160 ms Sync   20 ms | Sent   864 kB Recv  1191 kB |  the
🔶 Pred  190 ms Sync   37 ms | Sent   864 kB Recv  1191 kB |  infinit
🔶 Pred  179 ms Sync   76 ms | Sent   864 kB Recv  1191 kB | ude
🔶 Pred  186 ms Sync   45 ms | Sent   864 kB Recv  1191 kB |  and
🔶 Pred  162 ms Sync   19 ms | Sent   864 kB Recv  1191 kB |  the
🔶 Pred  161 ms Sync   22 ms | Sent   864 kB Recv  1191 kB |  decreasing
🔶 Pred  167 ms Sync   23 ms | Sent   864 kB Recv  1191 kB |  density
🔶 Pred  166 ms Sync   22 ms | Sent   864 kB Recv  1191 kB |  of
🔶 Pred  159 ms Sync   27 ms | Sent   864 kB Recv  1191 kB |  primes
🔶 Pred  158 ms Sync   22 ms | Sent   864 kB Recv  1191 kB |  in
🔶 Pred  159 ms Sync   25 ms | Sent   864 kB Recv  1191 kB |  the
🔶 Pred  163 ms Sync   20 ms | Sent   864 kB Recv  1191 kB |  number
🔶 Pred  160 ms Sync   20 ms | Sent   864 kB Recv  1191 kB |  line
🔶 Pred  159 ms Sync   22 ms | Sent   864 kB Recv  1191 kB | .
🔶 Pred  160 ms Sync   25 ms | Sent   864 kB Recv  1191 kB | ~
🔶 Pred  158 ms Sync   24 ms | Sent   864 kB Recv  1191 kB | ~
🔶 Pred  159 ms Sync   29 ms | Sent   864 kB Recv  1191 kB | ://
🔶 Pred  224 ms Sync   69 ms | Sent   864 kB Recv  1191 kB | 


🔶 Pred  181 ms Sync   45 ms | Sent   864 kB Recv  1191 kB | To
🔶 Pred  161 ms Sync   22 ms | Sent   864 kB Recv  1191 kB |  prove
🔶 Pred  160 ms Sync   23 ms | Sent   864 kB Recv  1191 kB |  that
🔶 Pred  161 ms Sync   24 ms | Sent   864 kB Recv  1191 kB |  there
🔶 Pred  256 ms Sync   17 ms | Sent   864 kB Recv  1191 kB |  are
🔶 Pred  163 ms Sync   20 ms | Sent   864 kB Recv  1191 kB |  infinitely
🔶 Pred  160 ms Sync   25 ms | Sent   864 kB Recv  1191 kB |  many
🔶 Pred  158 ms Sync   25 ms | Sent   864 kB Recv  1191 kB |  prime
🔶 Pred  160 ms Sync   23 ms | Sent   864 kB Recv  1191 kB |  numbers
🔶 Pred  161 ms Sync   25 ms | Sent   864 kB Recv  1191 kB | ,
🔶 Pred  159 ms Sync   21 ms | Sent   864 kB Recv  1191 kB |  we
🔶 Pred  160 ms Sync   21 ms | Sent   864 kB Recv  1191 kB |  can
🔶 Pred  161 ms Sync   22 ms | Sent   864 kB Recv  1191 kB |  use
🔶 Pred  179 ms Sync   20 ms | Sent   864 kB Recv  1191 kB |  three
🔶 Pred  197 ms Sync   70 ms | Sent   864 kB Recv  1191 kB |  distinct
🔶 Pred  182 ms Sync   43 ms | Sent   864 kB Recv  1191 kB |  methods
🔶 Pred  163 ms Sync   22 ms | Sent   864 kB Recv  1191 kB | ,
🔶 Pred  162 ms Sync   25 ms | Sent   864 kB Recv  1191 kB |  each
🔶 Pred  161 ms Sync   24 ms | Sent   864 kB Recv  1191 kB |  providing
🔶 Pred  172 ms Sync   31 ms | Sent   864 kB Recv  1191 kB |  a
🔶 Pred  164 ms Sync   20 ms | Sent   864 kB Recv  1191 kB |  unique
🔶 Pred  163 ms Sync   23 ms | Sent   864 kB Recv  1191 kB |  perspective
🔶 Pred  163 ms Sync   24 ms | Sent   864 kB Recv  1191 kB | :


🔶 Pred  160 ms Sync   25 ms | Sent   864 kB Recv  1191 kB | ###
🔶 Pred  160 ms Sync   25 ms | Sent   864 kB Recv  1191 kB |  Eu
🔶 Pred  164 ms Sync   25 ms | Sent   864 kB Recv  1191 kB | clid
🔶 Pred  163 ms Sync   21 ms | Sent   864 kB Recv  1191 kB | 's
🔶 Pred  161 ms Sync   27 ms | Sent   864 kB Recv  1191 kB |  Proof
🔶 Pred  168 ms Sync   28 ms | Sent   864 kB Recv  1191 kB | :

🔶 Pred  289 ms Sync   66 ms | Sent   864 kB Recv  1191 kB | 1
🔶 Pred  183 ms Sync   54 ms | Sent   864 kB Recv  1191 kB | .
🔶 Pred  162 ms Sync   19 ms | Sent   864 kB Recv  1191 kB |  **
🔶 Pred  160 ms Sync   28 ms | Sent   864 kB Recv  1191 kB | Ass
🔶 Pred  165 ms Sync   21 ms | Sent   864 kB Recv  1191 kB | umption
🔶 Pred  162 ms Sync   21 ms | Sent   864 kB Recv  1191 kB | **:
🔶 Pred  161 ms Sync   19 ms | Sent   864 kB Recv  1191 kB |  Suppose
🔶 Pred  161 ms Sync   21 ms | Sent   864 kB Recv  1191 kB |  there
🔶 Pred  162 ms Sync   26 ms | Sent   864 kB Recv  1191 kB |  are
🔶 Pred  159 ms Sync   23 ms | Sent   864 kB Recv  1191 kB |  only
🔶 Pred  163 ms Sync   24 ms | Sent   864 kB Recv  1191 kB |  fin
🔶 Pred  164 ms Sync   20 ms | Sent   864 kB Recv  1191 kB | it
🔶 Pred  161 ms Sync   25 ms | Sent   864 kB Recv  1191 kB | ely
🔶 Pred  163 ms Sync   21 ms | Sent   864 kB Recv  1191 kB |  many
🔶 Pred  162 ms Sync   20 ms | Sent   864 kB Recv  1191 kB |  primes
🔶 Pred  212 ms Sync   86 ms | Sent   864 kB Recv  1191 kB | :
🔶 Pred  173 ms Sync   43 ms | Sent   864 kB Recv  1191 kB |  \(
🔶 Pred  162 ms Sync   23 ms | Sent   864 kB Recv  1191 kB |  p
🔶 Pred  162 ms Sync   22 ms | Sent   864 kB Recv  1191 kB | _
🔶 Pred  163 ms Sync   28 ms | Sent   864 kB Recv  1191 kB | 1
🔶 Pred  160 ms Sync   23 ms | Sent   864 kB Recv  1191 kB | ,
🔶 Pred  162 ms Sync   24 ms | Sent   864 kB Recv  1191 kB |  p
🔶 Pred  160 ms Sync   25 ms | Sent   864 kB Recv  1191 kB | _
🔶 Pred  160 ms Sync   23 ms | Sent   864 kB Recv  1191 kB | 2
🔶 Pred  162 ms Sync   23 ms | Sent   864 kB Recv  1191 kB | ,
🔶 Pred  205 ms Sync   19 ms | Sent   864 kB Recv  1191 kB |  \
🔶 Pred  211 ms Sync   19 ms | Sent   864 kB Recv  1191 kB | ld
🔶 Pred  169 ms Sync   19 ms | Sent   864 kB Recv  1191 kB | ots
🔶 Pred  163 ms Sync   24 ms | Sent   864 kB Recv  1191 kB | ,
🔶 Pred  182 ms Sync   40 ms | Sent   864 kB Recv  1191 kB |  p
🔶 Pred  197 ms Sync   91 ms | Sent   864 kB Recv  1191 kB | _n
🔶 Pred  183 ms Sync   61 ms | Sent   864 kB Recv  1191 kB |  \
🔶 Pred  165 ms Sync   20 ms | Sent   864 kB Recv  1191 kB | ).

🔶 Pred  165 ms Sync   21 ms | Sent   864 kB Recv  1191 kB | 2
🔶 Pred  164 ms Sync   21 ms | Sent   864 kB Recv  1191 kB | .
🔶 Pred  159 ms Sync   23 ms | Sent   864 kB Recv  1191 kB |  **
🔶 Pred  163 ms Sync   20 ms | Sent   864 kB Recv  1191 kB | Construction
🔶 Pred  160 ms Sync   20 ms | Sent   864 kB Recv  1191 kB | **:
🔶 Pred  176 ms Sync   25 ms | Sent   864 kB Recv  1191 kB |  Consider
🔶 Pred  165 ms Sync   25 ms | Sent   864 kB Recv  1191 kB |  \(
🔶 Pred  164 ms Sync   23 ms | Sent   864 kB Recv  1191 kB |  N
🔶 Pred  165 ms Sync   22 ms | Sent   864 kB Recv  1191 kB |  =
🔶 Pred  159 ms Sync   27 ms | Sent   864 kB Recv  1191 kB |  p
🔶 Pred  161 ms Sync   23 ms | Sent   864 kB Recv  1191 kB | _
🔶 Pred  183 ms Sync   90 ms | Sent   864 kB Recv  1191 kB | 1
🔶 Pred  205 ms Sync   37 ms | Sent   864 kB Recv  1191 kB |  \
🔶 Pred  182 ms Sync   59 ms | Sent   864 kB Recv  1191 kB | times
🔶 Pred  163 ms Sync   20 ms | Sent   864 kB Recv  1191 kB |  p
🔶 Pred  164 ms Sync   24 ms | Sent   864 kB Recv  1191 kB | _
🔶 Pred  210 ms Sync   19 ms | Sent   864 kB Recv  1191 kB | 2
🔶 Pred  199 ms Sync   19 ms | Sent   864 kB Recv  1191 kB |  \
🔶 Pred  162 ms Sync   19 ms | Sent   864 kB Recv  1191 kB | times
🔶 Pred  163 ms Sync   23 ms | Sent   864 kB Recv  1191 kB |  \
🔶 Pred  163 ms Sync   22 ms | Sent   864 kB Recv  1191 kB | cd
🔶 Pred  162 ms Sync   25 ms | Sent   864 kB Recv  1191 kB | ots
🔶 Pred  161 ms Sync   20 ms | Sent   864 kB Recv  1191 kB |  \
🔶 Pred  164 ms Sync   21 ms | Sent   864 kB Recv  1191 kB | times
🔶 Pred  161 ms Sync   22 ms | Sent   864 kB Recv  1191 kB |  p
🔶 Pred  163 ms Sync   25 ms | Sent   864 kB Recv  1191 kB | _n
🔶 Pred  227 ms Sync   56 ms | Sent   864 kB Recv  1191 kB |  +
🔶 Pred  162 ms Sync   22 ms | Sent   864 kB Recv  1191 kB |  
🔶 Pred  186 ms Sync   52 ms | Sent   864 kB Recv  1191 kB | 1
🔶 Pred  164 ms Sync   23 ms | Sent   864 kB Recv  1191 kB |  \
🔶 Pred  162 ms Sync   22 ms | Sent   864 kB Recv  1191 kB | ).

🔶 Pred  164 ms Sync   23 ms | Sent   864 kB Recv  1191 kB | 3
🔶 Pred  162 ms Sync   23 ms | Sent   864 kB Recv  1191 kB | .
🔶 Pred  161 ms Sync   23 ms | Sent   864 kB Recv  1191 kB |  **
🔶 Pred  165 ms Sync   20 ms | Sent   864 kB Recv  1191 kB | Contr
🔶 Pred  162 ms Sync   23 ms | Sent   864 kB Recv  1191 kB | ad

Evaluation
   nBatches: 32
    nTokens: 42
   tokens/s: 9.46 (105.76 ms/tok)
Prediction
    nTokens: 4958
   tokens/s: 6.33 (158.03 ms/tok)
⭕ Network is closed
