📄 AddBos: 255
📄 BosId: 128000 (<｜begin▁of▁sentence｜>)
📄 EosId: 128001 (<｜end▁of▁sentence｜>) 128001 (<｜end▁of▁sentence｜>) 
📄 RegularVocabSize: 128000
📄 SpecialVocabSize: 256
💡 Arch: Llama
💡 HiddenAct: Silu
💡 Dim: 4096
💡 HeadDim: 128
💡 QDim: 4096
💡 KvDim: 1024
💡 HiddenDim: 14336
💡 VocabSize: 128256
💡 nLayers: 32
💡 nHeads: 32
💡 nKvHeads: 8
💡 OrigSeqLen: 131072
💡 SeqLen: 8192
💡 NormEpsilon: 0.000010
💡 RopeType: Llama3.1
💡 RopeTheta: 500000
💡 RopeScaling: f=8.0, l=1.0, h=4.0, o=8192
📀 RequiredMemory: 3588 MB
⭕ Socket[0]: connecting to 192.168.1.77:9998 worker
⭕ Socket[0]: connected
⭕ Socket[1]: connecting to 192.168.1.75:9998 worker
⭕ Socket[1]: connected
⭕ Socket[2]: connecting to 192.168.1.76:9998 worker
⭕ Socket[2]: connected
⭕ Network is initialized
🧠 CPU: neon fp16
💿 Loading weights...
💿 Loaded 12/32
💿 Loaded 13/32
💿 Loaded 14/32
💿 Loaded 15/32
💿 Loaded 16/32
💿 Loaded 17/32
💿 Loaded 18/32
💿 Loaded 19/32
💿 Loaded 20/32
💿 Loaded 21/32
💿 Loaded 22/32
💿 Loaded 23/32
💿 Loaded 24/32
💿 Loaded 25/32
💿 Loaded 26/32
💿 Loaded 27/32
💿 Loaded 28/32
💿 Loaded 29/32
💿 Loaded 30/32
💿 Loaded 31/32
💿 Loaded 32/32
💿 Weights loaded
🚁 Network is in non-blocking mode
Five houses in a row, each a different color, owner nationality, drink, cigarette, and pet. Solve the full Einstein zebra puzzle step by step, stating every deduction and why, then give the final assignment table.
🔷️ Eval 2880 ms Sync  485 ms | Sent 27648 kB Recv 38136 kB | (32 tokens)
🔷️ Eval 1292 ms Sync  209 ms | Sent 11232 kB Recv 15492 kB | (13 tokens)
🔶 Pred   94 ms Sync   32 ms | Sent   864 kB Recv  1191 kB |  I
🔶 Pred  105 ms Sync   43 ms | Sent   864 kB Recv  1191 kB |  need
🔶 Pred  103 ms Sync   15 ms | Sent   864 kB Recv  1191 kB |  this
🔶 Pred   94 ms Sync   16 ms | Sent   864 kB Recv  1191 kB |  for
🔶 Pred   93 ms Sync   16 ms | Sent   864 kB Recv  1191 kB |  a
🔶 Pred   95 ms Sync   15 ms | Sent   864 kB Recv  1191 kB |  puzzle
🔶 Pred   94 ms Sync   16 ms | Sent   864 kB Recv  1191 kB |  I
🔶 Pred   93 ms Sync   16 ms | Sent   864 kB Recv  1191 kB | 'm
🔶 Pred   93 ms Sync   16 ms | Sent   864 kB Recv  1191 kB |  working
🔶 Pred   95 ms Sync   15 ms | Sent   864 kB Recv  1191 kB |  on
🔶 Pred   94 ms Sync   15 ms | Sent   864 kB Recv  1191 kB | ,
🔶 Pred   93 ms Sync   16 ms | Sent   864 kB Recv  1191 kB |  so
🔶 Pred   94 ms Sync   15 ms | Sent   864 kB Recv  1191 kB |  I
🔶 Pred  105 ms Sync   13 ms | Sent   864 kB Recv  1191 kB |  want
🔶 Pred  145 ms Sync   24 ms | Sent   864 kB Recv  1191 kB |  to
🔶 Pred   93 ms Sync   16 ms | Sent   864 kB Recv  1191 kB |  make
🔶 Pred   93 ms Sync   16 ms | Sent   864 kB Recv  1191 kB |  sure
🔶 Pred   93 ms Sync   16 ms | Sent   864 kB Recv  1191 kB |  I
🔶 Pred   93 ms Sync   17 ms | Sent   864 kB Recv  1191 kB |  get
🔶 Pred   94 ms Sync   16 ms | Sent   864 kB Recv  1191 kB |  it
🔶 Pred   93 ms Sync   15 ms | Sent   864 kB Recv  1191 kB |  right
🔶 Pred   94 ms Sync   16 ms | Sent   864 kB Recv  1191 kB | .


🔶 Pred  108 ms Sync   14 ms | Sent   864 kB Recv  1191 kB | Okay
🔶 Pred  134 ms Sync   65 ms | Sent   864 kB Recv  1191 kB | ,
🔶 Pred   94 ms Sync   16 ms | Sent   864 kB Recv  1191 kB |  so
🔶 Pred  105 ms Sync   61 ms | Sent   864 kB Recv  1191 kB |  I
🔶 Pred   95 ms Sync   16 ms | Sent   864 kB Recv  1191 kB |  have
🔶 Pred   93 ms Sync   16 ms | Sent   864 kB Recv  1191 kB |  this
🔶 Pred   94 ms Sync   15 ms | Sent   864 kB Recv  1191 kB |  puzzle
🔶 Pred   94 ms Sync   15 ms | Sent   864 kB Recv  1191 kB |  about
🔶 Pred   96 ms Sync   16 ms | Sent   864 kB Recv  1191 kB |  five
🔶 Pred   93 ms Sync   15 ms | Sent   864 kB Recv  1191 kB |  houses
🔶 Pred   93 ms Sync   17 ms | Sent   864 kB Recv  1191 kB |  in
🔶 Pred   94 ms Sync   15 ms | Sent   864 kB Recv  1191 kB |  a
🔶 Pred   94 ms Sync   16 ms | Sent   864 kB Recv  1191 kB |  row
🔶 Pred  142 ms Sync   14 ms | Sent   864 kB Recv  1191 kB | .
🔶 Pred  121 ms Sync   18 ms | Sent   864 kB Recv  1191 kB |  Each
🔶 Pred   94 ms Sync   15 ms | Sent   864 kB Recv  1191 kB |  house
🔶 Pred   94 ms Sync   15 ms | Sent   864 kB Recv  1191 kB |  is
🔶 Pred   95 ms Sync   18 ms | Sent   864 kB Recv  1191 kB |  a
🔶 Pred   95 ms Sync   16 ms | Sent   864 kB Recv  1191 kB |  different
🔶 Pred   94 ms Sync   16 ms | Sent   864 kB Recv  1191 kB |  color
🔶 Pred   95 ms Sync   16 ms | Sent   864 kB Recv  1191 kB | .
🔶 Pred   95 ms Sync   15 ms | Sent   864 kB Recv  1191 kB |  The
🔶 Pred   95 ms Sync   15 ms | Sent   864 kB Recv  1191 kB |  owners
🔶 Pred   94 ms Sync   15 ms | Sent   864 kB Recv  1191 kB |  of
🔶 Pred   94 ms Sync   16 ms | Sent   864 kB Recv  1191 kB |  these
🔶 Pred   96 ms Sync   36 ms | Sent   864 kB Recv  1191 kB |  houses
🔶 Pred  132 ms Sync   72 ms | Sent   864 kB Recv  1191 kB |  have
🔶 Pred   94 ms Sync   16 ms | Sent   864 kB Recv  1191 kB |  different
🔶 Pred  112 ms Sync   46 ms | Sent   864 kB Recv  1191 kB |  national
🔶 Pred   95 ms Sync   16 ms | Sent   864 kB Recv  1191 kB | ities
🔶 Pred   94 ms Sync   15 ms | Sent   864 kB Recv  1191 kB | ,
🔶 Pred   94 ms Sync   16 ms | Sent   864 kB Recv  1191 kB |  drink
🔶 Pred   94 ms Sync   16 ms | Sent   864 kB Recv  1191 kB |  preferences
🔶 Pred   93 ms Sync   16 ms | Sent   864 kB Recv  1191 kB | ,
🔶 Pred   94 ms Sync   16 ms | Sent   864 kB Recv  1191 kB |  smoke
🔶 Pred   93 ms Sync   16 ms | Sent   864 kB Recv  1191 kB |  cigarettes
🔶 Pred   94 ms Sync   16 ms | Sent   864 kB Recv  1191 kB | ,
🔶 Pred   94 ms Sync   16 ms | Sent   864 kB Recv  1191 kB |  and
🔶 Pred   94 ms Sync   16 ms | Sent   864 kB Recv  1191 kB |  have
🔶 Pred   94 ms Sync   16 ms | Sent   864 kB Recv  1191 kB |  different
🔶 Pred   95 ms Sync   16 ms | Sent   864 kB Recv  1191 kB |  pets
🔶 Pred   94 ms Sync   18 ms | Sent   864 kB Recv  1191 kB | .
🔶 Pred   93 ms Sync   17 ms | Sent   864 kB Recv  1191 kB |  I
🔶 Pred   93 ms Sync   18 ms | Sent   864 kB Recv  1191 kB |  need
🔶 Pred   94 ms Sync   16 ms | Sent   864 kB Recv  1191 kB |  to
🔶 Pred   93 ms Sync   16 ms | Sent   864 kB Recv  1191 kB |  figure
🔶 Pred   93 ms Sync   17 ms | Sent   864 kB Recv  1191 kB |  out
🔶 Pred   94 ms Sync   16 ms | Sent   864 kB Recv  1191 kB |  who
🔶 Pred   94 ms Sync   15 ms | Sent   864 kB Recv  1191 kB |  lives
🔶 Pred   94 ms Sync   16 ms | Sent   864 kB Recv  1191 kB |  in
🔶 Pred   95 ms Sync   15 ms | Sent   864 kB Recv  1191 kB |  which
🔶 Pred  168 ms Sync   84 ms | Sent   864 kB Recv  1191 kB |  house
🔶 Pred   94 ms Sync   17 ms | Sent   864 kB Recv  1191 kB |  based
🔶 Pred  112 ms Sync   48 ms | Sent   864 kB Recv  1191 kB |  on
🔶 Pred  132 ms Sync   13 ms | Sent   864 kB Recv  1191 kB |  these
🔶 Pred  214 ms Sync   39 ms | Sent   864 kB Recv  1191 kB |  clues
🔶 Pred   94 ms Sync   15 ms | Sent   864 kB Recv  1191 kB | .
🔶 Pred   94 ms Sync   16 ms | Sent   864 kB Recv  1191 kB |  Let
🔶 Pred   93 ms Sync   16 ms | Sent   864 kB Recv  1191 kB |  me
🔶 Pred   94 ms Sync   17 ms | Sent   864 kB Recv  1191 kB |  try
🔶 Pred   94 ms Sync   18 ms | Sent   864 kB Recv  1191 kB |  to
🔶 Pred   95 ms Sync   15 ms | Sent   864 kB Recv  1191 kB |  break
🔶 Pred   95 ms Sync   16 ms | Sent   864 kB Recv  1191 kB |  it
🔶 Pred   94 ms Sync   15 ms | Sent   864 kB Recv  1191 kB |  down
🔶 Pred   95 ms Sync   15 ms | Sent   864 kB Recv  1191 kB |  step
🔶 Pred   94 ms Sync   16 ms | Sent   864 kB Recv  1191 kB |  by
🔶 Pred   95 ms Sync   18 ms | Sent   864 kB Recv  1191 kB |  step
🔶 Pred   95 ms Sync   16 ms | Sent   864 kB Recv  1191 kB | .


🔶 Pred   94 ms Sync   15 ms | Sent   864 kB Recv  1191 kB | First
🔶 Pred   94 ms Sync   16 ms | Sent   864 kB Recv  1191 kB | ,
🔶 Pred   95 ms Sync   16 ms | Sent   864 kB Recv  1191 kB |  let
🔶 Pred   95 ms Sync   15 ms | Sent   864 kB Recv  1191 kB | 's
🔶 Pred   94 ms Sync   15 ms | Sent   864 kB Recv  1191 kB |  list
🔶 Pred   95 ms Sync   15 ms | Sent   864 kB Recv  1191 kB |  out
🔶 Pred  115 ms Sync   15 ms | Sent   864 kB Recv  1191 kB |  the
🔶 Pred  128 ms Sync   52 ms | Sent   864 kB Recv  1191 kB |  information
🔶 Pred   94 ms Sync   15 ms | Sent   864 kB Recv  1191 kB |  we
🔶 Pred  116 ms Sync   39 ms | Sent   864 kB Recv  1191 kB |  have
🔶 Pred   95 ms Sync   17 ms | Sent   864 kB Recv  1191 kB | :


🔶 Pred   96 ms Sync   15 ms | Sent   864 kB Recv  1191 kB | 1
🔶 Pred   96 ms Sync   15 ms | Sent   864 kB Recv  1191 kB | .
🔶 Pred   96 ms Sync   15 ms | Sent   864 kB Recv  1191 kB |  Five
🔶 Pred   96 ms Sync   15 ms | Sent   864 kB Recv  1191 kB |  houses
🔶 Pred   96 ms Sync   16 ms | Sent   864 kB Recv  1191 kB |  in
🔶 Pred   96 ms Sync   15 ms | Sent   864 kB Recv  1191 kB |  a
🔶 Pred   95 ms Sync   16 ms | Sent   864 kB Recv  1191 kB |  row
🔶 Pred   94 ms Sync   16 ms | Sent   864 kB Recv  1191 kB | ,
🔶 Pred   95 ms Sync   15 ms | Sent   864 kB Recv  1191 kB |  each
🔶 Pred   94 ms Sync   16 ms | Sent   864 kB Recv  1191 kB |  a
🔶 Pred   95 ms Sync   16 ms | Sent   864 kB Recv  1191 kB |  different
🔶 Pred   94 ms Sync   15 ms | Sent   864 kB Recv  1191 kB |  color
🔶 Pred   95 ms Sync   16 ms | Sent   864 kB Recv  1191 kB | .
🔶 Pred   95 ms Sync   17 ms | Sent   864 kB Recv  1191 kB |  So
🔶 Pred   94 ms Sync   16 ms | Sent   864 kB Recv  1191 kB | ,
🔶 Pred   95 ms Sync   16 ms | Sent   864 kB Recv  1191 kB |  the
🔶 Pred   95 ms Sync   15 ms | Sent   864 kB Recv  1191 kB |  houses
🔶 Pred  158 ms Sync   28 ms | Sent   864 kB Recv  1191 kB |  are
🔶 Pred   95 ms Sync   15 ms | Sent   864 kB Recv  1191 kB |  colored
🔶 Pred   96 ms Sync   15 ms | Sent   864 kB Recv  1191 kB |  differently
🔶 Pred  146 ms Sync   25 ms | Sent   864 kB Recv  1191 kB | :
🔶 Pred  111 ms Sync   51 ms | Sent   864 kB Recv  1191 kB |  maybe
🔶 Pred   95 ms Sync   15 ms | Sent   864 kB Recv  1191 kB |  red
🔶 Pred  114 ms Sync   42 ms | Sent   864 kB Recv  1191 kB | ,
🔶 Pred   96 ms Sync   14 ms | Sent   864 kB Recv  1191 kB |  blue
🔶 Pred   95 ms Sync   15 ms | Sent   864 kB Recv  1191 kB | ,
🔶 Pred   95 ms Sync   15 ms | Sent   864 kB Recv  1191 kB |  green
🔶 Pred   95 ms Sync   15 ms | Sent   864 kB Recv  1191 kB | ,
🔶 Pred   95 ms Sync   16 ms | Sent   864 kB Recv  1191 kB |  yellow
🔶 Pred   95 ms Sync   15 ms | Sent   864 kB Recv  1191 kB | ,
🔶 Pred   96 ms Sync   14 ms | Sent   864 kB Recv  1191 kB |  purple
🔶 Pred   95 ms Sync   15 ms | Sent   864 kB Recv  1191 kB | ?
🔶 Pred   95 ms Sync   15 ms | Sent   864 kB Recv  1191 kB |  Not
🔶 Pred   97 ms Sync   15 ms | Sent   864 kB Recv  1191 kB |  sure
🔶 Pred   94 ms Sync   16 ms | Sent   864 kB Recv  1191 kB |  yet
🔶 Pred   95 ms Sync   16 ms | Sent   864 kB Recv  1191 kB | ,
🔶 Pred   94 ms Sync   15 ms | Sent   864 kB Recv  1191 kB |  but
🔶 Pred   95 ms Sync   18 ms | Sent   864 kB Recv  1191 kB |  each
🔶 Pred   95 ms Sync   17 ms | Sent   864 kB Recv  1191 kB |  is
🔶 Pred   95 ms Sync   15 ms | Sent   864 kB Recv  1191 kB |  unique
🔶 Pred   95 ms Sync   16 ms | Sent   864 kB Recv  1191 kB | .


🔶 Pred   94 ms Sync   16 ms | Sent   864 kB Recv  1191 kB | 2
🔶 Pred   96 ms Sync   14 ms | Sent   864 kB Recv  1191 kB | .
🔶 Pred   96 ms Sync   14 ms | Sent   864 kB Recv  1191 kB |  Each
🔶 Pred   96 ms Sync   15 ms | Sent   864 kB Recv  1191 kB |  house
🔶 Pred   95 ms Sync   14 ms | Sent   864 kB Recv  1191 kB |  has
🔶 Pred  150 ms Sync   72 ms | Sent   864 kB Recv  1191 kB |  an
🔶 Pred   95 ms Sync   16 ms | Sent   864 kB Recv  1191 kB |  owner
🔶 Pred  115 ms Sync   38 ms | Sent   864 kB Recv  1191 kB |  with
🔶 Pred   96 ms Sync   15 ms | Sent   864 kB Recv  1191 kB | :

🔶 Pred   95 ms Sync   15 ms | Sent   864 kB Recv  1191 kB |   
🔶 Pred  112 ms Sync   14 ms | Sent   864 kB Recv  1191 kB |  -
🔶 Pred  101 ms Sync   14 ms | Sent   864 kB Recv  1191 kB |  Different
🔶 Pred   97 ms Sync   18 ms | Sent   864 kB Recv  1191 kB |  national
🔶 Pred   96 ms Sync   15 ms | Sent   864 kB Recv  1191 kB | ities
🔶 Pred   96 ms Sync   14 ms | Sent   864 kB Recv  1191 kB | 

🔶 Pred   96 ms Sync   14 ms | Sent   864 kB Recv  1191 kB |   
🔶 Pred   95 ms Sync   16 ms | Sent   864 kB Recv  1191 kB |  -
🔶 Pred  145 ms Sync   17 ms | Sent   864 kB Recv  1191 kB |  Different
🔶 Pred  117 ms Sync   15 ms | Sent   864 kB Recv  1191 kB |  drink
🔶 Pred   95 ms Sync   15 ms | Sent   864 kB Recv  1191 kB |  preferences
🔶 Pred   96 ms Sync   16 ms | Sent   864 kB Recv  1191 kB | 

🔶 Pred   96 ms Sync   18 ms | Sent   864 kB Recv  1191 kB |   
🔶 Pred   99 ms Sync   16 ms | Sent   864 kB Recv  1191 kB |  -
🔶 Pred   95 ms Sync   15 ms | Sent   864 kB Recv  1191 kB |  Different
🔶 Pred   96 ms Sync   14 ms | Sent   864 kB Recv  1191 kB |  cigarette
🔶 Pred   96 ms Sync   15 ms | Sent   864 kB Recv  1191 kB |  smoking
🔶 Pred   96 ms Sync   14 ms | Sent   864 kB Recv  1191 kB |  habits
🔶 Pred   96 ms Sync   15 ms | Sent   864 kB Recv  1191 kB | 

🔶 Pred   97 ms Sync   16 ms | Sent   864 kB Recv  1191 kB |   
🔶 Pred  164 ms Sync   72 ms | Sent   864 kB Recv  1191 kB |  -
🔶 Pred   96 ms Sync   15 ms | Sent   864 kB Recv  1191 kB |  Different
🔶 Pred  105 ms Sync   46 ms | Sent   864 kB Recv  1191 kB |  pets
🔶 Pred  123 ms Sync   21 ms | Sent   864 kB Recv  1191 kB | 


🔶 Pred   95 ms Sync   16 ms | Sent   864 kB Recv  1191 kB | So
🔶 Pred   96 ms Sync   15 ms | Sent   864 kB Recv  1191 kB | ,
🔶 Pred   95 ms Sync   15 ms | Sent   864 kB Recv  1191 kB |  each
🔶 Pred   95 ms Sync   16 ms | Sent   864 kB Recv  1191 kB |  owner
🔶 Pred   95 ms Sync   15 ms | Sent   864 kB Recv  1191 kB |  has
🔶 Pred   95 ms Sync   15 ms | Sent   864 kB Recv  1191 kB |  four
🔶 Pred   96 ms Sync   15 ms | Sent   864 kB Recv  1191 kB |  attributes
🔶 Pred   95 ms Sync   15 ms | Sent   864 kB Recv  1191 kB | :
🔶 Pred   96 ms Sync   14 ms | Sent   864 kB Recv  1191 kB |  nationality
🔶 Pred   95 ms Sync   15 ms | Sent   864 kB Recv  1191 kB | ,
🔶 Pred   96 ms Sync   15 ms | Sent   864 kB Recv  1191 kB |  drink
🔶 Pred   95 ms Sync   16 ms | Sent   864 kB Recv  1191 kB | ,
🔶 Pred   96 ms Sync   16 ms | Sent   864 kB Recv  1191 kB |  smoke
🔶 Pred   96 ms Sync   17 ms | Sent   864 kB Recv  1191 kB | ,
🔶 Pred   96 ms Sync   15 ms | Sent   864 kB Recv  1191 kB |  pet
🔶 Pred   96 ms Sync   15 ms | Sent   864 kB Recv  1191 kB | .
🔶 Pred   96 ms Sync   15 ms | Sent   864 kB Recv  1191 kB |  All
🔶 Pred   97 ms Sync   15 ms | Sent   864 kB Recv  1191 kB |  these
🔶 Pred   95 ms Sync   15 ms | Sent   864 kB Recv  1191 kB |  attributes
🔶 Pred   96 ms Sync   15 ms | Sent   864 kB Recv  1191 kB |  are
🔶 Pred   96 ms Sync   15 ms | Sent   864 kB Recv  1191 kB |  unique
🔶 Pred  151 ms Sync   64 ms | Sent   864 kB Recv  1191 kB |  across
🔶 Pred   96 ms Sync   15 ms | Sent   864 kB Recv  1191 kB |  the
🔶 Pred   99 ms Sync   30 ms | Sent   864 kB Recv  1191 kB |  five
🔶 Pred  181 ms Sync   28 ms | Sent   864 kB Recv  1191 kB |  owners
🔶 Pred  119 ms Sync   24 ms | Sent   864 kB Recv  1191 kB | .
🔶 Pred   95 ms Sync   20 ms | Sent   864 kB Recv  1191 kB |  That
🔶 Pred   96 ms Sync   20 ms | Sent   864 kB Recv  1191 kB |  means
🔶 Pred   95 ms Sync   22 ms | Sent   864 kB Recv  1191 kB |  for
🔶 Pred   95 ms Sync   17 ms | Sent   864 kB Recv  1191 kB |  each
🔶 Pred   96 ms Sync   16 ms | Sent   864 kB Recv  1191 kB |  attribute
🔶 Pred   95 ms Sync   15 ms | Sent   864 kB Recv  1191 kB | ,
🔶 Pred   97 ms Sync   15 ms | Sent   864 kB Recv  1191 kB |  there
🔶 Pred   95 ms Sync   16 ms | Sent   864 kB Recv  1191 kB |  are
🔶 Pred   95 ms Sync   17 ms | Sent   864 kB Recv  1191 kB |  five
🔶 Pred   96 ms Sync   15 ms | Sent   864 kB Recv  1191 kB |  distinct
🔶 Pred   96 ms Sync   17 ms | Sent   864 kB Recv  1191 kB |  possibilities
🔶 Pred   95 ms Sync   22 ms | Sent   864 kB Recv  1191 kB | .


🔶 Pred   95 ms Sync   16 ms | Sent   864 kB Recv  1191 kB | Wait
🔶 Pred   96 ms Sync   15 ms | Sent   864 kB Recv  1191 kB | ,
🔶 Pred   95 ms Sync   16 ms | Sent   864 kB Recv  1191 kB |  but
🔶 Pred   96 ms Sync   15 ms | Sent   864 kB Recv  1191 kB |  the
🔶 Pred   95 ms Sync   15 ms | Sent   864 kB Recv  1191 kB |  problem
🔶 Pred   96 ms Sync   15 ms | Sent   864 kB Recv  1191 kB |  says
🔶 Pred   96 ms Sync   16 ms | Sent   864 kB Recv  1191 kB |  "
🔶 Pred  147 ms Sync   59 ms | Sent   864 kB Recv  1191 kB | different
🔶 Pred  145 ms Sync   17 ms | Sent   864 kB Recv  1191 kB |  national
🔶 Pred  103 ms Sync   34 ms | Sent   864 kB Recv  1191 kB | ities
🔶 Pred  105 ms Sync   22 ms | Sent   864 kB Recv  1191 kB | ,"
🔶 Pred   97 ms Sync   15 ms | Sent   864 kB Recv  1191 kB |  "
🔶 Pred   95 ms Sync   16 ms | Sent   864 kB Recv  1191 kB | different
🔶 Pred   96 ms Sync   16 ms | Sent   864 kB Recv  1191 kB |  drink
🔶 Pred   96 ms Sync   16 ms | Sent   864 kB Recv  1191 kB |  preferences
🔶 Pred   96 ms Sync   15 ms | Sent   864 kB Recv  1191 kB | ,"
🔶 Pred   96 ms Sync   15 ms | Sent   864 kB Recv  1191 kB |  etc
🔶 Pred   96 ms Sync   15 ms | Sent   864 kB Recv  1191 kB | .
🔶 Pred   95 ms Sync   17 ms | Sent   864 kB Recv  1191 kB |  So
🔶 Pred  107 ms Sync   24 ms | Sent   864 kB Recv  1191 kB | ,
🔶 Pred   96 ms Sync   16 ms | Sent   864 kB Recv  1191 kB |  each
🔶 Pred   98 ms Sync   16 ms | Sent   864 kB Recv  1191 kB |  attribute
🔶 Pred   97 ms Sync   16 ms | Sent   864 kB Recv  1191 kB |  has
🔶 Pred   97 ms Sync   19 ms | Sent   864 kB Recv  1191 kB |  five
🔶 Pred   96 ms Sync   17 ms | Sent   864 kB Recv  1191 kB |  unique
🔶 Pred   95 ms Sync   16 ms | Sent   864 kB Recv  1191 kB |  options
🔶 Pred   96 ms Sync   16 ms | Sent   864 kB Recv  1191 kB | .
🔶 Pred   96 ms Sync   19 ms | Sent   864 kB Recv  1191 kB |  Since
🔶 Pred  156 ms Sync   27 ms | Sent   864 kB Recv  1191 kB |  there
🔶 Pred   97 ms Sync   15 ms | Sent   864 kB Recv  1191 kB |  are
🔶 Pred   98 ms Sync   15 ms | Sent   864 kB Recv  1191 kB |  five
🔶 Pred  137 ms Sync   75 ms | Sent   864 kB Recv  1191 kB |  houses
🔶 Pred   97 ms Sync   15 ms | Sent   864 kB Recv  1191 kB | ,
🔶 Pred   96 ms Sync   15 ms | Sent   864 kB Recv  1191 kB |  each
🔶 Pred  117 ms Sync   46 ms | Sent   864 kB Recv  1191 kB |  attribute
🔶 Pred   97 ms Sync   15 ms | Sent   864 kB Recv  1191 kB |  must
🔶 Pred   96 ms Sync   15 ms | Sent   864 kB Recv  1191 kB |  be
🔶 Pred   96 ms Sync   16 ms | Sent   864 kB Recv  1191 kB |  assigned
🔶 Pred   97 ms Sync   15 ms | Sent   864 kB Recv  1191 kB |  exactly
🔶 Pred   96 ms Sync   20 ms | Sent   864 kB Recv  1191 kB |  once
🔶 Pred   96 ms Sync   15 ms | Sent   864 kB Recv  1191 kB |  to
🔶 Pred   96 ms Sync   16 ms | Sent   864 kB Recv  1191 kB |  each
🔶 Pred   98 ms Sync   16 ms | Sent   864 kB Recv  1191 kB |  house
🔶 Pred   97 ms Sync   16 ms | Sent   864 kB Recv  1191 kB | 's
🔶 Pred   96 ms Sync   16 ms | Sent   864 kB Recv  1191 kB |  owner
🔶 Pred   96 ms Sync   18 ms | Sent   864 kB Recv  1191 kB | .


🔶 Pred   97 ms Sync   16 ms | Sent   864 kB Recv  1191 kB | So
🔶 Pred   99 ms Sync   16 ms | Sent   864 kB Recv  1191 kB | ,
🔶 Pred   97 ms Sync   18 ms | Sent   864 kB Recv  1191 kB |  we
🔶 Pred   97 ms Sync   16 ms | Sent   864 kB Recv  1191 kB |  have
🔶 Pred   97 ms Sync   16 ms | Sent   864 kB Recv  1191 kB |  five
🔶 Pred   96 ms Sync   18 ms | Sent   864 kB Recv  1191 kB |  owners
🔶 Pred   97 ms Sync   15 ms | Sent   864 kB Recv  1191 kB | ,
🔶 Pred   97 ms Sync   15 ms | Sent   864 kB Recv  1191 kB |  each
🔶 Pred   96 ms Sync   20 ms | Sent   864 kB Recv  1191 kB |  with
🔶 Pred   97 ms Sync   15 ms | Sent   864 kB Recv  1191 kB |  unique
🔶 Pred  161 ms Sync   50 ms | Sent   864 kB Recv  1191 kB |  nationality
🔶 Pred   98 ms Sync   17 ms | Sent   864 kB Recv  1191 kB | ,
🔶 Pred   97 ms Sync   41 ms | Sent   864 kB Recv  1191 kB |  drink
🔶 Pred  175 ms Sync   16 ms | Sent   864 kB Recv  1191 kB | ,
🔶 Pred   95 ms Sync   17 ms | Sent   864 kB Recv  1191 kB |  smoke
🔶 Pred   96 ms Sync   17 ms | Sent   864 kB Recv  1191 kB | ,
🔶 Pred   96 ms Sync   16 ms | Sent   864 kB Recv  1191 kB |  and
🔶 Pred   96 ms Sync   16 ms | Sent   864 kB Recv  1191 kB |  pet
🔶 Pred   96 ms Sync   16 ms | Sent   864 kB Recv  1191 kB | .


🔶 Pred   96 ms Sync   15 ms | Sent   864 kB Recv  1191 kB | Now
🔶 Pred   96 ms Sync   17 ms | Sent   864 kB Recv  1191 kB | ,
🔶 Pred  115 ms Sync   15 ms | Sent   864 kB Recv  1191 kB |  the
🔶 Pred  167 ms Sync   13 ms | Sent   864 kB Recv  1191 kB |  puzzle
🔶 Pred   97 ms Sync   15 ms | Sent   864 kB Recv  1191 kB |  is
🔶 Pred   96 ms Sync   17 ms | Sent   864 kB Recv  1191 kB |  to
🔶 Pred   97 ms Sync   18 ms | Sent   864 kB Recv  1191 kB |  assign
🔶 Pred   97 ms Sync   17 ms | Sent   864 kB Recv  1191 kB |  each
🔶 Pred   97 ms Sync   16 ms | Sent   864 kB Recv  1191 kB |  owner
🔶 Pred   96 ms Sync   16 ms | Sent   864 kB Recv  1191 kB |  to
🔶 Pred   96 ms Sync   15 ms | Sent   864 kB Recv  1191 kB |  a
🔶 Pred   96 ms Sync   16 ms | Sent   864 kB Recv  1191 kB |  house
🔶 Pred   97 ms Sync   15 ms | Sent   864 kB Recv  1191 kB | ,
🔶 Pred   98 ms Sync   15 ms | Sent   864 kB Recv  1191 kB |  considering
🔶 Pred  106 ms Sync   22 ms | Sent   864 kB Recv  1191 kB |  all
🔶 Pred  142 ms Sync   64 ms | Sent   864 kB Recv  1191 kB |  these
🔶 Pred   97 ms Sync   16 ms | Sent   864 kB Recv  1191 kB |  attributes
🔶 Pred  117 ms Sync   52 ms | Sent   864 kB Recv  1191 kB | ,
🔶 Pred  100 ms Sync   18 ms | Sent   864 kB Recv  1191 kB |  and
🔶 Pred   99 ms Sync   16 ms | Sent   864 kB Recv  1191 kB |  each
🔶 Pred   98 ms Sync   17 ms | Sent   864 kB Recv  1191 kB |  attribute
🔶 Pred   98 ms Sync   16 ms | Sent   864 kB Recv  1191 kB |  must
🔶 Pred   97 ms Sync   16 ms | Sent   864 kB Recv  1191 kB |  be
🔶 Pred   96 ms Sync   16 ms | Sent   864 kB Recv  1191 kB |  unique
🔶 Pred   96 ms Sync   16 ms | Sent   864 kB Recv  1191 kB |  across
🔶 Pred   97 ms Sync   15 ms | Sent   864 kB Recv  1191 kB |  all
🔶 Pred   97 ms Sync   18 ms | Sent   864 kB Recv  1191 kB |  owners
🔶 Pred   98 ms Sync   16 ms | Sent   864 kB Recv  1191 kB | .


🔶 Pred   96 ms Sync   19 ms | Sent   864 kB Recv  1191 kB | But
🔶 Pred   97 ms Sync   16 ms | Sent   864 kB Recv  1191 kB |  the
🔶 Pred   97 ms Sync   16 ms | Sent   864 kB Recv  1191 kB |  puzzle
🔶 Pred   97 ms Sync   18 ms | Sent   864 kB Recv  1191 kB |  is
🔶 Pred   97 ms Sync   16 ms | Sent   864 kB Recv  1191 kB |  presented
🔶 Pred   97 ms Sync   19 ms | Sent   864 kB Recv  1191 kB |  as
🔶 Pred   97 ms Sync   16 ms | Sent   864 kB Recv  1191 kB |  a
🔶 Pred  110 ms Sync   26 ms | Sent   864 kB Recv  1191 kB |  z
🔶 Pred   97 ms Sync   15 ms | Sent   864 kB Recv  1191 kB | ebra
🔶 Pred   97 ms Sync   16 ms | Sent   864 kB Recv  1191 kB |  puzzle
🔶 Pred   98 ms Sync   16 ms | Sent   864 kB Recv  1191 kB | ,
🔶 Pred  132 ms Sync   55 ms | Sent   864 kB Recv  1191 kB |  so
🔶 Pred  142 ms Sync   38 ms | Sent   864 kB Recv  1191 kB |  I
🔶 Pred  116 ms Sync   25 ms | Sent   864 kB Recv  1191 kB |  think
🔶 Pred  139 ms Sync   42 ms | Sent   864 kB Recv  1191 kB |  we
🔶 Pred  126 ms Sync   23 ms | Sent   864 kB Recv  1191 kB |  need
🔶 Pred   97 ms Sync   16 ms | Sent   864 kB Recv  1191 kB |  to
🔶 Pred   98 ms Sync   15 ms | Sent   864 kB Recv  1191 kB |  figure
🔶 Pred   97 ms Sync   16 ms | Sent   864 kB Recv  1191 kB |  out
🔶 Pred   97 ms Sync   15 ms | Sent   864 kB Recv  1191 kB |  the
🔶 Pred   97 ms Sync   15 ms | Sent   864 kB Recv  1191 kB |  assignments
🔶 Pred   97 ms Sync   16 ms | Sent   864 kB Recv  1191 kB |  step
🔶 Pred   98 ms Sync   16 ms | Sent   864 kB Recv  1191 kB |  by
🔶 Pred   97 ms Sync   17 ms | Sent   864 kB Recv  1191 kB |  step
🔶 Pred   97 ms Sync   15 ms | Sent   864 kB Recv  1191 kB | ,
🔶 Pred   97 ms Sync   16 ms | Sent   864 kB Recv  1191 kB |  ded
🔶 Pred   97 ms Sync   16 ms | Sent   864 kB Recv  1191 kB | ucing
🔶 Pred   98 ms Sync   15 ms | Sent   864 kB Recv  1191 kB |  one
🔶 Pred   97 ms Sync   15 ms | Sent   864 kB Recv  1191 kB |  at
🔶 Pred   97 ms Sync   15 ms | Sent   864 kB Recv  1191 kB |  a
🔶 Pred   97 ms Sync   16 ms | Sent   864 kB Recv  1191 kB |  time
🔶 Pred   99 ms Sync   15 ms | Sent   864 kB Recv  1191 kB | .


🔶 Pred   98 ms Sync   16 ms | Sent   864 kB Recv  1191 kB | But
🔶 Pred   98 ms Sync   16 ms | Sent   864 kB Recv  1191 kB |  the
🔶 Pred   97 ms Sync   16 ms | Sent   864 kB Recv  1191 kB |  user
🔶 Pred  129 ms Sync   85 ms | Sent   864 kB Recv  1191 kB |  hasn
🔶 Pred  104 ms Sync   14 ms | Sent   864 kB Recv  1191 kB | 't
🔶 Pred  101 ms Sync   20 ms | Sent   864 kB Recv  1191 kB |  provided
🔶 Pred  136 ms Sync   21 ms | Sent   864 kB Recv  1191 kB |  any
🔶 Pred   98 ms Sync   15 ms | Sent   864 kB Recv  1191 kB |  specific
🔶 Pred   97 ms Sync   16 ms | Sent   864 kB Recv  1191 kB |  clues
🔶 Pred   97 ms Sync   16 ms | Sent   864 kB Recv  1191 kB | ,
🔶 Pred   97 ms Sync   16 ms | Sent   864 kB Recv  1191 kB |  so
🔶 Pred   97 ms Sync   16 ms | Sent   864 kB Recv  1191 kB |  I
🔶 Pred   98 ms Sync   16 ms | Sent   864 kB Recv  1191 kB |  need
🔶 Pred   99 ms Sync   15 ms | Sent   864 kB Recv  1191 kB |  to
🔶 Pred   97 ms Sync   16 ms | Sent   864 kB Recv  1191 kB |  think
🔶 Pred   99 ms Sync   15 ms | Sent   864 kB Recv  1191 kB |  about
🔶 Pred   97 ms Sync   17 ms | Sent   864 kB Recv  1191 kB |  what
🔶 Pred   99 ms Sync   16 ms | Sent   864 kB Recv  1191 kB |  typical
🔶 Pred   97 ms Sync   16 ms | Sent   864 kB Recv  1191 kB |  clues
🔶 Pred   98 ms Sync   18 ms | Sent   864 kB Recv  1191 kB |  might
🔶 Pred   98 ms Sync   15 ms | Sent   864 kB Recv  1191 kB |  be
🔶 Pred   98 ms Sync   16 ms | Sent   864 kB Recv  1191 kB |  in
🔶 Pred   97 ms Sync   16 ms | Sent   864 kB Recv  1191 kB |  such
🔶 Pred  117 ms Sync   21 ms | Sent   864 kB Recv  1191 kB |  a
🔶 Pred  140 ms Sync   24 ms | Sent   864 kB Recv  1191 kB |  puzzle
🔶 Pred  101 ms Sync   15 ms | Sent   864 kB Recv  1191 kB | .
🔶 Pred   98 ms Sync   16 ms | Sent   864 kB Recv  1191 kB |  Maybe
🔶 Pred  155 ms Sync   67 ms | Sent   864 kB Recv  1191 kB |  something
🔶 Pred   97 ms Sync   33 ms | Sent   864 kB Recv  1191 kB |  like
🔶 Pred  112 ms Sync   40 ms | Sent   864 kB Recv  1191 kB | :


🔶 Pred   99 ms Sync   35 ms | Sent   864 kB Recv  1191 kB | -
🔶 Pred   97 ms Sync   16 ms | Sent   864 kB Recv  1191 kB |  The
🔶 Pred   97 ms Sync   17 ms | Sent   864 kB Recv  1191 kB |  owner
🔶 Pred   97 ms Sync   15 ms | Sent   864 kB Recv  1191 kB |  of
🔶 Pred   97 ms Sync   16 ms | Sent   864 kB Recv  1191 kB |  the
🔶 Pred   98 ms Sync   16 ms | Sent   864 kB Recv  1191 kB |  red
🔶 Pred   97 ms Sync   16 ms | Sent   864 kB Recv  1191 kB |  house
🔶 Pred   97 ms Sync   16 ms | Sent   864 kB Recv  1191 kB |  drinks
🔶 Pred   98 ms Sync   17 ms | Sent   864 kB Recv  1191 kB |  milk
🔶 Pred   98 ms Sync   17 ms | Sent   864 kB Recv  1191 kB | .

🔶 Pred   98 ms Sync   15 ms | Sent   864 kB Recv  1191 kB | -
🔶 Pred   97 ms Sync   16 ms | Sent   864 kB Recv  1191 kB |  The
🔶 Pred   98 ms Sync   16 ms | Sent   864 kB Recv  1191 kB |  owner
🔶 Pred   98 ms Sync   18 ms | Sent   864 kB Recv  1191 kB |  of
🔶 Pred   97 ms Sync   16 ms | Sent   864 kB Recv  1191 kB |  the
🔶 Pred   98 ms Sync   15 ms | Sent   864 kB Recv  1191 kB |  blue
🔶 Pred   97 ms Sync   17 ms | Sent   864 kB Recv  1191 kB |  house
🔶 Pred   99 ms Sync   16 ms | Sent   864 kB Recv  1191 kB |  sm
🔶 Pred   99 ms Sync   16 ms | Sent   864 kB Recv  1191 kB | okes
🔶 Pred   98 ms Sync   17 ms | Sent   864 kB Recv  1191 kB |  cigarettes
🔶 Pred   99 ms Sync   16 ms | Sent   864 kB Recv  1191 kB | .

🔶 Pred  136 ms Sync   56 ms | Sent   864 kB Recv  1191 kB | -
🔶 Pred  127 ms Sync   18 ms | Sent   864 kB Recv  1191 kB |  The
🔶 Pred  117 ms Sync   46 ms | Sent   864 kB Recv  1191 kB |  owner
🔶 Pred  136 ms Sync   24 ms | Sent   864 kB Recv  1191 kB |  of
🔶 Pred   98 ms Sync   16 ms | Sent   864 kB Recv  1191 kB |  the
🔶 Pred   98 ms Sync   16 ms | Sent   864 kB Recv  1191 kB |  green
🔶 Pred   99 ms Sync   16 ms | Sent   864 kB Recv  1191 kB |  house
🔶 Pred   98 ms Sync   16 ms | Sent   864 kB Recv  1191 kB |  doesn
🔶 Pred   98 ms Sync   17 ms | Sent   864 kB Recv  1191 kB | 't
🔶 Pred   98 ms Sync   15 ms | Sent   864 kB Recv  1191 kB |  smoke
🔶 Pred   98 ms Sync   16 ms | Sent   864 kB Recv  1191 kB | .

🔶 Pred   97 ms Sync   18 ms | Sent   864 kB Recv  1191 kB | -
🔶 Pred  178 ms Sync   12 ms | Sent   864 kB Recv  1191 kB |  The
🔶 Pred  100 ms Sync   15 ms | Sent   864 kB Recv  1191 kB |  owner
🔶 Pred   98 ms Sync   16 ms | Sent   864 kB Recv  1191 kB |  of
🔶 Pred   99 ms Sync   17 ms | Sent   864 kB Recv  1191 kB |  the
🔶 Pred   98 ms Sync   18 ms | Sent   864 kB Recv  1191 kB |  yellow
🔶 Pred   98 ms Sync   16 ms | Sent   864 kB Recv  1191 kB |  house
🔶 Pred   98 ms Sync   16 ms | Sent   864 kB Recv  1191 kB |  is
🔶 Pred   98 ms Sync   16 ms | Sent   864 kB Recv  1191 kB |  British
🔶 Pred   98 ms Sync   16 ms | Sent   864 kB Recv  1191 kB | .

🔶 Pred   98 ms Sync   16 ms | Sent   864 kB Recv  1191 kB | -
🔶 Pred  100 ms Sync   15 ms | Sent   864 kB Recv  1191 kB |  The
🔶 Pred   99 ms Sync   16 ms | Sent   864 kB Recv  1191 kB |  owner
🔶 Pred  150 ms Sync   89 ms | Sent   864 kB Recv  1191 kB |  of
🔶 Pred   98 ms Sync   15 ms | Sent   864 kB Recv  1191 kB |  the
🔶 Pred  106 ms Sync   45 ms | Sent   864 kB Recv  1191 kB |  purple
🔶 Pred  100 ms Sync   17 ms | Sent   864 kB Recv  1191 kB |  house
🔶 Pred   98 ms Sync   17 ms | Sent   864 kB Recv  1191 kB |  has
🔶 Pred   98 ms Sync   16 ms | Sent   864 kB Recv  1191 kB |  a
🔶 Pred   99 ms Sync   16 ms | Sent   864 kB Recv  1191 kB |  dog
🔶 Pred   98 ms Sync   16 ms | Sent   864 kB Recv  1191 kB | .


🔶 Pred   98 ms Sync   16 ms | Sent   864 kB Recv  1191 kB | But
🔶 Pred   99 ms Sync   16 ms | Sent   864 kB Recv  1191 kB |  since
🔶 Pred   99 ms Sync   15 ms | Sent   864 kB Recv  1191 kB |  the
🔶 Pred   99 ms Sync   16 ms | Sent   864 kB Recv  1191 kB |  user
🔶 Pred   98 ms Sync   16 ms | Sent   864 kB Recv  1191 kB |  hasn
🔶 Pred  100 ms Sync   16 ms | Sent   864 kB Recv  1191 kB | 't
🔶 Pred  101 ms Sync   16 ms | Sent   864 kB Recv  1191 kB |  provided
🔶 Pred  100 ms Sync   17 ms | Sent   864 kB Recv  1191 kB |  specific
🔶 Pred   98 ms Sync   19 ms | Sent   864 kB Recv  1191 kB |  clues
🔶 Pred   98 ms Sync   16 ms | Sent   864 kB Recv  1191 kB | ,
🔶 Pred   99 ms Sync   15 ms | Sent   864 kB Recv  1191 kB |  I
🔶 Pred   98 ms Sync   16 ms | Sent   864 kB Recv  1191 kB |  might
🔶 Pred  100 ms Sync   15 ms | Sent   864 kB Recv  1191 kB |  need
🔶 Pred  100 ms Sync   16 ms | Sent   864 kB Recv  1191 kB |  to
🔶 Pred   99 ms Sync   17 ms | Sent   864 kB Recv  1191 kB |  make
🔶 Pred   99 ms Sync   16 ms | Sent   864 kB Recv  1191 kB |  up
🔶 Pred  144 ms Sync   96 ms | Sent   864 kB Recv  1191 kB |  some
🔶 Pred   99 ms Sync   16 ms | Sent   864 kB Recv  1191 kB |  or
🔶 Pred  121 ms Sync   47 ms | Sent   864 kB Recv  1191 kB |  perhaps
🔶 Pred  142 ms Sync   17 ms | Sent   864 kB Recv  1191 kB |  think
🔶 Pred  132 ms Sync   16 ms | Sent   864 kB Recv  1191 kB |  about
🔶 Pred   99 ms Sync   16 ms | Sent   864 kB Recv  1191 kB |  the
🔶 Pred   99 ms Sync   16 ms | Sent   864 kB Recv  1191 kB |  structure
🔶 Pred   98 ms Sync   17 ms | Sent   864 kB Recv  1191 kB | .


🔶 Pred   98 ms Sync   17 ms | Sent   864 kB Recv  1191 kB | Wait
🔶 Pred   99 ms Sync   16 ms | Sent   864 kB Recv  1191 kB | ,
🔶 Pred   99 ms Sync   15 ms | Sent   864 kB Recv  1191 kB |  no
🔶 Pred  101 ms Sync   15 ms | Sent   864 kB Recv  1191 kB | ,
🔶 Pred  100 ms Sync   17 ms | Sent   864 kB Recv  1191 kB |  the
🔶 Pred   99 ms Sync   16 ms | Sent   864 kB Recv  1191 kB |  user
🔶 Pred   99 ms Sync   15 ms | Sent   864 kB Recv  1191 kB |  is
🔶 Pred   99 ms Sync   18 ms | Sent   864 kB Recv  1191 kB |  asking
🔶 Pred   99 ms Sync   17 ms | Sent   864 kB Recv  1191 kB |  for
🔶 Pred   99 ms Sync   16 ms | Sent   864 kB Recv  1191 kB |  a
🔶 Pred   98 ms Sync   16 ms | Sent   864 kB Recv  1191 kB |  general
🔶 Pred   99 ms Sync   17 ms | Sent   864 kB Recv  1191 kB |  solution
🔶 Pred   99 ms Sync   15 ms | Sent   864 kB Recv  1191 kB |  method
🔶 Pred   99 ms Sync   16 ms | Sent   864 kB Recv  1191 kB | ,
🔶 Pred  100 ms Sync   15 ms | Sent   864 kB Recv  1191 kB |  stating
🔶 Pred  100 ms Sync   15 ms | Sent   864 kB Recv  1191 kB |  every
🔶 Pred  171 ms Sync   66 ms | Sent   864 kB Recv  1191 kB |  deduction
🔶 Pred  100 ms Sync   15 ms | Sent   864 kB Recv  1191 kB |  and
🔶 Pred  115 ms Sync   44 ms | Sent   864 kB Recv  1191 kB |  why
🔶 Pred  101 ms Sync   16 ms | Sent   864 kB Recv  1191 kB | ,
🔶 Pred  100 ms Sync   16 ms | Sent   864 kB Recv  1191 kB |  then
🔶 Pred   99 ms Sync   16 ms | Sent   864 kB Recv  1191 kB |  giving
🔶 Pred  112 ms Sync   26 ms | Sent   864 kB Recv  1191 kB |  the
🔶 Pred   99 ms Sync   17 ms | Sent   864 kB Recv  1191 kB |  final
🔶 Pred   99 ms Sync   16 ms | Sent   864 kB Recv  1191 kB |  table
🔶 Pred   99 ms Sync   16 ms | Sent   864 kB Recv  1191 kB | .
🔶 Pred   98 ms Sync   20 ms | Sent   864 kB Recv  1191 kB |  So
🔶 Pred  100 ms Sync   16 ms | Sent   864 kB Recv  1191 kB | ,
🔶 Pred  100 ms Sync   16 ms | Sent   864 kB Recv  1191 kB |  perhaps
🔶 Pred   98 ms Sync   18 ms | Sent   864 kB Recv  1191 kB |  I
🔶 Pred   99 ms Sync   18 ms | Sent   864 kB Recv  1191 kB |  should
🔶 Pred   99 ms Sync   19 ms | Sent   864 kB Recv  1191 kB |  outline
🔶 Pred   98 ms Sync   16 ms | Sent   864 kB Recv  1191 kB |  the
🔶 Pred   99 ms Sync   16 ms | Sent   864 kB Recv  1191 kB |  process
🔶 Pred   99 ms Sync   16 ms | Sent   864 kB Recv  1191 kB |  of
🔶 Pred  124 ms Sync   14 ms | Sent   864 kB Recv  1191 kB |  solving
🔶 Pred  150 ms Sync   14 ms | Sent   864 kB Recv  1191 kB |  such
🔶 Pred  101 ms Sync   16 ms | Sent   864 kB Recv  1191 kB |  a
🔶 Pred   99 ms Sync   16 ms | Sent   864 kB Recv  1191 kB |  puzzle
🔶 Pred  164 ms Sync   52 ms | Sent   864 kB Recv  1191 kB | ,
🔶 Pred  131 ms Sync   20 ms | Sent   864 kB Recv  1191 kB |  regardless
🔶 Pred  119 ms Sync   44 ms | Sent   864 kB Recv  1191 kB |  of
🔶 Pred  101 ms Sync   15 ms | Sent   864 kB Recv  1191 kB |  specific
🔶 Pred  102 ms Sync   15 ms | Sent   864 kB Recv  1191 kB |  clues
🔶 Pred  100 ms Sync   17 ms | Sent   864 kB Recv  1191 kB | ,
🔶 Pred  101 ms Sync   15 ms | Sent   864 kB Recv  1191 kB |  but
🔶 Pred   99 ms Sync   17 ms | Sent   864 kB Recv  1191 kB |  using
🔶 Pred   99 ms Sync   15 ms | Sent   864 kB Recv  1191 kB |  a
🔶 Pred   99 ms Sync   17 ms | Sent   864 kB Recv  1191 kB |  hypothetical
🔶 Pred   98 ms Sync   19 ms | Sent   864 kB Recv  1191 kB |  set
🔶 Pred  100 ms Sync   15 ms | Sent   864 kB Recv  1191 kB |  of
🔶 Pred   99 ms Sync   17 ms | Sent   864 kB Recv  1191 kB |  clues
🔶 Pred   99 ms Sync   19 ms | Sent   864 kB Recv  1191 kB |  to
🔶 Pred   99 ms Sync   15 ms | Sent   864 kB Recv  1191 kB |  illustrate
🔶 Pred  100 ms Sync   16 ms | Sent   864 kB Recv  1191 kB |  the
🔶 Pred  100 ms Sync   17 ms | Sent   864 kB Recv  1191 kB |  steps
🔶 Pred   99 ms Sync   16 ms | Sent   864 kB Recv  1191 kB | .


🔶 Pred   99 ms Sync   16 ms | Sent   864 kB Recv  1191 kB | Alternatively
🔶 Pred   99 ms Sync   16 ms | Sent   864 kB Recv  1191 kB | ,
🔶 Pred  100 ms Sync   15 ms | Sent   864 kB Recv  1191 kB |  maybe
🔶 Pred   99 ms Sync   16 ms | Sent   864 kB Recv  1191 kB |  the
🔶 Pred  100 ms Sync   16 ms | Sent   864 kB Recv  1191 kB |  user
🔶 Pred   99 ms Sync   16 ms | Sent   864 kB Recv  1191 kB |  expects
🔶 Pred  128 ms Sync  128 ms | Sent   864 kB Recv  1191 kB |  me
🔶 Pred  109 ms Sync   18 ms | Sent   864 kB Recv  1191 kB |  to
🔶 Pred   99 ms Sync   58 ms | Sent   864 kB Recv  1191 kB |  create
🔶 Pred  125 ms Sync   15 ms | Sent   864 kB Recv  1191 kB |  a
🔶 Pred   99 ms Sync   17 ms | Sent   864 kB Recv  1191 kB |  sample
🔶 Pred  100 ms Sync   16 ms | Sent   864 kB Recv  1191 kB |  puzzle
🔶 Pred   99 ms Sync   16 ms | Sent   864 kB Recv  1191 kB |  with
🔶 Pred   99 ms Sync   16 ms | Sent   864 kB Recv  1191 kB |  hypothetical
🔶 Pred   99 ms Sync   16 ms | Sent   864 kB Recv  1191 kB |  clues
🔶 Pred   99 ms Sync   16 ms | Sent   864 kB Recv  1191 kB |  and
🔶 Pred   99 ms Sync   20 ms | Sent   864 kB Recv  1191 kB |  solve
🔶 Pred  147 ms Sync   13 ms | Sent   864 kB Recv  1191 kB |  it
🔶 Pred  137 ms Sync   20 ms | Sent   864 kB Recv  1191 kB | ,
🔶 Pred  100 ms Sync   15 ms | Sent   864 kB Recv  1191 kB |  then
🔶 Pred   98 ms Sync   18 ms | Sent   864 kB Recv  1191 kB |  present
🔶 Pred   99 ms Sync   18 ms | Sent   864 kB Recv  1191 kB |  the
🔶 Pred  100 ms Sync   16 ms | Sent   864 kB Recv  1191 kB |  final
🔶 Pred  102 ms Sync   16 ms | Sent   864 kB Recv  1191 kB |  table
🔶 Pred   99 ms Sync   16 ms | Sent   864 kB Recv  1191 kB | .


🔶 Pred  101 ms Sync   16 ms | Sent   864 kB Recv  1191 kB | But
🔶 Pred  100 ms Sync   15 ms | Sent   864 kB Recv  1191 kB |  the
🔶 Pred  101 ms Sync   15 ms | Sent   864 kB Recv  1191 kB |  user
🔶 Pred  101 ms Sync   16 ms | Sent   864 kB Recv  1191 kB |  says
🔶 Pred  163 ms Sync   69 ms | Sent   864 kB Recv  1191 kB | ,
🔶 Pred  101 ms Sync   16 ms | Sent   864 kB Recv  1191 kB |  "
🔶 Pred  116 ms Sync   47 ms | Sent   864 kB Recv  1191 kB | S
🔶 Pred  100 ms Sync   16 ms | Sent   864 kB Recv  1191 kB | olve
🔶 Pred  100 ms Sync   16 ms | Sent   864 kB Recv  1191 kB |  the
🔶 Pred  100 ms Sync   15 ms | Sent   864 kB Recv  1191 kB |  full
🔶 Pred  100 ms Sync   16 ms | Sent   864 kB Recv  1191 kB |  Einstein
🔶 Pred  100 ms Sync   15 ms | Sent   864 kB Recv  1191 kB |  z
🔶 Pred   99 ms Sync   16 ms | Sent   864 kB Recv  1191 kB | ebra
🔶 Pred   99 ms Sync   16 ms | Sent   864 kB Recv  1191 kB |  puzzle
🔶 Pred  107 ms Sync   16 ms | Sent   864 kB Recv  1191 kB |  step
🔶 Pred  114 ms Sync   22 ms | Sent   864 kB Recv  1191 kB |  by
🔶 Pred   99 ms Sync   18 ms | Sent   864 kB Recv  1191 kB |  step
🔶 Pred  100 ms Sync   16 ms | Sent   864 kB Recv  1191 kB | ,"
🔶 Pred  100 ms Sync   16 ms | Sent   864 kB Recv  1191 kB |  so
🔶 Pred   99 ms Sync   18 ms | Sent   864 kB Recv  1191 kB |  perhaps
🔶 Pred   99 ms Sync   18 ms | Sent   864 kB Recv  1191 kB |  they
🔶 Pred  101 ms Sync   18 ms | Sent   864 kB Recv  1191 kB |  have
🔶 Pred  100 ms Sync   16 ms | Sent   864 kB Recv  1191 kB |  specific
🔶 Pred  100 ms Sync   17 ms | Sent   864 kB Recv  1191 kB |  clues
🔶 Pred  103 ms Sync   16 ms | Sent   864 kB Recv  1191 kB | ,
🔶 Pred  101 ms Sync   17 ms | Sent   864 kB Recv  1191 kB |  but
🔶 Pred  101 ms Sync   18 ms | Sent   864 kB Recv  1191 kB |  didn
🔶 Pred   99 ms Sync   18 ms | Sent   864 kB Recv  1191 kB | 't
🔶 Pred  151 ms Sync   74 ms | Sent   864 kB Recv  1191 kB |  include
🔶 Pred  101 ms Sync   18 ms | Sent   864 kB Recv  1191 kB |  them
🔶 Pred  135 ms Sync   43 ms | Sent   864 kB Recv  1191 kB | .
🔶 Pred  161 ms Sync   19 ms | Sent   864 kB Recv  1191 kB |  Hmm
🔶 Pred  101 ms Sync   15 ms | Sent   864 kB Recv  1191 kB | ,
🔶 Pred  100 ms Sync   15 ms | Sent   864 kB Recv  1191 kB |  that
🔶 Pred  100 ms Sync   16 ms | Sent   864 kB Recv  1191 kB | 's
🔶 Pred  100 ms Sync   16 ms | Sent   864 kB Recv  1191 kB |  a
🔶 Pred   99 ms Sync   16 ms | Sent   864 kB Recv  1191 kB |  problem
🔶 Pred  100 ms Sync   16 ms | Sent   864 kB Recv  1191 kB | .


🔶 Pred  100 ms Sync   17 ms | Sent   864 kB Recv  1191 kB | Wait
🔶 Pred  100 ms Sync   16 ms | Sent   864 kB Recv  1191 kB | ,
🔶 Pred   99 ms Sync   16 ms | Sent   864 kB Recv  1191 kB |  the
🔶 Pred  100 ms Sync   16 ms | Sent   864 kB Recv  1191 kB |  user
🔶 Pred  101 ms Sync   17 ms | Sent   864 kB Recv  1191 kB |  wrote
🔶 Pred  100 ms Sync   19 ms | Sent   864 kB Recv  1191 kB | :
🔶 Pred  101 ms Sync   15 ms | Sent   864 kB Recv  1191 kB |  "
🔶 Pred   99 ms Sync   19 ms | Sent   864 kB Recv  1191 kB | Five
🔶 Pred   99 ms Sync   17 ms | Sent   864 kB Recv  1191 kB |  houses
🔶 Pred  101 ms Sync   15 ms | Sent   864 kB Recv  1191 kB |  in
🔶 Pred  100 ms Sync   17 ms | Sent   864 kB Recv  1191 kB |  a
🔶 Pred  101 ms Sync   20 ms | Sent   864 kB Recv  1191 kB |  row
🔶 Pred  100 ms Sync   19 ms | Sent   864 kB Recv  1191 kB | ,
🔶 Pred  170 ms Sync   83 ms | Sent   864 kB Recv  1191 kB |  each
🔶 Pred  101 ms Sync   15 ms | Sent   864 kB Recv  1191 kB |  a
🔶 Pred  114 ms Sync   43 ms | Sent   864 kB Recv  1191 kB |  different
🔶 Pred  116 ms Sync   15 ms | Sent   864 kB Recv  1191 kB |  color
🔶 Pred  100 ms Sync   16 ms | Sent   864 kB Recv  1191 kB | ,
🔶 Pred  100 ms Sync   16 ms | Sent   864 kB Recv  1191 kB |  owner
🔶 Pred  100 ms Sync   16 ms | Sent   864 kB Recv  1191 kB |  nationality
🔶 Pred  100 ms Sync   17 ms | Sent   864 kB Recv  1191 kB | ,
🔶 Pred   99 ms Sync   18 ms | Sent   864 kB Recv  1191 kB |  drink
🔶 Pred  100 ms Sync   16 ms | Sent   864 kB Recv  1191 kB | ,
🔶 Pred  100 ms Sync   17 ms | Sent   864 kB Recv  1191 kB |  cigarette
🔶 Pred  101 ms Sync   15 ms | Sent   864 kB Recv  1191 kB | ,
🔶 Pred  100 ms Sync   20 ms | Sent   864 kB Recv  1191 kB |  and
🔶 Pred  100 ms Sync   18 ms | Sent   864 kB Recv  1191 kB |  pet
🔶 Pred  100 ms Sync   18 ms | Sent   864 kB Recv  1191 kB | ."
🔶 Pred  101 ms Sync   19 ms | Sent   864 kB Recv  1191 kB |  So
🔶 Pred  100 ms Sync   16 ms | Sent   864 kB Recv  1191 kB | ,
🔶 Pred  100 ms Sync   16 ms | Sent   864 kB Recv  1191 kB |  perhaps
🔶 Pred  100 ms Sync   17 ms | Sent   864 kB Recv  1191 kB |  the
🔶 Pred  114 ms Sync   15 ms | Sent   864 kB Recv  1191 kB |  clues
🔶 Pred  157 ms Sync   15 ms | Sent   864 kB Recv  1191 kB |  are
🔶 Pred  102 ms Sync   17 ms | Sent   864 kB Recv  1191 kB |  implicit
🔶 Pred  101 ms Sync   17 ms | Sent   864 kB Recv  1191 kB |  in
🔶 Pred  153 ms Sync   84 ms | Sent   864 kB Recv  1191 kB |  the
🔶 Pred  100 ms Sync   60 ms | Sent   864 kB Recv  1191 kB |  attributes
🔶 Pred  119 ms Sync   56 ms | Sent   864 kB Recv  1191 kB | ,
🔶 Pred  102 ms Sync   15 ms | Sent   864 kB Recv  1191 kB |  but
🔶 Pred  100 ms Sync   16 ms | Sent   864 kB Recv  1191 kB |  maybe
🔶 Pred  101 ms Sync   16 ms | Sent   864 kB Recv  1191 kB |  the
🔶 Pred  100 ms Sync   18 ms | Sent   864 kB Recv  1191 kB |  user
🔶 Pred  100 ms Sync   20 ms | Sent   864 kB Recv  1191 kB |  expects
🔶 Pred  101 ms Sync   17 ms | Sent   864 kB Recv  1191 kB |  me
🔶 Pred  101 ms Sync   16 ms | Sent   864 kB Recv  1191 kB |  to
🔶 Pred  104 ms Sync   16 ms | Sent   864 kB Recv  1191 kB |  create
🔶 Pred  103 ms Sync   16 ms | Sent   864 kB Recv  1191 kB |  a
🔶 Pred  101 ms Sync   17 ms | Sent   864 kB Recv  1191 kB |  puzzle
🔶 Pred  100 ms Sync   17 ms | Sent   864 kB Recv  1191 kB |  with
🔶 Pred  101 ms Sync   16 ms | Sent   864 kB Recv  1191 kB |  these
🔶 Pred  114 ms Sync   26 ms | Sent   864 kB Recv  1191 kB |  attributes
🔶 Pred  101 ms Sync   23 ms | Sent   864 kB Recv  1191 kB |  as
🔶 Pred  100 ms Sync   18 ms | Sent   864 kB Recv  1191 kB |  the
🔶 Pred  101 ms Sync   16 ms | Sent   864 kB Recv  1191 kB |  clues
🔶 Pred  102 ms Sync   16 ms | Sent   864 kB Recv  1191 kB | .


🔶 Pred  101 ms Sync   18 ms | Sent   864 kB Recv  1191 kB | Alternatively
🔶 Pred  102 ms Sync   14 ms | Sent   864 kB Recv  1191 kB | ,
🔶 Pred  101 ms Sync   16 ms | Sent   864 kB Recv  1191 kB |  perhaps
🔶 Pred  144 ms Sync   42 ms | Sent   864 kB Recv  1191 kB |  the
🔶 Pred  118 ms Sync   38 ms | Sent   864 kB Recv  1191 kB |  user
🔶 Pred  101 ms Sync   28 ms | Sent   864 kB Recv  1191 kB |  is
🔶 Pred  101 ms Sync  125 ms | Sent   864 kB Recv  1191 kB |  referring
🔶 Pred  100 ms Sync   16 ms | Sent   864 kB Recv  1191 kB |  to
🔶 Pred  101 ms Sync   15 ms | Sent   864 kB Recv  1191 kB |  a
🔶 Pred  101 ms Sync   18 ms | Sent   864 kB Recv  1191 kB |  standard
🔶 Pred  101 ms Sync   18 ms | Sent   864 kB Recv  1191 kB |  z
🔶 Pred  101 ms Sync   16 ms | Sent   864 kB Recv  1191 kB | ebra
🔶 Pred  101 ms Sync   16 ms | Sent   864 kB Recv  1191 kB |  puzzle
🔶 Pred  100 ms Sync   18 ms | Sent   864 kB Recv  1191 kB |  where
🔶 Pred  173 ms Sync   15 ms | Sent   864 kB Recv  1191 kB |  each
🔶 Pred  102 ms Sync   15 ms | Sent   864 kB Recv  1191 kB |  house
🔶 Pred  101 ms Sync   17 ms | Sent   864 kB Recv  1191 kB |  has
🔶 Pred  101 ms Sync   17 ms | Sent   864 kB Recv  1191 kB |  a
🔶 Pred  101 ms Sync   18 ms | Sent   864 kB Recv  1191 kB |  clue
🔶 Pred  100 ms Sync   18 ms | Sent   864 kB Recv  1191 kB |  related
🔶 Pred  100 ms Sync   17 ms | Sent   864 kB Recv  1191 kB |  to
🔶 Pred  100 ms Sync   21 ms | Sent   864 kB Recv  1191 kB |  one
🔶 Pred  101 ms Sync   21 ms | Sent   864 kB Recv  1191 kB |  of
🔶 Pred  100 ms Sync   24 ms | Sent   864 kB Recv  1191 kB |  these
🔶 Pred  101 ms Sync   21 ms | Sent   864 kB Recv  1191 kB |  attributes
🔶 Pred  101 ms Sync   17 ms | Sent   864 kB Recv  1191 kB | ,
🔶 Pred  165 ms Sync   71 ms | Sent   864 kB Recv  1191 kB |  and
🔶 Pred  101 ms Sync   16 ms | Sent   864 kB Recv  1191 kB |  we
🔶 Pred  125 ms Sync   35 ms | Sent   864 kB Recv  1191 kB |  need
🔶 Pred  101 ms Sync   16 ms | Sent   864 kB Recv  1191 kB |  to
🔶 Pred  101 ms Sync   18 ms | Sent   864 kB Recv  1191 kB |  assign
🔶 Pred  100 ms Sync   17 ms | Sent   864 kB Recv  1191 kB |  the
🔶 Pred  101 ms Sync   18 ms | Sent   864 kB Recv  1191 kB |  owners
🔶 Pred  100 ms Sync   17 ms | Sent   864 kB Recv  1191 kB |  accordingly
🔶 Pred  101 ms Sync   16 ms | Sent   864 kB Recv  1191 kB | .


🔶 Pred  101 ms Sync   17 ms | Sent   864 kB Recv  1191 kB | Since
🔶 Pred  100 ms Sync   17 ms | Sent   864 kB Recv  1191 kB |  the
🔶 Pred  102 ms Sync   16 ms | Sent   864 kB Recv  1191 kB |  user
🔶 Pred  101 ms Sync   17 ms | Sent   864 kB Recv  1191 kB |  hasn
🔶 Pred  100 ms Sync   23 ms | Sent   864 kB Recv  1191 kB | 't
🔶 Pred  101 ms Sync   19 ms | Sent   864 kB Recv  1191 kB |  provided
🔶 Pred  102 ms Sync   20 ms | Sent   864 kB Recv  1191 kB |  specific
🔶 Pred  103 ms Sync   15 ms | Sent   864 kB Recv  1191 kB |  clues
🔶 Pred  102 ms Sync   15 ms | Sent   864 kB Recv  1191 kB | ,
🔶 Pred  102 ms Sync   16 ms | Sent   864 kB Recv  1191 kB |  I
🔶 Pred  103 ms Sync   16 ms | Sent   864 kB Recv  1191 kB |  might
🔶 Pred  100 ms Sync   23 ms | Sent   864 kB Recv  1191 kB |  need
🔶 Pred  101 ms Sync   19 ms | Sent   864 kB Recv  1191 kB |  to
🔶 Pred  102 ms Sync   16 ms | Sent   864 kB Recv  1191 kB |  make
🔶 Pred  121 ms Sync   24 ms | Sent   864 kB Recv  1191 kB |  up
🔶 Pred  139 ms Sync   71 ms | Sent   864 kB Recv  1191 kB |  some
🔶 Pred  103 ms Sync   15 ms | Sent   864 kB Recv  1191 kB |  or
🔶 Pred  168 ms Sync   47 ms | Sent   864 kB Recv  1191 kB |  perhaps
🔶 Pred  134 ms Sync   20 ms | Sent   864 kB Recv  1191 kB |  outline
🔶 Pred  102 ms Sync   15 ms | Sent   864 kB Recv  1191 kB |  the
🔶 Pred  102 ms Sync   16 ms | Sent   864 kB Recv  1191 kB |  general
🔶 Pred  101 ms Sync   17 ms | Sent   864 kB Recv  1191 kB |  method
🔶 Pred  100 ms Sync   17 ms | Sent   864 kB Recv  1191 kB | .


🔶 Pred  101 ms Sync   15 ms | Sent   864 kB Recv  1191 kB | But
🔶 Pred  101 ms Sync   17 ms | Sent   864 kB Recv  1191 kB |  to
🔶 Pred  101 ms Sync   20 ms | Sent   864 kB Recv  1191 kB |  give
🔶 Pred  101 ms Sync   18 ms | Sent   864 kB Recv  1191 kB |  a
🔶 Pred  101 ms Sync   21 ms | Sent   864 kB Recv  1191 kB |  proper
🔶 Pred  101 ms Sync   21 ms | Sent   864 kB Recv  1191 kB |  answer
🔶 Pred  102 ms Sync   18 ms | Sent   864 kB Recv  1191 kB | ,
🔶 Pred  101 ms Sync   18 ms | Sent   864 kB Recv  1191 kB |  I
🔶 Pred  101 ms Sync   19 ms | Sent   864 kB Recv  1191 kB |  think
🔶 Pred  102 ms Sync   18 ms | Sent   864 kB Recv  1191 kB |  I
🔶 Pred  102 ms Sync   18 ms | Sent   864 kB Recv  1191 kB |  should
🔶 Pred  100 ms Sync   22 ms | Sent   864 kB Recv  1191 kB |  create
🔶 Pred  104 ms Sync   18 ms | Sent   864 kB Recv  1191 kB |  a
🔶 Pred  102 ms Sync   16 ms | Sent   864 kB Recv  1191 kB |  hypothetical
🔶 Pred  147 ms Sync   58 ms | Sent   864 kB Recv  1191 kB |  set
🔶 Pred  116 ms Sync   19 ms | Sent   864 kB Recv  1191 kB |  of
🔶 Pred  102 ms Sync   22 ms | Sent   864 kB Recv  1191 kB |  clues
🔶 Pred  120 ms Sync   32 ms | Sent   864 kB Recv  1191 kB |  and
🔶 Pred  102 ms Sync   16 ms | Sent   864 kB Recv  1191 kB |  solve
🔶 Pred  102 ms Sync   17 ms | Sent   864 kB Recv  1191 kB |  it
🔶 Pred  101 ms Sync   17 ms | Sent   864 kB Recv  1191 kB |  step
🔶 Pred  101 ms Sync   20 ms | Sent   864 kB Recv  1191 kB |  by
🔶 Pred  102 ms Sync   16 ms | Sent   864 kB Recv  1191 kB |  step
🔶 Pred  102 ms Sync   17 ms | Sent   864 kB Recv  1191 kB | ,
🔶 Pred  102 ms Sync   21 ms | Sent   864 kB Recv  1191 kB |  then
🔶 Pred  102 ms Sync   16 ms | Sent   864 kB Recv  1191 kB |  present
🔶 Pred  102 ms Sync   17 ms | Sent   864 kB Recv  1191 kB |  the
🔶 Pred  101 ms Sync   19 ms | Sent   864 kB Recv  1191 kB |  final
🔶 Pred  102 ms Sync   17 ms | Sent   864 kB Recv  1191 kB |  table
🔶 Pred  102 ms Sync   19 ms | Sent   864 kB Recv  1191 kB | .


🔶 Pred  102 ms Sync   17 ms | Sent   864 kB Recv  1191 kB | Let
🔶 Pred  102 ms Sync   17 ms | Sent   864 kB Recv  1191 kB |  me
🔶 Pred  101 ms Sync   23 ms | Sent   864 kB Recv  1191 kB |  assume
🔶 Pred  118 ms Sync   20 ms | Sent   864 kB Recv  1191 kB |  some
🔶 Pred  162 ms Sync   16 ms | Sent   864 kB Recv  1191 kB |  clues
🔶 Pred  106 ms Sync   15 ms | Sent   864 kB Recv  1191 kB | :


🔶 Pred  102 ms Sync   16 ms | Sent   864 kB Recv  1191 kB | Cl
🔶 Pred  167 ms Sync   74 ms | Sent   864 kB Recv  1191 kB | ues
🔶 Pred  103 ms Sync   16 ms | Sent   864 kB Recv  1191 kB | :


🔶 Pred  125 ms Sync   48 ms | Sent   864 kB Recv  1191 kB | 1
🔶 Pred  104 ms Sync   15 ms | Sent   864 kB Recv  1191 kB | .
🔶 Pred  101 ms Sync   19 ms | Sent   864 kB Recv  1191 kB |  The
🔶 Pred  103 ms Sync   15 ms | Sent   864 kB Recv  1191 kB |  owner
🔶 Pred  103 ms Sync   15 ms | Sent   864 kB Recv  1191 kB |  of
🔶 Pred  102 ms Sync   16 ms | Sent   864 kB Recv  1191 kB |  the
🔶 Pred  101 ms Sync   17 ms | Sent   864 kB Recv  1191 kB |  red
🔶 Pred  101 ms Sync   19 ms | Sent   864 kB Recv  1191 kB |  house
🔶 Pred  101 ms Sync   23 ms | Sent   864 kB Recv  1191 kB |  is
🔶 Pred  102 ms Sync   18 ms | Sent   864 kB Recv  1191 kB |  American
🔶 Pred  102 ms Sync   17 ms | Sent   864 kB Recv  1191 kB | .

🔶 Pred  103 ms Sync   16 ms | Sent   864 kB Recv  1191 kB | 2
🔶 Pred  102 ms Sync   17 ms | Sent   864 kB Recv  1191 kB | .
🔶 Pred  101 ms Sync   20 ms | Sent   864 kB Recv  1191 kB |  The
🔶 Pred  102 ms Sync   19 ms | Sent   864 kB Recv  1191 kB |  owner
🔶 Pred  103 ms Sync   21 ms | Sent   864 kB Recv  1191 kB |  of
🔶 Pred  104 ms Sync   22 ms | Sent   864 kB Recv  1191 kB |  the
🔶 Pred  105 ms Sync   19 ms | Sent   864 kB Recv  1191 kB |  blue
🔶 Pred  102 ms Sync   17 ms | Sent   864 kB Recv  1191 kB |  house
🔶 Pred  103 ms Sync   17 ms | Sent   864 kB Recv  1191 kB |  drinks
🔶 Pred  102 ms Sync   19 ms | Sent   864 kB Recv  1191 kB |  tea
🔶 Pred  156 ms Sync   42 ms | Sent   864 kB Recv  1191 kB | .

🔶 Pred  119 ms Sync   55 ms | Sent   864 kB Recv  1191 kB | 3
🔶 Pred  107 ms Sync   50 ms | Sent   864 kB Recv  1191 kB | .
🔶 Pred  135 ms Sync   23 ms | Sent   864 kB Recv  1191 kB |  The
🔶 Pred  102 ms Sync   20 ms | Sent   864 kB Recv  1191 kB |  owner
🔶 Pred  103 ms Sync   15 ms | Sent   864 kB Recv  1191 kB |  of
🔶 Pred  102 ms Sync   17 ms | Sent   864 kB Recv  1191 kB |  the
🔶 Pred  102 ms Sync   18 ms | Sent   864 kB Recv  1191 kB |  green
🔶 Pred  103 ms Sync   21 ms | Sent   864 kB Recv  1191 kB |  house
🔶 Pred  101 ms Sync   24 ms | Sent   864 kB Recv  1191 kB |  sm
🔶 Pred  104 ms Sync   20 ms | Sent   864 kB Recv  1191 kB | okes
🔶 Pred  188 ms Sync   24 ms | Sent   864 kB Recv  1191 kB |  cigarettes
🔶 Pred  103 ms Sync   16 ms | Sent   864 kB Recv  1191 kB | .

🔶 Pred  103 ms Sync   16 ms | Sent   864 kB Recv  1191 kB | 4
🔶 Pred  102 ms Sync   19 ms | Sent   864 kB Recv  1191 kB | .
🔶 Pred  102 ms Sync   16 ms | Sent   864 kB Recv  1191 kB |  The
🔶 Pred  102 ms Sync   22 ms | Sent   864 kB Recv  1191 kB |  owner
🔶 Pred  102 ms Sync   17 ms | Sent   864 kB Recv  1191 kB |  of
🔶 Pred  103 ms Sync   16 ms | Sent   864 kB Recv  1191 kB |  the
🔶 Pred  102 ms Sync   17 ms | Sent   864 kB Recv  1191 kB |  yellow
🔶 Pred  104 ms Sync   20 ms | Sent   864 kB Recv  1191 kB |  house
🔶 Pred  102 ms Sync   19 ms | Sent   864 kB Recv  1191 kB |  is
🔶 Pred  110 ms Sync   51 ms | Sent   864 kB Recv  1191 kB |  French
🔶 Pred  125 ms Sync   62 ms | Sent   864 kB Recv  1191 kB | .

🔶 Pred  102 ms Sync   16 ms | Sent   864 kB Recv  1191 kB | 5
🔶 Pred  119 ms Sync   60 ms | Sent   864 kB Recv  1191 kB | .
🔶 Pred  103 ms Sync   15 ms | Sent   864 kB Recv  1191 kB |  The
🔶 Pred  117 ms Sync   29 ms | Sent   864 kB Recv  1191 kB |  owner
🔶 Pred  103 ms Sync   17 ms | Sent   864 kB Recv  1191 kB |  of
🔶 Pred  102 ms Sync   16 ms | Sent   864 kB Recv  1191 kB |  the
🔶 Pred  102 ms Sync   17 ms | Sent   864 kB Recv  1191 kB |  purple
🔶 Pred  101 ms Sync   22 ms | Sent   864 kB Recv  1191 kB |  house
🔶 Pred  102 ms Sync   20 ms | Sent   864 kB Recv  1191 kB |  has
🔶 Pred  103 ms Sync   16 ms | Sent   864 kB Recv  1191 kB |  a
🔶 Pred  102 ms Sync   19 ms | Sent   864 kB Recv  1191 kB |  dog
🔶 Pred  102 ms Sync   20 ms | Sent   864 kB Recv  1191 kB | .


🔶 Pred  102 ms Sync   19 ms | Sent   864 kB Recv  1191 kB | But
🔶 Pred  102 ms Sync   25 ms | Sent   864 kB Recv  1191 kB |  wait
🔶 Pred  102 ms Sync   24 ms | Sent   864 kB Recv  1191 kB | ,
🔶 Pred  101 ms Sync   20 ms | Sent   864 kB Recv  1191 kB |  that
🔶 Pred  102 ms Sync   18 ms | Sent   864 kB Recv  1191 kB | 's
🔶 Pred  104 ms Sync   15 ms | Sent   864 kB Recv  1191 kB |  only
🔶 Pred  103 ms Sync   20 ms | Sent   864 kB Recv  1191 kB |  five
🔶 Pred  103 ms Sync   19 ms | Sent   864 kB Recv  1191 kB |  clues
🔶 Pred  103 ms Sync   16 ms | Sent   864 kB Recv  1191 kB | ,
🔶 Pred  132 ms Sync   31 ms | Sent   864 kB Recv  1191 kB |  and
🔶 Pred  124 ms Sync   76 ms | Sent   864 kB Recv  1191 kB |  we
🔶 Pred  102 ms Sync   32 ms | Sent   864 kB Recv  1191 kB |  have
🔶 Pred  170 ms Sync   65 ms | Sent   864 kB Recv  1191 kB |  five
🔶 Pred  104 ms Sync   15 ms | Sent   864 kB Recv  1191 kB |  houses
🔶 Pred  103 ms Sync   16 ms | Sent   864 kB Recv  1191 kB | ,
🔶 Pred  102 ms Sync   19 ms | Sent   864 kB Recv  1191 kB |  each
🔶 Pred  105 ms Sync   17 ms | Sent   864 kB Recv  1191 kB |  with
🔶 Pred  104 ms Sync   18 ms | Sent   864 kB Recv  1191 kB |  four
🔶 Pred  103 ms Sync   22 ms | Sent   864 kB Recv  1191 kB |  attributes
🔶 Pred  105 ms Sync   16 ms | Sent   864 kB Recv  1191 kB | .
🔶 Pred  104 ms Sync   16 ms | Sent   864 kB Recv  1191 kB |  So
🔶 Pred  103 ms Sync   16 ms | Sent   864 kB Recv  1191 kB | ,
🔶 Pred  102 ms Sync   18 ms | Sent   864 kB Recv  1191 kB |  we
🔶 Pred  102 ms Sync   23 ms | Sent   864 kB Recv  1191 kB |  need
🔶 Pred  103 ms Sync   20 ms | Sent   864 kB Recv  1191 kB |  more
🔶 Pred  102 ms Sync   23 ms | Sent   864 kB Recv  1191 kB |  clues
🔶 Pred  103 ms Sync   25 ms | Sent   864 kB Recv  1191 kB | .
🔶 Pred  103 ms Sync   25 ms | Sent   864 kB Recv  1191 kB |  Let
🔶 Pred  103 ms Sync   24 ms | Sent   864 kB Recv  1191 kB | 's
🔶 Pred  103 ms Sync   19 ms | Sent   864 kB Recv  1191 kB |  add
🔶 Pred  150 ms Sync   25 ms | Sent   864 kB Recv  1191 kB |  more
🔶 Pred  163 ms Sync   95 ms | Sent   864 kB Recv  1191 kB | .


🔶 Pred  104 ms Sync   15 ms | Sent   864 kB Recv  1191 kB | Cl
🔶 Pred  126 ms Sync   39 ms | Sent   864 kB Recv  1191 kB | ues
🔶 Pred  105 ms Sync   16 ms | Sent   864 kB Recv  1191 kB | :


🔶 Pred  102 ms Sync   21 ms | Sent   864 kB Recv  1191 kB | 1
🔶 Pred  103 ms Sync   19 ms | Sent   864 kB Recv  1191 kB | .
🔶 Pred  103 ms Sync   22 ms | Sent   864 kB Recv  1191 kB |  The
🔶 Pred  102 ms Sync   24 ms | Sent   864 kB Recv  1191 kB |  owner
🔶 Pred  102 ms Sync   18 ms | Sent   864 kB Recv  1191 kB |  of
🔶 Pred  104 ms Sync   15 ms | Sent   864 kB Recv  1191 kB |  the
🔶 Pred  104 ms Sync   17 ms | Sent   864 kB Recv  1191 kB |  red
🔶 Pred  102 ms Sync   23 ms | Sent   864 kB Recv  1191 kB |  house
🔶 Pred  103 ms Sync   17 ms | Sent   864 kB Recv  1191 kB |  is
🔶 Pred  103 ms Sync   18 ms | Sent   864 kB Recv  1191 kB |  American
🔶 Pred  103 ms Sync   21 ms | Sent   864 kB Recv  1191 kB | .

🔶 Pred  104 ms Sync   18 ms | Sent   864 kB Recv  1191 kB | 2
🔶 Pred  104 ms Sync   16 ms | Sent   864 kB Recv  1191 kB | .
🔶 Pred  104 ms Sync   19 ms | Sent   864 kB Recv  1191 kB |  The
🔶 Pred  103 ms Sync   19 ms | Sent   864 kB Recv  1191 kB |  owner
🔶 Pred  154 ms Sync   20 ms | Sent   864 kB Recv  1191 kB |  of
🔶 Pred  142 ms Sync   19 ms | Sent   864 kB Recv  1191 kB |  the
🔶 Pred  103 ms Sync   17 ms | Sent   864 kB Recv  1191 kB |  blue
🔶 Pred  144 ms Sync   52 ms | Sent   864 kB Recv  1191 kB |  house
🔶 Pred  152 ms Sync   16 ms | Sent   864 kB Recv  1191 kB |  drinks
🔶 Pred  118 ms Sync   51 ms | Sent   864 kB Recv  1191 kB |  tea
🔶 Pred  104 ms Sync   17 ms | Sent   864 kB Recv  1191 kB | .

🔶 Pred  103 ms Sync   20 ms | Sent   864 kB Recv  1191 kB | 3
🔶 Pred  104 ms Sync   19 ms | Sent   864 kB Recv  1191 kB | .
🔶 Pred  104 ms Sync   17 ms | Sent   864 kB Recv  1191 kB |  The
🔶 Pred  103 ms Sync   20 ms | Sent   864 kB Recv  1191 kB |  owner
🔶 Pred  103 ms Sync   18 ms | Sent   864 kB Recv  1191 kB |  of
🔶 Pred  105 ms Sync   17 ms | Sent   864 kB Recv  1191 kB |  the
🔶 Pred  103 ms Sync   21 ms | Sent   864 kB Recv  1191 kB |  green
🔶 Pred  104 ms Sync   23 ms | Sent   864 kB Recv  1191 kB |  house
🔶 Pred  103 ms Sync   21 ms | Sent   864 kB Recv  1191 kB |  sm
🔶 Pred  119 ms Sync   27 ms | Sent   864 kB Recv  1191 kB | okes
🔶 Pred  103 ms Sync   22 ms | Sent   864 kB Recv  1191 kB |  cigarettes
🔶 Pred  104 ms Sync   18 ms | Sent   864 kB Recv  1191 kB | .

🔶 Pred  104 ms Sync   18 ms | Sent   864 kB Recv  1191 kB | 4
🔶 Pred  103 ms Sync   23 ms | Sent   864 kB Recv  1191 kB | .
🔶 Pred  104 ms Sync   25 ms | Sent   864 kB Recv  1191 kB |  The
🔶 Pred  103 ms Sync   19 ms | Sent   864 kB Recv  1191 kB |  owner
🔶 Pred  103 ms Sync   19 ms | Sent   864 kB Recv  1191 kB |  of
🔶 Pred  103 ms Sync   21 ms | Sent   864 kB Recv  1191 kB |  the
🔶 Pred  105 ms Sync   34 ms | Sent   864 kB Recv  1191 kB |  yellow
🔶 Pred  175 ms Sync   74 ms | Sent   864 kB Recv  1191 kB |  house
🔶 Pred  105 ms Sync   16 ms | Sent   864 kB Recv  1191 kB |  is
🔶 Pred  127 ms Sync   47 ms | Sent   864 kB Recv  1191 kB |  French
🔶 Pred  106 ms Sync   17 ms | Sent   864 kB Recv  1191 kB | .

🔶 Pred  103 ms Sync   22 ms | Sent   864 kB Recv  1191 kB | 5
🔶 Pred  104 ms Sync   18 ms | Sent   864 kB Recv  1191 kB | .
🔶 Pred  104 ms Sync   15 ms | Sent   864 kB Recv  1191 kB |  The
🔶 Pred  103 ms Sync   19 ms | Sent   864 kB Recv  1191 kB |  owner
🔶 Pred  103 ms Sync   18 ms | Sent   864 kB Recv  1191 kB |  of
🔶 Pred  103 ms Sync   18 ms | Sent   864 kB Recv  1191 kB |  the
🔶 Pred  149 ms Sync   19 ms | Sent   864 kB Recv  1191 kB |  purple
🔶 Pred  141 ms Sync   15 ms | Sent   864 kB Recv  1191 kB |  house
🔶 Pred  105 ms Sync   17 ms | Sent   864 kB Recv  1191 kB |  has
🔶 Pred  103 ms Sync   21 ms | Sent   864 kB Recv  1191 kB |  a
🔶 Pred  103 ms Sync   21 ms | Sent   864 kB Recv  1191 kB |  dog
🔶 Pred  103 ms Sync   17 ms | Sent   864 kB Recv  1191 kB | .

🔶 Pred  104 ms Sync   21 ms | Sent   864 kB Recv  1191 kB | 6
🔶 Pred  104 ms Sync   20 ms | Sent   864 kB Recv  1191 kB | .
🔶 Pred  103 ms Sync   17 ms | Sent   864 kB Recv  1191 kB |  The
🔶 Pred  103 ms Sync   21 ms | Sent   864 kB Recv  1191 kB |  owner
🔶 Pred  104 ms Sync   19 ms | Sent   864 kB Recv  1191 kB |  of
🔶 Pred  132 ms Sync   30 ms | Sent   864 kB Recv  1191 kB |  the
🔶 Pred  135 ms Sync   91 ms | Sent   864 kB Recv  1191 kB |  first
🔶 Pred  104 ms Sync   18 ms | Sent   864 kB Recv  1191 kB |  house
🔶 Pred  119 ms Sync   62 ms | Sent   864 kB Recv  1191 kB |  (
🔶 Pred  104 ms Sync   19 ms | Sent   864 kB Recv  1191 kB | red
🔶 Pred  103 ms Sync   20 ms | Sent   864 kB Recv  1191 kB | )
🔶 Pred  103 ms Sync   21 ms | Sent   864 kB Recv  1191 kB |  does
🔶 Pred  103 ms Sync   22 ms | Sent   864 kB Recv  1191 kB |  not
🔶 Pred  104 ms Sync   17 ms | Sent   864 kB Recv  1191 kB |  smoke
🔶 Pred  103 ms Sync   18 ms | Sent   864 kB Recv  1191 kB | .

🔶 Pred  103 ms Sync   18 ms | Sent   864 kB Recv  1191 kB | 7
🔶 Pred  104 ms Sync   19 ms | Sent   864 kB Recv  1191 kB | .
🔶 Pred  104 ms Sync   21 ms | Sent   864 kB Recv  1191 kB |  The
🔶 Pred  104 ms Sync   21 ms | Sent   864 kB Recv  1191 kB |  owner
🔶 Pred  104 ms Sync   18 ms | Sent   864 kB Recv  1191 kB |  of
🔶 Pred  105 ms Sync   23 ms | Sent   864 kB Recv  1191 kB |  the
🔶 Pred  105 ms Sync   19 ms | Sent   864 kB Recv  1191 kB |  second
🔶 Pred  107 ms Sync   17 ms | Sent   864 kB Recv  1191 kB |  house
🔶 Pred  113 ms Sync   18 ms | Sent   864 kB Recv  1191 kB |  (
🔶 Pred  116 ms Sync   16 ms | Sent   864 kB Recv  1191 kB | blue
🔶 Pred  107 ms Sync   24 ms | Sent   864 kB Recv  1191 kB | )
🔶 Pred  107 ms Sync   23 ms | Sent   864 kB Recv  1191 kB |  does
🔶 Pred  105 ms Sync   18 ms | Sent   864 kB Recv  1191 kB |  not
🔶 Pred  159 ms Sync   91 ms | Sent   864 kB Recv  1191 kB |  drink
🔶 Pred  105 ms Sync   16 ms | Sent   864 kB Recv  1191 kB |  tea
🔶 Pred  158 ms Sync   57 ms | Sent   864 kB Recv  1191 kB | .

🔶 Pred  134 ms Sync   14 ms | Sent   864 kB Recv  1191 kB | 8
🔶 Pred  104 ms Sync   16 ms | Sent   864 kB Recv  1191 kB | .
🔶 Pred  104 ms Sync   19 ms | Sent   864 kB Recv  1191 kB |  The
🔶 Pred  103 ms Sync   21 ms | Sent   864 kB Recv  1191 kB |  owner
🔶 Pred  104 ms Sync   18 ms | Sent   864 kB Recv  1191 kB |  of
🔶 Pred  103 ms Sync   24 ms | Sent   864 kB Recv  1191 kB |  the
🔶 Pred  104 ms Sync   21 ms | Sent   864 kB Recv  1191 kB |  third
🔶 Pred  105 ms Sync   17 ms | Sent   864 kB Recv  1191 kB |  house
🔶 Pred  105 ms Sync   17 ms | Sent   864 kB Recv  1191 kB |  (
🔶 Pred  103 ms Sync   22 ms | Sent   864 kB Recv  1191 kB | green
🔶 Pred  104 ms Sync   22 ms | Sent   864 kB Recv  1191 kB | )
🔶 Pred  104 ms Sync   19 ms | Sent   864 kB Recv  1191 kB |  does
🔶 Pred  104 ms Sync   19 ms | Sent   864 kB Recv  1191 kB |  not
🔶 Pred  116 ms Sync   27 ms | Sent   864 kB Recv  1191 kB |  smoke
🔶 Pred  106 ms Sync   21 ms | Sent   864 kB Recv  1191 kB |  cigarettes
🔶 Pred  105 ms Sync   21 ms | Sent   864 kB Recv  1191 kB | .

🔶 Pred  106 ms Sync   23 ms | Sent   864 kB Recv  1191 kB | 9
🔶 Pred  106 ms Sync   17 ms | Sent   864 kB Recv  1191 kB | .
🔶 Pred  129 ms Sync   28 ms | Sent   864 kB Recv  1191 kB |  The
🔶 Pred  117 ms Sync   92 ms | Sent   864 kB Recv  1191 kB |  owner
🔶 Pred  104 ms Sync   19 ms | Sent   864 kB Recv  1191 kB |  of
🔶 Pred  124 ms Sync   31 ms | Sent   864 kB Recv  1191 kB |  the
🔶 Pred  104 ms Sync   19 ms | Sent   864 kB Recv  1191 kB |  fourth
🔶 Pred  104 ms Sync   21 ms | Sent   864 kB Recv  1191 kB |  house
🔶 Pred  104 ms Sync   18 ms | Sent   864 kB Recv  1191 kB |  (
🔶 Pred  104 ms Sync   19 ms | Sent   864 kB Recv  1191 kB | yellow
🔶 Pred  104 ms Sync   20 ms | Sent   864 kB Recv  1191 kB | )
🔶 Pred  103 ms Sync   21 ms | Sent   864 kB Recv  1191 kB |  does
🔶 Pred  104 ms Sync   21 ms | Sent   864 kB Recv  1191 kB |  not
🔶 Pred  105 ms Sync   22 ms | Sent   864 kB Recv  1191 kB |  drink
🔶 Pred  103 ms Sync   20 ms | Sent   864 kB Recv  1191 kB |  coffee
🔶 Pred  104 ms Sync   17 ms | Sent   864 kB Recv  1191 kB | .

🔶 Pred  104 ms Sync   19 ms | Sent   864 kB Recv  1191 kB | 10
🔶 Pred  104 ms Sync   26 ms | Sent   864 kB Recv  1191 kB | .
🔶 Pred  104 ms Sync   22 ms | Sent   864 kB Recv  1191 kB |  The
🔶 Pred  104 ms Sync   23 ms | Sent   864 kB Recv  1191 kB |  owner
🔶 Pred  104 ms Sync   21 ms | Sent   864 kB Recv  1191 kB |  of
🔶 Pred  152 ms Sync   17 ms | Sent   864 kB Recv  1191 kB |  the
🔶 Pred  201 ms Sync   18 ms | Sent   864 kB Recv  1191 kB |  fifth
🔶 Pred  105 ms Sync   20 ms | Sent   864 kB Recv  1191 kB |  house
🔶 Pred  157 ms Sync   77 ms | Sent   864 kB Recv  1191 kB |  (
🔶 Pred  105 ms Sync   26 ms | Sent   864 kB Recv  1191 kB | purple
🔶 Pred  127 ms Sync   46 ms | Sent   864 kB Recv  1191 kB | )
🔶 Pred  104 ms Sync   22 ms | Sent   864 kB Recv  1191 kB |  does
🔶 Pred  106 ms Sync   16 ms | Sent   864 kB Recv  1191 kB |  not
🔶 Pred  104 ms Sync   20 ms | Sent   864 kB Recv  1191 kB |  smoke
🔶 Pred  104 ms Sync   20 ms | Sent   864 kB Recv  1191 kB | .


🔶 Pred  105 ms Sync   18 ms | Sent   864 kB Recv  1191 kB | Wait
🔶 Pred  104 ms Sync   22 ms | Sent   864 kB Recv  1191 kB | ,
🔶 Pred  104 ms Sync   25 ms | Sent   864 kB Recv  1191 kB |  but
🔶 Pred  105 ms Sync   17 ms | Sent   864 kB Recv  1191 kB |  now
🔶 Pred  105 ms Sync   20 ms | Sent   864 kB Recv  1191 kB |  I
🔶 Pred  105 ms Sync   21 ms | Sent   864 kB Recv  1191 kB | 'm
🔶 Pred  105 ms Sync   18 ms | Sent   864 kB Recv  1191 kB |  adding
🔶 Pred  106 ms Sync   25 ms | Sent   864 kB Recv  1191 kB |  more
🔶 Pred  106 ms Sync   19 ms | Sent   864 kB Recv  1191 kB |  clues
🔶 Pred  105 ms Sync   19 ms | Sent   864 kB Recv  1191 kB |  than
🔶 Pred  106 ms Sync   18 ms | Sent   864 kB Recv  1191 kB |  needed
🔶 Pred  105 ms Sync   22 ms | Sent   864 kB Recv  1191 kB | .
🔶 Pred  104 ms Sync   23 ms | Sent   864 kB Recv  1191 kB |  Maybe
🔶 Pred  106 ms Sync   20 ms | Sent   864 kB Recv  1191 kB |  it
🔶 Pred  105 ms Sync   19 ms | Sent   864 kB Recv  1191 kB | 's
🔶 Pred  144 ms Sync   38 ms | Sent   864 kB Recv  1191 kB |  better
🔶 Pred  124 ms Sync   61 ms | Sent   864 kB Recv  1191 kB |  to
🔶 Pred  104 ms Sync   28 ms | Sent   864 kB Recv  1191 kB |  have
🔶 Pred  122 ms Sync   41 ms | Sent   864 kB Recv  1191 kB |  each
🔶 Pred  105 ms Sync   20 ms | Sent   864 kB Recv  1191 kB |  house
🔶 Pred  105 ms Sync   17 ms | Sent   864 kB Recv  1191 kB |  associated
🔶 Pred  106 ms Sync   17 ms | Sent   864 kB Recv  1191 kB |  with
🔶 Pred  105 ms Sync   21 ms | Sent   864 kB Recv  1191 kB |  one
🔶 Pred  105 ms Sync   22 ms | Sent   864 kB Recv  1191 kB |  clue
🔶 Pred  105 ms Sync   19 ms | Sent   864 kB Recv  1191 kB | ,
🔶 Pred  107 ms Sync   19 ms | Sent   864 kB Recv  1191 kB |  so
🔶 Pred  185 ms Sync   19 ms | Sent   864 kB Recv  1191 kB |  five
🔶 Pred  107 ms Sync   18 ms | Sent   864 kB Recv  1191 kB |  clues
🔶 Pred  105 ms Sync   18 ms | Sent   864 kB Recv  1191 kB | ,
🔶 Pred  106 ms Sync   19 ms | Sent   864 kB Recv  1191 kB |  each
🔶 Pred  106 ms Sync   16 ms | Sent   864 kB Recv  1191 kB |  linking
🔶 Pred  105 ms Sync   17 ms | Sent   864 kB Recv  1191 kB |  a
🔶 Pred  105 ms Sync   16 ms | Sent   864 kB Recv  1191 kB |  house
🔶 Pred  106 ms Sync   21 ms | Sent   864 kB Recv  1191 kB |  to
🔶 Pred  104 ms Sync   32 ms | Sent   864 kB Recv  1191 kB |  one
🔶 Pred  107 ms Sync   30 ms | Sent   864 kB Recv  1191 kB |  attribute
🔶 Pred  118 ms Sync   31 ms | Sent   864 kB Recv  1191 kB | .


🔶 Pred  167 ms Sync   69 ms | Sent   864 kB Recv  1191 kB | Alternatively
🔶 Pred  106 ms Sync   16 ms | Sent   864 kB Recv  1191 kB | ,
🔶 Pred  114 ms Sync   68 ms | Sent   864 kB Recv  1191 kB |  perhaps
🔶 Pred  106 ms Sync   15 ms | Sent   864 kB Recv  1191 kB |  each
🔶 Pred  108 ms Sync   18 ms | Sent   864 kB Recv  1191 kB |  house
🔶 Pred  105 ms Sync   19 ms | Sent   864 kB Recv  1191 kB |  has
🔶 Pred  105 ms Sync   22 ms | Sent   864 kB Recv  1191 kB |  a
🔶 Pred  105 ms Sync   21 ms | Sent   864 kB Recv  1191 kB |  clue
🔶 Pred  105 ms Sync   22 ms | Sent   864 kB Recv  1191 kB |  about
🔶 Pred  105 ms Sync   23 ms | Sent   864 kB Recv  1191 kB |  one
🔶 Pred  106 ms Sync   21 ms | Sent   864 kB Recv  1191 kB |  attribute
🔶 Pred  104 ms Sync   28 ms | Sent   864 kB Recv  1191 kB | ,
🔶 Pred  105 ms Sync   22 ms | Sent   864 kB Recv  1191 kB |  and
🔶 Pred  106 ms Sync   18 ms | Sent   864 kB Recv  1191 kB |  we
🔶 Pred  105 ms Sync   24 ms | Sent   864 kB Recv  1191 kB |  have
🔶 Pred  104 ms Sync   25 ms | Sent   864 kB Recv  1191 kB |  to
🔶 Pred  105 ms Sync   19 ms | Sent   864 kB Recv  1191 kB |  ded
🔶 Pred  105 ms Sync   21 ms | Sent   864 kB Recv  1191 kB | uce
🔶 Pred  106 ms Sync   21 ms | Sent   864 kB Recv  1191 kB |  the
🔶 Pred  104 ms Sync   40 ms | Sent   864 kB Recv  1191 kB |  rest
🔶 Pred  106 ms Sync   26 ms | Sent   864 kB Recv  1191 kB | .


🔶 Pred  105 ms Sync   16 ms | Sent   864 kB Recv  1191 kB | But
🔶 Pred  129 ms Sync  105 ms | Sent   864 kB Recv  1191 kB |  without
🔶 Pred  122 ms Sync   17 ms | Sent   864 kB Recv  1191 kB |  specific
🔶 Pred  155 ms Sync   58 ms | Sent   864 kB Recv  1191 kB |  clues
🔶 Pred  152 ms Sync   19 ms | Sent   864 kB Recv  1191 kB | ,
🔶 Pred  107 ms Sync   16 ms | Sent   864 kB Recv  1191 kB |  it
🔶 Pred  106 ms Sync   18 ms | Sent   864 kB Recv  1191 kB | 's
🔶 Pred  106 ms Sync   20 ms | Sent   864 kB Recv  1191 kB |  hard
🔶 Pred  106 ms Sync   20 ms | Sent   864 kB Recv  1191 kB |  to
🔶 Pred  106 ms Sync   19 ms | Sent   864 kB Recv  1191 kB |  proceed
🔶 Pred  106 ms Sync   21 ms | Sent   864 kB Recv  1191 kB | .
🔶 Pred  105 ms Sync   25 ms | Sent   864 kB Recv  1191 kB |  So
🔶 Pred  106 ms Sync   22 ms | Sent   864 kB Recv  1191 kB | ,
🔶 Pred  106 ms Sync   18 ms | Sent   864 kB Recv  1191 kB |  perhaps
🔶 Pred  106 ms Sync   22 ms | Sent   864 kB Recv  1191 kB |  I
🔶 Pred  105 ms Sync   20 ms | Sent   864 kB Recv  1191 kB |  should
🔶 Pred  106 ms Sync   18 ms | Sent   864 kB Recv  1191 kB |  outline
🔶 Pred  105 ms Sync   22 ms | Sent   864 kB Recv  1191 kB |  the
🔶 Pred  106 ms Sync   17 ms | Sent   864 kB Recv  1191 kB |  general
🔶 Pred  105 ms Sync   23 ms | Sent   864 kB Recv  1191 kB |  method
🔶 Pred  105 ms Sync   22 ms | Sent   864 kB Recv  1191 kB |  of
🔶 Pred  104 ms Sync   26 ms | Sent   864 kB Recv  1191 kB |  solving
🔶 Pred  130 ms Sync   31 ms | Sent   864 kB Recv  1191 kB |  such
🔶 Pred  126 ms Sync  110 ms | Sent   864 kB Recv  1191 kB |  a
🔶 Pred  128 ms Sync   59 ms | Sent   864 kB Recv  1191 kB |  puzzle
🔶 Pred  109 ms Sync   17 ms | Sent   864 kB Recv  1191 kB | .


🔶 Pred  107 ms Sync   19 ms | Sent   864 kB Recv  1191 kB | Step
🔶 Pred  107 ms Sync   19 ms | Sent   864 kB Recv  1191 kB |  
🔶 Pred  106 ms Sync   18 ms | Sent   864 kB Recv  1191 kB | 1
🔶 Pred  106 ms Sync   22 ms | Sent   864 kB Recv  1191 kB | :
🔶 Pred  106 ms Sync   16 ms | Sent   864 kB Recv  1191 kB |  List
🔶 Pred  106 ms Sync   19 ms | Sent   864 kB Recv  1191 kB |  all
🔶 Pred  106 ms Sync   19 ms | Sent   864 kB Recv  1191 kB |  attributes
🔶 Pred  105 ms Sync   26 ms | Sent   864 kB Recv  1191 kB |  and
🔶 Pred  106 ms Sync   23 ms | Sent   864 kB Recv  1191 kB |  possible
🔶 Pred  105 ms Sync   23 ms | Sent   864 kB Recv  1191 kB |  values
🔶 Pred  107 ms Sync   23 ms | Sent   864 kB Recv  1191 kB | .


🔶 Pred  106 ms Sync   17 ms | Sent   864 kB Recv  1191 kB | Ass
🔶 Pred  106 ms Sync   19 ms | Sent   864 kB Recv  1191 kB | uming
🔶 Pred  105 ms Sync   24 ms | Sent   864 kB Recv  1191 kB |  the
🔶 Pred  150 ms Sync   24 ms | Sent   864 kB Recv  1191 kB |  attributes
🔶 Pred  160 ms Sync   23 ms | Sent   864 kB Recv  1191 kB |  are
🔶 Pred  106 ms Sync   17 ms | Sent   864 kB Recv  1191 kB |  nationality
🔶 Pred  121 ms Sync   27 ms | Sent   864 kB Recv  1191 kB | ,
🔶 Pred  141 ms Sync   67 ms | Sent   864 kB Recv  1191 kB |  drink
🔶 Pred  106 ms Sync   30 ms | Sent   864 kB Recv  1191 kB | ,
🔶 Pred  122 ms Sync   64 ms | Sent   864 kB Recv  1191 kB |  smoke
🔶 Pred  118 ms Sync   30 ms | Sent   864 kB Recv  1191 kB | ,
🔶 Pred  106 ms Sync   18 ms | Sent   864 kB Recv  1191 kB |  pet
🔶 Pred  105 ms Sync   24 ms | Sent   864 kB Recv  1191 kB | .


🔶 Pred  106 ms Sync   18 ms | Sent   864 kB Recv  1191 kB | Each
🔶 Pred  106 ms Sync   18 ms | Sent   864 kB Recv  1191 kB |  has
🔶 Pred  106 ms Sync   20 ms | Sent   864 kB Recv  1191 kB |  five
🔶 Pred  112 ms Sync   17 ms | Sent   864 kB Recv  1191 kB |  distinct
🔶 Pred  108 ms Sync   20 ms | Sent   864 kB Recv  1191 kB |  options
🔶 Pred  107 ms Sync   20 ms | Sent   864 kB Recv  1191 kB | .


🔶 Pred  107 ms Sync   18 ms | Sent   864 kB Recv  1191 kB | So
🔶 Pred  106 ms Sync   22 ms | Sent   864 kB Recv  1191 kB | ,
🔶 Pred  106 ms Sync   22 ms | Sent   864 kB Recv  1191 kB |  national
🔶 Pred  107 ms Sync   17 ms | Sent   864 kB Recv  1191 kB | ities
🔶 Pred  106 ms Sync   25 ms | Sent   864 kB Recv  1191 kB | :
🔶 Pred  108 ms Sync   16 ms | Sent   864 kB Recv  1191 kB |  
🔶 Pred  106 ms Sync   16 ms | Sent   864 kB Recv  1191 kB | 1
🔶 Pred  107 ms Sync   19 ms | Sent   864 kB Recv  1191 kB | ,
🔶 Pred  105 ms Sync   23 ms | Sent   864 kB Recv  1191 kB | 2
🔶 Pred  124 ms Sync   47 ms | Sent   864 kB Recv  1191 kB | ,
🔶 Pred  127 ms Sync   71 ms | Sent   864 kB Recv  1191 kB | 3
🔶 Pred  106 ms Sync   19 ms | Sent   864 kB Recv  1191 kB | ,
🔶 Pred  130 ms Sync   44 ms | Sent   864 kB Recv  1191 kB | 4
🔶 Pred  107 ms Sync   19 ms | Sent   864 kB Recv  1191 kB | ,
🔶 Pred  107 ms Sync   17 ms | Sent   864 kB Recv  1191 kB | 5
🔶 Pred  109 ms Sync   16 ms | Sent   864 kB Recv  1191 kB | .


🔶 Pred  107 ms Sync   19 ms | Sent   864 kB Recv  1191 kB | Dr
🔶 Pred  106 ms Sync   23 ms | Sent   864 kB Recv  1191 kB | inks
🔶 Pred  107 ms Sync   20 ms | Sent   864 kB Recv  1191 kB | :
🔶 Pred  106 ms Sync   22 ms | Sent   864 kB Recv  1191 kB |  
🔶 Pred  180 ms Sync   20 ms | Sent   864 kB Recv  1191 kB | 1
🔶 Pred  109 ms Sync   15 ms | Sent   864 kB Recv  1191 kB | ,
🔶 Pred  107 ms Sync   17 ms | Sent   864 kB Recv  1191 kB | 2
🔶 Pred  105 ms Sync   22 ms | Sent   864 kB Recv  1191 kB | ,
🔶 Pred  106 ms Sync   19 ms | Sent   864 kB Recv  1191 kB | 3
🔶 Pred  106 ms Sync   20 ms | Sent   864 kB Recv  1191 kB | ,
🔶 Pred  106 ms Sync   26 ms | Sent   864 kB Recv  1191 kB | 4
🔶 Pred  107 ms Sync   23 ms | Sent   864 kB Recv  1191 kB | ,
🔶 Pred  109 ms Sync   20 ms | Sent   864 kB Recv  1191 kB | 5
🔶 Pred  109 ms Sync   22 ms | Sent   864 kB Recv  1191 kB | .


🔶 Pred  106 ms Sync   37 ms | Sent   864 kB Recv  1191 kB | Sm
🔶 Pred  172 ms Sync   74 ms | Sent   864 kB Recv  1191 kB | okes
🔶 Pred  117 ms Sync   17 ms | Sent   864 kB Recv  1191 kB | :
🔶 Pred  107 ms Sync   52 ms | Sent   864 kB Recv  1191 kB |  Yes
🔶 Pred  124 ms Sync   21 ms | Sent   864 kB Recv  1191 kB | /
🔶 Pred  106 ms Sync   23 ms | Sent   864 kB Recv  1191 kB | No
🔶 Pred  106 ms Sync   20 ms | Sent   864 kB Recv  1191 kB |  for
🔶 Pred  106 ms Sync   20 ms | Sent   864 kB Recv  1191 kB |  each
🔶 Pred  106 ms Sync   21 ms | Sent   864 kB Recv  1191 kB | .


🔶 Pred  106 ms Sync   22 ms | Sent   864 kB Recv  1191 kB | Pets
🔶 Pred  106 ms Sync   19 ms | Sent   864 kB Recv  1191 kB | :
🔶 Pred  107 ms Sync   19 ms | Sent   864 kB Recv  1191 kB |  
🔶 Pred  106 ms Sync   22 ms | Sent   864 kB Recv  1191 kB | 1
🔶 Pred  106 ms Sync   24 ms | Sent   864 kB Recv  1191 kB | ,
🔶 Pred  107 ms Sync   26 ms | Sent   864 kB Recv  1191 kB | 2
🔶 Pred  108 ms Sync   39 ms | Sent   864 kB Recv  1191 kB | ,
🔶 Pred  107 ms Sync   16 ms | Sent   864 kB Recv  1191 kB | 3
🔶 Pred  106 ms Sync   20 ms | Sent   864 kB Recv  1191 kB | ,
🔶 Pred  107 ms Sync   21 ms | Sent   864 kB Recv  1191 kB | 4
🔶 Pred  106 ms Sync   53 ms | Sent   864 kB Recv  1191 kB | ,
🔶 Pred  107 ms Sync   21 ms | Sent   864 kB Recv  1191 kB | 5
🔶 Pred  106 ms Sync   23 ms | Sent   864 kB Recv  1191 kB | .


🔶 Pred  139 ms Sync   41 ms | Sent   864 kB Recv  1191 kB | Wait
🔶 Pred  128 ms Sync   51 ms | Sent   864 kB Recv  1191 kB | ,
🔶 Pred  107 ms Sync   19 ms | Sent   864 kB Recv  1191 kB |  but
🔶 Pred  187 ms Sync   66 ms | Sent   864 kB Recv  1191 kB |  smoke
🔶 Pred  108 ms Sync   16 ms | Sent   864 kB Recv  1191 kB |  is
🔶 Pred  109 ms Sync   16 ms | Sent   864 kB Recv  1191 kB |  binary
🔶 Pred  107 ms Sync   19 ms | Sent   864 kB Recv  1191 kB | :
🔶 Pred  107 ms Sync   18 ms | Sent   864 kB Recv  1191 kB |  Yes
🔶 Pred  106 ms Sync   22 ms | Sent   864 kB Recv  1191 kB |  or
🔶 Pred  107 ms Sync   18 ms | Sent   864 kB Recv  1191 kB |  No
🔶 Pred  107 ms Sync   51 ms | Sent   864 kB Recv  1191 kB | .
🔶 Pred  123 ms Sync   16 ms | Sent   864 kB Recv  1191 kB |  So
🔶 Pred  107 ms Sync   18 ms | Sent   864 kB Recv  1191 kB | ,
🔶 Pred  106 ms Sync   21 ms | Sent   864 kB Recv  1191 kB |  only
🔶 Pred  107 ms Sync   23 ms | Sent   864 kB Recv  1191 kB |  two
🔶 Pred  106 ms Sync   19 ms | Sent   864 kB Recv  1191 kB |  options
🔶 Pred  107 ms Sync   19 ms | Sent   864 kB Recv  1191 kB | .
🔶 Pred  107 ms Sync   20 ms | Sent   864 kB Recv  1191 kB |  But
🔶 Pred  107 ms Sync   21 ms | Sent   864 kB Recv  1191 kB |  since
🔶 Pred  106 ms Sync   23 ms | Sent   864 kB Recv  1191 kB |  we
🔶 Pred  107 ms Sync   23 ms | Sent   864 kB Recv  1191 kB |  have
🔶 Pred  106 ms Sync   23 ms | Sent   864 kB Recv  1191 kB |  five
🔶 Pred  172 ms Sync   65 ms | Sent   864 kB Recv  1191 kB |  owners
🔶 Pred  106 ms Sync   20 ms | Sent   864 kB Recv  1191 kB | ,
🔶 Pred  127 ms Sync   48 ms | Sent   864 kB Recv  1191 kB |  we
🔶 Pred  107 ms Sync   17 ms | Sent   864 kB Recv  1191 kB |  need
🔶 Pred  106 ms Sync   42 ms | Sent   864 kB Recv  1191 kB |  five
🔶 Pred  107 ms Sync   25 ms | Sent   864 kB Recv  1191 kB |  unique
🔶 Pred  106 ms Sync   19 ms | Sent   864 kB Recv  1191 kB |  smoke
🔶 Pred  107 ms Sync   18 ms | Sent   864 kB Recv  1191 kB |  statuses
🔶 Pred  106 ms Sync   19 ms | Sent   864 kB Recv  1191 kB | .
🔶 Pred  108 ms Sync   18 ms | Sent   864 kB Recv  1191 kB |  That
🔶 Pred  108 ms Sync   26 ms | Sent   864 kB Recv  1191 kB | 's
🔶 Pred  109 ms Sync   21 ms | Sent   864 kB Recv  1191 kB |  impossible
🔶 Pred  108 ms Sync   22 ms | Sent   864 kB Recv  1191 kB |  because
🔶 Pred  106 ms Sync   35 ms | Sent   864 kB Recv  1191 kB |  there
🔶 Pred  107 ms Sync   38 ms | Sent   864 kB Recv  1191 kB |  are
🔶 Pred  108 ms Sync   18 ms | Sent   864 kB Recv  1191 kB |  only
🔶 Pred  107 ms Sync   20 ms | Sent   864 kB Recv  1191 kB |  two
🔶 Pred  143 ms Sync   19 ms | Sent   864 kB Recv  1191 kB |  options
🔶 Pred  145 ms Sync   21 ms | Sent   864 kB Recv  1191 kB | .
🔶 Pred  108 ms Sync   17 ms | Sent   864 kB Recv  1191 kB |  So
🔶 Pred  124 ms Sync   73 ms | Sent   864 kB Recv  1191 kB | ,
🔶 Pred  137 ms Sync   59 ms | Sent   864 kB Recv  1191 kB |  perhaps
🔶 Pred  108 ms Sync   17 ms | Sent   864 kB Recv  1191 kB |  "
🔶 Pred  121 ms Sync   51 ms | Sent   864 kB Recv  1191 kB | sm
🔶 Pred  107 ms Sync   20 ms | Sent   864 kB Recv  1191 kB | oke
🔶 Pred  107 ms Sync   30 ms | Sent   864 kB Recv  1191 kB | "
🔶 Pred  107 ms Sync   22 ms | Sent   864 kB Recv  1191 kB |  is
🔶 Pred  107 ms Sync   20 ms | Sent   864 kB Recv  1191 kB |  not
🔶 Pred  108 ms Sync   16 ms | Sent   864 kB Recv  1191 kB |  binary
🔶 Pred  107 ms Sync   23 ms | Sent   864 kB Recv  1191 kB |  but
🔶 Pred  107 ms Sync   23 ms | Sent   864 kB Recv  1191 kB |  has
🔶 Pred  107 ms Sync   22 ms | Sent   864 kB Recv  1191 kB |  five
🔶 Pred  107 ms Sync   20 ms | Sent   864 kB Recv  1191 kB |  different
🔶 Pred  107 ms Sync   23 ms | Sent   864 kB Recv  1191 kB |  types
🔶 Pred  108 ms Sync   22 ms | Sent   864 kB Recv  1191 kB | ,
🔶 Pred  107 ms Sync   48 ms | Sent   864 kB Recv  1191 kB |  like
🔶 Pred  108 ms Sync   17 ms | Sent   864 kB Recv  1191 kB |  types
🔶 Pred  106 ms Sync   26 ms | Sent   864 kB Recv  1191 kB |  of
🔶 Pred  108 ms Sync   17 ms | Sent   864 kB Recv  1191 kB |  cigarettes
🔶 Pred  107 ms Sync   21 ms | Sent   864 kB Recv  1191 kB | .
🔶 Pred  107 ms Sync   23 ms | Sent   864 kB Recv  1191 kB |  So
🔶 Pred  107 ms Sync   20 ms | Sent   864 kB Recv  1191 kB | ,
🔶 Pred  161 ms Sync   52 ms | Sent   864 kB Recv  1191 kB |  each
🔶 Pred  131 ms Sync   18 ms | Sent   864 kB Recv  1191 kB |  owner
🔶 Pred  126 ms Sync   58 ms | Sent   864 kB Recv  1191 kB |  sm
🔶 Pred  108 ms Sync   19 ms | Sent   864 kB Recv  1191 kB | okes
🔶 Pred  107 ms Sync   21 ms | Sent   864 kB Recv  1191 kB |  a
🔶 Pred  107 ms Sync   22 ms | Sent   864 kB Recv  1191 kB |  different
🔶 Pred  107 ms Sync   21 ms | Sent   864 kB Recv  1191 kB |  type
🔶 Pred  107 ms Sync   22 ms | Sent   864 kB Recv  1191 kB | ,
🔶 Pred  107 ms Sync   23 ms | Sent   864 kB Recv  1191 kB |  so
🔶 Pred  107 ms Sync   24 ms | Sent   864 kB Recv  1191 kB |  five
🔶 Pred  155 ms Sync   19 ms | Sent   864 kB Recv  1191 kB |  types
🔶 Pred  143 ms Sync   19 ms | Sent   864 kB Recv  1191 kB | .


🔶 Pred  108 ms Sync   18 ms | Sent   864 kB Recv  1191 kB | Similarly
🔶 Pred  108 ms Sync   51 ms | Sent   864 kB Recv  1191 kB | ,
🔶 Pred  109 ms Sync   16 ms | Sent   864 kB Recv  1191 kB |  pets
🔶 Pred  108 ms Sync   20 ms | Sent   864 kB Recv  1191 kB |  are
🔶 Pred  109 ms Sync   16 ms | Sent   864 kB Recv  1191 kB |  five
🔶 Pred  108 ms Sync   20 ms | Sent   864 kB Recv  1191 kB |  different
🔶 Pred  107 ms Sync   23 ms | Sent   864 kB Recv  1191 kB |  types
🔶 Pred  124 ms Sync   44 ms | Sent   864 kB Recv  1191 kB | .


🔶 Pred  108 ms Sync   20 ms | Sent   864 kB Recv  1191 kB | Dr
🔶 Pred  193 ms Sync   72 ms | Sent   864 kB Recv  1191 kB | inks
🔶 Pred  109 ms Sync   20 ms | Sent   864 kB Recv  1191 kB | :
🔶 Pred  133 ms Sync   31 ms | Sent   864 kB Recv  1191 kB |  five
🔶 Pred  110 ms Sync   18 ms | Sent   864 kB Recv  1191 kB |  different
🔶 Pred  108 ms Sync   19 ms | Sent   864 kB Recv  1191 kB |  types
🔶 Pred  107 ms Sync   23 ms | Sent   864 kB Recv  1191 kB | .


🔶 Pred  107 ms Sync   23 ms | Sent   864 kB Recv  1191 kB | National
🔶 Pred  108 ms Sync   18 ms | Sent   864 kB Recv  1191 kB | ities
🔶 Pred  108 ms Sync   20 ms | Sent   864 kB Recv  1191 kB | :
🔶 Pred  107 ms Sync   23 ms | Sent   864 kB Recv  1191 kB |  five
🔶 Pred  108 ms Sync   19 ms | Sent   864 kB Recv  1191 kB |  different
🔶 Pred  107 ms Sync   24 ms | Sent   864 kB Recv  1191 kB | .


🔶 Pred  108 ms Sync   23 ms | Sent   864 kB Recv  1191 kB | So
🔶 Pred  108 ms Sync   19 ms | Sent   864 kB Recv  1191 kB | ,
🔶 Pred  108 ms Sync   19 ms | Sent   864 kB Recv  1191 kB |  each
🔶 Pred  108 ms Sync   22 ms | Sent   864 kB Recv  1191 kB |  attribute
🔶 Pred  107 ms Sync   50 ms | Sent   864 kB Recv  1191 kB |  has
🔶 Pred  110 ms Sync   16 ms | Sent   864 kB Recv  1191 kB |  five
🔶 Pred  108 ms Sync   22 ms | Sent   864 kB Recv  1191 kB |  distinct
🔶 Pred  109 ms Sync   18 ms | Sent   864 kB Recv  1191 kB |  options
🔶 Pred  108 ms Sync   25 ms | Sent   864 kB Recv  1191 kB | .


🔶 Pred  122 ms Sync   37 ms | Sent   864 kB Recv  1191 kB | Therefore
🔶 Pred  128 ms Sync   99 ms | Sent   864 kB Recv  1191 kB | ,
🔶 Pred  107 ms Sync   37 ms | Sent   864 kB Recv  1191 kB |  each
🔶 Pred  185 ms Sync   37 ms | Sent   864 kB Recv  1191 kB |  attribute
🔶 Pred  108 ms Sync   18 ms | Sent   864 kB Recv  1191 kB |  is
🔶 Pred  108 ms Sync   16 ms | Sent   864 kB Recv  1191 kB |  assigned
🔶 Pred  108 ms Sync   18 ms | Sent   864 kB Recv  1191 kB |  exactly
🔶 Pred  107 ms Sync   30 ms | Sent   864 kB Recv  1191 kB |  once
🔶 Pred  108 ms Sync   39 ms | Sent   864 kB Recv  1191 kB |  to
🔶 Pred  108 ms Sync   18 ms | Sent   864 kB Recv  1191 kB |  each
🔶 Pred  108 ms Sync   25 ms | Sent   864 kB Recv  1191 kB |  owner
🔶 Pred  109 ms Sync   19 ms | Sent   864 kB Recv  1191 kB | .


🔶 Pred  108 ms Sync   19 ms | Sent   864 kB Recv  1191 kB | So
🔶 Pred  112 ms Sync   20 ms | Sent   864 kB Recv  1191 kB | ,
🔶 Pred  112 ms Sync   19 ms | Sent   864 kB Recv  1191 kB |  the
🔶 Pred  110 ms Sync   22 ms | Sent   864 kB Recv  1191 kB |  puzzle
🔶 Pred  108 ms Sync   25 ms | Sent   864 kB Recv  1191 kB |  is
🔶 Pred  109 ms Sync   22 ms | Sent   864 kB Recv  1191 kB |  to
🔶 Pred  108 ms Sync   22 ms | Sent   864 kB Recv  1191 kB |  assign
🔶 Pred  109 ms Sync   22 ms | Sent   864 kB Recv  1191 kB |  each
🔶 Pred  108 ms Sync   20 ms | Sent   864 kB Recv  1191 kB |  owner
🔶 Pred  132 ms Sync   26 ms | Sent   864 kB Recv  1191 kB |  to
🔶 Pred  138 ms Sync   78 ms | Sent   864 kB Recv  1191 kB |  a
🔶 Pred  108 ms Sync   20 ms | Sent   864 kB Recv  1191 kB |  house
🔶 Pred  134 ms Sync   43 ms | Sent   864 kB Recv  1191 kB | ,
🔶 Pred  108 ms Sync   21 ms | Sent   864 kB Recv  1191 kB |  such
🔶 Pred  108 ms Sync   17 ms | Sent   864 kB Recv  1191 kB |  that
🔶 Pred  108 ms Sync   22 ms | Sent   864 kB Recv  1191 kB |  all
🔶 Pred  108 ms Sync   44 ms | Sent   864 kB Recv  1191 kB |  attributes
🔶 Pred  109 ms Sync   19 ms | Sent   864 kB Recv  1191 kB |  are
🔶 Pred  109 ms Sync   19 ms | Sent   864 kB Recv  1191 kB |  unique
🔶 Pred  109 ms Sync   21 ms | Sent   864 kB Recv  1191 kB |  across
🔶 Pred  108 ms Sync   25 ms | Sent   864 kB Recv  1191 kB |  owners
🔶 Pred  108 ms Sync   23 ms | Sent   864 kB Recv  1191 kB | .


🔶 Pred  109 ms Sync   19 ms | Sent   864 kB Recv  1191 kB | Now
🔶 Pred  108 ms Sync   25 ms | Sent   864 kB Recv  1191 kB | ,
🔶 Pred  108 ms Sync   19 ms | Sent   864 kB Recv  1191 kB |  to
🔶 Pred  109 ms Sync   19 ms | Sent   864 kB Recv  1191 kB |  solve
🔶 Pred  111 ms Sync   47 ms | Sent   864 kB Recv  1191 kB |  this
🔶 Pred  183 ms Sync   26 ms | Sent   864 kB Recv  1191 kB | ,
🔶 Pred  109 ms Sync   21 ms | Sent   864 kB Recv  1191 kB |  we
🔶 Pred  108 ms Sync   18 ms | Sent   864 kB Recv  1191 kB |  can
🔶 Pred  166 ms Sync   84 ms | Sent   864 kB Recv  1191 kB |  use
🔶 Pred  108 ms Sync   30 ms | Sent   864 kB Recv  1191 kB |  the
🔶 Pred  143 ms Sync   40 ms | Sent   864 kB Recv  1191 kB |  process
🔶 Pred  108 ms Sync   35 ms | Sent   864 kB Recv  1191 kB |  of
🔶 Pred  109 ms Sync   19 ms | Sent   864 kB Recv  1191 kB |  elimination
🔶 Pred  108 ms Sync   20 ms | Sent   864 kB Recv  1191 kB | ,
🔶 Pred  109 ms Sync   18 ms | Sent   864 kB Recv  1191 kB |  similar
🔶 Pred  108 ms Sync   25 ms | Sent   864 kB Recv  1191 kB |  to
🔶 Pred  108 ms Sync   25 ms | Sent   864 kB Recv  1191 kB |  the
🔶 Pred  108 ms Sync   23 ms | Sent   864 kB Recv  1191 kB |  z
🔶 Pred  109 ms Sync   26 ms | Sent   864 kB Recv  1191 kB | ebra
🔶 Pred  110 ms Sync   20 ms | Sent   864 kB Recv  1191 kB |  puzzle
🔶 Pred  109 ms Sync   49 ms | Sent   864 kB Recv  1191 kB | .


🔶 Pred  110 ms Sync   23 ms | Sent   864 kB Recv  1191 kB | Let
🔶 Pred  110 ms Sync   19 ms | Sent   864 kB Recv  1191 kB |  me
🔶 Pred  109 ms Sync   22 ms | Sent   864 kB Recv  1191 kB |  try
🔶 Pred  109 ms Sync   18 ms | Sent   864 kB Recv  1191 kB |  to
🔶 Pred  110 ms Sync   36 ms | Sent   864 kB Recv  1191 kB |  outline
🔶 Pred  110 ms Sync   31 ms | Sent   864 kB Recv  1191 kB |  the
🔶 Pred  111 ms Sync   20 ms | Sent   864 kB Recv  1191 kB |  steps
🔶 Pred  108 ms Sync   27 ms | Sent   864 kB Recv  1191 kB | .


🔶 Pred  163 ms Sync   84 ms | Sent   864 kB Recv  1191 kB | Step
🔶 Pred  109 ms Sync   22 ms | Sent   864 kB Recv  1191 kB |  
🔶 Pred  131 ms Sync   52 ms | Sent   864 kB Recv  1191 kB | 1
🔶 Pred  110 ms Sync   16 ms | Sent   864 kB Recv  1191 kB | :
🔶 Pred  109 ms Sync   21 ms | Sent   864 kB Recv  1191 kB |  Assign
🔶 Pred  109 ms Sync   25 ms | Sent   864 kB Recv  1191 kB |  the
🔶 Pred  109 ms Sync   19 ms | Sent   864 kB Recv  1191 kB |  first
🔶 Pred  108 ms Sync   24 ms | Sent   864 kB Recv  1191 kB |  house
🔶 Pred  109 ms Sync   20 ms | Sent   864 kB Recv  1191 kB | .


🔶 Pred  109 ms Sync   21 ms | Sent   864 kB Recv  1191 kB | Sup
🔶 Pred  184 ms Sync   26 ms | Sent   864 kB Recv  1191 kB | pose
🔶 Pred  110 ms Sync   19 ms | Sent   864 kB Recv  1191 kB |  we
🔶 Pred  109 ms Sync   29 ms | Sent   864 kB Recv  1191 kB |  have
🔶 Pred  109 ms Sync   45 ms | Sent   864 kB Recv  1191 kB |  houses
🔶 Pred  109 ms Sync   18 ms | Sent   864 kB Recv  1191 kB |  colored
🔶 Pred  110 ms Sync   17 ms | Sent   864 kB Recv  1191 kB |  red
🔶 Pred  109 ms Sync   24 ms | Sent   864 kB Recv  1191 kB | ,
🔶 Pred  108 ms Sync   22 ms | Sent   864 kB Recv  1191 kB |  blue
🔶 Pred  109 ms Sync   18 ms | Sent   864 kB Recv  1191 kB | ,
🔶 Pred  109 ms Sync   19 ms | Sent   864 kB Recv  1191 kB |  green
🔶 Pred  109 ms Sync   21 ms | Sent   864 kB Recv  1191 kB | ,
🔶 Pred  176 ms Sync   70 ms | Sent   864 kB Recv  1191 kB |  yellow
🔶 Pred  109 ms Sync   20 ms | Sent   864 kB Recv  1191 kB | ,
🔶 Pred  128 ms Sync   46 ms | Sent   864 kB Recv  1191 kB |  purple
🔶 Pred  110 ms Sync   19 ms | Sent   864 kB Recv  1191 kB | .


🔶 Pred  109 ms Sync   23 ms | Sent   864 kB Recv  1191 kB | Cl
🔶 Pred  109 ms Sync   21 ms | Sent   864 kB Recv  1191 kB | ue
🔶 Pred  108 ms Sync   23 ms | Sent   864 kB Recv  1191 kB |  
🔶 Pred  109 ms Sync   23 ms | Sent   864 kB Recv  1191 kB | 1
🔶 Pred  109 ms Sync   50 ms | Sent   864 kB Recv  1191 kB | :
🔶 Pred  111 ms Sync   16 ms | Sent   864 kB Recv  1191 kB |  The
🔶 Pred  110 ms Sync   21 ms | Sent   864 kB Recv  1191 kB |  owner
🔶 Pred  111 ms Sync   19 ms | Sent   864 kB Recv  1191 kB |  of
🔶 Pred  109 ms Sync   23 ms | Sent   864 kB Recv  1191 kB |  the
🔶 Pred  110 ms Sync   22 ms | Sent   864 kB Recv  1191 kB |  red
🔶 Pred  110 ms Sync   23 ms | Sent   864 kB Recv  1191 kB |  house
🔶 Pred  110 ms Sync   45 ms | Sent   864 kB Recv  1191 kB |  is
🔶 Pred  111 ms Sync   18 ms | Sent   864 kB Recv  1191 kB |  American
🔶 Pred  109 ms Sync   39 ms | Sent   864 kB Recv  1191 kB | .


🔶 Pred  111 ms Sync   26 ms | Sent   864 kB Recv  1191 kB | So
🔶 Pred  110 ms Sync   19 ms | Sent   864 kB Recv  1191 kB | ,
🔶 Pred  127 ms Sync   20 ms | Sent   864 kB Recv  1191 kB |  we
🔶 Pred  154 ms Sync   56 ms | Sent   864 kB Recv  1191 kB |  know
🔶 Pred  109 ms Sync   21 ms | Sent   864 kB Recv  1191 kB |  that
🔶 Pred  187 ms Sync   53 ms | Sent   864 kB Recv  1191 kB |  the
🔶 Pred  149 ms Sync   23 ms | Sent   864 kB Recv  1191 kB |  red
🔶 Pred  110 ms Sync   17 ms | Sent   864 kB Recv  1191 kB |  house
🔶 Pred  121 ms Sync   28 ms | Sent   864 kB Recv  1191 kB |  is
🔶 Pred  109 ms Sync   20 ms | Sent   864 kB Recv  1191 kB |  owned
🔶 Pred  109 ms Sync   29 ms | Sent   864 kB Recv  1191 kB |  by
🔶 Pred  110 ms Sync   28 ms | Sent   864 kB Recv  1191 kB |  the
🔶 Pred  109 ms Sync   26 ms | Sent   864 kB Recv  1191 kB |  American
🔶 Pred  109 ms Sync   21 ms | Sent   864 kB Recv  1191 kB | ,
🔶 Pred  110 ms Sync   49 ms | Sent   864 kB Recv  1191 kB |  and
🔶 Pred  111 ms Sync   17 ms | Sent   864 kB Recv  1191 kB |  the
🔶 Pred  110 ms Sync   19 ms | Sent   864 kB Recv  1191 kB |  nationality
🔶 Pred  109 ms Sync   25 ms | Sent   864 kB Recv  1191 kB |  American
🔶 Pred  110 ms Sync   24 ms | Sent   864 kB Recv  1191 kB |  is
🔶 Pred  110 ms Sync   23 ms | Sent   864 kB Recv  1191 kB |  assigned
🔶 Pred  109 ms Sync   25 ms | Sent   864 kB Recv  1191 kB |  only
🔶 Pred  111 ms Sync   22 ms | Sent   864 kB Recv  1191 kB |  to
🔶 Pred  113 ms Sync   53 ms | Sent   864 kB Recv  1191 kB |  red
🔶 Pred  193 ms Sync   68 ms | Sent   864 kB Recv  1191 kB | .


🔶 Pred  109 ms Sync   23 ms | Sent   864 kB Recv  1191 kB | Step
🔶 Pred  111 ms Sync   82 ms | Sent   864 kB Recv  1191 kB |  
🔶 Pred  109 ms Sync   25 ms | Sent   864 kB Recv  1191 kB | 2
🔶 Pred  109 ms Sync   21 ms | Sent   864 kB Recv  1191 kB | :
🔶 Pred  109 ms Sync   19 ms | Sent   864 kB Recv  1191 kB |  Assign
🔶 Pred  110 ms Sync   19 ms | Sent   864 kB Recv  1191 kB |  another
🔶 Pred  110 ms Sync   23 ms | Sent   864 kB Recv  1191 kB |  attribute
🔶 Pred  110 ms Sync   21 ms | Sent   864 kB Recv  1191 kB | .


🔶 Pred  110 ms Sync   20 ms | Sent   864 kB Recv  1191 kB | Cl
🔶 Pred  109 ms Sync   50 ms | Sent   864 kB Recv  1191 kB | ue
🔶 Pred  110 ms Sync   19 ms | Sent   864 kB Recv  1191 kB |  
🔶 Pred  111 ms Sync   18 ms | Sent   864 kB Recv  1191 kB | 2
🔶 Pred  110 ms Sync   19 ms | Sent   864 kB Recv  1191 kB | :
🔶 Pred  110 ms Sync   36 ms | Sent   864 kB Recv  1191 kB |  The
🔶 Pred  110 ms Sync   32 ms | Sent   864 kB Recv  1191 kB |  owner
🔶 Pred  153 ms Sync   17 ms | Sent   864 kB Recv  1191 kB |  of
🔶 Pred  143 ms Sync   16 ms | Sent   864 kB Recv  1191 kB |  the
🔶 Pred  111 ms Sync   18 ms | Sent   864 kB Recv  1191 kB |  blue
🔶 Pred  109 ms Sync   21 ms | Sent   864 kB Recv  1191 kB |  house
🔶 Pred  181 ms Sync   81 ms | Sent   864 kB Recv  1191 kB |  drinks
🔶 Pred  112 ms Sync   18 ms | Sent   864 kB Recv  1191 kB |  tea
🔶 Pred  123 ms Sync   57 ms | Sent   864 kB Recv  1191 kB | .


🔶 Pred  112 ms Sync   20 ms | Sent   864 kB Recv  1191 kB | So
🔶 Pred  111 ms Sync   21 ms | Sent   864 kB Recv  1191 kB | ,
🔶 Pred  110 ms Sync   18 ms | Sent   864 kB Recv  1191 kB |  blue
🔶 Pred  109 ms Sync   52 ms | Sent   864 kB Recv  1191 kB | 's
🔶 Pred  110 ms Sync   18 ms | Sent   864 kB Recv  1191 kB |  drink
🔶 Pred  110 ms Sync   23 ms | Sent   864 kB Recv  1191 kB |  is
🔶 Pred  111 ms Sync   18 ms | Sent   864 kB Recv  1191 kB |  tea
🔶 Pred  112 ms Sync   19 ms | Sent   864 kB Recv  1191 kB | .


🔶 Pred  112 ms Sync   19 ms | Sent   864 kB Recv  1191 kB | Step
🔶 Pred  112 ms Sync   18 ms | Sent   864 kB Recv  1191 kB |  
🔶 Pred  113 ms Sync   19 ms | Sent   864 kB Recv  1191 kB | 3
🔶 Pred  110 ms Sync   19 ms | Sent   864 kB Recv  1191 kB | :
🔶 Pred  110 ms Sync   20 ms | Sent   864 kB Recv  1191 kB |  Assign
🔶 Pred  110 ms Sync   21 ms | Sent   864 kB Recv  1191 kB |  another
🔶 Pred  111 ms Sync   20 ms | Sent   864 kB Recv  1191 kB |  attribute
🔶 Pred  111 ms Sync   18 ms | Sent   864 kB Recv  1191 kB | .


🔶 Pred  113 ms Sync   18 ms | Sent   864 kB Recv  1191 kB | Cl
🔶 Pred  110 ms Sync   43 ms | Sent   864 kB Recv  1191 kB | ue
🔶 Pred  176 ms Sync   50 ms | Sent   864 kB Recv  1191 kB |  
🔶 Pred  111 ms Sync   38 ms | Sent   864 kB Recv  1191 kB | 3
🔶 Pred  129 ms Sync   61 ms | Sent   864 kB Recv  1191 kB | :
🔶 Pred  111 ms Sync   47 ms | Sent   864 kB Recv  1191 kB |  The
🔶 Pred  111 ms Sync   17 ms | Sent   864 kB Recv  1191 kB |  owner
🔶 Pred  110 ms Sync   21 ms | Sent   864 kB Recv  1191 kB |  of
🔶 Pred  111 ms Sync   18 ms | Sent   864 kB Recv  1191 kB |  the
🔶 Pred  110 ms Sync   24 ms | Sent   864 kB Recv  1191 kB |  green
🔶 Pred  110 ms Sync   21 ms | Sent   864 kB Recv  1191 kB |  house
🔶 Pred  140 ms Sync   18 ms | Sent   864 kB Recv  1191 kB |  sm
🔶 Pred  158 ms Sync   20 ms | Sent   864 kB Recv  1191 kB | okes
🔶 Pred  125 ms Sync   22 ms | Sent   864 kB Recv  1191 kB |  cigarettes
🔶 Pred  111 ms Sync   48 ms | Sent   864 kB Recv  1191 kB | .


🔶 Pred  112 ms Sync   18 ms | Sent   864 kB Recv  1191 kB | So
🔶 Pred  110 ms Sync   19 ms | Sent   864 kB Recv  1191 kB | ,
🔶 Pred  110 ms Sync   24 ms | Sent   864 kB Recv  1191 kB |  green
🔶 Pred  110 ms Sync   49 ms | Sent   864 kB Recv  1191 kB | 's
🔶 Pred  111 ms Sync   21 ms | Sent   864 kB Recv  1191 kB |  smoke
🔶 Pred  113 ms Sync   20 ms | Sent   864 kB Recv  1191 kB |  is
🔶 Pred  111 ms Sync   19 ms | Sent   864 kB Recv  1191 kB |  cigarettes
🔶 Pred  180 ms Sync   73 ms | Sent   864 kB Recv  1191 kB | .


🔶 Pred  111 ms Sync   18 ms | Sent   864 kB Recv  1191 kB | Step
🔶 Pred  127 ms Sync   44 ms | Sent   864 kB Recv  1191 kB |  
🔶 Pred  111 ms Sync   18 ms | Sent   864 kB Recv  1191 kB | 4
🔶 Pred  110 ms Sync   20 ms | Sent   864 kB Recv  1191 kB | :
🔶 Pred  111 ms Sync   21 ms | Sent   864 kB Recv  1191 kB |  Assign
🔶 Pred  110 ms Sync   21 ms | Sent   864 kB Recv  1191 kB |  another
🔶 Pred  110 ms Sync   24 ms | Sent   864 kB Recv  1191 kB |  attribute
🔶 Pred  111 ms Sync   24 ms | Sent   864 kB Recv  1191 kB | .


🔶 Pred  110 ms Sync   23 ms | Sent   864 kB Recv  1191 kB | Cl
🔶 Pred  110 ms Sync   21 ms | Sent   864 kB Recv  1191 kB | ue
🔶 Pred  110 ms Sync   25 ms | Sent   864 kB Recv  1191 kB |  
🔶 Pred  110 ms Sync   20 ms | Sent   864 kB Recv  1191 kB | 4
🔶 Pred  110 ms Sync   25 ms | Sent   864 kB Recv  1191 kB | :
🔶 Pred  112 ms Sync   50 ms | Sent   864 kB Recv  1191 kB |  The
🔶 Pred  112 ms Sync   16 ms | Sent   864 kB Recv  1191 kB |  owner
🔶 Pred  111 ms Sync   21 ms | Sent   864 kB Recv  1191 kB |  of
🔶 Pred  112 ms Sync   25 ms | Sent   864 kB Recv  1191 kB |  the
🔶 Pred  112 ms Sync   21 ms | Sent   864 kB Recv  1191 kB |  yellow
🔶 Pred  112 ms Sync   22 ms | Sent   864 kB Recv  1191 kB |  house
🔶 Pred  111 ms Sync   19 ms | Sent   864 kB Recv  1191 kB |  is
🔶 Pred  174 ms Sync   72 ms | Sent   864 kB Recv  1191 kB |  French
🔶 Pred  111 ms Sync   18 ms | Sent   864 kB Recv  1191 kB | .


🔶 Pred  151 ms Sync   62 ms | Sent   864 kB Recv  1191 kB | So
🔶 Pred  143 ms Sync   19 ms | Sent   864 kB Recv  1191 kB | ,
🔶 Pred  112 ms Sync   17 ms | Sent   864 kB Recv  1191 kB |  yellow
🔶 Pred  110 ms Sync   20 ms | Sent   864 kB Recv  1191 kB | 's
🔶 Pred  111 ms Sync   20 ms | Sent   864 kB Recv  1191 kB |  nationality
🔶 Pred  111 ms Sync   20 ms | Sent   864 kB Recv  1191 kB |  is
🔶 Pred  110 ms Sync   23 ms | Sent   864 kB Recv  1191 kB |  French
🔶 Pred  111 ms Sync   23 ms | Sent   864 kB Recv  1191 kB | .


🔶 Pred  111 ms Sync   20 ms | Sent   864 kB Recv  1191 kB | Step
🔶 Pred  111 ms Sync   25 ms | Sent   864 kB Recv  1191 kB |  
🔶 Pred  111 ms Sync   22 ms | Sent   864 kB Recv  1191 kB | 5
🔶 Pred  112 ms Sync   51 ms | Sent   864 kB Recv  1191 kB | :
🔶 Pred  111 ms Sync   18 ms | Sent   864 kB Recv  1191 kB |  Assign
🔶 Pred  110 ms Sync   24 ms | Sent   864 kB Recv  1191 kB |  another
🔶 Pred  112 ms Sync   22 ms | Sent   864 kB Recv  1191 kB |  attribute
🔶 Pred  111 ms Sync   22 ms | Sent   864 kB Recv  1191 kB | .


🔶 Pred  111 ms Sync   24 ms | Sent   864 kB Recv  1191 kB | Cl
🔶 Pred  111 ms Sync   48 ms | Sent   864 kB Recv  1191 kB | ue
🔶 Pred  138 ms Sync   43 ms | Sent   864 kB Recv  1191 kB |  
🔶 Pred  130 ms Sync   63 ms | Sent   864 kB Recv  1191 kB | 5
🔶 Pred  125 ms Sync   52 ms | Sent   864 kB Recv  1191 kB | :
🔶 Pred  111 ms Sync   23 ms | Sent   864 kB Recv  1191 kB |  The
🔶 Pred  111 ms Sync   20 ms | Sent   864 kB Recv  1191 kB |  owner
🔶 Pred  111 ms Sync   19 ms | Sent   864 kB Recv  1191 kB |  of
🔶 Pred  111 ms Sync   20 ms | Sent   864 kB Recv  1191 kB |  the
🔶 Pred  110 ms Sync   21 ms | Sent   864 kB Recv  1191 kB |  purple
🔶 Pred  112 ms Sync   28 ms | Sent   864 kB Recv  1191 kB |  house
🔶 Pred  112 ms Sync   41 ms | Sent   864 kB Recv  1191 kB |  has
🔶 Pred  112 ms Sync   22 ms | Sent   864 kB Recv  1191 kB |  a
🔶 Pred  112 ms Sync   19 ms | Sent   864 kB Recv  1191 kB |  dog
🔶 Pred  111 ms Sync   21 ms | Sent   864 kB Recv  1191 kB | .


🔶 Pred  111 ms Sync   25 ms | Sent   864 kB Recv  1191 kB | So
🔶 Pred  112 ms Sync   37 ms | Sent   864 kB Recv  1191 kB | ,
🔶 Pred  111 ms Sync   31 ms | Sent   864 kB Recv  1191 kB |  purple
🔶 Pred  123 ms Sync   28 ms | Sent   864 kB Recv  1191 kB | 's
🔶 Pred  184 ms Sync   27 ms | Sent   864 kB Recv  1191 kB |  pet
🔶 Pred  113 ms Sync   18 ms | Sent   864 kB Recv  1191 kB |  is
🔶 Pred  111 ms Sync   20 ms | Sent   864 kB Recv  1191 kB |  dog
🔶 Pred  145 ms Sync   57 ms | Sent   864 kB Recv  1191 kB | .


🔶 Pred  137 ms Sync   34 ms | Sent   864 kB Recv  1191 kB | Now
🔶 Pred  120 ms Sync   55 ms | Sent   864 kB Recv  1191 kB | ,
🔶 Pred  111 ms Sync   38 ms | Sent   864 kB Recv  1191 kB |  we
🔶 Pred  112 ms Sync   20 ms | Sent   864 kB Recv  1191 kB |  have
🔶 Pred  111 ms Sync   26 ms | Sent   864 kB Recv  1191 kB |  five
🔶 Pred  111 ms Sync   20 ms | Sent   864 kB Recv  1191 kB |  clues
🔶 Pred  111 ms Sync   21 ms | Sent   864 kB Recv  1191 kB | ,
🔶 Pred  112 ms Sync   20 ms | Sent   864 kB Recv  1191 kB |  each
🔶 Pred  113 ms Sync   25 ms | Sent   864 kB Recv  1191 kB |  assigning
🔶 Pred  115 ms Sync   19 ms | Sent   864 kB Recv  1191 kB |  one
🔶 Pred  112 ms Sync   24 ms | Sent   864 kB Recv  1191 kB |  attribute
🔶 Pred  113 ms Sync   43 ms | Sent   864 kB Recv  1191 kB |  to
🔶 Pred  111 ms Sync   30 ms | Sent   864 kB Recv  1191 kB |  a
🔶 Pred  113 ms Sync   19 ms | Sent   864 kB Recv  1191 kB |  house
🔶 Pred  111 ms Sync   23 ms | Sent   864 kB Recv  1191 kB | .


🔶 Pred  111 ms Sync   21 ms | Sent   864 kB Recv  1191 kB | Now
🔶 Pred  111 ms Sync   20 ms | Sent   864 kB Recv  1191 kB | ,
🔶 Pred  111 ms Sync   25 ms | Sent   864 kB Recv  1191 kB |  we
🔶 Pred  112 ms Sync   23 ms | Sent   864 kB Recv  1191 kB |  need
🔶 Pred  111 ms Sync   23 ms | Sent   864 kB Recv  1191 kB |  to
🔶 Pred  163 ms Sync   72 ms | Sent   864 kB Recv  1191 kB |  ded
🔶 Pred  162 ms Sync   25 ms | Sent   864 kB Recv  1191 kB | uce
🔶 Pred  129 ms Sync   58 ms | Sent   864 kB Recv  1191 kB |  the
🔶 Pred  111 ms Sync   21 ms | Sent   864 kB Recv  1191 kB |  remaining
🔶 Pred  112 ms Sync   19 ms | Sent   864 kB Recv  1191 kB |  attributes
🔶 Pred  111 ms Sync   23 ms | Sent   864 kB Recv  1191 kB |  for
🔶 Pred  111 ms Sync   19 ms | Sent   864 kB Recv  1191 kB |  each
🔶 Pred  112 ms Sync   23 ms | Sent   864 kB Recv  1191 kB |  owner
🔶 Pred  111 ms Sync   27 ms | Sent   864 kB Recv  1191 kB | .


🔶 Pred  145 ms Sync   23 ms | Sent   864 kB Recv  1191 kB | Let
🔶 Pred  158 ms Sync   43 ms | Sent   864 kB Recv  1191 kB | 's
🔶 Pred  114 ms Sync   15 ms | Sent   864 kB Recv  1191 kB |  list
🔶 Pred  112 ms Sync   24 ms | Sent   864 kB Recv  1191 kB |  the
🔶 Pred  112 ms Sync   19 ms | Sent   864 kB Recv  1191 kB |  houses
🔶 Pred  112 ms Sync   20 ms | Sent   864 kB Recv  1191 kB |  and
🔶 Pred  112 ms Sync   17 ms | Sent   864 kB Recv  1191 kB |  their
🔶 Pred  112 ms Sync   22 ms | Sent   864 kB Recv  1191 kB |  known
🔶 Pred  112 ms Sync   19 ms | Sent   864 kB Recv  1191 kB |  attributes
🔶 Pred  112 ms Sync   52 ms | Sent   864 kB Recv  1191 kB | :


🔶 Pred  113 ms Sync   17 ms | Sent   864 kB Recv  1191 kB | 1
🔶 Pred  176 ms Sync   63 ms | Sent   864 kB Recv  1191 kB | .
🔶 Pred  111 ms Sync   18 ms | Sent   864 kB Recv  1191 kB |  Red
🔶 Pred  134 ms Sync   41 ms | Sent   864 kB Recv  1191 kB | :
🔶 Pred  112 ms Sync   22 ms | Sent   864 kB Recv  1191 kB |  National
🔶 Pred  113 ms Sync   19 ms | Sent   864 kB Recv  1191 kB | ity
🔶 Pred  111 ms Sync   23 ms | Sent   864 kB Recv  1191 kB | =
🔶 Pred  111 ms Sync   51 ms | Sent   864 kB Recv  1191 kB | American
🔶 Pred  112 ms Sync   23 ms | Sent   864 kB Recv  1191 kB | 

🔶 Pred  111 ms Sync   52 ms | Sent   864 kB Recv  1191 kB | 2
🔶 Pred  112 ms Sync   21 ms | Sent   864 kB Recv  1191 kB | .
🔶 Pred  112 ms Sync   20 ms | Sent   864 kB Recv  1191 kB |  Blue
🔶 Pred  112 ms Sync   20 ms | Sent   864 kB Recv  1191 kB | :
🔶 Pred  112 ms Sync   22 ms | Sent   864 kB Recv  1191 kB |  Drink
🔶 Pred  113 ms Sync   23 ms | Sent   864 kB Recv  1191 kB | =
🔶 Pred  112 ms Sync   24 ms | Sent   864 kB Recv  1191 kB | tea
🔶 Pred  111 ms Sync   22 ms | Sent   864 kB Recv  1191 kB | 

🔶 Pred  112 ms Sync   21 ms | Sent   864 kB Recv  1191 kB | 3
🔶 Pred  111 ms Sync   22 ms | Sent   864 kB Recv  1191 kB | .
🔶 Pred  113 ms Sync   25 ms | Sent   864 kB Recv  1191 kB |  Green
🔶 Pred  112 ms Sync   23 ms | Sent   864 kB Recv  1191 kB | :
🔶 Pred  148 ms Sync   58 ms | Sent   864 kB Recv  1191 kB |  Smoke
🔶 Pred  154 ms Sync   37 ms | Sent   864 kB Recv  1191 kB | =c
🔶 Pred  114 ms Sync   19 ms | Sent   864 kB Recv  1191 kB | igaret
🔶 Pred  179 ms Sync   53 ms | Sent   864 kB Recv  1191 kB | tes
🔶 Pred  113 ms Sync   25 ms | Sent   864 kB Recv  1191 kB | 

🔶 Pred  111 ms Sync   21 ms | Sent   864 kB Recv  1191 kB | 4
🔶 Pred  113 ms Sync   48 ms | Sent   864 kB Recv  1191 kB | .
🔶 Pred  113 ms Sync   17 ms | Sent   864 kB Recv  1191 kB |  Yellow
🔶 Pred  112 ms Sync   18 ms | Sent   864 kB Recv  1191 kB | :
🔶 Pred  113 ms Sync   24 ms | Sent   864 kB Recv  1191 kB |  National
🔶 Pred  111 ms Sync   26 ms | Sent   864 kB Recv  1191 kB | ity
🔶 Pred  112 ms Sync   21 ms | Sent   864 kB Recv  1191 kB | =
🔶 Pred  113 ms Sync   20 ms | Sent   864 kB Recv  1191 kB | French
🔶 Pred  112 ms Sync   22 ms | Sent   864 kB Recv  1191 kB | 

🔶 Pred  112 ms Sync   21 ms | Sent   864 kB Recv  1191 kB | 5
🔶 Pred  112 ms Sync   21 ms | Sent   864 kB Recv  1191 kB | .
🔶 Pred  113 ms Sync   22 ms | Sent   864 kB Recv  1191 kB |  Purple
🔶 Pred  111 ms Sync   28 ms | Sent   864 kB Recv  1191 kB | :
🔶 Pred  114 ms Sync   41 ms | Sent   864 kB Recv  1191 kB |  Pet
🔶 Pred  112 ms Sync   19 ms | Sent   864 kB Recv  1191 kB | =
🔶 Pred  112 ms Sync   22 ms | Sent   864 kB Recv  1191 kB | dog
🔶 Pred  190 ms Sync   78 ms | Sent   864 kB Recv  1191 kB | 


🔶 Pred  112 ms Sync   21 ms | Sent   864 kB Recv  1191 kB | Now
🔶 Pred  122 ms Sync   51 ms | Sent   864 kB Recv  1191 kB | ,
🔶 Pred  115 ms Sync   48 ms | Sent   864 kB Recv  1191 kB |  we
🔶 Pred  114 ms Sync   17 ms | Sent   864 kB Recv  1191 kB |  need
🔶 Pred  113 ms Sync   18 ms | Sent   864 kB Recv  1191 kB |  to
🔶 Pred  112 ms Sync   22 ms | Sent   864 kB Recv  1191 kB |  assign
🔶 Pred  112 ms Sync   25 ms | Sent   864 kB Recv  1191 kB |  the
🔶 Pred  113 ms Sync   21 ms | Sent   864 kB Recv  1191 kB |  remaining
🔶 Pred  114 ms Sync   17 ms | Sent   864 kB Recv  1191 kB |  attributes
🔶 Pred  113 ms Sync   24 ms | Sent   864 kB Recv  1191 kB | :
🔶 Pred  112 ms Sync   24 ms | Sent   864 kB Recv  1191 kB |  drink
🔶 Pred  113 ms Sync   23 ms | Sent   864 kB Recv  1191 kB | ,
🔶 Pred  112 ms Sync   22 ms | Sent   864 kB Recv  1191 kB |  smoke
🔶 Pred  112 ms Sync   22 ms | Sent   864 kB Recv  1191 kB | ,
🔶 Pred  112 ms Sync   21 ms | Sent   864 kB Recv  1191 kB |  pet
🔶 Pred  148 ms Sync   23 ms | Sent   864 kB Recv  1191 kB | ,
🔶 Pred  145 ms Sync   19 ms | Sent   864 kB Recv  1191 kB |  nationality
🔶 Pred  113 ms Sync   22 ms | Sent   864 kB Recv  1191 kB |  for
🔶 Pred  113 ms Sync   23 ms | Sent   864 kB Recv  1191 kB |  each
🔶 Pred  172 ms Sync   91 ms | Sent   864 kB Recv  1191 kB |  owner
🔶 Pred  112 ms Sync   24 ms | Sent   864 kB Recv  1191 kB | ,
🔶 Pred  135 ms Sync   44 ms | Sent   864 kB Recv  1191 kB |  ensuring
🔶 Pred  113 ms Sync   20 ms | Sent   864 kB Recv  1191 kB |  all
🔶 Pred  113 ms Sync   52 ms | Sent   864 kB Recv  1191 kB |  are
🔶 Pred  113 ms Sync   16 ms | Sent   864 kB Recv  1191 kB |  unique
🔶 Pred  112 ms Sync   20 ms | Sent   864 kB Recv  1191 kB | .


🔶 Pred  112 ms Sync   23 ms | Sent   864 kB Recv  1191 kB | Wait
🔶 Pred  113 ms Sync   28 ms | Sent   864 kB Recv  1191 kB | ,
🔶 Pred  113 ms Sync   41 ms | Sent   864 kB Recv  1191 kB |  no
🔶 Pred  113 ms Sync   17 ms | Sent   864 kB Recv  1191 kB | .
🔶 Pred  113 ms Sync   21 ms | Sent   864 kB Recv  1191 kB |  Each
🔶 Pred  113 ms Sync   23 ms | Sent   864 kB Recv  1191 kB |  owner
🔶 Pred  114 ms Sync   24 ms | Sent   864 kB Recv  1191 kB |  has
🔶 Pred  113 ms Sync   21 ms | Sent   864 kB Recv  1191 kB |  all
🔶 Pred  113 ms Sync   24 ms | Sent   864 kB Recv  1191 kB |  four
🔶 Pred  115 ms Sync   23 ms | Sent   864 kB Recv  1191 kB |  attributes
🔶 Pred  115 ms Sync   23 ms | Sent   864 kB Recv  1191 kB | :
🔶 Pred  114 ms Sync   21 ms | Sent   864 kB Recv  1191 kB |  nationality
🔶 Pred  114 ms Sync   31 ms | Sent   864 kB Recv  1191 kB | ,
🔶 Pred  190 ms Sync   64 ms | Sent   864 kB Recv  1191 kB |  drink
🔶 Pred  112 ms Sync   22 ms | Sent   864 kB Recv  1191 kB | ,
🔶 Pred  131 ms Sync   46 ms | Sent   864 kB Recv  1191 kB |  smoke
🔶 Pred  114 ms Sync   17 ms | Sent   864 kB Recv  1191 kB | ,
🔶 Pred  112 ms Sync   43 ms | Sent   864 kB Recv  1191 kB |  pet
🔶 Pred  113 ms Sync   24 ms | Sent   864 kB Recv  1191 kB | .


🔶 Pred  112 ms Sync   26 ms | Sent   864 kB Recv  1191 kB | We
🔶 Pred  115 ms Sync   36 ms | Sent   864 kB Recv  1191 kB |  have
🔶 Pred  113 ms Sync   21 ms | Sent   864 kB Recv  1191 kB |  five
🔶 Pred  171 ms Sync   15 ms | Sent   864 kB Recv  1191 kB |  houses
🔶 Pred  138 ms Sync   32 ms | Sent   864 kB Recv  1191 kB | ,
🔶 Pred  113 ms Sync   25 ms | Sent   864 kB Recv  1191 kB |  each
🔶 Pred  113 ms Sync   23 ms | Sent   864 kB Recv  1191 kB |  with
🔶 Pred  113 ms Sync   22 ms | Sent   864 kB Recv  1191 kB |  an
🔶 Pred  113 ms Sync   21 ms | Sent   864 kB Recv  1191 kB |  owner
🔶 Pred  112 ms Sync   54 ms | Sent   864 kB Recv  1191 kB | ,
🔶 Pred  112 ms Sync   26 ms | Sent   864 kB Recv  1191 kB |  each
🔶 Pred  113 ms Sync   23 ms | Sent   864 kB Recv  1191 kB |  with
🔶 Pred  113 ms Sync   19 ms | Sent   864 kB Recv  1191 kB |  four
🔶 Pred  113 ms Sync   21 ms | Sent   864 kB Recv  1191 kB |  attributes
🔶 Pred  180 ms Sync   85 ms | Sent   864 kB Recv  1191 kB | ,
🔶 Pred  114 ms Sync   19 ms | Sent   864 kB Recv  1191 kB |  all
🔶 Pred  126 ms Sync   49 ms | Sent   864 kB Recv  1191 kB |  unique
🔶 Pred  113 ms Sync   21 ms | Sent   864 kB Recv  1191 kB |  across
🔶 Pred  113 ms Sync   20 ms | Sent   864 kB Recv  1191 kB |  owners
🔶 Pred  113 ms Sync   20 ms | Sent   864 kB Recv  1191 kB | .


🔶 Pred  113 ms Sync   24 ms | Sent   864 kB Recv  1191 kB | So
🔶 Pred  114 ms Sync   21 ms | Sent   864 kB Recv  1191 kB | ,
🔶 Pred  113 ms Sync   21 ms | Sent   864 kB Recv  1191 kB |  for
🔶 Pred  115 ms Sync   23 ms | Sent   864 kB Recv  1191 kB |  each
🔶 Pred  113 ms Sync   32 ms | Sent   864 kB Recv  1191 kB |  owner
🔶 Pred  114 ms Sync   36 ms | Sent   864 kB Recv  1191 kB | ,
🔶 Pred  114 ms Sync   24 ms | Sent   864 kB Recv  1191 kB |  we
🔶 Pred  112 ms Sync   22 ms | Sent   864 kB Recv  1191 kB |  need
🔶 Pred  113 ms Sync   21 ms | Sent   864 kB Recv  1191 kB |  to
🔶 Pred  113 ms Sync   26 ms | Sent   864 kB Recv  1191 kB |  assign
🔶 Pred  114 ms Sync   24 ms | Sent   864 kB Recv  1191 kB |  all
🔶 Pred  113 ms Sync   24 ms | Sent   864 kB Recv  1191 kB |  four
🔶 Pred  115 ms Sync   25 ms | Sent   864 kB Recv  1191 kB |  attributes
🔶 Pred  113 ms Sync   24 ms | Sent   864 kB Recv  1191 kB | ,
🔶 Pred  178 ms Sync   76 ms | Sent   864 kB Recv  1191 kB |  making
🔶 Pred  113 ms Sync   24 ms | Sent   864 kB Recv  1191 kB |  sure
🔶 Pred  167 ms Sync   54 ms | Sent   864 kB Recv  1191 kB |  that
🔶 Pred  139 ms Sync   30 ms | Sent   864 kB Recv  1191 kB |  no
🔶 Pred  113 ms Sync   26 ms | Sent   864 kB Recv  1191 kB |  two
🔶 Pred  114 ms Sync   22 ms | Sent   864 kB Recv  1191 kB |  owners
🔶 Pred  113 ms Sync   26 ms | Sent   864 kB Recv  1191 kB |  share
🔶 Pred  114 ms Sync   21 ms | Sent   864 kB Recv  1191 kB |  the
🔶 Pred  114 ms Sync   51 ms | Sent   864 kB Recv  1191 kB |  same
🔶 Pred  113 ms Sync   21 ms | Sent   864 kB Recv  1191 kB |  nationality
🔶 Pred  115 ms Sync   25 ms | Sent   864 kB Recv  1191 kB | ,
🔶 Pred  114 ms Sync   26 ms | Sent   864 kB Recv  1191 kB |  drink
🔶 Pred  115 ms Sync   27 ms | Sent   864 kB Recv  1191 kB | ,
🔶 Pred  113 ms Sync   21 ms | Sent   864 kB Recv  1191 kB |  smoke
🔶 Pred  113 ms Sync   21 ms | Sent   864 kB Recv  1191 kB | ,
🔶 Pred  113 ms Sync   46 ms | Sent   864 kB Recv  1191 kB |  or
🔶 Pred  113 ms Sync   25 ms | Sent   864 kB Recv  1191 kB |  pet
🔶 Pred  115 ms Sync   23 ms | Sent   864 kB Recv  1191 kB | .


🔶 Pred  114 ms Sync   19 ms | Sent   864 kB Recv  1191 kB | Given
🔶 Pred  113 ms Sync   21 ms | Sent   864 kB Recv  1191 kB |  that
🔶 Pred  177 ms Sync   92 ms | Sent   864 kB Recv  1191 kB | ,
🔶 Pred  113 ms Sync   26 ms | Sent   864 kB Recv  1191 kB |  let
🔶 Pred  123 ms Sync   68 ms | Sent   864 kB Recv  1191 kB | 's
🔶 Pred  113 ms Sync   20 ms | Sent   864 kB Recv  1191 kB |  see
🔶 Pred  113 ms Sync   24 ms | Sent   864 kB Recv  1191 kB |  what
🔶 Pred  113 ms Sync   23 ms | Sent   864 kB Recv  1191 kB |  we
🔶 Pred  113 ms Sync   23 ms | Sent   864 kB Recv  1191 kB |  can
🔶 Pred  113 ms Sync   19 ms | Sent   864 kB Recv  1191 kB |  ded
🔶 Pred  113 ms Sync   23 ms | Sent   864 kB Recv  1191 kB | uce
🔶 Pred  113 ms Sync   23 ms | Sent   864 kB Recv  1191 kB | .


🔶 Pred  113 ms Sync   26 ms | Sent   864 kB Recv  1191 kB | First
🔶 Pred  128 ms Sync   21 ms | Sent   864 kB Recv  1191 kB | ,
🔶 Pred  114 ms Sync   28 ms | Sent   864 kB Recv  1191 kB |  let
🔶 Pred  115 ms Sync   20 ms | Sent   864 kB Recv  1191 kB | 's
🔶 Pred  112 ms Sync   27 ms | Sent   864 kB Recv  1191 kB |  list
🔶 Pred  114 ms Sync   50 ms | Sent   864 kB Recv  1191 kB |  the
🔶 Pred  211 ms Sync   30 ms | Sent   864 kB Recv  1191 kB |  known
🔶 Pred  114 ms Sync   20 ms | Sent   864 kB Recv  1191 kB |  attributes
🔶 Pred  113 ms Sync   23 ms | Sent   864 kB Recv  1191 kB | :


🔶 Pred  177 ms Sync   93 ms | Sent   864 kB Recv  1191 kB | -
🔶 Pred  114 ms Sync   20 ms | Sent   864 kB Recv  1191 kB |  House
🔶 Pred  117 ms Sync   64 ms | Sent   864 kB Recv  1191 kB |  
🔶 Pred  114 ms Sync   21 ms | Sent   864 kB Recv  1191 kB | 1
🔶 Pred  113 ms Sync   50 ms | Sent   864 kB Recv  1191 kB |  (
🔶 Pred  113 ms Sync   18 ms | Sent   864 kB Recv  1191 kB | Red
🔶 Pred  113 ms Sync   20 ms | Sent   864 kB Recv  1191 kB | ):
🔶 Pred  113 ms Sync   24 ms | Sent   864 kB Recv  1191 kB |  National
🔶 Pred  113 ms Sync   25 ms | Sent   864 kB Recv  1191 kB | ity
🔶 Pred  113 ms Sync   23 ms | Sent   864 kB Recv  1191 kB | =
🔶 Pred  113 ms Sync   22 ms | Sent   864 kB Recv  1191 kB | American
🔶 Pred  114 ms Sync   42 ms | Sent   864 kB Recv  1191 kB | 

🔶 Pred  114 ms Sync   28 ms | Sent   864 kB Recv  1191 kB | -
🔶 Pred  113 ms Sync   21 ms | Sent   864 kB Recv  1191 kB |  House
🔶 Pred  114 ms Sync   20 ms | Sent   864 kB Recv  1191 kB |  
🔶 Pred  113 ms Sync   26 ms | Sent   864 kB Recv  1191 kB | 2
🔶 Pred  114 ms Sync   25 ms | Sent   864 kB Recv  1191 kB |  (
🔶 Pred  115 ms Sync   45 ms | Sent   864 kB Recv  1191 kB | Blue
🔶 Pred  117 ms Sync   24 ms | Sent   864 kB Recv  1191 kB | ):
🔶 Pred  119 ms Sync   19 ms | Sent   864 kB Recv  1191 kB |  Drink
🔶 Pred  177 ms Sync   80 ms | Sent   864 kB Recv  1191 kB | =
🔶 Pred  114 ms Sync   22 ms | Sent   864 kB Recv  1191 kB | tea
🔶 Pred  141 ms Sync   49 ms | Sent   864 kB Recv  1191 kB | 

🔶 Pred  113 ms Sync   23 ms | Sent   864 kB Recv  1191 kB | -
🔶 Pred  116 ms Sync   32 ms | Sent   864 kB Recv  1191 kB |  House
🔶 Pred  115 ms Sync   42 ms | Sent   864 kB Recv  1191 kB |  
🔶 Pred  116 ms Sync   23 ms | Sent   864 kB Recv  1191 kB | 3
🔶 Pred  114 ms Sync   21 ms | Sent   864 kB Recv  1191 kB |  (
🔶 Pred  115 ms Sync   54 ms | Sent   864 kB Recv  1191 kB | Green
🔶 Pred  225 ms Sync   25 ms | Sent   864 kB Recv  1191 kB | ):
🔶 Pred  115 ms Sync   16 ms | Sent   864 kB Recv  1191 kB |  Smoke
🔶 Pred  115 ms Sync   21 ms | Sent   864 kB Recv  1191 kB | =c
🔶 Pred  116 ms Sync   22 ms | Sent   864 kB Recv  1191 kB | igaret
🔶 Pred  115 ms Sync   22 ms | Sent   864 kB Recv  1191 kB | tes
🔶 Pred  115 ms Sync   22 ms | Sent   864 kB Recv  1191 kB | 

🔶 Pred  116 ms Sync   20 ms | Sent   864 kB Recv  1191 kB | -
🔶 Pred  114 ms Sync   23 ms | Sent   864 kB Recv  1191 kB |  House
🔶 Pred  115 ms Sync   22 ms | Sent   864 kB Recv  1191 kB |  
🔶 Pred  114 ms Sync   25 ms | Sent   864 kB Recv  1191 kB | 4
🔶 Pred  172 ms Sync   98 ms | Sent   864 kB Recv  1191 kB |  (
🔶 Pred  115 ms Sync   21 ms | Sent   864 kB Recv  1191 kB | Yellow
🔶 Pred  124 ms Sync   58 ms | Sent   864 kB Recv  1191 kB | ):
🔶 Pred  115 ms Sync   18 ms | Sent   864 kB Recv  1191 kB |  National
🔶 Pred  115 ms Sync   21 ms | Sent   864 kB Recv  1191 kB | ity
🔶 Pred  114 ms Sync   24 ms | Sent   864 kB Recv  1191 kB | =
🔶 Pred  114 ms Sync   25 ms | Sent   864 kB Recv  1191 kB | French
🔶 Pred  114 ms Sync   21 ms | Sent   864 kB Recv  1191 kB | 

🔶 Pred  114 ms Sync   23 ms | Sent   864 kB Recv  1191 kB | -
🔶 Pred  115 ms Sync   22 ms | Sent   864 kB Recv  1191 kB |  House
🔶 Pred  115 ms Sync   21 ms | Sent   864 kB Recv  1191 kB |  
🔶 Pred  114 ms Sync   29 ms | Sent   864 kB Recv  1191 kB | 5
🔶 Pred  115 ms Sync   43 ms | Sent   864 kB Recv  1191 kB |  (
🔶 Pred  115 ms Sync   22 ms | Sent   864 kB Recv  1191 kB | Purple
🔶 Pred  115 ms Sync   23 ms | Sent   864 kB Recv  1191 kB | ):
🔶 Pred  116 ms Sync   23 ms | Sent   864 kB Recv  1191 kB |  Pet
🔶 Pred  116 ms Sync   21 ms | Sent   864 kB Recv  1191 kB | =
🔶 Pred  115 ms Sync   22 ms | Sent   864 kB Recv  1191 kB | dog
🔶 Pred  126 ms Sync   49 ms | Sent   864 kB Recv  1191 kB | 


🔶 Pred  115 ms Sync   31 ms | Sent   864 kB Recv  1191 kB | Now
🔶 Pred  177 ms Sync   66 ms | Sent   864 kB Recv  1191 kB | ,
🔶 Pred  116 ms Sync   22 ms | Sent   864 kB Recv  1191 kB |  let
🔶 Pred  172 ms Sync   46 ms | Sent   864 kB Recv  1191 kB | 's
🔶 Pred  145 ms Sync   25 ms | Sent   864 kB Recv  1191 kB |  see
🔶 Pred  114 ms Sync   22 ms | Sent   864 kB Recv  1191 kB |  what
🔶 Pred  114 ms Sync   24 ms | Sent   864 kB Recv  1191 kB |  we
🔶 Pred  114 ms Sync   22 ms | Sent   864 kB Recv  1191 kB |  can
🔶 Pred  115 ms Sync   49 ms | Sent   864 kB Recv  1191 kB |  ded
🔶 Pred  116 ms Sync   18 ms | Sent   864 kB Recv  1191 kB | uce
🔶 Pred  114 ms Sync   23 ms | Sent   864 kB Recv  1191 kB |  about
🔶 Pred  114 ms Sync   25 ms | Sent   864 kB Recv  1191 kB |  the
🔶 Pred  114 ms Sync   24 ms | Sent   864 kB Recv  1191 kB |  remaining
🔶 Pred  114 ms Sync   44 ms | Sent   864 kB Recv  1191 kB |  attributes
🔶 Pred  115 ms Sync   28 ms | Sent   864 kB Recv  1191 kB | .


🔶 Pred  114 ms Sync   26 ms | Sent   864 kB Recv  1191 kB | Starting
🔶 Pred  115 ms Sync   23 ms | Sent   864 kB Recv  1191 kB |  with
🔶 Pred  114 ms Sync   32 ms | Sent   864 kB Recv  1191 kB |  House
🔶 Pred  117 ms Sync   38 ms | Sent   864 kB Recv  1191 kB |  
🔶 Pred  116 ms Sync   20 ms | Sent   864 kB Recv  1191 kB | 1
🔶 Pred  130 ms Sync   21 ms | Sent   864 kB Recv  1191 kB | :


🔶 Pred  147 ms Sync   94 ms | Sent   864 kB Recv  1191 kB | -
🔶 Pred  115 ms Sync   24 ms | Sent   864 kB Recv  1191 kB |  National
🔶 Pred  137 ms Sync   31 ms | Sent   864 kB Recv  1191 kB | ity
🔶 Pred  113 ms Sync   33 ms | Sent   864 kB Recv  1191 kB | :
🔶 Pred  114 ms Sync   21 ms | Sent   864 kB Recv  1191 kB |  American
🔶 Pred  114 ms Sync   23 ms | Sent   864 kB Recv  1191 kB |  (
🔶 Pred  114 ms Sync   19 ms | Sent   864 kB Recv  1191 kB | fixed
🔶 Pred  114 ms Sync   21 ms | Sent   864 kB Recv  1191 kB | )

🔶 Pred  115 ms Sync   22 ms | Sent   864 kB Recv  1191 kB | -
🔶 Pred  114 ms Sync   52 ms | Sent   864 kB Recv  1191 kB |  Drink
🔶 Pred  115 ms Sync   20 ms | Sent   864 kB Recv  1191 kB | :
🔶 Pred  114 ms Sync   22 ms | Sent   864 kB Recv  1191 kB |  ?

🔶 Pred  114 ms Sync   24 ms | Sent   864 kB Recv  1191 kB | -
🔶 Pred  113 ms Sync   26 ms | Sent   864 kB Recv  1191 kB |  Smoke
🔶 Pred  114 ms Sync   30 ms | Sent   864 kB Recv  1191 kB | :
🔶 Pred  136 ms Sync   49 ms | Sent   864 kB Recv  1191 kB |  ?

🔶 Pred  170 ms Sync   21 ms | Sent   864 kB Recv  1191 kB | -
🔶 Pred  114 ms Sync   21 ms | Sent   864 kB Recv  1191 kB |  Pet
🔶 Pred  114 ms Sync   24 ms | Sent   864 kB Recv  1191 kB | :
🔶 Pred  165 ms Sync   70 ms | Sent   864 kB Recv  1191 kB |  ?


🔶 Pred  115 ms Sync   22 ms | Sent   864 kB Recv  1191 kB | House
🔶 Pred  132 ms Sync   55 ms | Sent   864 kB Recv  1191 kB |  
🔶 Pred  115 ms Sync   23 ms | Sent   864 kB Recv  1191 kB | 2
🔶 Pred  114 ms Sync   26 ms | Sent   864 kB Recv  1191 kB | :


🔶 Pred  113 ms Sync   25 ms | Sent   864 kB Recv  1191 kB | -
🔶 Pred  114 ms Sync   25 ms | Sent   864 kB Recv  1191 kB |  Drink
🔶 Pred  114 ms Sync   32 ms | Sent   864 kB Recv  1191 kB | :
🔶 Pred  115 ms Sync   39 ms | Sent   864 kB Recv  1191 kB |  Tea
🔶 Pred  115 ms Sync   28 ms | Sent   864 kB Recv  1191 kB |  (
🔶 Pred  114 ms Sync   41 ms | Sent   864 kB Recv  1191 kB | fixed
🔶 Pred  114 ms Sync   21 ms | Sent   864 kB Recv  1191 kB | )

🔶 Pred  114 ms Sync   23 ms | Sent   864 kB Recv  1191 kB | -
🔶 Pred  115 ms Sync   25 ms | Sent   864 kB Recv  1191 kB |  National
🔶 Pred  114 ms Sync   26 ms | Sent   864 kB Recv  1191 kB | ity
🔶 Pred  114 ms Sync   26 ms | Sent   864 kB Recv  1191 kB | :
🔶 Pred  114 ms Sync   27 ms | Sent   864 kB Recv  1191 kB |  ?

🔶 Pred  116 ms Sync   24 ms | Sent   864 kB Recv  1191 kB | -
🔶 Pred  114 ms Sync   24 ms | Sent   864 kB Recv  1191 kB |  Smoke
🔶 Pred  114 ms Sync   26 ms | Sent   864 kB Recv  1191 kB | :
🔶 Pred  184 ms Sync   77 ms | Sent   864 kB Recv  1191 kB |  ?

🔶 Pred  116 ms Sync   17 ms | Sent   864 kB Recv  1191 kB | -
🔶 Pred  130 ms Sync   65 ms | Sent   864 kB Recv  1191 kB |  Pet
🔶 Pred  116 ms Sync   17 ms | Sent   864 kB Recv  1191 kB | :
🔶 Pred  115 ms Sync   45 ms | Sent   864 kB Recv  1191 kB |  ?


🔶 Pred  117 ms Sync   19 ms | Sent   864 kB Recv  1191 kB | House
🔶 Pred  115 ms Sync   22 ms | Sent   864 kB Recv  1191 kB |  
🔶 Pred  115 ms Sync   21 ms | Sent   864 kB Recv  1191 kB | 3
🔶 Pred  115 ms Sync   48 ms | Sent   864 kB Recv  1191 kB | :


🔶 Pred  194 ms Sync   17 ms | Sent   864 kB Recv  1191 kB | -
🔶 Pred  118 ms Sync   18 ms | Sent   864 kB Recv  1191 kB |  Smoke
🔶 Pred  118 ms Sync   20 ms | Sent   864 kB Recv  1191 kB | :
🔶 Pred  117 ms Sync   50 ms | Sent   864 kB Recv  1191 kB |  C
🔶 Pred  116 ms Sync   20 ms | Sent   864 kB Recv  1191 kB | igaret
🔶 Pred  115 ms Sync   24 ms | Sent   864 kB Recv  1191 kB | tes
🔶 Pred  116 ms Sync   23 ms | Sent   864 kB Recv  1191 kB |  (
🔶 Pred  116 ms Sync   25 ms | Sent   864 kB Recv  1191 kB | fixed
🔶 Pred  116 ms Sync   24 ms | Sent   864 kB Recv  1191 kB | )

🔶 Pred  116 ms Sync   19 ms | Sent   864 kB Recv  1191 kB | -
🔶 Pred  150 ms Sync   50 ms | Sent   864 kB Recv  1191 kB |  National
🔶 Pred  131 ms Sync   48 ms | Sent   864 kB Recv  1191 kB | ity
🔶 Pred  131 ms Sync   44 ms | Sent   864 kB Recv  1191 kB | :
🔶 Pred  116 ms Sync   40 ms | Sent   864 kB Recv  1191 kB |  ?

🔶 Pred  115 ms Sync   37 ms | Sent   864 kB Recv  1191 kB | -
🔶 Pred  116 ms Sync   27 ms | Sent   864 kB Recv  1191 kB |  Drink
🔶 Pred  116 ms Sync   19 ms | Sent   864 kB Recv  1191 kB | :
🔶 Pred  116 ms Sync   21 ms | Sent   864 kB Recv  1191 kB |  ?

🔶 Pred  115 ms Sync   25 ms | Sent   864 kB Recv  1191 kB | -
🔶 Pred  115 ms Sync   47 ms | Sent   864 kB Recv  1191 kB |  Pet
🔶 Pred  115 ms Sync   18 ms | Sent   864 kB Recv  1191 kB | :
🔶 Pred  115 ms Sync   25 ms | Sent   864 kB Recv  1191 kB |  ?


🔶 Pred  115 ms Sync   28 ms | Sent   864 kB Recv  1191 kB | House
🔶 Pred  115 ms Sync   52 ms | Sent   864 kB Recv  1191 kB |  
🔶 Pred  117 ms Sync   17 ms | Sent   864 kB Recv  1191 kB | 4
🔶 Pred  116 ms Sync   21 ms | Sent   864 kB Recv  1191 kB | :


🔶 Pred  121 ms Sync   23 ms | Sent   864 kB Recv  1191 kB | -
🔶 Pred  118 ms Sync   23 ms | Sent   864 kB Recv  1191 kB |  National
🔶 Pred  117 ms Sync   23 ms | Sent   864 kB Recv  1191 kB | ity
🔶 Pred  116 ms Sync   26 ms | Sent   864 kB Recv  1191 kB | :
🔶 Pred  159 ms Sync   61 ms | Sent   864 kB Recv  1191 kB |  French
🔶 Pred  128 ms Sync   33 ms | Sent   864 kB Recv  1191 kB |  (
🔶 Pred  164 ms Sync   49 ms | Sent   864 kB Recv  1191 kB | fixed
🔶 Pred  149 ms Sync   24 ms | Sent   864 kB Recv  1191 kB | )

🔶 Pred  116 ms Sync   20 ms | Sent   864 kB Recv  1191 kB | -
🔶 Pred  117 ms Sync   24 ms | Sent   864 kB Recv  1191 kB |  Drink
🔶 Pred  117 ms Sync   24 ms | Sent   864 kB Recv  1191 kB | :
🔶 Pred  115 ms Sync   25 ms | Sent   864 kB Recv  1191 kB |  ?

🔶 Pred  117 ms Sync   19 ms | Sent   864 kB Recv  1191 kB | -
🔶 Pred  116 ms Sync   22 ms | Sent   864 kB Recv  1191 kB |  Smoke
🔶 Pred  115 ms Sync   25 ms | Sent   864 kB Recv  1191 kB | :
🔶 Pred  116 ms Sync   25 ms | Sent   864 kB Recv  1191 kB |  ?

🔶 Pred  116 ms Sync   26 ms | Sent   864 kB Recv  1191 kB | -
🔶 Pred  116 ms Sync   27 ms | Sent   864 kB Recv  1191 kB |  Pet
🔶 Pred  116 ms Sync   50 ms | Sent   864 kB Recv  1191 kB | :
🔶 Pred  117 ms Sync   21 ms | Sent   864 kB Recv  1191 kB |  ?


🔶 Pred  116 ms Sync   32 ms | Sent   864 kB Recv  1191 kB | House
🔶 Pred  116 ms Sync   42 ms | Sent   864 kB Recv  1191 kB |  
🔶 Pred  116 ms Sync   20 ms | Sent   864 kB Recv  1191 kB | 5
🔶 Pred  134 ms Sync   21 ms | Sent   864 kB Recv  1191 kB | :


🔶 Pred  153 ms Sync   79 ms | Sent   864 kB Recv  1191 kB | -
🔶 Pred  116 ms Sync   36 ms | Sent   864 kB Recv  1191 kB |  Pet
🔶 Pred  133 ms Sync   29 ms | Sent   864 kB Recv  1191 kB | :
🔶 Pred  117 ms Sync   21 ms | Sent   864 kB Recv  1191 kB |  Dog
🔶 Pred  118 ms Sync   24 ms | Sent   864 kB Recv  1191 kB |  (
🔶 Pred  117 ms Sync   25 ms | Sent   864 kB Recv  1191 kB | fixed
🔶 Pred  129 ms Sync   34 ms | Sent   864 kB Recv  1191 kB | )

🔶 Pred  116 ms Sync   20 ms | Sent   864 kB Recv  1191 kB | -
🔶 Pred  117 ms Sync   51 ms | Sent   864 kB Recv  1191 kB |  National
🔶 Pred  116 ms Sync   20 ms | Sent   864 kB Recv  1191 kB | ity
🔶 Pred  116 ms Sync   22 ms | Sent   864 kB Recv  1191 kB | :
🔶 Pred  116 ms Sync   22 ms | Sent   864 kB Recv  1191 kB |  ?

🔶 Pred  117 ms Sync   24 ms | Sent   864 kB Recv  1191 kB | -
🔶 Pred  116 ms Sync   50 ms | Sent   864 kB Recv  1191 kB |  Drink
🔶 Pred  116 ms Sync   22 ms | Sent   864 kB Recv  1191 kB | :
🔶 Pred  165 ms Sync   22 ms | Sent   864 kB Recv  1191 kB |  ?

🔶 Pred  164 ms Sync   23 ms | Sent   864 kB Recv  1191 kB | -
🔶 Pred  116 ms Sync   25 ms | Sent   864 kB Recv  1191 kB |  Smoke
🔶 Pred  133 ms Sync   25 ms | Sent   864 kB Recv  1191 kB | :
🔶 Pred  163 ms Sync   69 ms | Sent   864 kB Recv  1191 kB |  ?


🔶 Pred  128 ms Sync   39 ms | Sent   864 kB Recv  1191 kB | Now
🔶 Pred  126 ms Sync   25 ms | Sent   864 kB Recv  1191 kB | ,
🔶 Pred  116 ms Sync   24 ms | Sent   864 kB Recv  1191 kB |  let
🔶 Pred  117 ms Sync   27 ms | Sent   864 kB Recv  1191 kB | 's
🔶 Pred  117 ms Sync   23 ms | Sent   864 kB Recv  1191 kB |  look
🔶 Pred  116 ms Sync   32 ms | Sent   864 kB Recv  1191 kB |  for
🔶 Pred  116 ms Sync   23 ms | Sent   864 kB Recv  1191 kB |  conflicts
🔶 Pred  119 ms Sync   22 ms | Sent   864 kB Recv  1191 kB |  or
🔶 Pred  117 ms Sync   25 ms | Sent   864 kB Recv  1191 kB |  deductions
🔶 Pred  116 ms Sync   54 ms | Sent   864 kB Recv  1191 kB | .


🔶 Pred  117 ms Sync   21 ms | Sent   864 kB Recv  1191 kB | First
🔶 Pred  116 ms Sync   26 ms | Sent   864 kB Recv  1191 kB | ,
🔶 Pred  116 ms Sync   23 ms | Sent   864 kB Recv  1191 kB |  since
🔶 Pred  116 ms Sync   35 ms | Sent   864 kB Recv  1191 kB |  each
🔶 Pred  116 ms Sync   24 ms | Sent   864 kB Recv  1191 kB |  attribute
🔶 Pred  116 ms Sync   32 ms | Sent   864 kB Recv  1191 kB |  must
🔶 Pred  116 ms Sync   39 ms | Sent   864 kB Recv  1191 kB |  be
🔶 Pred  116 ms Sync   36 ms | Sent   864 kB Recv  1191 kB |  unique
🔶 Pred  166 ms Sync  122 ms | Sent   864 kB Recv  1191 kB | ,
🔶 Pred  130 ms Sync   17 ms | Sent   864 kB Recv  1191 kB |  we
🔶 Pred  139 ms Sync   57 ms | Sent   864 kB Recv  1191 kB |  can
🔶 Pred  118 ms Sync   17 ms | Sent   864 kB Recv  1191 kB |  see
🔶 Pred  116 ms Sync   25 ms | Sent   864 kB Recv  1191 kB | :


🔶 Pred  116 ms Sync   24 ms | Sent   864 kB Recv  1191 kB | -
🔶 Pred  116 ms Sync   23 ms | Sent   864 kB Recv  1191 kB |  National
🔶 Pred  116 ms Sync   23 ms | Sent   864 kB Recv  1191 kB | ity
🔶 Pred  129 ms Sync   55 ms | Sent   864 kB Recv  1191 kB | :
🔶 Pred  202 ms Sync   28 ms | Sent   864 kB Recv  1191 kB |  American
🔶 Pred  120 ms Sync   18 ms | Sent   864 kB Recv  1191 kB |  and
🔶 Pred  117 ms Sync   46 ms | Sent   864 kB Recv  1191 kB |  French
🔶 Pred  117 ms Sync   22 ms | Sent   864 kB Recv  1191 kB |  are
🔶 Pred  117 ms Sync   20 ms | Sent   864 kB Recv  1191 kB |  already
🔶 Pred  117 ms Sync   22 ms | Sent   864 kB Recv  1191 kB |  taken
🔶 Pred  118 ms Sync   25 ms | Sent   864 kB Recv  1191 kB | .
🔶 Pred  119 ms Sync   23 ms | Sent   864 kB Recv  1191 kB |  So
🔶 Pred  119 ms Sync   20 ms | Sent   864 kB Recv  1191 kB | ,
🔶 Pred  117 ms Sync   25 ms | Sent   864 kB Recv  1191 kB |  the
🔶 Pred  176 ms Sync   76 ms | Sent   864 kB Recv  1191 kB |  remaining
🔶 Pred  117 ms Sync   21 ms | Sent   864 kB Recv  1191 kB |  national
🔶 Pred  139 ms Sync   56 ms | Sent   864 kB Recv  1191 kB | ities
🔶 Pred  117 ms Sync   22 ms | Sent   864 kB Recv  1191 kB |  for
🔶 Pred  116 ms Sync   20 ms | Sent   864 kB Recv  1191 kB |  Houses
🔶 Pred  121 ms Sync   26 ms | Sent   864 kB Recv  1191 kB |  
🔶 Pred  116 ms Sync   25 ms | Sent   864 kB Recv  1191 kB | 2
🔶 Pred  117 ms Sync   25 ms | Sent   864 kB Recv  1191 kB | ,
🔶 Pred  117 ms Sync   21 ms | Sent   864 kB Recv  1191 kB | 3
🔶 Pred  117 ms Sync   51 ms | Sent   864 kB Recv  1191 kB | ,
🔶 Pred  117 ms Sync   20 ms | Sent   864 kB Recv  1191 kB | 5
🔶 Pred  129 ms Sync   33 ms | Sent   864 kB Recv  1191 kB |  are
🔶 Pred  118 ms Sync   23 ms | Sent   864 kB Recv  1191 kB |  
🔶 Pred  118 ms Sync   21 ms | Sent   864 kB Recv  1191 kB | 3
🔶 Pred  117 ms Sync   25 ms | Sent   864 kB Recv  1191 kB | ,
🔶 Pred  117 ms Sync   22 ms | Sent   864 kB Recv  1191 kB | 4
🔶 Pred  117 ms Sync   23 ms | Sent   864 kB Recv  1191 kB | ,
🔶 Pred  118 ms Sync   26 ms | Sent   864 kB Recv  1191 kB | 5
🔶 Pred  117 ms Sync   28 ms | Sent   864 kB Recv  1191 kB |  (
🔶 Pred  142 ms Sync   77 ms | Sent   864 kB Recv  1191 kB | assuming
🔶 Pred  130 ms Sync   37 ms | Sent   864 kB Recv  1191 kB |  national
🔶 Pred  164 ms Sync   34 ms | Sent   864 kB Recv  1191 kB | ities
🔶 Pred  183 ms Sync   28 ms | Sent   864 kB Recv  1191 kB |  are
🔶 Pred  117 ms Sync   24 ms | Sent   864 kB Recv  1191 kB |  
🔶 Pred  116 ms Sync   22 ms | Sent   864 kB Recv  1191 kB | 1
🔶 Pred  116 ms Sync   58 ms | Sent   864 kB Recv  1191 kB | -
🔶 Pred  117 ms Sync   24 ms | Sent   864 kB Recv  1191 kB | 5
🔶 Pred  117 ms Sync   23 ms | Sent   864 kB Recv  1191 kB | ,
🔶 Pred  116 ms Sync   25 ms | Sent   864 kB Recv  1191 kB |  with
🔶 Pred  116 ms Sync   28 ms | Sent   864 kB Recv  1191 kB |  
🔶 Pred  117 ms Sync   23 ms | Sent   864 kB Recv  1191 kB | 1
🔶 Pred  116 ms Sync   27 ms | Sent   864 kB Recv  1191 kB | =
🔶 Pred  116 ms Sync   30 ms | Sent   864 kB Recv  1191 kB | American
🔶 Pred  117 ms Sync   43 ms | Sent   864 kB Recv  1191 kB | ,
🔶 Pred  117 ms Sync   21 ms | Sent   864 kB Recv  1191 kB |  
🔶 Pred  116 ms Sync   22 ms | Sent   864 kB Recv  1191 kB | 2
🔶 Pred  117 ms Sync   52 ms | Sent   864 kB Recv  1191 kB | =
🔶 Pred  117 ms Sync   19 ms | Sent   864 kB Recv  1191 kB | British
🔶 Pred  165 ms Sync  112 ms | Sent   864 kB Recv  1191 kB | ,
🔶 Pred  120 ms Sync   17 ms | Sent   864 kB Recv  1191 kB |  
🔶 Pred  144 ms Sync   46 ms | Sent   864 kB Recv  1191 kB | 3
🔶 Pred  117 ms Sync   50 ms | Sent   864 kB Recv  1191 kB | =
🔶 Pred  117 ms Sync   18 ms | Sent   864 kB Recv  1191 kB | French
🔶 Pred  117 ms Sync   21 ms | Sent   864 kB Recv  1191 kB | ,
🔶 Pred  117 ms Sync   24 ms | Sent   864 kB Recv  1191 kB |  
🔶 Pred  117 ms Sync   24 ms | Sent   864 kB Recv  1191 kB | 4
🔶 Pred  118 ms Sync   24 ms | Sent   864 kB Recv  1191 kB | =
🔶 Pred  117 ms Sync   25 ms | Sent   864 kB Recv  1191 kB | German
🔶 Pred  117 ms Sync   25 ms | Sent   864 kB Recv  1191 kB | ,
🔶 Pred  117 ms Sync   24 ms | Sent   864 kB Recv  1191 kB |  
🔶 Pred  118 ms Sync   24 ms | Sent   864 kB Recv  1191 kB | 5
🔶 Pred  118 ms Sync   22 ms | Sent   864 kB Recv  1191 kB | =
🔶 Pred  118 ms Sync   24 ms | Sent   864 kB Recv  1191 kB | Italian
🔶 Pred  132 ms Sync   34 ms | Sent   864 kB Recv  1191 kB | ,
🔶 Pred  169 ms Sync   34 ms | Sent   864 kB Recv  1191 kB |  for
🔶 Pred  118 ms Sync   19 ms | Sent   864 kB Recv  1191 kB |  example
🔶 Pred  117 ms Sync   26 ms | Sent   864 kB Recv  1191 kB | ).


🔶 Pred  171 ms Sync   71 ms | Sent   864 kB Recv  1191 kB | -
🔶 Pred  137 ms Sync   23 ms | Sent   864 kB Recv  1191 kB |  Drink
🔶 Pred  137 ms Sync   54 ms | Sent   864 kB Recv  1191 kB | :
🔶 Pred  117 ms Sync   20 ms | Sent   864 kB Recv  1191 kB |  House
🔶 Pred  117 ms Sync   25 ms | Sent   864 kB Recv  1191 kB |  
🔶 Pred  117 ms Sync   25 ms | Sent   864 kB Recv  1191 kB | 2
🔶 Pred  117 ms Sync   24 ms | Sent   864 kB Recv  1191 kB |  has
🔶 Pred  116 ms Sync   22 ms | Sent   864 kB Recv  1191 kB |  tea
🔶 Pred  117 ms Sync   25 ms | Sent   864 kB Recv  1191 kB | ,
🔶 Pred  117 ms Sync   51 ms | Sent   864 kB Recv  1191 kB |  so
🔶 Pred  117 ms Sync   21 ms | Sent   864 kB Recv  1191 kB |  the
🔶 Pred  117 ms Sync   52 ms | Sent   864 kB Recv  1191 kB |  remaining
🔶 Pred  118 ms Sync   20 ms | Sent   864 kB Recv  1191 kB |  drinks
🔶 Pred  118 ms Sync   35 ms | Sent   864 kB Recv  1191 kB |  for
🔶 Pred  117 ms Sync   36 ms | Sent   864 kB Recv  1191 kB |  Houses
🔶 Pred  117 ms Sync   24 ms | Sent   864 kB Recv  1191 kB |  
🔶 Pred  131 ms Sync   27 ms | Sent   864 kB Recv  1191 kB | 1
🔶 Pred  118 ms Sync   23 ms | Sent   864 kB Recv  1191 kB | ,
🔶 Pred  117 ms Sync   22 ms | Sent   864 kB Recv  1191 kB | 3
🔶 Pred  130 ms Sync   24 ms | Sent   864 kB Recv  1191 kB | ,
🔶 Pred  140 ms Sync  116 ms | Sent   864 kB Recv  1191 kB | 4
🔶 Pred  142 ms Sync   38 ms | Sent   864 kB Recv  1191 kB | ,
🔶 Pred  118 ms Sync   20 ms | Sent   864 kB Recv  1191 kB | 5
🔶 Pred  119 ms Sync   49 ms | Sent   864 kB Recv  1191 kB |  are
🔶 Pred  118 ms Sync   19 ms | Sent   864 kB Recv  1191 kB |  
🔶 Pred  118 ms Sync   22 ms | Sent   864 kB Recv  1191 kB | 1
🔶 Pred  116 ms Sync   27 ms | Sent   864 kB Recv  1191 kB | ,
🔶 Pred  116 ms Sync   28 ms | Sent   864 kB Recv  1191 kB | 2
🔶 Pred  171 ms Sync   17 ms | Sent   864 kB Recv  1191 kB | ,
🔶 Pred  156 ms Sync   34 ms | Sent   864 kB Recv  1191 kB | 3
🔶 Pred  119 ms Sync   26 ms | Sent   864 kB Recv  1191 kB | ,
🔶 Pred  119 ms Sync   44 ms | Sent   864 kB Recv  1191 kB | 4
🔶 Pred  119 ms Sync   18 ms | Sent   864 kB Recv  1191 kB | ,
🔶 Pred  119 ms Sync   21 ms | Sent   864 kB Recv  1191 kB | 5
🔶 Pred  120 ms Sync   22 ms | Sent   864 kB Recv  1191 kB |  minus
🔶 Pred  118 ms Sync   25 ms | Sent   864 kB Recv  1191 kB |  tea
🔶 Pred  117 ms Sync   25 ms | Sent   864 kB Recv  1191 kB | .
🔶 Pred  119 ms Sync   23 ms | Sent   864 kB Recv  1191 kB |  So
🔶 Pred  170 ms Sync  103 ms | Sent   864 kB Recv  1191 kB | ,
🔶 Pred  120 ms Sync   19 ms | Sent   864 kB Recv  1191 kB |  if
🔶 Pred  132 ms Sync   68 ms | Sent   864 kB Recv  1191 kB |  tea
🔶 Pred  118 ms Sync   24 ms | Sent   864 kB Recv  1191 kB |  is
🔶 Pred  119 ms Sync   20 ms | Sent   864 kB Recv  1191 kB |  
🔶 Pred  121 ms Sync   49 ms | Sent   864 kB Recv  1191 kB | 2
🔶 Pred  121 ms Sync   18 ms | Sent   864 kB Recv  1191 kB | ,
🔶 Pred  120 ms Sync   21 ms | Sent   864 kB Recv  1191 kB |  then
🔶 Pred  120 ms Sync   21 ms | Sent   864 kB Recv  1191 kB |  remaining
🔶 Pred  120 ms Sync   18 ms | Sent   864 kB Recv  1191 kB |  drinks
🔶 Pred  119 ms Sync   20 ms | Sent   864 kB Recv  1191 kB |  are
🔶 Pred  119 ms Sync   27 ms | Sent   864 kB Recv  1191 kB |  
🔶 Pred  120 ms Sync   26 ms | Sent   864 kB Recv  1191 kB | 1
🔶 Pred  119 ms Sync   25 ms | Sent   864 kB Recv  1191 kB | ,
🔶 Pred  119 ms Sync   25 ms | Sent   864 kB Recv  1191 kB | 3
🔶 Pred  119 ms Sync   26 ms | Sent   864 kB Recv  1191 kB | ,
🔶 Pred  118 ms Sync   28 ms | Sent   864 kB Recv  1191 kB | 4
🔶 Pred  120 ms Sync   23 ms | Sent   864 kB Recv  1191 kB | ,
🔶 Pred  119 ms Sync   25 ms | Sent   864 kB Recv  1191 kB | 5
🔶 Pred  119 ms Sync   24 ms | Sent   864 kB Recv  1191 kB | .


🔶 Pred  182 ms Sync   69 ms | Sent   864 kB Recv  1191 kB | -
🔶 Pred  119 ms Sync   25 ms | Sent   864 kB Recv  1191 kB |  Smoke
🔶 Pred  206 ms Sync   26 ms | Sent   864 kB Recv  1191 kB | :
🔶 Pred  119 ms Sync   26 ms | Sent   864 kB Recv  1191 kB |  House
🔶 Pred  119 ms Sync   21 ms | Sent   864 kB Recv  1191 kB |  
🔶 Pred  119 ms Sync   49 ms | Sent   864 kB Recv  1191 kB | 3
🔶 Pred  119 ms Sync   20 ms | Sent   864 kB Recv  1191 kB |  sm
🔶 Pred  120 ms Sync   23 ms | Sent   864 kB Recv  1191 kB | okes
🔶 Pred  120 ms Sync   22 ms | Sent   864 kB Recv  1191 kB |  cigarettes
🔶 Pred  118 ms Sync   25 ms | Sent   864 kB Recv  1191 kB |  (
🔶 Pred  119 ms Sync   24 ms | Sent   864 kB Recv  1191 kB | let
🔶 Pred  118 ms Sync   26 ms | Sent   864 kB Recv  1191 kB | 's
🔶 Pred  118 ms Sync   35 ms | Sent   864 kB Recv  1191 kB |  say
🔶 Pred  120 ms Sync   33 ms | Sent   864 kB Recv  1191 kB |  that
🔶 Pred  119 ms Sync   37 ms | Sent   864 kB Recv  1191 kB | 's
🔶 Pred  119 ms Sync   34 ms | Sent   864 kB Recv  1191 kB |  
🔶 Pred  122 ms Sync   20 ms | Sent   864 kB Recv  1191 kB | 1
🔶 Pred  119 ms Sync   25 ms | Sent   864 kB Recv  1191 kB | ).
🔶 Pred  119 ms Sync   24 ms | Sent   864 kB Recv  1191 kB |  So
🔶 Pred  194 ms Sync   91 ms | Sent   864 kB Recv  1191 kB | ,
🔶 Pred  119 ms Sync   34 ms | Sent   864 kB Recv  1191 kB |  remaining
🔶 Pred  139 ms Sync   35 ms | Sent   864 kB Recv  1191 kB |  sm
🔶 Pred  119 ms Sync   18 ms | Sent   864 kB Recv  1191 kB | okes
🔶 Pred  119 ms Sync   24 ms | Sent   864 kB Recv  1191 kB |  for
🔶 Pred  118 ms Sync   25 ms | Sent   864 kB Recv  1191 kB |  Houses
🔶 Pred  119 ms Sync   27 ms | Sent   864 kB Recv  1191 kB |  
🔶 Pred  119 ms Sync   24 ms | Sent   864 kB Recv  1191 kB | 1
🔶 Pred  119 ms Sync   28 ms | Sent   864 kB Recv  1191 kB | ,
🔶 Pred  119 ms Sync   48 ms | Sent   864 kB Recv  1191 kB | 2
🔶 Pred  120 ms Sync   21 ms | Sent   864 kB Recv  1191 kB | ,
🔶 Pred  120 ms Sync   20 ms | Sent   864 kB Recv  1191 kB | 4
🔶 Pred  120 ms Sync   26 ms | Sent   864 kB Recv  1191 kB | ,
🔶 Pred  118 ms Sync   44 ms | Sent   864 kB Recv  1191 kB | 5
🔶 Pred  120 ms Sync   20 ms | Sent   864 kB Recv  1191 kB |  are
🔶 Pred  204 ms Sync   24 ms | Sent   864 kB Recv  1191 kB |  
🔶 Pred  120 ms Sync   19 ms | Sent   864 kB Recv  1191 kB | 2
🔶 Pred  120 ms Sync   51 ms | Sent   864 kB Recv  1191 kB | ,
🔶 Pred  170 ms Sync   96 ms | Sent   864 kB Recv  1191 kB | 3
🔶 Pred  123 ms Sync   30 ms | Sent   864 kB Recv  1191 kB | ,
🔶 Pred  148 ms Sync   44 ms | Sent   864 kB Recv  1191 kB | 4
🔶 Pred  120 ms Sync   47 ms | Sent   864 kB Recv  1191 kB | ,
🔶 Pred  120 ms Sync   28 ms | Sent   864 kB Recv  1191 kB | 5
🔶 Pred  120 ms Sync   26 ms | Sent   864 kB Recv  1191 kB | .


🔶 Pred  120 ms Sync   21 ms | Sent   864 kB Recv  1191 kB | -
🔶 Pred  120 ms Sync   53 ms | Sent   864 kB Recv  1191 kB |  Pet
🔶 Pred  121 ms Sync   20 ms | Sent   864 kB Recv  1191 kB | :
🔶 Pred  120 ms Sync   29 ms | Sent   864 kB Recv  1191 kB |  House
🔶 Pred  121 ms Sync   36 ms | Sent   864 kB Recv  1191 kB |  
🔶 Pred  121 ms Sync   23 ms | Sent   864 kB Recv  1191 kB | 5
🔶 Pred  120 ms Sync   24 ms | Sent   864 kB Recv  1191 kB |  has
🔶 Pred  119 ms Sync   37 ms | Sent   864 kB Recv  1191 kB |  dog
🔶 Pred  121 ms Sync   36 ms | Sent   864 kB Recv  1191 kB |  (
🔶 Pred  120 ms Sync   19 ms | Sent   864 kB Recv  1191 kB | let
🔶 Pred  121 ms Sync   22 ms | Sent   864 kB Recv  1191 kB | 's
🔶 Pred  120 ms Sync   23 ms | Sent   864 kB Recv  1191 kB |  say
🔶 Pred  119 ms Sync   49 ms | Sent   864 kB Recv  1191 kB |  that
🔶 Pred  180 ms Sync   88 ms | Sent   864 kB Recv  1191 kB | 's
🔶 Pred  120 ms Sync   22 ms | Sent   864 kB Recv  1191 kB |  
🔶 Pred  140 ms Sync   52 ms | Sent   864 kB Recv  1191 kB | 1
🔶 Pred  119 ms Sync   21 ms | Sent   864 kB Recv  1191 kB | ).
🔶 Pred  120 ms Sync   27 ms | Sent   864 kB Recv  1191 kB |  So
🔶 Pred  120 ms Sync   27 ms | Sent   864 kB Recv  1191 kB | ,
🔶 Pred  120 ms Sync   27 ms | Sent   864 kB Recv  1191 kB |  remaining
🔶 Pred  120 ms Sync   27 ms | Sent   864 kB Recv  1191 kB |  pets
🔶 Pred  170 ms Sync   18 ms | Sent   864 kB Recv  1191 kB |  for
🔶 Pred  149 ms Sync   35 ms | Sent   864 kB Recv  1191 kB |  Houses
🔶 Pred  119 ms Sync   41 ms | Sent   864 kB Recv  1191 kB |  
🔶 Pred  119 ms Sync   30 ms | Sent   864 kB Recv  1191 kB | 1
🔶 Pred  118 ms Sync   23 ms | Sent   864 kB Recv  1191 kB | ,
🔶 Pred  119 ms Sync   27 ms | Sent   864 kB Recv  1191 kB | 2
🔶 Pred  119 ms Sync   22 ms | Sent   864 kB Recv  1191 kB | ,
🔶 Pred  119 ms Sync   24 ms | Sent   864 kB Recv  1191 kB | 3
🔶 Pred  119 ms Sync   25 ms | Sent   864 kB Recv  1191 kB | ,
🔶 Pred  118 ms Sync   25 ms | Sent   864 kB Recv  1191 kB | 4
🔶 Pred  172 ms Sync   40 ms | Sent   864 kB Recv  1191 kB |  are
🔶 Pred  144 ms Sync   47 ms | Sent   864 kB Recv  1191 kB |  
🔶 Pred  140 ms Sync   49 ms | Sent   864 kB Recv  1191 kB | 2
🔶 Pred  120 ms Sync   18 ms | Sent   864 kB Recv  1191 kB | ,
🔶 Pred  119 ms Sync   26 ms | Sent   864 kB Recv  1191 kB | 3
🔶 Pred  131 ms Sync   45 ms | Sent   864 kB Recv  1191 kB | ,
🔶 Pred  119 ms Sync   24 ms | Sent   864 kB Recv  1191 kB | 4
🔶 Pred  120 ms Sync   29 ms | Sent   864 kB Recv  1191 kB | ,
🔶 Pred  120 ms Sync   27 ms | Sent   864 kB Recv  1191 kB | 5
🔶 Pred  119 ms Sync   23 ms | Sent   864 kB Recv  1191 kB | .


🔶 Pred  118 ms Sync   24 ms | Sent   864 kB Recv  1191 kB | Now
🔶 Pred  119 ms Sync   26 ms | Sent   864 kB Recv  1191 kB | ,
🔶 Pred  121 ms Sync   49 ms | Sent   864 kB Recv  1191 kB |  let
🔶 Pred  119 ms Sync   24 ms | Sent   864 kB Recv  1191 kB | 's
🔶 Pred  120 ms Sync   26 ms | Sent   864 kB Recv  1191 kB |  try
🔶 Pred  121 ms Sync   26 ms | Sent   864 kB Recv  1191 kB |  to
🔶 Pred  121 ms Sync   42 ms | Sent   864 kB Recv  1191 kB |  assign
🔶 Pred  120 ms Sync   29 ms | Sent   864 kB Recv  1191 kB |  the
🔶 Pred  119 ms Sync   20 ms | Sent   864 kB Recv  1191 kB |  remaining
🔶 Pred  158 ms Sync   69 ms | Sent   864 kB Recv  1191 kB |  attributes
🔶 Pred  147 ms Sync   44 ms | Sent   864 kB Recv  1191 kB |  step
🔶 Pred  180 ms Sync   41 ms | Sent   864 kB Recv  1191 kB |  by
🔶 Pred  165 ms Sync   16 ms | Sent   864 kB Recv  1191 kB |  step
🔶 Pred  119 ms Sync   27 ms | Sent   864 kB Recv  1191 kB | .


🔶 Pred  118 ms Sync   25 ms | Sent   864 kB Recv  1191 kB | Starting
🔶 Pred  118 ms Sync   20 ms | Sent   864 kB Recv  1191 kB |  with
🔶 Pred  120 ms Sync   20 ms | Sent   864 kB Recv  1191 kB |  House
🔶 Pred  120 ms Sync   22 ms | Sent   864 kB Recv  1191 kB |  
🔶 Pred  119 ms Sync   50 ms | Sent   864 kB Recv  1191 kB | 1
🔶 Pred  119 ms Sync   26 ms | Sent   864 kB Recv  1191 kB | :


🔶 Pred  120 ms Sync   24 ms | Sent   864 kB Recv  1191 kB | -
🔶 Pred  118 ms Sync   26 ms | Sent   864 kB Recv  1191 kB |  National
🔶 Pred  119 ms Sync   27 ms | Sent   864 kB Recv  1191 kB | ity
🔶 Pred  119 ms Sync   28 ms | Sent   864 kB Recv  1191 kB | :
🔶 Pred  121 ms Sync   38 ms | Sent   864 kB Recv  1191 kB |  American
🔶 Pred  121 ms Sync   33 ms | Sent   864 kB Recv  1191 kB |  (
🔶 Pred  119 ms Sync   19 ms | Sent   864 kB Recv  1191 kB | fixed
🔶 Pred  119 ms Sync   47 ms | Sent   864 kB Recv  1191 kB | )

🔶 Pred  187 ms Sync   70 ms | Sent   864 kB Recv  1191 kB | -
🔶 Pred  121 ms Sync   16 ms | Sent   864 kB Recv  1191 kB |  Drink
🔶 Pred  135 ms Sync   68 ms | Sent   864 kB Recv  1191 kB | :
🔶 Pred  120 ms Sync   22 ms | Sent   864 kB Recv  1191 kB |  ?

🔶 Pred  120 ms Sync   25 ms | Sent   864 kB Recv  1191 kB | -
🔶 Pred  119 ms Sync   22 ms | Sent   864 kB Recv  1191 kB |  Smoke
🔶 Pred  120 ms Sync   25 ms | Sent   864 kB Recv  1191 kB | :
🔶 Pred  119 ms Sync   53 ms | Sent   864 kB Recv  1191 kB |  ?

🔶 Pred  120 ms Sync   18 ms | Sent   864 kB Recv  1191 kB | -
🔶 Pred  119 ms Sync   34 ms | Sent   864 kB Recv  1191 kB |  Pet
🔶 Pred  120 ms Sync   38 ms | Sent   864 kB Recv  1191 kB | :
🔶 Pred  120 ms Sync   19 ms | Sent   864 kB Recv  1191 kB |  ?


🔶 Pred  124 ms Sync   24 ms | Sent   864 kB Recv  1191 kB | Possible
🔶 Pred  120 ms Sync   27 ms | Sent   864 kB Recv  1191 kB |  drinks
🔶 Pred  121 ms Sync   25 ms | Sent   864 kB Recv  1191 kB | :
🔶 Pred  200 ms Sync   22 ms | Sent   864 kB Recv  1191 kB |  
🔶 Pred  122 ms Sync   24 ms | Sent   864 kB Recv  1191 kB | 1
🔶 Pred  120 ms Sync   51 ms | Sent   864 kB Recv  1191 kB | ,
🔶 Pred  163 ms Sync   58 ms | Sent   864 kB Recv  1191 kB | 3
🔶 Pred  145 ms Sync   38 ms | Sent   864 kB Recv  1191 kB | ,
🔶 Pred  134 ms Sync   60 ms | Sent   864 kB Recv  1191 kB | 4
🔶 Pred  120 ms Sync   36 ms | Sent   864 kB Recv  1191 kB | ,
🔶 Pred  119 ms Sync   26 ms | Sent   864 kB Recv  1191 kB | 5
🔶 Pred  119 ms Sync   26 ms | Sent   864 kB Recv  1191 kB |  (
🔶 Pred  119 ms Sync   23 ms | Sent   864 kB Recv  1191 kB | assuming
🔶 Pred  120 ms Sync   28 ms | Sent   864 kB Recv  1191 kB |  tea
🔶 Pred  123 ms Sync   27 ms | Sent   864 kB Recv  1191 kB | =
🔶 Pred  122 ms Sync   27 ms | Sent   864 kB Recv  1191 kB | 2
🔶 Pred  136 ms Sync   50 ms | Sent   864 kB Recv  1191 kB | )

🔶 Pred  122 ms Sync   24 ms | Sent   864 kB Recv  1191 kB | Possible
🔶 Pred  119 ms Sync   50 ms | Sent   864 kB Recv  1191 kB |  sm
🔶 Pred  120 ms Sync   29 ms | Sent   864 kB Recv  1191 kB | okes
🔶 Pred  121 ms Sync   45 ms | Sent   864 kB Recv  1191 kB | :
🔶 Pred  120 ms Sync   25 ms | Sent   864 kB Recv  1191 kB |  
🔶 Pred  121 ms Sync   21 ms | Sent   864 kB Recv  1191 kB | 2
🔶 Pred  120 ms Sync   23 ms | Sent   864 kB Recv  1191 kB | ,
🔶 Pred  120 ms Sync   24 ms | Sent   864 kB Recv  1191 kB | 3
🔶 Pred  187 ms Sync   77 ms | Sent   864 kB Recv  1191 kB | ,
🔶 Pred  120 ms Sync   18 ms | Sent   864 kB Recv  1191 kB | 4
🔶 Pred  143 ms Sync   46 ms | Sent   864 kB Recv  1191 kB | ,
🔶 Pred  120 ms Sync   21 ms | Sent   864 kB Recv  1191 kB | 5
🔶 Pred  120 ms Sync   26 ms | Sent   864 kB Recv  1191 kB |  (
🔶 Pred  121 ms Sync   25 ms | Sent   864 kB Recv  1191 kB | c
🔶 Pred  120 ms Sync   26 ms | Sent   864 kB Recv  1191 kB | igaret
🔶 Pred  120 ms Sync   23 ms | Sent   864 kB Recv  1191 kB | tes
🔶 Pred  151 ms Sync   31 ms | Sent   864 kB Recv  1191 kB | =
🔶 Pred  178 ms Sync   25 ms | Sent   864 kB Recv  1191 kB | 1
🔶 Pred  120 ms Sync   26 ms | Sent   864 kB Recv  1191 kB | )

🔶 Pred  119 ms Sync   37 ms | Sent   864 kB Recv  1191 kB | Possible
🔶 Pred  121 ms Sync   28 ms | Sent   864 kB Recv  1191 kB |  pets
🔶 Pred  121 ms Sync   21 ms | Sent   864 kB Recv  1191 kB | :
🔶 Pred  120 ms Sync   24 ms | Sent   864 kB Recv  1191 kB |  
🔶 Pred  121 ms Sync   25 ms | Sent   864 kB Recv  1191 kB | 2
🔶 Pred  121 ms Sync   18 ms | Sent   864 kB Recv  1191 kB | ,
🔶 Pred  119 ms Sync   50 ms | Sent   864 kB Recv  1191 kB | 3
🔶 Pred  139 ms Sync   53 ms | Sent   864 kB Recv  1191 kB | ,
🔶 Pred  143 ms Sync   71 ms | Sent   864 kB Recv  1191 kB | 4
🔶 Pred  129 ms Sync   35 ms | Sent   864 kB Recv  1191 kB | ,
🔶 Pred  165 ms Sync   43 ms | Sent   864 kB Recv  1191 kB | 5
🔶 Pred  121 ms Sync   21 ms | Sent   864 kB Recv  1191 kB |  (
🔶 Pred  121 ms Sync   31 ms | Sent   864 kB Recv  1191 kB | dog
🔶 Pred  120 ms Sync   41 ms | Sent   864 kB Recv  1191 kB | =
🔶 Pred  120 ms Sync   25 ms | Sent   864 kB Recv  1191 kB | 1
🔶 Pred  120 ms Sync   26 ms | Sent   864 kB Recv  1191 kB | )


🔶 Pred  121 ms Sync   21 ms | Sent   864 kB Recv  1191 kB | So
🔶 Pred  120 ms Sync   23 ms | Sent   864 kB Recv  1191 kB | ,
🔶 Pred  120 ms Sync   28 ms | Sent   864 kB Recv  1191 kB |  House
🔶 Pred  120 ms Sync   29 ms | Sent   864 kB Recv  1191 kB |  
🔶 Pred  119 ms Sync   27 ms | Sent   864 kB Recv  1191 kB | 1
🔶 Pred  122 ms Sync   26 ms | Sent   864 kB Recv  1191 kB |  needs
🔶 Pred  121 ms Sync   56 ms | Sent   864 kB Recv  1191 kB |  to
🔶 Pred  122 ms Sync   26 ms | Sent   864 kB Recv  1191 kB |  have
🔶 Pred  120 ms Sync   27 ms | Sent   864 kB Recv  1191 kB |  a
🔶 Pred  120 ms Sync   26 ms | Sent   864 kB Recv  1191 kB |  unique
🔶 Pred  165 ms Sync  104 ms | Sent   864 kB Recv  1191 kB |  drink
🔶 Pred  122 ms Sync   26 ms | Sent   864 kB Recv  1191 kB | ,
🔶 Pred  202 ms Sync   76 ms | Sent   864 kB Recv  1191 kB |  smoke
🔶 Pred  124 ms Sync   25 ms | Sent   864 kB Recv  1191 kB | ,
🔶 Pred  124 ms Sync   40 ms | Sent   864 kB Recv  1191 kB |  and
🔶 Pred  120 ms Sync   21 ms | Sent   864 kB Recv  1191 kB |  pet
🔶 Pred  120 ms Sync   23 ms | Sent   864 kB Recv  1191 kB | .


🔶 Pred  122 ms Sync   22 ms | Sent   864 kB Recv  1191 kB | Similarly
🔶 Pred  120 ms Sync   49 ms | Sent   864 kB Recv  1191 kB | ,
🔶 Pred  120 ms Sync   23 ms | Sent   864 kB Recv  1191 kB |  House
🔶 Pred  124 ms Sync   23 ms | Sent   864 kB Recv  1191 kB |  
🔶 Pred  120 ms Sync   23 ms | Sent   864 kB Recv  1191 kB | 2
🔶 Pred  122 ms Sync   23 ms | Sent   864 kB Recv  1191 kB | :


🔶 Pred  121 ms Sync   25 ms | Sent   864 kB Recv  1191 kB | -
🔶 Pred  121 ms Sync   44 ms | Sent   864 kB Recv  1191 kB |  Drink
🔶 Pred  133 ms Sync   31 ms | Sent   864 kB Recv  1191 kB | :
🔶 Pred  120 ms Sync   24 ms | Sent   864 kB Recv  1191 kB |  Tea
🔶 Pred  121 ms Sync   24 ms | Sent   864 kB Recv  1191 kB |  (
🔶 Pred  167 ms Sync   60 ms | Sent   864 kB Recv  1191 kB | fixed
🔶 Pred  135 ms Sync   34 ms | Sent   864 kB Recv  1191 kB | )

🔶 Pred  144 ms Sync   38 ms | Sent   864 kB Recv  1191 kB | -
🔶 Pred  120 ms Sync   41 ms | Sent   864 kB Recv  1191 kB |  National
🔶 Pred  121 ms Sync   42 ms | Sent   864 kB Recv  1191 kB | ity
🔶 Pred  121 ms Sync   25 ms | Sent   864 kB Recv  1191 kB | :
🔶 Pred  121 ms Sync   41 ms | Sent   864 kB Recv  1191 kB |  ?

🔶 Pred  121 ms Sync   20 ms | Sent   864 kB Recv  1191 kB | -
🔶 Pred  120 ms Sync   30 ms | Sent   864 kB Recv  1191 kB |  Smoke
🔶 Pred  120 ms Sync   29 ms | Sent   864 kB Recv  1191 kB | :
🔶 Pred  121 ms Sync   35 ms | Sent   864 kB Recv  1191 kB |  ?

🔶 Pred  121 ms Sync   21 ms | Sent   864 kB Recv  1191 kB | -
🔶 Pred  120 ms Sync   22 ms | Sent   864 kB Recv  1191 kB |  Pet
🔶 Pred  120 ms Sync   53 ms | Sent   864 kB Recv  1191 kB | :
🔶 Pred  122 ms Sync   18 ms | Sent   864 kB Recv  1191 kB |  ?


🔶 Pred  178 ms Sync   28 ms | Sent   864 kB Recv  1191 kB | Possible
🔶 Pred  141 ms Sync   26 ms | Sent   864 kB Recv  1191 kB |  national
🔶 Pred  120 ms Sync   54 ms | Sent   864 kB Recv  1191 kB | ities
🔶 Pred  161 ms Sync   60 ms | Sent   864 kB Recv  1191 kB | :
🔶 Pred  170 ms Sync   31 ms | Sent   864 kB Recv  1191 kB |  
🔶 Pred  142 ms Sync   41 ms | Sent   864 kB Recv  1191 kB | 3
🔶 Pred  121 ms Sync   19 ms | Sent   864 kB Recv  1191 kB | ,
🔶 Pred  120 ms Sync   21 ms | Sent   864 kB Recv  1191 kB | 4
🔶 Pred  121 ms Sync   26 ms | Sent   864 kB Recv  1191 kB | ,
🔶 Pred  120 ms Sync   28 ms | Sent   864 kB Recv  1191 kB | 5
🔶 Pred  121 ms Sync   30 ms | Sent   864 kB Recv  1191 kB | 

🔶 Pred  122 ms Sync   25 ms | Sent   864 kB Recv  1191 kB | Possible
🔶 Pred  121 ms Sync   53 ms | Sent   864 kB Recv  1191 kB |  drinks
🔶 Pred  122 ms Sync   23 ms | Sent   864 kB Recv  1191 kB | :
🔶 Pred  122 ms Sync   50 ms | Sent   864 kB Recv  1191 kB |  
🔶 Pred  122 ms Sync   19 ms | Sent   864 kB Recv  1191 kB | 1
🔶 Pred  121 ms Sync   23 ms | Sent   864 kB Recv  1191 kB | ,
🔶 Pred  121 ms Sync   25 ms | Sent   864 kB Recv  1191 kB | 3
🔶 Pred  123 ms Sync   49 ms | Sent   864 kB Recv  1191 kB | ,
🔶 Pred  124 ms Sync   21 ms | Sent   864 kB Recv  1191 kB | 4
🔶 Pred  123 ms Sync   25 ms | Sent   864 kB Recv  1191 kB | ,
🔶 Pred  122 ms Sync   30 ms | Sent   864 kB Recv  1191 kB | 5
🔶 Pred  168 ms Sync  100 ms | Sent   864 kB Recv  1191 kB | 

🔶 Pred  123 ms Sync   23 ms | Sent   864 kB Recv  1191 kB | Possible
🔶 Pred  142 ms Sync   42 ms | Sent   864 kB Recv  1191 kB |  sm
🔶 Pred  122 ms Sync   23 ms | Sent   864 kB Recv  1191 kB | okes
🔶 Pred  122 ms Sync   26 ms | Sent   864 kB Recv  1191 kB | :
🔶 Pred  121 ms Sync   25 ms | Sent   864 kB Recv  1191 kB |  
🔶 Pred  121 ms Sync   50 ms | Sent   864 kB Recv  1191 kB | 2
🔶 Pred  120 ms Sync   23 ms | Sent   864 kB Recv  1191 kB | ,
🔶 Pred  143 ms Sync   29 ms | Sent   864 kB Recv  1191 kB | 3
🔶 Pred  165 ms Sync   20 ms | Sent   864 kB Recv  1191 kB | ,
🔶 Pred  121 ms Sync   27 ms | Sent   864 kB Recv  1191 kB | 4
🔶 Pred  121 ms Sync   29 ms | Sent   864 kB Recv  1191 kB | ,
🔶 Pred  121 ms Sync   27 ms | Sent   864 kB Recv  1191 kB | 5
🔶 Pred  121 ms Sync   28 ms | Sent   864 kB Recv  1191 kB | 

🔶 Pred  121 ms Sync   25 ms | Sent   864 kB Recv  1191 kB | Possible
🔶 Pred  120 ms Sync   27 ms | Sent   864 kB Recv  1191 kB |  pets
🔶 Pred  122 ms Sync   54 ms | Sent   864 kB Recv  1191 kB | :
🔶 Pred  121 ms Sync   20 ms | Sent   864 kB Recv  1191 kB |  
🔶 Pred  139 ms Sync   33 ms | Sent   864 kB Recv  1191 kB | 2
🔶 Pred  170 ms Sync   51 ms | Sent   864 kB Recv  1191 kB | ,
🔶 Pred  122 ms Sync   22 ms | Sent   864 kB Recv  1191 kB | 3
🔶 Pred  151 ms Sync   85 ms | Sent   864 kB Recv  1191 kB | ,
🔶 Pred  126 ms Sync   17 ms | Sent   864 kB Recv  1191 kB | 4
🔶 Pred  121 ms Sync   22 ms | Sent   864 kB Recv  1191 kB | ,
🔶 Pred  121 ms Sync   22 ms | Sent   864 kB Recv  1191 kB | 5
🔶 Pred  121 ms Sync   24 ms | Sent   864 kB Recv  1191 kB | 


🔶 Pred  123 ms Sync   20 ms | Sent   864 kB Recv  1191 kB | House
🔶 Pred  123 ms Sync   25 ms | Sent   864 kB Recv  1191 kB |  
🔶 Pred  122 ms Sync   26 ms | Sent   864 kB Recv  1191 kB | 3
🔶 Pred  121 ms Sync   30 ms | Sent   864 kB Recv  1191 kB | :


🔶 Pred  121 ms Sync   29 ms | Sent   864 kB Recv  1191 kB | -
🔶 Pred  122 ms Sync   54 ms | Sent   864 kB Recv  1191 kB |  Smoke
🔶 Pred  121 ms Sync   22 ms | Sent   864 kB Recv  1191 kB | :
🔶 Pred  122 ms Sync   52 ms | Sent   864 kB Recv  1191 kB |  C
🔶 Pred  122 ms Sync   21 ms | Sent   864 kB Recv  1191 kB | igaret
🔶 Pred  121 ms Sync   23 ms | Sent   864 kB Recv  1191 kB | tes
🔶 Pred  121 ms Sync   25 ms | Sent   864 kB Recv  1191 kB |  (
🔶 Pred  175 ms Sync   77 ms | Sent   864 kB Recv  1191 kB | fixed
🔶 Pred  136 ms Sync   29 ms | Sent   864 kB Recv  1191 kB | )

🔶 Pred  211 ms Sync   40 ms | Sent   864 kB Recv  1191 kB | -
🔶 Pred  122 ms Sync   20 ms | Sent   864 kB Recv  1191 kB |  National
🔶 Pred  121 ms Sync   26 ms | Sent   864 kB Recv  1191 kB | ity
🔶 Pred  123 ms Sync   26 ms | Sent   864 kB Recv  1191 kB | :
🔶 Pred  121 ms Sync   26 ms | Sent   864 kB Recv  1191 kB |  ?

🔶 Pred  121 ms Sync   25 ms | Sent   864 kB Recv  1191 kB | -
🔶 Pred  123 ms Sync   32 ms | Sent   864 kB Recv  1191 kB |  Drink
🔶 Pred  123 ms Sync   23 ms | Sent   864 kB Recv  1191 kB | :
🔶 Pred  122 ms Sync   36 ms | Sent   864 kB Recv  1191 kB |  ?

🔶 Pred  123 ms Sync   83 ms | Sent   864 kB Recv  1191 kB | -
🔶 Pred  121 ms Sync   28 ms | Sent   864 kB Recv  1191 kB |  Pet
🔶 Pred  122 ms Sync   29 ms | Sent   864 kB Recv  1191 kB | :
🔶 Pred  123 ms Sync   26 ms | Sent   864 kB Recv  1191 kB |  ?


🔶 Pred  123 ms Sync   21 ms | Sent   864 kB Recv  1191 kB | Possible
🔶 Pred  122 ms Sync   49 ms | Sent   864 kB Recv  1191 kB |  national
🔶 Pred  124 ms Sync   18 ms | Sent   864 kB Recv  1191 kB | ities
🔶 Pred  174 ms Sync   90 ms | Sent   864 kB Recv  1191 kB | :
🔶 Pred  123 ms Sync   19 ms | Sent   864 kB Recv  1191 kB |  
🔶 Pred  144 ms Sync   52 ms | Sent   864 kB Recv  1191 kB | 3
🔶 Pred  122 ms Sync   21 ms | Sent   864 kB Recv  1191 kB | ,
🔶 Pred  121 ms Sync   23 ms | Sent   864 kB Recv  1191 kB | 4
🔶 Pred  122 ms Sync   51 ms | Sent   864 kB Recv  1191 kB | ,
🔶 Pred  123 ms Sync   17 ms | Sent   864 kB Recv  1191 kB | 5
🔶 Pred  122 ms Sync   22 ms | Sent   864 kB Recv  1191 kB | 

🔶 Pred  122 ms Sync   27 ms | Sent   864 kB Recv  1191 kB | Possible
🔶 Pred  121 ms Sync   52 ms | Sent   864 kB Recv  1191 kB |  drinks
🔶 Pred  121 ms Sync   23 ms | Sent   864 kB Recv  1191 kB | :
🔶 Pred  121 ms Sync   27 ms | Sent   864 kB Recv  1191 kB |  
🔶 Pred  121 ms Sync   50 ms | Sent   864 kB Recv  1191 kB | 1
🔶 Pred  121 ms Sync   21 ms | Sent   864 kB Recv  1191 kB | ,
🔶 Pred  123 ms Sync   24 ms | Sent   864 kB Recv  1191 kB | 3
🔶 Pred  208 ms Sync   31 ms | Sent   864 kB Recv  1191 kB | ,
🔶 Pred  123 ms Sync   17 ms | Sent   864 kB Recv  1191 kB | 4
🔶 Pred  121 ms Sync   28 ms | Sent   864 kB Recv  1191 kB | ,
🔶 Pred  147 ms Sync   42 ms | Sent   864 kB Recv  1191 kB | 5
🔶 Pred  143 ms Sync   92 ms | Sent   864 kB Recv  1191 kB | 

🔶 Pred  142 ms Sync   60 ms | Sent   864 kB Recv  1191 kB | Possible
🔶 Pred  123 ms Sync   21 ms | Sent   864 kB Recv  1191 kB |  sm
🔶 Pred  121 ms Sync   29 ms | Sent   864 kB Recv  1191 kB | okes
🔶 Pred  122 ms Sync   25 ms | Sent   864 kB Recv  1191 kB | :
🔶 Pred  121 ms Sync   25 ms | Sent   864 kB Recv  1191 kB |  
🔶 Pred  133 ms Sync   24 ms | Sent   864 kB Recv  1191 kB | 2
🔶 Pred  122 ms Sync   22 ms | Sent   864 kB Recv  1191 kB | ,
🔶 Pred  122 ms Sync   27 ms | Sent   864 kB Recv  1191 kB | 3
🔶 Pred  121 ms Sync   32 ms | Sent   864 kB Recv  1191 kB | ,
🔶 Pred  122 ms Sync   37 ms | Sent   864 kB Recv  1191 kB | 4
🔶 Pred  123 ms Sync   23 ms | Sent   864 kB Recv  1191 kB | ,
🔶 Pred  122 ms Sync   28 ms | Sent   864 kB Recv  1191 kB | 5
🔶 Pred  123 ms Sync   39 ms | Sent   864 kB Recv  1191 kB |  (
🔶 Pred  122 ms Sync   37 ms | Sent   864 kB Recv  1191 kB | but
🔶 Pred  123 ms Sync   21 ms | Sent   864 kB Recv  1191 kB |  smoke
🔶 Pred  122 ms Sync   20 ms | Sent   864 kB Recv  1191 kB |  is
🔶 Pred  122 ms Sync   25 ms | Sent   864 kB Recv  1191 kB |  fixed
🔶 Pred  174 ms Sync   80 ms | Sent   864 kB Recv  1191 kB |  as
🔶 Pred  124 ms Sync   20 ms | Sent   864 kB Recv  1191 kB |  
🔶 Pred  138 ms Sync   48 ms | Sent   864 kB Recv  1191 kB | 1
🔶 Pred  123 ms Sync   25 ms | Sent   864 kB Recv  1191 kB | ,
🔶 Pred  125 ms Sync   27 ms | Sent   864 kB Recv  1191 kB |  so
🔶 Pred  125 ms Sync   26 ms | Sent   864 kB Recv  1191 kB |  remaining
🔶 Pred  122 ms Sync   21 ms | Sent   864 kB Recv  1191 kB |  are
🔶 Pred  123 ms Sync   24 ms | Sent   864 kB Recv  1191 kB |  
🔶 Pred  166 ms Sync   25 ms | Sent   864 kB Recv  1191 kB | 2
🔶 Pred  153 ms Sync   24 ms | Sent   864 kB Recv  1191 kB | ,
🔶 Pred  123 ms Sync   22 ms | Sent   864 kB Recv  1191 kB | 3
🔶 Pred  122 ms Sync   24 ms | Sent   864 kB Recv  1191 kB | ,
🔶 Pred  123 ms Sync   22 ms | Sent   864 kB Recv  1191 kB | 4
🔶 Pred  123 ms Sync   25 ms | Sent   864 kB Recv  1191 kB | ,
🔶 Pred  122 ms Sync   52 ms | Sent   864 kB Recv  1191 kB | 5
🔶 Pred  122 ms Sync   23 ms | Sent   864 kB Recv  1191 kB | )

🔶 Pred  123 ms Sync   28 ms | Sent   864 kB Recv  1191 kB | Possible
🔶 Pred  122 ms Sync   24 ms | Sent   864 kB Recv  1191 kB |  pets
🔶 Pred  137 ms Sync   35 ms | Sent   864 kB Recv  1191 kB | :
🔶 Pred  161 ms Sync   69 ms | Sent   864 kB Recv  1191 kB |  
🔶 Pred  123 ms Sync   61 ms | Sent   864 kB Recv  1191 kB | 2
🔶 Pred  136 ms Sync   25 ms | Sent   864 kB Recv  1191 kB | ,
🔶 Pred  122 ms Sync   23 ms | Sent   864 kB Recv  1191 kB | 3
🔶 Pred  123 ms Sync   22 ms | Sent   864 kB Recv  1191 kB | ,
🔶 Pred  122 ms Sync   24 ms | Sent   864 kB Recv  1191 kB | 4
🔶 Pred  122 ms Sync   28 ms | Sent   864 kB Recv  1191 kB | ,
🔶 Pred  122 ms Sync   27 ms | Sent   864 kB Recv  1191 kB | 5
🔶 Pred  123 ms Sync   24 ms | Sent   864 kB Recv  1191 kB | 


🔶 Pred  122 ms Sync   51 ms | Sent   864 kB Recv  1191 kB | House
🔶 Pred  123 ms Sync   22 ms | Sent   864 kB Recv  1191 kB |  
🔶 Pred  122 ms Sync   27 ms | Sent   864 kB Recv  1191 kB | 4
🔶 Pred  123 ms Sync   20 ms | Sent   864 kB Recv  1191 kB | :


🔶 Pred  123 ms Sync   23 ms | Sent   864 kB Recv  1191 kB | -
🔶 Pred  123 ms Sync   51 ms | Sent   864 kB Recv  1191 kB |  National
🔶 Pred  123 ms Sync   19 ms | Sent   864 kB Recv  1191 kB | ity
🔶 Pred  122 ms Sync   26 ms | Sent   864 kB Recv  1191 kB | :
🔶 Pred  123 ms Sync   25 ms | Sent   864 kB Recv  1191 kB |  French
🔶 Pred  161 ms Sync   78 ms | Sent   864 kB Recv  1191 kB |  (
🔶 Pred  133 ms Sync   41 ms | Sent   864 kB Recv  1191 kB | fixed
🔶 Pred  174 ms Sync   40 ms | Sent   864 kB Recv  1191 kB | )

🔶 Pred  213 ms Sync   32 ms | Sent   864 kB Recv  1191 kB | -
🔶 Pred  123 ms Sync   21 ms | Sent   864 kB Recv  1191 kB |  Drink
🔶 Pred  122 ms Sync   26 ms | Sent   864 kB Recv  1191 kB | :
🔶 Pred  123 ms Sync   47 ms | Sent   864 kB Recv  1191 kB |  ?

🔶 Pred  123 ms Sync   20 ms | Sent   864 kB Recv  1191 kB | -
🔶 Pred  122 ms Sync   20 ms | Sent   864 kB Recv  1191 kB |  Smoke
🔶 Pred  123 ms Sync   29 ms | Sent   864 kB Recv  1191 kB | :
🔶 Pred  134 ms Sync   58 ms | Sent   864 kB Recv  1191 kB |  ?

🔶 Pred  123 ms Sync   20 ms | Sent   864 kB Recv  1191 kB | -
🔶 Pred  123 ms Sync   24 ms | Sent   864 kB Recv  1191 kB |  Pet
🔶 Pred  123 ms Sync   23 ms | Sent   864 kB Recv  1191 kB | :
🔶 Pred  122 ms Sync   54 ms | Sent   864 kB Recv  1191 kB |  ?


🔶 Pred  126 ms Sync   24 ms | Sent   864 kB Recv  1191 kB | Possible
🔶 Pred  124 ms Sync   26 ms | Sent   864 kB Recv  1191 kB |  national
🔶 Pred  123 ms Sync   52 ms | Sent   864 kB Recv  1191 kB | ities
🔶 Pred  182 ms Sync   66 ms | Sent   864 kB Recv  1191 kB | :
🔶 Pred  123 ms Sync   26 ms | Sent   864 kB Recv  1191 kB |  
🔶 Pred  127 ms Sync   68 ms | Sent   864 kB Recv  1191 kB | 3
🔶 Pred  123 ms Sync   19 ms | Sent   864 kB Recv  1191 kB | ,
🔶 Pred  128 ms Sync   24 ms | Sent   864 kB Recv  1191 kB | 4
🔶 Pred  125 ms Sync   21 ms | Sent   864 kB Recv  1191 kB | ,
🔶 Pred  124 ms Sync   26 ms | Sent   864 kB Recv  1191 kB | 5
🔶 Pred  124 ms Sync   22 ms | Sent   864 kB Recv  1191 kB |  (
🔶 Pred  123 ms Sync   26 ms | Sent   864 kB Recv  1191 kB | but
🔶 Pred  122 ms Sync   21 ms | Sent   864 kB Recv  1191 kB |  House
🔶 Pred  123 ms Sync   22 ms | Sent   864 kB Recv  1191 kB |  
🔶 Pred  125 ms Sync   24 ms | Sent   864 kB Recv  1191 kB | 4
🔶 Pred  122 ms Sync   27 ms | Sent   864 kB Recv  1191 kB | 's
🔶 Pred  123 ms Sync   21 ms | Sent   864 kB Recv  1191 kB |  nationality
🔶 Pred  123 ms Sync   24 ms | Sent   864 kB Recv  1191 kB |  is
🔶 Pred  208 ms Sync   21 ms | Sent   864 kB Recv  1191 kB |  French
🔶 Pred  124 ms Sync   28 ms | Sent   864 kB Recv  1191 kB | ,
🔶 Pred  123 ms Sync   39 ms | Sent   864 kB Recv  1191 kB |  which
🔶 Pred  154 ms Sync  132 ms | Sent   864 kB Recv  1191 kB |  is
🔶 Pred  123 ms Sync   20 ms | Sent   864 kB Recv  1191 kB |  
🔶 Pred  142 ms Sync   51 ms | Sent   864 kB Recv  1191 kB | 3
🔶 Pred  124 ms Sync   28 ms | Sent   864 kB Recv  1191 kB | ,
🔶 Pred  123 ms Sync   36 ms | Sent   864 kB Recv  1191 kB |  so
🔶 Pred  123 ms Sync   20 ms | Sent   864 kB Recv  1191 kB |  remaining
🔶 Pred  122 ms Sync   30 ms | Sent   864 kB Recv  1191 kB |  for
🔶 Pred  123 ms Sync   41 ms | Sent   864 kB Recv  1191 kB |  Houses
🔶 Pred  124 ms Sync   21 ms | Sent   864 kB Recv  1191 kB |  
🔶 Pred  123 ms Sync   27 ms | Sent   864 kB Recv  1191 kB | 2
🔶 Pred  123 ms Sync   23 ms | Sent   864 kB Recv  1191 kB | ,
🔶 Pred  124 ms Sync   19 ms | Sent   864 kB Recv  1191 kB | 3
🔶 Pred  123 ms Sync   29 ms | Sent   864 kB Recv  1191 kB | ,
🔶 Pred  122 ms Sync   29 ms | Sent   864 kB Recv  1191 kB | 5
🔶 Pred  123 ms Sync   20 ms | Sent   864 kB Recv  1191 kB |  are
🔶 Pred  123 ms Sync   24 ms | Sent   864 kB Recv  1191 kB |  
🔶 Pred  124 ms Sync   50 ms | Sent   864 kB Recv  1191 kB | 4
🔶 Pred  123 ms Sync   19 ms | Sent   864 kB Recv  1191 kB | ,
🔶 Pred  124 ms Sync   20 ms | Sent   864 kB Recv  1191 kB | 5
🔶 Pred  196 ms Sync   84 ms | Sent   864 kB Recv  1191 kB | ,
🔶 Pred  124 ms Sync   22 ms | Sent   864 kB Recv  1191 kB |  but
🔶 Pred  134 ms Sync   57 ms | Sent   864 kB Recv  1191 kB |  wait
🔶 Pred  122 ms Sync   31 ms | Sent   864 kB Recv  1191 kB | ,
🔶 Pred  124 ms Sync   22 ms | Sent   864 kB Recv  1191 kB |  House
🔶 Pred  123 ms Sync   28 ms | Sent   864 kB Recv  1191 kB |  
🔶 Pred  123 ms Sync   26 ms | Sent   864 kB Recv  1191 kB | 4
🔶 Pred  123 ms Sync   24 ms | Sent   864 kB Recv  1191 kB | 's
🔶 Pred  205 ms Sync   20 ms | Sent   864 kB Recv  1191 kB |  nationality
🔶 Pred  124 ms Sync   21 ms | Sent   864 kB Recv  1191 kB |  is
🔶 Pred  127 ms Sync   20 ms | Sent   864 kB Recv  1191 kB |  fixed
🔶 Pred  125 ms Sync   24 ms | Sent   864 kB Recv  1191 kB |  as
🔶 Pred  125 ms Sync   51 ms | Sent   864 kB Recv  1191 kB |  French
🔶 Pred  124 ms Sync   23 ms | Sent   864 kB Recv  1191 kB |  (
🔶 Pred  124 ms Sync   28 ms | Sent   864 kB Recv  1191 kB | 3
🔶 Pred  124 ms Sync   26 ms | Sent   864 kB Recv  1191 kB | ),
🔶 Pred  123 ms Sync   22 ms | Sent   864 kB Recv  1191 kB |  so
🔶 Pred  140 ms Sync   30 ms | Sent   864 kB Recv  1191 kB |  the
🔶 Pred  183 ms Sync   58 ms | Sent   864 kB Recv  1191 kB |  remaining
🔶 Pred  124 ms Sync   21 ms | Sent   864 kB Recv  1191 kB |  national
🔶 Pred  146 ms Sync   45 ms | Sent   864 kB Recv  1191 kB | ities
🔶 Pred  124 ms Sync   22 ms | Sent   864 kB Recv  1191 kB |  for
🔶 Pred  123 ms Sync   30 ms | Sent   864 kB Recv  1191 kB |  Houses
🔶 Pred  123 ms Sync   24 ms | Sent   864 kB Recv  1191 kB |  
🔶 Pred  123 ms Sync   23 ms | Sent   864 kB Recv  1191 kB | 2
🔶 Pred  124 ms Sync   24 ms | Sent   864 kB Recv  1191 kB | ,
🔶 Pred  123 ms Sync   28 ms | Sent   864 kB Recv  1191 kB | 3
🔶 Pred  123 ms Sync   23 ms | Sent   864 kB Recv  1191 kB | ,
🔶 Pred  123 ms Sync   26 ms | Sent   864 kB Recv  1191 kB | 5
🔶 Pred  125 ms Sync   49 ms | Sent   864 kB Recv  1191 kB |  are
🔶 Pred  124 ms Sync   20 ms | Sent   864 kB Recv  1191 kB |  
🔶 Pred  124 ms Sync   25 ms | Sent   864 kB Recv  1191 kB | 4
🔶 Pred  124 ms Sync   24 ms | Sent   864 kB Recv  1191 kB | ,
🔶 Pred  124 ms Sync   48 ms | Sent   864 kB Recv  1191 kB | 5
🔶 Pred  126 ms Sync   18 ms | Sent   864 kB Recv  1191 kB | ,
🔶 Pred  123 ms Sync   25 ms | Sent   864 kB Recv  1191 kB |  and
🔶 Pred  124 ms Sync   26 ms | Sent   864 kB Recv  1191 kB |  
🔶 Pred  209 ms Sync   76 ms | Sent   864 kB Recv  1191 kB | 1
🔶 Pred  145 ms Sync   31 ms | Sent   864 kB Recv  1191 kB | ?
🔶 Pred  189 ms Sync   26 ms | Sent   864 kB Recv  1191 kB |  Wait
🔶 Pred  125 ms Sync   21 ms | Sent   864 kB Recv  1191 kB | ,
🔶 Pred  124 ms Sync   25 ms | Sent   864 kB Recv  1191 kB |  no
🔶 Pred  124 ms Sync   23 ms | Sent   864 kB Recv  1191 kB | ,
🔶 Pred  124 ms Sync   27 ms | Sent   864 kB Recv  1191 kB |  House
🔶 Pred  125 ms Sync   23 ms | Sent   864 kB Recv  1191 kB |  
🔶 Pred  123 ms Sync   26 ms | Sent   864 kB Recv  1191 kB | 1
🔶 Pred  124 ms Sync   23 ms | Sent   864 kB Recv  1191 kB |  is
🔶 Pred  125 ms Sync   24 ms | Sent   864 kB Recv  1191 kB |  American
🔶 Pred  123 ms Sync   25 ms | Sent   864 kB Recv  1191 kB |  (
🔶 Pred  124 ms Sync   27 ms | Sent   864 kB Recv  1191 kB | 1
🔶 Pred  125 ms Sync   22 ms | Sent   864 kB Recv  1191 kB | ),
🔶 Pred  124 ms Sync   54 ms | Sent   864 kB Recv  1191 kB |  House
🔶 Pred  127 ms Sync   18 ms | Sent   864 kB Recv  1191 kB |  
🔶 Pred  124 ms Sync   23 ms | Sent   864 kB Recv  1191 kB | 4
🔶 Pred  124 ms Sync   24 ms | Sent   864 kB Recv  1191 kB |  is
🔶 Pred  183 ms Sync  102 ms | Sent   864 kB Recv  1191 kB |  French
🔶 Pred  125 ms Sync   27 ms | Sent   864 kB Recv  1191 kB |  (
🔶 Pred  150 ms Sync   60 ms | Sent   864 kB Recv  1191 kB | 3
🔶 Pred  124 ms Sync   23 ms | Sent   864 kB Recv  1191 kB | ),
🔶 Pred  128 ms Sync   23 ms | Sent   864 kB Recv  1191 kB |  so
🔶 Pred  125 ms Sync   37 ms | Sent   864 kB Recv  1191 kB |  remaining
🔶 Pred  127 ms Sync   21 ms | Sent   864 kB Recv  1191 kB |  national
🔶 Pred  125 ms Sync   26 ms | Sent   864 kB Recv  1191 kB | ities
🔶 Pred  125 ms Sync   24 ms | Sent   864 kB Recv  1191 kB |  for
🔶 Pred  125 ms Sync   22 ms | Sent   864 kB Recv  1191 kB |  Houses
🔶 Pred  125 ms Sync   22 ms | Sent   864 kB Recv  1191 kB |  
🔶 Pred  124 ms Sync   39 ms | Sent   864 kB Recv  1191 kB | 2
🔶 Pred  125 ms Sync   27 ms | Sent   864 kB Recv  1191 kB | ,
🔶 Pred  124 ms Sync   30 ms | Sent   864 kB Recv  1191 kB | 3
🔶 Pred  169 ms Sync   22 ms | Sent   864 kB Recv  1191 kB | ,
🔶 Pred  164 ms Sync   17 ms | Sent   864 kB Recv  1191 kB | 5
🔶 Pred  124 ms Sync   21 ms | Sent   864 kB Recv  1191 kB |  are
🔶 Pred  125 ms Sync   21 ms | Sent   864 kB Recv  1191 kB |  
🔶 Pred  167 ms Sync  110 ms | Sent   864 kB Recv  1191 kB | 2
🔶 Pred  129 ms Sync   29 ms | Sent   864 kB Recv  1191 kB | ,
🔶 Pred  148 ms Sync   48 ms | Sent   864 kB Recv  1191 kB | 4
🔶 Pred  124 ms Sync   24 ms | Sent   864 kB Recv  1191 kB | ,
🔶 Pred  125 ms Sync   49 ms | Sent   864 kB Recv  1191 kB | 5
🔶 Pred  124 ms Sync   22 ms | Sent   864 kB Recv  1191 kB | .
🔶 Pred  124 ms Sync   27 ms | Sent   864 kB Recv  1191 kB |  Wait
🔶 Pred  124 ms Sync   26 ms | Sent   864 kB Recv  1191 kB | ,
🔶 Pred  124 ms Sync   30 ms | Sent   864 kB Recv  1191 kB |  but
🔶 Pred  125 ms Sync   20 ms | Sent   864 kB Recv  1191 kB |  earlier
🔶 Pred  124 ms Sync   24 ms | Sent   864 kB Recv  1191 kB |  I
🔶 Pred  124 ms Sync   23 ms | Sent   864 kB Recv  1191 kB |  thought
🔶 Pred  125 ms Sync   21 ms | Sent   864 kB Recv  1191 kB |  national
🔶 Pred  125 ms Sync   42 ms | Sent   864 kB Recv  1191 kB | ities
🔶 Pred  126 ms Sync   30 ms | Sent   864 kB Recv  1191 kB |  are
🔶 Pred  126 ms Sync   22 ms | Sent   864 kB Recv  1191 kB |  
🔶 Pred  125 ms Sync   52 ms | Sent   864 kB Recv  1191 kB | 1
🔶 Pred  125 ms Sync   26 ms | Sent   864 kB Recv  1191 kB | -
🔶 Pred  143 ms Sync   61 ms | Sent   864 kB Recv  1191 kB | 5
🔶 Pred  147 ms Sync   48 ms | Sent   864 kB Recv  1191 kB | ,
🔶 Pred  145 ms Sync   54 ms | Sent   864 kB Recv  1191 kB |  with
🔶 Pred  125 ms Sync   19 ms | Sent   864 kB Recv  1191 kB |  
🔶 Pred  124 ms Sync   23 ms | Sent   864 kB Recv  1191 kB | 1
🔶 Pred  125 ms Sync   20 ms | Sent   864 kB Recv  1191 kB | =
🔶 Pred  125 ms Sync   20 ms | Sent   864 kB Recv  1191 kB | American
🔶 Pred  125 ms Sync   25 ms | Sent   864 kB Recv  1191 kB | ,
🔶 Pred  144 ms Sync   20 ms | Sent   864 kB Recv  1191 kB |  
🔶 Pred  187 ms Sync   19 ms | Sent   864 kB Recv  1191 kB | 2
🔶 Pred  125 ms Sync   22 ms | Sent   864 kB Recv  1191 kB | =
🔶 Pred  125 ms Sync   27 ms | Sent   864 kB Recv  1191 kB | British
🔶 Pred  125 ms Sync   50 ms | Sent   864 kB Recv  1191 kB | ,
🔶 Pred  126 ms Sync   19 ms | Sent   864 kB Recv  1191 kB |  
🔶 Pred  127 ms Sync   23 ms | Sent   864 kB Recv  1191 kB | 3
🔶 Pred  125 ms Sync   22 ms | Sent   864 kB Recv  1191 kB | =
🔶 Pred  125 ms Sync   28 ms | Sent   864 kB Recv  1191 kB | French
🔶 Pred  126 ms Sync   53 ms | Sent   864 kB Recv  1191 kB | ,
🔶 Pred  146 ms Sync   28 ms | Sent   864 kB Recv  1191 kB |  
🔶 Pred  159 ms Sync   77 ms | Sent   864 kB Recv  1191 kB | 4
🔶 Pred  146 ms Sync   36 ms | Sent   864 kB Recv  1191 kB | =
🔶 Pred  126 ms Sync   22 ms | Sent   864 kB Recv  1191 kB | German
🔶 Pred  125 ms Sync   26 ms | Sent   864 kB Recv  1191 kB | ,
🔶 Pred  125 ms Sync   23 ms | Sent   864 kB Recv  1191 kB |  
🔶 Pred  125 ms Sync   26 ms | Sent   864 kB Recv  1191 kB | 5
🔶 Pred  127 ms Sync   18 ms | Sent   864 kB Recv  1191 kB | =
🔶 Pred  133 ms Sync   31 ms | Sent   864 kB Recv  1191 kB | Italian
🔶 Pred  126 ms Sync   35 ms | Sent   864 kB Recv  1191 kB | .


🔶 Pred  124 ms Sync   23 ms | Sent   864 kB Recv  1191 kB | So
🔶 Pred  125 ms Sync   26 ms | Sent   864 kB Recv  1191 kB | ,
🔶 Pred  125 ms Sync   23 ms | Sent   864 kB Recv  1191 kB |  House
🔶 Pred  124 ms Sync   26 ms | Sent   864 kB Recv  1191 kB |  
🔶 Pred  127 ms Sync   25 ms | Sent   864 kB Recv  1191 kB | 1
🔶 Pred  126 ms Sync   25 ms | Sent   864 kB Recv  1191 kB | :
🔶 Pred  126 ms Sync   22 ms | Sent   864 kB Recv  1191 kB |  
🔶 Pred  126 ms Sync   24 ms | Sent   864 kB Recv  1191 kB | 1
🔶 Pred  126 ms Sync   23 ms | Sent   864 kB Recv  1191 kB |  (
🔶 Pred  173 ms Sync  104 ms | Sent   864 kB Recv  1191 kB | American
🔶 Pred  125 ms Sync   19 ms | Sent   864 kB Recv  1191 kB | )

🔶 Pred  219 ms Sync   39 ms | Sent   864 kB Recv  1191 kB | House
🔶 Pred  125 ms Sync   21 ms | Sent   864 kB Recv  1191 kB |  
🔶 Pred  137 ms Sync   33 ms | Sent   864 kB Recv  1191 kB | 4
🔶 Pred  126 ms Sync   19 ms | Sent   864 kB Recv  1191 kB | :
🔶 Pred  125 ms Sync   20 ms | Sent   864 kB Recv  1191 kB |  
🔶 Pred  126 ms Sync   21 ms | Sent   864 kB Recv  1191 kB | 3
🔶 Pred  125 ms Sync   27 ms | Sent   864 kB Recv  1191 kB |  (
🔶 Pred  125 ms Sync   21 ms | Sent   864 kB Recv  1191 kB | French
🔶 Pred  125 ms Sync   26 ms | Sent   864 kB Recv  1191 kB | )

🔶 Pred  125 ms Sync   26 ms | Sent   864 kB Recv  1191 kB | Thus
🔶 Pred  125 ms Sync   28 ms | Sent   864 kB Recv  1191 kB | ,
🔶 Pred  126 ms Sync   21 ms | Sent   864 kB Recv  1191 kB |  remaining
🔶 Pred  125 ms Sync   26 ms | Sent   864 kB Recv  1191 kB |  national
🔶 Pred  126 ms Sync   25 ms | Sent   864 kB Recv  1191 kB | ities
🔶 Pred  125 ms Sync   29 ms | Sent   864 kB Recv  1191 kB |  for
🔶 Pred  126 ms Sync   27 ms | Sent   864 kB Recv  1191 kB |  Houses
🔶 Pred  152 ms Sync   57 ms | Sent   864 kB Recv  1191 kB |  
🔶 Pred  150 ms Sync   52 ms | Sent   864 kB Recv  1191 kB | 2
🔶 Pred  143 ms Sync   54 ms | Sent   864 kB Recv  1191 kB | ,
🔶 Pred  126 ms Sync   25 ms | Sent   864 kB Recv  1191 kB | 3
🔶 Pred  126 ms Sync   22 ms | Sent   864 kB Recv  1191 kB | ,
🔶 Pred  125 ms Sync   30 ms | Sent   864 kB Recv  1191 kB | 5
🔶 Pred  125 ms Sync   20 ms | Sent   864 kB Recv  1191 kB | :
🔶 Pred  126 ms Sync   20 ms | Sent   864 kB Recv  1191 kB |  
🔶 Pred  126 ms Sync   29 ms | Sent   864 kB Recv  1191 kB | 2
🔶 Pred  127 ms Sync   28 ms | Sent   864 kB Recv  1191 kB | ,
🔶 Pred  126 ms Sync   24 ms | Sent   864 kB Recv  1191 kB | 4
🔶 Pred  127 ms Sync   53 ms | Sent   864 kB Recv  1191 kB | ,
🔶 Pred  126 ms Sync   23 ms | Sent   864 kB Recv  1191 kB | 5
🔶 Pred  128 ms Sync   24 ms | Sent   864 kB Recv  1191 kB |  (
🔶 Pred  126 ms Sync   21 ms | Sent   864 kB Recv  1191 kB | British
🔶 Pred  213 ms Sync   17 ms | Sent   864 kB Recv  1191 kB | ,
🔶 Pred  126 ms Sync   20 ms | Sent   864 kB Recv  1191 kB |  German
🔶 Pred  126 ms Sync   52 ms | Sent   864 kB Recv  1191 kB | ,
🔶 Pred  179 ms Sync   87 ms | Sent   864 kB Recv  1191 kB |  Italian
🔶 Pred  125 ms Sync   23 ms | Sent   864 kB Recv  1191 kB | )


🔶 Pred  143 ms Sync   53 ms | Sent   864 kB Recv  1191 kB | Similarly
🔶 Pred  126 ms Sync   23 ms | Sent   864 kB Recv  1191 kB | ,
🔶 Pred  126 ms Sync   51 ms | Sent   864 kB Recv  1191 kB |  for
🔶 Pred  125 ms Sync   19 ms | Sent   864 kB Recv  1191 kB |  drinks
🔶 Pred  125 ms Sync   28 ms | Sent   864 kB Recv  1191 kB | :


🔶 Pred  126 ms Sync   27 ms | Sent   864 kB Recv  1191 kB | House
🔶 Pred  127 ms Sync   24 ms | Sent   864 kB Recv  1191 kB |  
🔶 Pred  127 ms Sync   23 ms | Sent   864 kB Recv  1191 kB | 2
🔶 Pred  125 ms Sync   24 ms | Sent   864 kB Recv  1191 kB | :
🔶 Pred  126 ms Sync   26 ms | Sent   864 kB Recv  1191 kB |  
🔶 Pred  127 ms Sync   18 ms | Sent   864 kB Recv  1191 kB | 2
🔶 Pred  126 ms Sync   22 ms | Sent   864 kB Recv  1191 kB |  (
🔶 Pred  126 ms Sync   47 ms | Sent   864 kB Recv  1191 kB | tea
🔶 Pred  126 ms Sync   18 ms | Sent   864 kB Recv  1191 kB | )

🔶 Pred  125 ms Sync   53 ms | Sent   864 kB Recv  1191 kB | Thus
🔶 Pred  126 ms Sync   20 ms | Sent   864 kB Recv  1191 kB | ,
🔶 Pred  143 ms Sync   29 ms | Sent   864 kB Recv  1191 kB |  remaining
🔶 Pred  168 ms Sync   66 ms | Sent   864 kB Recv  1191 kB |  drinks
🔶 Pred  132 ms Sync   29 ms | Sent   864 kB Recv  1191 kB |  for
🔶 Pred  130 ms Sync   36 ms | Sent   864 kB Recv  1191 kB |  Houses
🔶 Pred  126 ms Sync   18 ms | Sent   864 kB Recv  1191 kB |  
🔶 Pred  125 ms Sync   24 ms | Sent   864 kB Recv  1191 kB | 1
🔶 Pred  126 ms Sync   28 ms | Sent   864 kB Recv  1191 kB | ,
🔶 Pred  126 ms Sync   44 ms | Sent   864 kB Recv  1191 kB | 3
🔶 Pred  138 ms Sync   29 ms | Sent   864 kB Recv  1191 kB | ,
🔶 Pred  181 ms Sync   30 ms | Sent   864 kB Recv  1191 kB | 4
🔶 Pred  127 ms Sync   19 ms | Sent   864 kB Recv  1191 kB | ,
🔶 Pred  127 ms Sync   22 ms | Sent   864 kB Recv  1191 kB | 5
🔶 Pred  126 ms Sync   33 ms | Sent   864 kB Recv  1191 kB | :
🔶 Pred  126 ms Sync   52 ms | Sent   864 kB Recv  1191 kB |  
🔶 Pred  128 ms Sync   17 ms | Sent   864 kB Recv  1191 kB | 1
🔶 Pred  128 ms Sync   21 ms | Sent   864 kB Recv  1191 kB | ,
🔶 Pred  130 ms Sync   17 ms | Sent   864 kB Recv  1191 kB | 3
🔶 Pred  129 ms Sync   17 ms | Sent   864 kB Recv  1191 kB | ,
🔶 Pred  126 ms Sync   25 ms | Sent   864 kB Recv  1191 kB | 4
🔶 Pred  183 ms Sync   90 ms | Sent   864 kB Recv  1191 kB | ,
🔶 Pred  128 ms Sync   19 ms | Sent   864 kB Recv  1191 kB | 5
🔶 Pred  154 ms Sync   36 ms | Sent   864 kB Recv  1191 kB | 


🔶 Pred  127 ms Sync   18 ms | Sent   864 kB Recv  1191 kB | For
🔶 Pred  129 ms Sync   24 ms | Sent   864 kB Recv  1191 kB |  sm
🔶 Pred  128 ms Sync   27 ms | Sent   864 kB Recv  1191 kB | okes
🔶 Pred  129 ms Sync   22 ms | Sent   864 kB Recv  1191 kB | :


🔶 Pred  127 ms Sync   29 ms | Sent   864 kB Recv  1191 kB | House
🔶 Pred  127 ms Sync   38 ms | Sent   864 kB Recv  1191 kB |  
🔶 Pred  127 ms Sync   19 ms | Sent   864 kB Recv  1191 kB | 3
🔶 Pred  130 ms Sync   27 ms | Sent   864 kB Recv  1191 kB | :
🔶 Pred  126 ms Sync   28 ms | Sent   864 kB Recv  1191 kB |  
🔶 Pred  127 ms Sync   23 ms | Sent   864 kB Recv  1191 kB | 1
🔶 Pred  129 ms Sync   19 ms | Sent   864 kB Recv  1191 kB |  (
🔶 Pred  126 ms Sync   29 ms | Sent   864 kB Recv  1191 kB | c
🔶 Pred  127 ms Sync   21 ms | Sent   864 kB Recv  1191 kB | igaret
🔶 Pred  126 ms Sync   25 ms | Sent   864 kB Recv  1191 kB | tes
🔶 Pred  127 ms Sync   23 ms | Sent   864 kB Recv  1191 kB | )

🔶 Pred  188 ms Sync   73 ms | Sent   864 kB Recv  1191 kB | Thus
🔶 Pred  127 ms Sync   21 ms | Sent   864 kB Recv  1191 kB | ,
🔶 Pred  217 ms Sync   42 ms | Sent   864 kB Recv  1191 kB |  remaining
🔶 Pred  128 ms Sync   21 ms | Sent   864 kB Recv  1191 kB |  sm
🔶 Pred  127 ms Sync   22 ms | Sent   864 kB Recv  1191 kB | okes
🔶 Pred  126 ms Sync   30 ms | Sent   864 kB Recv  1191 kB |  for
🔶 Pred  127 ms Sync   25 ms | Sent   864 kB Recv  1191 kB |  Houses
🔶 Pred  128 ms Sync   20 ms | Sent   864 kB Recv  1191 kB |  
🔶 Pred  127 ms Sync   23 ms | Sent   864 kB Recv  1191 kB | 1
🔶 Pred  126 ms Sync   22 ms | Sent   864 kB Recv  1191 kB | ,
🔶 Pred  126 ms Sync   28 ms | Sent   864 kB Recv  1191 kB | 2
🔶 Pred  127 ms Sync   21 ms | Sent   864 kB Recv  1191 kB | ,
🔶 Pred  125 ms Sync   50 ms | Sent   864 kB Recv  1191 kB | 4
🔶 Pred  129 ms Sync   17 ms | Sent   864 kB Recv  1191 kB | ,
🔶 Pred  127 ms Sync   23 ms | Sent   864 kB Recv  1191 kB | 5
🔶 Pred  127 ms Sync   29 ms | Sent   864 kB Recv  1191 kB | :
🔶 Pred  128 ms Sync   20 ms | Sent   864 kB Recv  1191 kB |  
🔶 Pred  126 ms Sync   52 ms | Sent   864 kB Recv  1191 kB | 2
🔶 Pred  165 ms Sync   41 ms | Sent   864 kB Recv  1191 kB | ,
🔶 Pred  181 ms Sync   34 ms | Sent   864 kB Recv  1191 kB | 3
🔶 Pred  148 ms Sync   53 ms | Sent   864 kB Recv  1191 kB | ,
🔶 Pred  128 ms Sync   22 ms | Sent   864 kB Recv  1191 kB | 4
🔶 Pred  128 ms Sync   20 ms | Sent   864 kB Recv  1191 kB | ,
🔶 Pred  126 ms Sync   26 ms | Sent   864 kB Recv  1191 kB | 5
🔶 Pred  127 ms Sync   26 ms | Sent   864 kB Recv  1191 kB | 


🔶 Pred  127 ms Sync   24 ms | Sent   864 kB Recv  1191 kB | For
🔶 Pred  128 ms Sync   21 ms | Sent   864 kB Recv  1191 kB |  pets
🔶 Pred  126 ms Sync   26 ms | Sent   864 kB Recv  1191 kB | :


🔶 Pred  127 ms Sync   21 ms | Sent   864 kB Recv  1191 kB | House
🔶 Pred  126 ms Sync   51 ms | Sent   864 kB Recv  1191 kB |  
🔶 Pred  127 ms Sync   21 ms | Sent   864 kB Recv  1191 kB | 5
🔶 Pred  127 ms Sync   29 ms | Sent   864 kB Recv  1191 kB | :
🔶 Pred  160 ms Sync   42 ms | Sent   864 kB Recv  1191 kB |  
🔶 Pred  169 ms Sync   24 ms | Sent   864 kB Recv  1191 kB | 1
🔶 Pred  128 ms Sync   23 ms | Sent   864 kB Recv  1191 kB |  (
🔶 Pred  130 ms Sync   26 ms | Sent   864 kB Recv  1191 kB | dog
🔶 Pred  188 ms Sync   91 ms | Sent   864 kB Recv  1191 kB | )

🔶 Pred  128 ms Sync   17 ms | Sent   864 kB Recv  1191 kB | Thus
🔶 Pred  149 ms Sync   68 ms | Sent   864 kB Recv  1191 kB | ,
🔶 Pred  128 ms Sync   17 ms | Sent   864 kB Recv  1191 kB |  remaining
🔶 Pred  127 ms Sync   43 ms | Sent   864 kB Recv  1191 kB |  pets
🔶 Pred  128 ms Sync   27 ms | Sent   864 kB Recv  1191 kB |  for
🔶 Pred  127 ms Sync   19 ms | Sent   864 kB Recv  1191 kB |  Houses
🔶 Pred  128 ms Sync   24 ms | Sent   864 kB Recv  1191 kB |  
🔶 Pred  126 ms Sync   24 ms | Sent   864 kB Recv  1191 kB | 1
🔶 Pred  128 ms Sync   20 ms | Sent   864 kB Recv  1191 kB | ,
🔶 Pred  127 ms Sync   57 ms | Sent   864 kB Recv  1191 kB | 2
🔶 Pred  128 ms Sync   16 ms | Sent   864 kB Recv  1191 kB | ,
🔶 Pred  131 ms Sync   20 ms | Sent   864 kB Recv  1191 kB | 3
🔶 Pred  128 ms Sync   21 ms | Sent   864 kB Recv  1191 kB | ,
🔶 Pred  129 ms Sync   19 ms | Sent   864 kB Recv  1191 kB | 4
🔶 Pred  128 ms Sync   27 ms | Sent   864 kB Recv  1191 kB | :
🔶 Pred  126 ms Sync   21 ms | Sent   864 kB Recv  1191 kB |  
🔶 Pred  126 ms Sync   28 ms | Sent   864 kB Recv  1191 kB | 2
🔶 Pred  167 ms Sync  110 ms | Sent   864 kB Recv  1191 kB | ,
🔶 Pred  142 ms Sync   17 ms | Sent   864 kB Recv  1191 kB | 3
🔶 Pred  147 ms Sync   58 ms | Sent   864 kB Recv  1191 kB | ,
🔶 Pred  134 ms Sync   17 ms | Sent   864 kB Recv  1191 kB | 4
🔶 Pred  127 ms Sync   21 ms | Sent   864 kB Recv  1191 kB | ,
🔶 Pred  127 ms Sync   23 ms | Sent   864 kB Recv  1191 kB | 5
🔶 Pred  128 ms Sync   24 ms | Sent   864 kB Recv  1191 kB | 


🔶 Pred  128 ms Sync   21 ms | Sent   864 kB Recv  1191 kB | Now
🔶 Pred  200 ms Sync   28 ms | Sent   864 kB Recv  1191 kB | ,
🔶 Pred  128 ms Sync   23 ms | Sent   864 kB Recv  1191 kB |  let
🔶 Pred  127 ms Sync   32 ms | Sent   864 kB Recv  1191 kB | 's
🔶 Pred  128 ms Sync   38 ms | Sent   864 kB Recv  1191 kB |  try
🔶 Pred  128 ms Sync   24 ms | Sent   864 kB Recv  1191 kB |  to
🔶 Pred  127 ms Sync   20 ms | Sent   864 kB Recv  1191 kB |  assign
🔶 Pred  127 ms Sync   28 ms | Sent   864 kB Recv  1191 kB |  step
🔶 Pred  128 ms Sync   21 ms | Sent   864 kB Recv  1191 kB |  by
🔶 Pred  127 ms Sync   27 ms | Sent   864 kB Recv  1191 kB |  step
🔶 Pred  127 ms Sync   30 ms | Sent   864 kB Recv  1191 kB | .


🔶 Pred  187 ms Sync   83 ms | Sent   864 kB Recv  1191 kB | Let
🔶 Pred  128 ms Sync   24 ms | Sent   864 kB Recv  1191 kB | 's
🔶 Pred  148 ms Sync   56 ms | Sent   864 kB Recv  1191 kB |  start
🔶 Pred  127 ms Sync   28 ms | Sent   864 kB Recv  1191 kB |  with
🔶 Pred  128 ms Sync   23 ms | Sent   864 kB Recv  1191 kB |  House
🔶 Pred  127 ms Sync   31 ms | Sent   864 kB Recv  1191 kB |  
🔶 Pred  128 ms Sync   27 ms | Sent   864 kB Recv  1191 kB | 2
🔶 Pred  128 ms Sync   23 ms | Sent   864 kB Recv  1191 kB | ,
🔶 Pred  128 ms Sync   23 ms | Sent   864 kB Recv  1191 kB |  since
🔶 Pred  128 ms Sync   22 ms | Sent   864 kB Recv  1191 kB |  we
🔶 Pred  131 ms Sync   56 ms | Sent   864 kB Recv  1191 kB |  know
🔶 Pred  132 ms Sync   21 ms | Sent   864 kB Recv  1191 kB |  its
🔶 Pred  128 ms Sync   21 ms | Sent   864 kB Recv  1191 kB |  drink
🔶 Pred  127 ms Sync   26 ms | Sent   864 kB Recv  1191 kB |  is
🔶 Pred  128 ms Sync   26 ms | Sent   864 kB Recv  1191 kB |  tea
🔶 Pred  128 ms Sync   28 ms | Sent   864 kB Recv  1191 kB |  (
🔶 Pred  127 ms Sync   28 ms | Sent   864 kB Recv  1191 kB | 2
🔶 Pred  127 ms Sync   23 ms | Sent   864 kB Recv  1191 kB | ).


🔶 Pred  196 ms Sync   93 ms | Sent   864 kB Recv  1191 kB | House
🔶 Pred  148 ms Sync   19 ms | Sent   864 kB Recv  1191 kB |  
🔶 Pred  213 ms Sync   26 ms | Sent   864 kB Recv  1191 kB | 2
🔶 Pred  128 ms Sync   23 ms | Sent   864 kB Recv  1191 kB | :
🔶 Pred  129 ms Sync   26 ms | Sent   864 kB Recv  1191 kB |  Drink
🔶 Pred  130 ms Sync   26 ms | Sent   864 kB Recv  1191 kB | =
🔶 Pred  130 ms Sync   24 ms | Sent   864 kB Recv  1191 kB | 2
🔶 Pred  128 ms Sync   23 ms | Sent   864 kB Recv  1191 kB |  (
🔶 Pred  129 ms Sync   21 ms | Sent   864 kB Recv  1191 kB | tea
🔶 Pred  129 ms Sync   51 ms | Sent   864 kB Recv  1191 kB | )


🔶 Pred  127 ms Sync   23 ms | Sent   864 kB Recv  1191 kB | Now
🔶 Pred  128 ms Sync   21 ms | Sent   864 kB Recv  1191 kB | ,
🔶 Pred  128 ms Sync   24 ms | Sent   864 kB Recv  1191 kB |  House
🔶 Pred  128 ms Sync   28 ms | Sent   864 kB Recv  1191 kB |  
🔶 Pred  127 ms Sync   41 ms | Sent   864 kB Recv  1191 kB | 2
🔶 Pred  128 ms Sync   32 ms | Sent   864 kB Recv  1191 kB | 's
🔶 Pred  127 ms Sync   26 ms | Sent   864 kB Recv  1191 kB |  nationality
🔶 Pred  127 ms Sync   31 ms | Sent   864 kB Recv  1191 kB |  must
🔶 Pred  189 ms Sync   85 ms | Sent   864 kB Recv  1191 kB |  be
🔶 Pred  139 ms Sync   36 ms | Sent   864 kB Recv  1191 kB |  one
🔶 Pred  137 ms Sync   39 ms | Sent   864 kB Recv  1191 kB |  of
🔶 Pred  128 ms Sync   27 ms | Sent   864 kB Recv  1191 kB |  
🔶 Pred  128 ms Sync   22 ms | Sent   864 kB Recv  1191 kB | 2
🔶 Pred  128 ms Sync   24 ms | Sent   864 kB Recv  1191 kB | ,
🔶 Pred  128 ms Sync   28 ms | Sent   864 kB Recv  1191 kB | 4
🔶 Pred  128 ms Sync   30 ms | Sent   864 kB Recv  1191 kB | ,
🔶 Pred  127 ms Sync   26 ms | Sent   864 kB Recv  1191 kB | 5
🔶 Pred  127 ms Sync   31 ms | Sent   864 kB Recv  1191 kB |  (
🔶 Pred  128 ms Sync   24 ms | Sent   864 kB Recv  1191 kB | British
🔶 Pred  128 ms Sync   33 ms | Sent   864 kB Recv  1191 kB | ,
🔶 Pred  129 ms Sync   40 ms | Sent   864 kB Recv  1191 kB |  German
🔶 Pred  154 ms Sync   29 ms | Sent   864 kB Recv  1191 kB | ,
🔶 Pred  170 ms Sync   36 ms | Sent   864 kB Recv  1191 kB |  Italian
🔶 Pred  129 ms Sync   19 ms | Sent   864 kB Recv  1191 kB | )


🔶 Pred  128 ms Sync   27 ms | Sent   864 kB Recv  1191 kB | Similarly
🔶 Pred  189 ms Sync   99 ms | Sent   864 kB Recv  1191 kB | ,
🔶 Pred  130 ms Sync   19 ms | Sent   864 kB Recv  1191 kB |  House
🔶 Pred  149 ms Sync   54 ms | Sent   864 kB Recv  1191 kB |  
🔶 Pred  129 ms Sync   25 ms | Sent   864 kB Recv  1191 kB | 2
🔶 Pred  130 ms Sync   54 ms | Sent   864 kB Recv  1191 kB | 's
🔶 Pred  132 ms Sync   19 ms | Sent   864 kB Recv  1191 kB |  smoke
🔶 Pred  130 ms Sync   18 ms | Sent   864 kB Recv  1191 kB |  must
🔶 Pred  129 ms Sync   28 ms | Sent   864 kB Recv  1191 kB |  be
🔶 Pred  129 ms Sync   29 ms | Sent   864 kB Recv  1191 kB |  one
🔶 Pred  129 ms Sync   23 ms | Sent   864 kB Recv  1191 kB |  of
🔶 Pred  129 ms Sync   25 ms | Sent   864 kB Recv  1191 kB |  
🔶 Pred  129 ms Sync   22 ms | Sent   864 kB Recv  1191 kB | 2
🔶 Pred  129 ms Sync   22 ms | Sent   864 kB Recv  1191 kB | ,
🔶 Pred  128 ms Sync   27 ms | Sent   864 kB Recv  1191 kB | 3
🔶 Pred  130 ms Sync   21 ms | Sent   864 kB Recv  1191 kB | ,
🔶 Pred  130 ms Sync   24 ms | Sent   864 kB Recv  1191 kB | 4
🔶 Pred  128 ms Sync   25 ms | Sent   864 kB Recv  1191 kB | ,
🔶 Pred  127 ms Sync   28 ms | Sent   864 kB Recv  1191 kB | 5
🔶 Pred  176 ms Sync  115 ms | Sent   864 kB Recv  1191 kB | 


🔶 Pred  129 ms Sync   22 ms | Sent   864 kB Recv  1191 kB | House
🔶 Pred  145 ms Sync   54 ms | Sent   864 kB Recv  1191 kB |  
🔶 Pred  129 ms Sync   26 ms | Sent   864 kB Recv  1191 kB | 2
🔶 Pred  129 ms Sync   24 ms | Sent   864 kB Recv  1191 kB | 's
🔶 Pred  129 ms Sync   19 ms | Sent   864 kB Recv  1191 kB |  pet
🔶 Pred  128 ms Sync   51 ms | Sent   864 kB Recv  1191 kB |  must
🔶 Pred  183 ms Sync   30 ms | Sent   864 kB Recv  1191 kB |  be
🔶 Pred  186 ms Sync   19 ms | Sent   864 kB Recv  1191 kB |  one
🔶 Pred  130 ms Sync   31 ms | Sent   864 kB Recv  1191 kB |  of
🔶 Pred  128 ms Sync   41 ms | Sent   864 kB Recv  1191 kB |  
🔶 Pred  129 ms Sync   24 ms | Sent   864 kB Recv  1191 kB | 2
🔶 Pred  130 ms Sync   23 ms | Sent   864 kB Recv  1191 kB | ,
🔶 Pred  128 ms Sync   25 ms | Sent   864 kB Recv  1191 kB | 3
🔶 Pred  132 ms Sync   22 ms | Sent   864 kB Recv  1191 kB | ,
🔶 Pred  129 ms Sync   31 ms | Sent   864 kB Recv  1191 kB | 4
🔶 Pred  130 ms Sync   31 ms | Sent   864 kB Recv  1191 kB | ,
🔶 Pred  156 ms Sync   24 ms | Sent   864 kB Recv  1191 kB | 5
🔶 Pred  150 ms Sync   94 ms | Sent   864 kB Recv  1191 kB | 


🔶 Pred  150 ms Sync   37 ms | Sent   864 kB Recv  1191 kB | But
🔶 Pred  130 ms Sync   25 ms | Sent   864 kB Recv  1191 kB |  we
🔶 Pred  129 ms Sync   22 ms | Sent   864 kB Recv  1191 kB |  don
🔶 Pred  128 ms Sync   24 ms | Sent   864 kB Recv  1191 kB | 't
🔶 Pred  129 ms Sync   30 ms | Sent   864 kB Recv  1191 kB |  have
🔶 Pred  130 ms Sync   24 ms | Sent   864 kB Recv  1191 kB |  any
🔶 Pred  129 ms Sync   29 ms | Sent   864 kB Recv  1191 kB |  specific
🔶 Pred  128 ms Sync   25 ms | Sent   864 kB Recv  1191 kB |  clues
🔶 Pred  129 ms Sync   25 ms | Sent   864 kB Recv  1191 kB |  about
🔶 Pred  129 ms Sync   19 ms | Sent   864 kB Recv  1191 kB |  House
🔶 Pred  129 ms Sync   51 ms | Sent   864 kB Recv  1191 kB |  
🔶 Pred  128 ms Sync   20 ms | Sent   864 kB Recv  1191 kB | 2
🔶 Pred  129 ms Sync   25 ms | Sent   864 kB Recv  1191 kB | ,
🔶 Pred  130 ms Sync   24 ms | Sent   864 kB Recv  1191 kB |  so
🔶 Pred  129 ms Sync   24 ms | Sent   864 kB Recv  1191 kB |  let
🔶 Pred  130 ms Sync   25 ms | Sent   864 kB Recv  1191 kB | 's
🔶 Pred  148 ms Sync   39 ms | Sent   864 kB Recv  1191 kB |  move
🔶 Pred  166 ms Sync   86 ms | Sent   864 kB Recv  1191 kB |  to
🔶 Pred  216 ms Sync   48 ms | Sent   864 kB Recv  1191 kB |  another
🔶 Pred  136 ms Sync   19 ms | Sent   864 kB Recv  1191 kB |  house
🔶 Pred  142 ms Sync   19 ms | Sent   864 kB Recv  1191 kB | .


🔶 Pred  138 ms Sync   21 ms | Sent   864 kB Recv  1191 kB | House
🔶 Pred  131 ms Sync   22 ms | Sent   864 kB Recv  1191 kB |  
🔶 Pred  129 ms Sync   53 ms | Sent   864 kB Recv  1191 kB | 3
🔶 Pred  130 ms Sync   17 ms | Sent   864 kB Recv  1191 kB | :
🔶 Pred  129 ms Sync   23 ms | Sent   864 kB Recv  1191 kB |  Smoke
🔶 Pred  131 ms Sync   17 ms | Sent   864 kB Recv  1191 kB | =
🔶 Pred  129 ms Sync   20 ms | Sent   864 kB Recv  1191 kB | 1
🔶 Pred  130 ms Sync   23 ms | Sent   864 kB Recv  1191 kB |  (
🔶 Pred  129 ms Sync   25 ms | Sent   864 kB Recv  1191 kB | c
🔶 Pred  129 ms Sync   28 ms | Sent   864 kB Recv  1191 kB | igaret
🔶 Pred  131 ms Sync   21 ms | Sent   864 kB Recv  1191 kB | tes
🔶 Pred  129 ms Sync   27 ms | Sent   864 kB Recv  1191 kB | )


🔶 Pred  128 ms Sync   27 ms | Sent   864 kB Recv  1191 kB | House
🔶 Pred  170 ms Sync   44 ms | Sent   864 kB Recv  1191 kB |  
🔶 Pred  149 ms Sync   38 ms | Sent   864 kB Recv  1191 kB | 3
🔶 Pred  140 ms Sync   51 ms | Sent   864 kB Recv  1191 kB | 's
🔶 Pred  131 ms Sync   26 ms | Sent   864 kB Recv  1191 kB |  nationality
🔶 Pred  129 ms Sync   25 ms | Sent   864 kB Recv  1191 kB |  must
🔶 Pred  129 ms Sync   28 ms | Sent   864 kB Recv  1191 kB |  be
🔶 Pred  129 ms Sync   24 ms | Sent   864 kB Recv  1191 kB |  one
🔶 Pred  129 ms Sync   26 ms | Sent   864 kB Recv  1191 kB |  of
🔶 Pred  130 ms Sync   32 ms | Sent   864 kB Recv  1191 kB |  
🔶 Pred  130 ms Sync   22 ms | Sent   864 kB Recv  1191 kB | 2
🔶 Pred  128 ms Sync   29 ms | Sent   864 kB Recv  1191 kB | ,
🔶 Pred  129 ms Sync   28 ms | Sent   864 kB Recv  1191 kB | 4
🔶 Pred  129 ms Sync   28 ms | Sent   864 kB Recv  1191 kB | ,
🔶 Pred  140 ms Sync   46 ms | Sent   864 kB Recv  1191 kB | 5
🔶 Pred  181 ms Sync   21 ms | Sent   864 kB Recv  1191 kB | 


🔶 Pred  152 ms Sync   28 ms | Sent   864 kB Recv  1191 kB | House
🔶 Pred  130 ms Sync   18 ms | Sent   864 kB Recv  1191 kB |  
🔶 Pred  130 ms Sync   23 ms | Sent   864 kB Recv  1191 kB | 3
🔶 Pred  179 ms Sync   79 ms | Sent   864 kB Recv  1191 kB | 's
🔶 Pred  145 ms Sync   19 ms | Sent   864 kB Recv  1191 kB |  drink
🔶 Pred  151 ms Sync   57 ms | Sent   864 kB Recv  1191 kB |  must
🔶 Pred  132 ms Sync   20 ms | Sent   864 kB Recv  1191 kB |  be
🔶 Pred  129 ms Sync   25 ms | Sent   864 kB Recv  1191 kB |  one
🔶 Pred  130 ms Sync   20 ms | Sent   864 kB Recv  1191 kB |  of
🔶 Pred  130 ms Sync   18 ms | Sent   864 kB Recv  1191 kB |  
🔶 Pred  130 ms Sync   29 ms | Sent   864 kB Recv  1191 kB | 1
🔶 Pred  130 ms Sync   26 ms | Sent   864 kB Recv  1191 kB | ,
🔶 Pred  129 ms Sync   26 ms | Sent   864 kB Recv  1191 kB | 3
🔶 Pred  131 ms Sync   30 ms | Sent   864 kB Recv  1191 kB | ,
🔶 Pred  132 ms Sync   44 ms | Sent   864 kB Recv  1191 kB | 4
🔶 Pred  131 ms Sync   22 ms | Sent   864 kB Recv  1191 kB | ,
🔶 Pred  131 ms Sync   20 ms | Sent   864 kB Recv  1191 kB | 5
🔶 Pred  130 ms Sync   21 ms | Sent   864 kB Recv  1191 kB | 


🔶 Pred  131 ms Sync   24 ms | Sent   864 kB Recv  1191 kB | House
🔶 Pred  131 ms Sync   41 ms | Sent   864 kB Recv  1191 kB |  
🔶 Pred  129 ms Sync   27 ms | Sent   864 kB Recv  1191 kB | 3
🔶 Pred  176 ms Sync   87 ms | Sent   864 kB Recv  1191 kB | 's
🔶 Pred  131 ms Sync   18 ms | Sent   864 kB Recv  1191 kB |  pet
🔶 Pred  148 ms Sync   48 ms | Sent   864 kB Recv  1191 kB |  must
🔶 Pred  132 ms Sync   21 ms | Sent   864 kB Recv  1191 kB |  be
🔶 Pred  131 ms Sync   20 ms | Sent   864 kB Recv  1191 kB |  one
🔶 Pred  130 ms Sync   25 ms | Sent   864 kB Recv  1191 kB |  of
🔶 Pred  130 ms Sync   29 ms | Sent   864 kB Recv  1191 kB |  
🔶 Pred  152 ms Sync   36 ms | Sent   864 kB Recv  1191 kB | 2
🔶 Pred  252 ms Sync   33 ms | Sent   864 kB Recv  1191 kB | ,
🔶 Pred  131 ms Sync   20 ms | Sent   864 kB Recv  1191 kB | 3
🔶 Pred  131 ms Sync   23 ms | Sent   864 kB Recv  1191 kB | ,
🔶 Pred  132 ms Sync   21 ms | Sent   864 kB Recv  1191 kB | 4
🔶 Pred  130 ms Sync   23 ms | Sent   864 kB Recv  1191 kB | ,
🔶 Pred  131 ms Sync   26 ms | Sent   864 kB Recv  1191 kB | 5
🔶 Pred  131 ms Sync   28 ms | Sent   864 kB Recv  1191 kB | 


🔶 Pred  130 ms Sync   25 ms | Sent   864 kB Recv  1191 kB | Similarly
🔶 Pred  130 ms Sync   51 ms | Sent   864 kB Recv  1191 kB | ,
🔶 Pred  175 ms Sync   70 ms | Sent   864 kB Recv  1191 kB |  House
🔶 Pred  141 ms Sync   27 ms | Sent   864 kB Recv  1191 kB |  
🔶 Pred  140 ms Sync   50 ms | Sent   864 kB Recv  1191 kB | 1
🔶 Pred  142 ms Sync   22 ms | Sent   864 kB Recv  1191 kB | :
🔶 Pred  130 ms Sync   21 ms | Sent   864 kB Recv  1191 kB |  National
🔶 Pred  130 ms Sync   27 ms | Sent   864 kB Recv  1191 kB | ity
🔶 Pred  130 ms Sync   20 ms | Sent   864 kB Recv  1191 kB | =
🔶 Pred  133 ms Sync   30 ms | Sent   864 kB Recv  1191 kB | 1
🔶 Pred  132 ms Sync   24 ms | Sent   864 kB Recv  1191 kB |  (
🔶 Pred  131 ms Sync   20 ms | Sent   864 kB Recv  1191 kB | American
🔶 Pred  132 ms Sync   25 ms | Sent   864 kB Recv  1191 kB | )


🔶 Pred  131 ms Sync   20 ms | Sent   864 kB Recv  1191 kB | House
🔶 Pred  130 ms Sync   26 ms | Sent   864 kB Recv  1191 kB |  
🔶 Pred  130 ms Sync   19 ms | Sent   864 kB Recv  1191 kB | 1
🔶 Pred  130 ms Sync   24 ms | Sent   864 kB Recv  1191 kB | 's
🔶 Pred  132 ms Sync   21 ms | Sent   864 kB Recv  1191 kB |  drink
🔶 Pred  129 ms Sync   25 ms | Sent   864 kB Recv  1191 kB | :
🔶 Pred  136 ms Sync   38 ms | Sent   864 kB Recv  1191 kB |  
🔶 Pred  168 ms Sync   67 ms | Sent   864 kB Recv  1191 kB | 1
🔶 Pred  156 ms Sync   41 ms | Sent   864 kB Recv  1191 kB | ,
🔶 Pred  195 ms Sync   48 ms | Sent   864 kB Recv  1191 kB | 3
🔶 Pred  132 ms Sync   20 ms | Sent   864 kB Recv  1191 kB | ,
🔶 Pred  134 ms Sync   22 ms | Sent   864 kB Recv  1191 kB | 4
🔶 Pred  163 ms Sync   25 ms | Sent   864 kB Recv  1191 kB | ,
🔶 Pred  133 ms Sync   20 ms | Sent   864 kB Recv  1191 kB | 5
🔶 Pred  129 ms Sync   25 ms | Sent   864 kB Recv  1191 kB | 


🔶 Pred  131 ms Sync   22 ms | Sent   864 kB Recv  1191 kB | House
🔶 Pred  131 ms Sync   29 ms | Sent   864 kB Recv  1191 kB |  
🔶 Pred  130 ms Sync   28 ms | Sent   864 kB Recv  1191 kB | 1
🔶 Pred  132 ms Sync   22 ms | Sent   864 kB Recv  1191 kB | 's
🔶 Pred  132 ms Sync   38 ms | Sent   864 kB Recv  1191 kB |  smoke
🔶 Pred  132 ms Sync   32 ms | Sent   864 kB Recv  1191 kB | :
🔶 Pred  132 ms Sync   19 ms | Sent   864 kB Recv  1191 kB |  
🔶 Pred  131 ms Sync   25 ms | Sent   864 kB Recv  1191 kB | 2
🔶 Pred  132 ms Sync   19 ms | Sent   864 kB Recv  1191 kB | ,
🔶 Pred  144 ms Sync   21 ms | Sent   864 kB Recv  1191 kB | 3
🔶 Pred  170 ms Sync   72 ms | Sent   864 kB Recv  1191 kB | ,
🔶 Pred  131 ms Sync   25 ms | Sent   864 kB Recv  1191 kB | 4
🔶 Pred  196 ms Sync   28 ms | Sent   864 kB Recv  1191 kB | ,
🔶 Pred  133 ms Sync   25 ms | Sent   864 kB Recv  1191 kB | 5
🔶 Pred  132 ms Sync   19 ms | Sent   864 kB Recv  1191 kB | 


🔶 Pred  132 ms Sync   20 ms | Sent   864 kB Recv  1191 kB | House
🔶 Pred  130 ms Sync   30 ms | Sent   864 kB Recv  1191 kB |  
🔶 Pred  131 ms Sync   22 ms | Sent   864 kB Recv  1191 kB | 1
🔶 Pred  133 ms Sync   26 ms | Sent   864 kB Recv  1191 kB | 's
🔶 Pred  130 ms Sync   32 ms | Sent   864 kB Recv  1191 kB |  pet
🔶 Pred  131 ms Sync   32 ms | Sent   864 kB Recv  1191 kB | :
🔶 Pred  133 ms Sync   18 ms | Sent   864 kB Recv  1191 kB |  
🔶 Pred  132 ms Sync   24 ms | Sent   864 kB Recv  1191 kB | 2
🔶 Pred  173 ms Sync   38 ms | Sent   864 kB Recv  1191 kB | ,
🔶 Pred  157 ms Sync   28 ms | Sent   864 kB Recv  1191 kB | 3
🔶 Pred  131 ms Sync   23 ms | Sent   864 kB Recv  1191 kB | ,
🔶 Pred  132 ms Sync   23 ms | Sent   864 kB Recv  1191 kB | 4
🔶 Pred  176 ms Sync   96 ms | Sent   864 kB Recv  1191 kB | ,
🔶 Pred  132 ms Sync   18 ms | Sent   864 kB Recv  1191 kB | 5
🔶 Pred  156 ms Sync   49 ms | Sent   864 kB Recv  1191 kB | 


🔶 Pred  132 ms Sync   19 ms | Sent   864 kB Recv  1191 kB | House
🔶 Pred  131 ms Sync   22 ms | Sent   864 kB Recv  1191 kB |  
🔶 Pred  131 ms Sync   21 ms | Sent   864 kB Recv  1191 kB | 4
🔶 Pred  132 ms Sync   23 ms | Sent   864 kB Recv  1191 kB | :
🔶 Pred  131 ms Sync   25 ms | Sent   864 kB Recv  1191 kB |  National
🔶 Pred  133 ms Sync   21 ms | Sent   864 kB Recv  1191 kB | ity
🔶 Pred  131 ms Sync   26 ms | Sent   864 kB Recv  1191 kB | =
🔶 Pred  134 ms Sync   23 ms | Sent   864 kB Recv  1191 kB | 3
🔶 Pred  131 ms Sync   28 ms | Sent   864 kB Recv  1191 kB |  (
🔶 Pred  133 ms Sync   27 ms | Sent   864 kB Recv  1191 kB | French
🔶 Pred  132 ms Sync   21 ms | Sent   864 kB Recv  1191 kB | )


🔶 Pred  132 ms Sync   22 ms | Sent   864 kB Recv  1191 kB | House
🔶 Pred  133 ms Sync   26 ms | Sent   864 kB Recv  1191 kB |  
🔶 Pred  131 ms Sync   27 ms | Sent   864 kB Recv  1191 kB | 4
🔶 Pred  135 ms Sync   27 ms | Sent   864 kB Recv  1191 kB | 's
🔶 Pred  194 ms Sync   79 ms | Sent   864 kB Recv  1191 kB |  drink
🔶 Pred  133 ms Sync   29 ms | Sent   864 kB Recv  1191 kB | :
🔶 Pred  164 ms Sync   60 ms | Sent   864 kB Recv  1191 kB |  
🔶 Pred  133 ms Sync   21 ms | Sent   864 kB Recv  1191 kB | 1
🔶 Pred  131 ms Sync   26 ms | Sent   864 kB Recv  1191 kB | ,
🔶 Pred  133 ms Sync   27 ms | Sent   864 kB Recv  1191 kB | 3
🔶 Pred  132 ms Sync   27 ms | Sent   864 kB Recv  1191 kB | ,
🔶 Pred  176 ms Sync   25 ms | Sent   864 kB Recv  1191 kB | 4
🔶 Pred  163 ms Sync   17 ms | Sent   864 kB Recv  1191 kB | ,
🔶 Pred  133 ms Sync   23 ms | Sent   864 kB Recv  1191 kB | 5
🔶 Pred  132 ms Sync   22 ms | Sent   864 kB Recv  1191 kB | 


🔶 Pred  133 ms Sync   29 ms | Sent   864 kB Recv  1191 kB | House
🔶 Pred  131 ms Sync   31 ms | Sent   864 kB Recv  1191 kB |  
🔶 Pred  132 ms Sync   24 ms | Sent   864 kB Recv  1191 kB | 4
🔶 Pred  132 ms Sync   25 ms | Sent   864 kB Recv  1191 kB | 's
🔶 Pred  132 ms Sync   20 ms | Sent   864 kB Recv  1191 kB |  smoke
🔶 Pred  141 ms Sync   23 ms | Sent   864 kB Recv  1191 kB | :
🔶 Pred  158 ms Sync   67 ms | Sent   864 kB Recv  1191 kB |  
🔶 Pred  154 ms Sync   38 ms | Sent   864 kB Recv  1191 kB | 2
🔶 Pred  154 ms Sync   50 ms | Sent   864 kB Recv  1191 kB | ,
🔶 Pred  133 ms Sync   21 ms | Sent   864 kB Recv  1191 kB | 3
🔶 Pred  133 ms Sync   22 ms | Sent   864 kB Recv  1191 kB | ,
🔶 Pred  132 ms Sync   42 ms | Sent   864 kB Recv  1191 kB | 4
🔶 Pred  132 ms Sync   24 ms | Sent   864 kB Recv  1191 kB | ,
🔶 Pred  132 ms Sync   27 ms | Sent   864 kB Recv  1191 kB | 5
🔶 Pred  131 ms Sync   22 ms | Sent   864 kB Recv  1191 kB | 


🔶 Pred  132 ms Sync   22 ms | Sent   864 kB Recv  1191 kB | House
🔶 Pred  131 ms Sync   28 ms | Sent   864 kB Recv  1191 kB |  
🔶 Pred  131 ms Sync   29 ms | Sent   864 kB Recv  1191 kB | 4
🔶 Pred  133 ms Sync   22 ms | Sent   864 kB Recv  1191 kB | 's
🔶 Pred  131 ms Sync   28 ms | Sent   864 kB Recv  1191 kB |  pet
🔶 Pred  133 ms Sync   26 ms | Sent   864 kB Recv  1191 kB | :
🔶 Pred  133 ms Sync   35 ms | Sent   864 kB Recv  1191 kB |  
🔶 Pred  134 ms Sync   34 ms | Sent   864 kB Recv  1191 kB | 2
🔶 Pred  131 ms Sync   22 ms | Sent   864 kB Recv  1191 kB | ,
🔶 Pred  194 ms Sync   83 ms | Sent   864 kB Recv  1191 kB | 3
🔶 Pred  152 ms Sync   18 ms | Sent   864 kB Recv  1191 kB | ,
🔶 Pred  200 ms Sync   43 ms | Sent   864 kB Recv  1191 kB | 4
🔶 Pred  134 ms Sync   17 ms | Sent   864 kB Recv  1191 kB | ,
🔶 Pred  132 ms Sync   18 ms | Sent   864 kB Recv  1191 kB | 5
🔶 Pred  133 ms Sync   21 ms | Sent   864 kB Recv  1191 kB | 


🔶 Pred  135 ms Sync   19 ms | Sent   864 kB Recv  1191 kB | House
🔶 Pred  133 ms Sync   20 ms | Sent   864 kB Recv  1191 kB |  
🔶 Pred  133 ms Sync   23 ms | Sent   864 kB Recv  1191 kB | 5
🔶 Pred  134 ms Sync   26 ms | Sent   864 kB Recv  1191 kB | :
🔶 Pred  136 ms Sync   26 ms | Sent   864 kB Recv  1191 kB |  Pet
🔶 Pred  138 ms Sync   24 ms | Sent   864 kB Recv  1191 kB | =
🔶 Pred  135 ms Sync   27 ms | Sent   864 kB Recv  1191 kB | 1
🔶 Pred  133 ms Sync   23 ms | Sent   864 kB Recv  1191 kB |  (
🔶 Pred  133 ms Sync   24 ms | Sent   864 kB Recv  1191 kB | dog
🔶 Pred  132 ms Sync   26 ms | Sent   864 kB Recv  1191 kB | )


🔶 Pred  131 ms Sync   24 ms | Sent   864 kB Recv  1191 kB | House
🔶 Pred  132 ms Sync   37 ms | Sent   864 kB Recv  1191 kB |  
🔶 Pred  196 ms Sync   88 ms | Sent   864 kB Recv  1191 kB | 5
🔶 Pred  150 ms Sync   50 ms | Sent   864 kB Recv  1191 kB | 's
🔶 Pred  131 ms Sync   23 ms | Sent   864 kB Recv  1191 kB |  nationality
🔶 Pred  132 ms Sync   20 ms | Sent   864 kB Recv  1191 kB | :
🔶 Pred  131 ms Sync   22 ms | Sent   864 kB Recv  1191 kB |  
🔶 Pred  132 ms Sync   27 ms | Sent   864 kB Recv  1191 kB | 2
🔶 Pred  144 ms Sync   44 ms | Sent   864 kB Recv  1191 kB | ,
🔶 Pred  132 ms Sync   29 ms | Sent   864 kB Recv  1191 kB | 4
🔶 Pred  131 ms Sync   26 ms | Sent   864 kB Recv  1191 kB | ,
🔶 Pred  131 ms Sync   23 ms | Sent   864 kB Recv  1191 kB | 5
🔶 Pred  132 ms Sync   24 ms | Sent   864 kB Recv  1191 kB | 


🔶 Pred  131 ms Sync   27 ms | Sent   864 kB Recv  1191 kB | House
🔶 Pred  132 ms Sync   23 ms | Sent   864 kB Recv  1191 kB |  
🔶 Pred  189 ms Sync   35 ms | Sent   864 kB Recv  1191 kB | 5
🔶 Pred  161 ms Sync   24 ms | Sent   864 kB Recv  1191 kB | 's
🔶 Pred  132 ms Sync   23 ms | Sent   864 kB Recv  1191 kB |  drink
🔶 Pred  132 ms Sync   19 ms | Sent   864 kB Recv  1191 kB | :
🔶 Pred  185 ms Sync   86 ms | Sent   864 kB Recv  1191 kB |  
🔶 Pred  139 ms Sync   42 ms | Sent   864 kB Recv  1191 kB | 1
🔶 Pred  150 ms Sync   38 ms | Sent   864 kB Recv  1191 kB | ,
🔶 Pred  132 ms Sync   20 ms | Sent   864 kB Recv  1191 kB | 3
🔶 Pred  132 ms Sync   24 ms | Sent   864 kB Recv  1191 kB | ,
🔶 Pred  133 ms Sync   20 ms | Sent   864 kB Recv  1191 kB | 4
🔶 Pred  132 ms Sync   30 ms | Sent   864 kB Recv  1191 kB | ,
🔶 Pred  132 ms Sync   25 ms | Sent   864 kB Recv  1191 kB | 5
🔶 Pred  133 ms Sync   21 ms | Sent   864 kB Recv  1191 kB | 


🔶 Pred  132 ms Sync   24 ms | Sent   864 kB Recv  1191 kB | House
🔶 Pred  131 ms Sync   32 ms | Sent   864 kB Recv  1191 kB |  
🔶 Pred  131 ms Sync   29 ms | Sent   864 kB Recv  1191 kB | 5
🔶 Pred  131 ms Sync   31 ms | Sent   864 kB Recv  1191 kB | 's
🔶 Pred  133 ms Sync   20 ms | Sent   864 kB Recv  1191 kB |  smoke
🔶 Pred  133 ms Sync   19 ms | Sent   864 kB Recv  1191 kB | :
🔶 Pred  131 ms Sync   48 ms | Sent   864 kB Recv  1191 kB |  
🔶 Pred  132 ms Sync   24 ms | Sent   864 kB Recv  1191 kB | 2
🔶 Pred  150 ms Sync   42 ms | Sent   864 kB Recv  1191 kB | ,
🔶 Pred  167 ms Sync   72 ms | Sent   864 kB Recv  1191 kB | 3
🔶 Pred  153 ms Sync   49 ms | Sent   864 kB Recv  1191 kB | ,
🔶 Pred  132 ms Sync   25 ms | Sent   864 kB Recv  1191 kB | 4
🔶 Pred  134 ms Sync   23 ms | Sent   864 kB Recv  1191 kB | ,
🔶 Pred  134 ms Sync   28 ms | Sent   864 kB Recv  1191 kB | 5
🔶 Pred  138 ms Sync   21 ms | Sent   864 kB Recv  1191 kB | 


🔶 Pred  132 ms Sync   25 ms | Sent   864 kB Recv  1191 kB | Now
🔶 Pred  213 ms Sync   21 ms | Sent   864 kB Recv  1191 kB | ,
🔶 Pred  134 ms Sync   26 ms | Sent   864 kB Recv  1191 kB |  let
🔶 Pred  133 ms Sync   26 ms | Sent   864 kB Recv  1191 kB | 's
🔶 Pred  133 ms Sync   19 ms | Sent   864 kB Recv  1191 kB |  see
🔶 Pred  135 ms Sync   25 ms | Sent   864 kB Recv  1191 kB |  if
🔶 Pred  134 ms Sync   28 ms | Sent   864 kB Recv  1191 kB |  we
🔶 Pred  133 ms Sync   21 ms | Sent   864 kB Recv  1191 kB |  can
🔶 Pred  131 ms Sync   30 ms | Sent   864 kB Recv  1191 kB |  find
🔶 Pred  132 ms Sync   24 ms | Sent   864 kB Recv  1191 kB |  any
🔶 Pred  133 ms Sync   22 ms | Sent   864 kB Recv  1191 kB |  conflicts
🔶 Pred  194 ms Sync   64 ms | Sent   864 kB Recv  1191 kB |  or
🔶 Pred  133 ms Sync   22 ms | Sent   864 kB Recv  1191 kB |  deductions
🔶 Pred  143 ms Sync   49 ms | Sent   864 kB Recv  1191 kB | .


🔶 Pred  131 ms Sync   27 ms | Sent   864 kB Recv  1191 kB | Looking
🔶 Pred  131 ms Sync   33 ms | Sent   864 kB Recv  1191 kB |  at
🔶 Pred  133 ms Sync   25 ms | Sent   864 kB Recv  1191 kB |  House
🔶 Pred  132 ms Sync   26 ms | Sent   864 kB Recv  1191 kB |  
🔶 Pred  133 ms Sync   24 ms | Sent   864 kB Recv  1191 kB | 1
🔶 Pred  131 ms Sync   31 ms | Sent   864 kB Recv  1191 kB | :
🔶 Pred  134 ms Sync   22 ms | Sent   864 kB Recv  1191 kB |  National
🔶 Pred  133 ms Sync   22 ms | Sent   864 kB Recv  1191 kB | ity
🔶 Pred  149 ms Sync   27 ms | Sent   864 kB Recv  1191 kB | =
🔶 Pred  133 ms Sync   23 ms | Sent   864 kB Recv  1191 kB | 1
🔶 Pred  133 ms Sync   19 ms | Sent   864 kB Recv  1191 kB |  (
🔶 Pred  133 ms Sync   30 ms | Sent   864 kB Recv  1191 kB | American
🔶 Pred  132 ms Sync   30 ms | Sent   864 kB Recv  1191 kB | )


🔶 Pred  132 ms Sync   25 ms | Sent   864 kB Recv  1191 kB | So
🔶 Pred  131 ms Sync   30 ms | Sent   864 kB Recv  1191 kB | ,
🔶 Pred  181 ms Sync  120 ms | Sent   864 kB Recv  1191 kB |  House
🔶 Pred  217 ms Sync   61 ms | Sent   864 kB Recv  1191 kB |  
🔶 Pred  133 ms Sync   19 ms | Sent   864 kB Recv  1191 kB | 1
🔶 Pred  132 ms Sync   21 ms | Sent   864 kB Recv  1191 kB | 's
🔶 Pred  131 ms Sync   28 ms | Sent   864 kB Recv  1191 kB |  nationality
🔶 Pred  132 ms Sync   34 ms | Sent   864 kB Recv  1191 kB |  is
🔶 Pred  133 ms Sync   36 ms | Sent   864 kB Recv  1191 kB |  fixed
🔶 Pred  132 ms Sync   20 ms | Sent   864 kB Recv  1191 kB | .


🔶 Pred  133 ms Sync   21 ms | Sent   864 kB Recv  1191 kB | Now
🔶 Pred  131 ms Sync   27 ms | Sent   864 kB Recv  1191 kB | ,
🔶 Pred  132 ms Sync   27 ms | Sent   864 kB Recv  1191 kB |  let
🔶 Pred  133 ms Sync   21 ms | Sent   864 kB Recv  1191 kB | 's
🔶 Pred  133 ms Sync   27 ms | Sent   864 kB Recv  1191 kB |  look
🔶 Pred  134 ms Sync   27 ms | Sent   864 kB Recv  1191 kB |  at
🔶 Pred  133 ms Sync   25 ms | Sent   864 kB Recv  1191 kB |  House
🔶 Pred  133 ms Sync   28 ms | Sent   864 kB Recv  1191 kB |  
🔶 Pred  135 ms Sync   27 ms | Sent   864 kB Recv  1191 kB | 3
🔶 Pred  198 ms Sync   71 ms | Sent   864 kB Recv  1191 kB | :
🔶 Pred  135 ms Sync   31 ms | Sent   864 kB Recv  1191 kB |  Smoke
🔶 Pred  156 ms Sync   28 ms | Sent   864 kB Recv  1191 kB | =
🔶 Pred  132 ms Sync   25 ms | Sent   864 kB Recv  1191 kB | 1
🔶 Pred  132 ms Sync   23 ms | Sent   864 kB Recv  1191 kB |  (
🔶 Pred  132 ms Sync   52 ms | Sent   864 kB Recv  1191 kB | c
🔶 Pred  134 ms Sync   20 ms | Sent   864 kB Recv  1191 kB | igaret
🔶 Pred  133 ms Sync   24 ms | Sent   864 kB Recv  1191 kB | tes
🔶 Pred  133 ms Sync   23 ms | Sent   864 kB Recv  1191 kB | )


🔶 Pred  132 ms Sync   30 ms | Sent   864 kB Recv  1191 kB | So
🔶 Pred  132 ms Sync   31 ms | Sent   864 kB Recv  1191 kB | ,
🔶 Pred  132 ms Sync   22 ms | Sent   864 kB Recv  1191 kB |  House
🔶 Pred  134 ms Sync   24 ms | Sent   864 kB Recv  1191 kB |  
🔶 Pred  168 ms Sync   22 ms | Sent   864 kB Recv  1191 kB | 3
🔶 Pred  179 ms Sync   17 ms | Sent   864 kB Recv  1191 kB | 's
🔶 Pred  132 ms Sync   27 ms | Sent   864 kB Recv  1191 kB |  smoke
🔶 Pred  132 ms Sync   53 ms | Sent   864 kB Recv  1191 kB |  is
🔶 Pred  186 ms Sync  103 ms | Sent   864 kB Recv  1191 kB |  fixed
🔶 Pred  146 ms Sync   37 ms | Sent   864 kB Recv  1191 kB | .


🔶 Pred  139 ms Sync   28 ms | Sent   864 kB Recv  1191 kB | Similarly
🔶 Pred  133 ms Sync   19 ms | Sent   864 kB Recv  1191 kB | ,
🔶 Pred  132 ms Sync   24 ms | Sent   864 kB Recv  1191 kB |  House
🔶 Pred  133 ms Sync   21 ms | Sent   864 kB Recv  1191 kB |  
🔶 Pred  136 ms Sync   27 ms | Sent   864 kB Recv  1191 kB | 2
🔶 Pred  134 ms Sync   31 ms | Sent   864 kB Recv  1191 kB | :
🔶 Pred  135 ms Sync   35 ms | Sent   864 kB Recv  1191 kB |  Drink
🔶 Pred  134 ms Sync   20 ms | Sent   864 kB Recv  1191 kB | =
🔶 Pred  134 ms Sync   20 ms | Sent   864 kB Recv  1191 kB | 2
🔶 Pred  134 ms Sync   24 ms | Sent   864 kB Recv  1191 kB |  (
🔶 Pred  132 ms Sync   29 ms | Sent   864 kB Recv  1191 kB | tea
🔶 Pred  134 ms Sync   27 ms | Sent   864 kB Recv  1191 kB | )


🔶 Pred  144 ms Sync   23 ms | Sent   864 kB Recv  1191 kB | House
🔶 Pred  134 ms Sync   19 ms | Sent   864 kB Recv  1191 kB |  
🔶 Pred  133 ms Sync   26 ms | Sent   864 kB Recv  1191 kB | 2
🔶 Pred  145 ms Sync   20 ms | Sent   864 kB Recv  1191 kB | 's
🔶 Pred  212 ms Sync   65 ms | Sent   864 kB Recv  1191 kB |  drink
🔶 Pred  149 ms Sync   47 ms | Sent   864 kB Recv  1191 kB |  is
🔶 Pred  134 ms Sync   20 ms | Sent   864 kB Recv  1191 kB |  fixed
🔶 Pred  132 ms Sync   23 ms | Sent   864 kB Recv  1191 kB | .


🔶 Pred  134 ms Sync   21 ms | Sent   864 kB Recv  1191 kB | House
🔶 Pred  134 ms Sync   20 ms | Sent   864 kB Recv  1191 kB |  
🔶 Pred  132 ms Sync   25 ms | Sent   864 kB Recv  1191 kB | 4
🔶 Pred  187 ms Sync   18 ms | Sent   864 kB Recv  1191 kB | :
🔶 Pred  167 ms Sync   24 ms | Sent   864 kB Recv  1191 kB |  National
🔶 Pred  134 ms Sync   26 ms | Sent   864 kB Recv  1191 kB | ity
🔶 Pred  134 ms Sync   21 ms | Sent   864 kB Recv  1191 kB | =
🔶 Pred  138 ms Sync   25 ms | Sent   864 kB Recv  1191 kB | 3
🔶 Pred  137 ms Sync   29 ms | Sent   864 kB Recv  1191 kB |  (
🔶 Pred  134 ms Sync   25 ms | Sent   864 kB Recv  1191 kB | French
🔶 Pred  133 ms Sync   28 ms | Sent   864 kB Recv  1191 kB | )


🔶 Pred  132 ms Sync   30 ms | Sent   864 kB Recv  1191 kB | House
🔶 Pred  134 ms Sync   25 ms | Sent   864 kB Recv  1191 kB |  
🔶 Pred  191 ms Sync   85 ms | Sent   864 kB Recv  1191 kB | 4
🔶 Pred  134 ms Sync   21 ms | Sent   864 kB Recv  1191 kB | 's
🔶 Pred  145 ms Sync   55 ms | Sent   864 kB Recv  1191 kB |  nationality
🔶 Pred  133 ms Sync   22 ms | Sent   864 kB Recv  1191 kB |  is
🔶 Pred  134 ms Sync   51 ms | Sent   864 kB Recv  1191 kB |  fixed
🔶 Pred  135 ms Sync   16 ms | Sent   864 kB Recv  1191 kB | .


🔶 Pred  133 ms Sync   27 ms | Sent   864 kB Recv  1191 kB | House
🔶 Pred  135 ms Sync   20 ms | Sent   864 kB Recv  1191 kB |  
🔶 Pred  134 ms Sync   21 ms | Sent   864 kB Recv  1191 kB | 5
🔶 Pred  133 ms Sync   26 ms | Sent   864 kB Recv  1191 kB | :
🔶 Pred  134 ms Sync   23 ms | Sent   864 kB Recv  1191 kB |  Pet
🔶 Pred  134 ms Sync   26 ms | Sent   864 kB Recv  1191 kB | =
🔶 Pred  133 ms Sync   23 ms | Sent   864 kB Recv  1191 kB | 1
🔶 Pred  134 ms Sync   30 ms | Sent   864 kB Recv  1191 kB |  (
🔶 Pred  134 ms Sync   24 ms | Sent   864 kB Recv  1191 kB | dog
🔶 Pred  133 ms Sync   33 ms | Sent   864 kB Recv  1191 kB | )


🔶 Pred  133 ms Sync   34 ms | Sent   864 kB Recv  1191 kB | House
🔶 Pred  147 ms Sync   24 ms | Sent   864 kB Recv  1191 kB |  
🔶 Pred  175 ms Sync   68 ms | Sent   864 kB Recv  1191 kB | 5
🔶 Pred  210 ms Sync   50 ms | Sent   864 kB Recv  1191 kB | 's
🔶 Pred  135 ms Sync   17 ms | Sent   864 kB Recv  1191 kB |  pet
🔶 Pred  134 ms Sync   19 ms | Sent   864 kB Recv  1191 kB |  is
🔶 Pred  133 ms Sync   43 ms | Sent   864 kB Recv  1191 kB |  fixed
🔶 Pred  134 ms Sync   27 ms | Sent   864 kB Recv  1191 kB | .


🔶 Pred  134 ms Sync   18 ms | Sent   864 kB Recv  1191 kB | Now
🔶 Pred  134 ms Sync   24 ms | Sent   864 kB Recv  1191 kB | ,
🔶 Pred  134 ms Sync   24 ms | Sent   864 kB Recv  1191 kB |  let
🔶 Pred  133 ms Sync   48 ms | Sent   864 kB Recv  1191 kB | 's
🔶 Pred  133 ms Sync   24 ms | Sent   864 kB Recv  1191 kB |  see
🔶 Pred  135 ms Sync   23 ms | Sent   864 kB Recv  1191 kB |  if
🔶 Pred  134 ms Sync   24 ms | Sent   864 kB Recv  1191 kB |  we
🔶 Pred  135 ms Sync   21 ms | Sent   864 kB Recv  1191 kB |  can
🔶 Pred  134 ms Sync   26 ms | Sent   864 kB Recv  1191 kB |  ded
🔶 Pred  133 ms Sync   28 ms | Sent   864 kB Recv  1191 kB | uce
🔶 Pred  133 ms Sync   26 ms | Sent   864 kB Recv  1191 kB |  anything
🔶 Pred  200 ms Sync   97 ms | Sent   864 kB Recv  1191 kB |  else
🔶 Pred  155 ms Sync   47 ms | Sent   864 kB Recv  1191 kB | .


🔶 Pred  135 ms Sync   17 ms | Sent   864 kB Recv  1191 kB | Looking
🔶 Pred  133 ms Sync   21 ms | Sent   864 kB Recv  1191 kB |  at
🔶 Pred  134 ms Sync   27 ms | Sent   864 kB Recv  1191 kB |  the
🔶 Pred  137 ms Sync   24 ms | Sent   864 kB Recv  1191 kB |  remaining
🔶 Pred  137 ms Sync   33 ms | Sent   864 kB Recv  1191 kB |  national
🔶 Pred  133 ms Sync   55 ms | Sent   864 kB Recv  1191 kB | ities
🔶 Pred  134 ms Sync   27 ms | Sent   864 kB Recv  1191 kB | :


🔶 Pred  134 ms Sync   26 ms | Sent   864 kB Recv  1191 kB | House
🔶 Pred  135 ms Sync   26 ms | Sent   864 kB Recv  1191 kB |  
🔶 Pred  134 ms Sync   25 ms | Sent   864 kB Recv  1191 kB | 2
🔶 Pred  133 ms Sync   25 ms | Sent   864 kB Recv  1191 kB | :
🔶 Pred  214 ms Sync   28 ms | Sent   864 kB Recv  1191 kB |  
🔶 Pred  134 ms Sync   22 ms | Sent   864 kB Recv  1191 kB | 2
🔶 Pred  134 ms Sync   29 ms | Sent   864 kB Recv  1191 kB | ,
🔶 Pred  152 ms Sync   43 ms | Sent   864 kB Recv  1191 kB | 4
🔶 Pred  157 ms Sync   93 ms | Sent   864 kB Recv  1191 kB | ,
🔶 Pred  147 ms Sync   66 ms | Sent   864 kB Recv  1191 kB | 5
🔶 Pred  135 ms Sync   19 ms | Sent   864 kB Recv  1191 kB | 


🔶 Pred  134 ms Sync   28 ms | Sent   864 kB Recv  1191 kB | House
🔶 Pred  134 ms Sync   23 ms | Sent   864 kB Recv  1191 kB |  
🔶 Pred  134 ms Sync   23 ms | Sent   864 kB Recv  1191 kB | 3
🔶 Pred  134 ms Sync   27 ms | Sent   864 kB Recv  1191 kB | :
🔶 Pred  133 ms Sync   27 ms | Sent   864 kB Recv  1191 kB |  
🔶 Pred  135 ms Sync   26 ms | Sent   864 kB Recv  1191 kB | 2
🔶 Pred  134 ms Sync   28 ms | Sent   864 kB Recv  1191 kB | ,
🔶 Pred  134 ms Sync   22 ms | Sent   864 kB Recv  1191 kB | 4
🔶 Pred  134 ms Sync   26 ms | Sent   864 kB Recv  1191 kB | ,
🔶 Pred  135 ms Sync   24 ms | Sent   864 kB Recv  1191 kB | 5
🔶 Pred  136 ms Sync   20 ms | Sent   864 kB Recv  1191 kB | 


🔶 Pred  134 ms Sync   23 ms | Sent   864 kB Recv  1191 kB | House
🔶 Pred  134 ms Sync   28 ms | Sent   864 kB Recv  1191 kB |  
🔶 Pred  134 ms Sync   30 ms | Sent   864 kB Recv  1191 kB | 5
🔶 Pred  180 ms Sync   84 ms | Sent   864 kB Recv  1191 kB | :
🔶 Pred  137 ms Sync   20 ms | Sent   864 kB Recv  1191 kB |  
🔶 Pred  153 ms Sync   46 ms | Sent   864 kB Recv  1191 kB | 2
🔶 Pred  135 ms Sync   19 ms | Sent   864 kB Recv  1191 kB | ,
🔶 Pred  133 ms Sync   32 ms | Sent   864 kB Recv  1191 kB | 4
🔶 Pred  136 ms Sync   21 ms | Sent   864 kB Recv  1191 kB | ,
🔶 Pred  136 ms Sync   49 ms | Sent   864 kB Recv  1191 kB | 5
🔶 Pred  178 ms Sync   18 ms | Sent   864 kB Recv  1191 kB | 


🔶 Pred  168 ms Sync   23 ms | Sent   864 kB Recv  1191 kB | So
🔶 Pred  135 ms Sync   25 ms | Sent   864 kB Recv  1191 kB | ,
🔶 Pred  134 ms Sync   20 ms | Sent   864 kB Recv  1191 kB |  we
🔶 Pred  135 ms Sync   21 ms | Sent   864 kB Recv  1191 kB |  have
🔶 Pred  134 ms Sync   33 ms | Sent   864 kB Recv  1191 kB |  three
🔶 Pred  135 ms Sync   22 ms | Sent   864 kB Recv  1191 kB |  houses
🔶 Pred  136 ms Sync   21 ms | Sent   864 kB Recv  1191 kB |  (
🔶 Pred  134 ms Sync   28 ms | Sent   864 kB Recv  1191 kB | 2
🔶 Pred  135 ms Sync   25 ms | Sent   864 kB Recv  1191 kB | ,
🔶 Pred  173 ms Sync   25 ms | Sent   864 kB Recv  1191 kB | 3
🔶 Pred  171 ms Sync   59 ms | Sent   864 kB Recv  1191 kB | ,
🔶 Pred  138 ms Sync   59 ms | Sent   864 kB Recv  1191 kB | 5
🔶 Pred  168 ms Sync   23 ms | Sent   864 kB Recv  1191 kB | )
🔶 Pred  139 ms Sync   26 ms | Sent   864 kB Recv  1191 kB |  needing
🔶 Pred  139 ms Sync   20 ms | Sent   864 kB Recv  1191 kB |  national
🔶 Pred  152 ms Sync   26 ms | Sent   864 kB Recv  1191 kB | ities
🔶 Pred  138 ms Sync   20 ms | Sent   864 kB Recv  1191 kB |  
🔶 Pred  135 ms Sync   26 ms | Sent   864 kB Recv  1191 kB | 2
🔶 Pred  139 ms Sync   21 ms | Sent   864 kB Recv  1191 kB | ,
🔶 Pred  138 ms Sync   25 ms | Sent   864 kB Recv  1191 kB | 4
🔶 Pred  136 ms Sync   25 ms | Sent   864 kB Recv  1191 kB | ,
🔶 Pred  137 ms Sync   25 ms | Sent   864 kB Recv  1191 kB | 5
🔶 Pred  138 ms Sync   19 ms | Sent   864 kB Recv  1191 kB | .


🔶 Pred  136 ms Sync   29 ms | Sent   864 kB Recv  1191 kB | Similarly
🔶 Pred  137 ms Sync   26 ms | Sent   864 kB Recv  1191 kB | ,
🔶 Pred  136 ms Sync   26 ms | Sent   864 kB Recv  1191 kB |  for
🔶 Pred  152 ms Sync   21 ms | Sent   864 kB Recv  1191 kB |  drinks
🔶 Pred  174 ms Sync  100 ms | Sent   864 kB Recv  1191 kB | :


🔶 Pred  219 ms Sync   36 ms | Sent   864 kB Recv  1191 kB | House
🔶 Pred  136 ms Sync   21 ms | Sent   864 kB Recv  1191 kB |  
🔶 Pred  137 ms Sync   24 ms | Sent   864 kB Recv  1191 kB | 1
🔶 Pred  137 ms Sync   25 ms | Sent   864 kB Recv  1191 kB | :
🔶 Pred  137 ms Sync   22 ms | Sent   864 kB Recv  1191 kB |  
🔶 Pred  135 ms Sync   32 ms | Sent   864 kB Recv  1191 kB | 1
🔶 Pred  138 ms Sync   26 ms | Sent   864 kB Recv  1191 kB | ,
🔶 Pred  137 ms Sync   44 ms | Sent   864 kB Recv  1191 kB | 3
🔶 Pred  138 ms Sync   25 ms | Sent   864 kB Recv  1191 kB | ,
🔶 Pred  136 ms Sync   26 ms | Sent   864 kB Recv  1191 kB | 4
🔶 Pred  137 ms Sync   26 ms | Sent   864 kB Recv  1191 kB | ,
🔶 Pred  138 ms Sync   20 ms | Sent   864 kB Recv  1191 kB | 5
🔶 Pred  139 ms Sync   22 ms | Sent   864 kB Recv  1191 kB | 


🔶 Pred  138 ms Sync   23 ms | Sent   864 kB Recv  1191 kB | House
🔶 Pred  138 ms Sync   19 ms | Sent   864 kB Recv  1191 kB |  
🔶 Pred  150 ms Sync   39 ms | Sent   864 kB Recv  1191 kB | 3
🔶 Pred  180 ms Sync   63 ms | Sent   864 kB Recv  1191 kB | :
🔶 Pred  147 ms Sync   51 ms | Sent   864 kB Recv  1191 kB |  
🔶 Pred  140 ms Sync   16 ms | Sent   864 kB Recv  1191 kB | 1
🔶 Pred  137 ms Sync   22 ms | Sent   864 kB Recv  1191 kB | ,
🔶 Pred  137 ms Sync   23 ms | Sent   864 kB Recv  1191 kB | 3
🔶 Pred  137 ms Sync   25 ms | Sent   864 kB Recv  1191 kB | ,
🔶 Pred  137 ms Sync   26 ms | Sent   864 kB Recv  1191 kB | 4
🔶 Pred  135 ms Sync   22 ms | Sent   864 kB Recv  1191 kB | ,
🔶 Pred  138 ms Sync   19 ms | Sent   864 kB Recv  1191 kB | 5
🔶 Pred  135 ms Sync   32 ms | Sent   864 kB Recv  1191 kB | 


🔶 Pred  139 ms Sync   28 ms | Sent   864 kB Recv  1191 kB | House
🔶 Pred  139 ms Sync   33 ms | Sent   864 kB Recv  1191 kB |  
🔶 Pred  140 ms Sync   23 ms | Sent   864 kB Recv  1191 kB | 4
🔶 Pred  221 ms Sync   18 ms | Sent   864 kB Recv  1191 kB | :
🔶 Pred  137 ms Sync   22 ms | Sent   864 kB Recv  1191 kB |  
🔶 Pred  137 ms Sync   26 ms | Sent   864 kB Recv  1191 kB | 1
🔶 Pred  166 ms Sync   28 ms | Sent   864 kB Recv  1191 kB | ,
🔶 Pred  165 ms Sync   81 ms | Sent   864 kB Recv  1191 kB | 3
🔶 Pred  156 ms Sync   46 ms | Sent   864 kB Recv  1191 kB | ,
🔶 Pred  139 ms Sync   24 ms | Sent   864 kB Recv  1191 kB | 4
🔶 Pred  135 ms Sync   25 ms | Sent   864 kB Recv  1191 kB | ,
🔶 Pred  136 ms Sync   24 ms | Sent   864 kB Recv  1191 kB | 5
🔶 Pred  138 ms Sync   17 ms | Sent   864 kB Recv  1191 kB | 


🔶 Pred  138 ms Sync   23 ms | Sent   864 kB Recv  1191 kB | House
🔶 Pred  138 ms Sync   24 ms | Sent   864 kB Recv  1191 kB |  
🔶 Pred  137 ms Sync   23 ms | Sent   864 kB Recv  1191 kB | 5
🔶 Pred  140 ms Sync   21 ms | Sent   864 kB Recv  1191 kB | :
🔶 Pred  137 ms Sync   30 ms | Sent   864 kB Recv  1191 kB |  
🔶 Pred  154 ms Sync   23 ms | Sent   864 kB Recv  1191 kB | 1
🔶 Pred  137 ms Sync   20 ms | Sent   864 kB Recv  1191 kB | ,
🔶 Pred  139 ms Sync   19 ms | Sent   864 kB Recv  1191 kB | 3
🔶 Pred  137 ms Sync   29 ms | Sent   864 kB Recv  1191 kB | ,
🔶 Pred  138 ms Sync   24 ms | Sent   864 kB Recv  1191 kB | 4
🔶 Pred  137 ms Sync   20 ms | Sent   864 kB Recv  1191 kB | ,
🔶 Pred  186 ms Sync   95 ms | Sent   864 kB Recv  1191 kB | 5
🔶 Pred  140 ms Sync   18 ms | Sent   864 kB Recv  1191 kB | 


🔶 Pred  158 ms Sync   48 ms | Sent   864 kB Recv  1191 kB | So
🔶 Pred  137 ms Sync   20 ms | Sent   864 kB Recv  1191 kB | ,
🔶 Pred  136 ms Sync   27 ms | Sent   864 kB Recv  1191 kB |  four
🔶 Pred  138 ms Sync   34 ms | Sent   864 kB Recv  1191 kB |  houses
🔶 Pred  138 ms Sync   29 ms | Sent   864 kB Recv  1191 kB |  needing
🔶 Pred  221 ms Sync   22 ms | Sent   864 kB Recv  1191 kB |  drinks
🔶 Pred  139 ms Sync   22 ms | Sent   864 kB Recv  1191 kB |  
🔶 Pred  137 ms Sync   27 ms | Sent   864 kB Recv  1191 kB | 1
🔶 Pred  139 ms Sync   21 ms | Sent   864 kB Recv  1191 kB | ,
🔶 Pred  138 ms Sync   21 ms | Sent   864 kB Recv  1191 kB | 3
🔶 Pred  140 ms Sync   24 ms | Sent   864 kB Recv  1191 kB | ,
🔶 Pred  140 ms Sync   23 ms | Sent   864 kB Recv  1191 kB | 4
🔶 Pred  135 ms Sync   34 ms | Sent   864 kB Recv  1191 kB | ,
🔶 Pred  137 ms Sync   25 ms | Sent   864 kB Recv  1191 kB | 5
🔶 Pred  136 ms Sync   26 ms | Sent   864 kB Recv  1191 kB | .


🔶 Pred  206 ms Sync   70 ms | Sent   864 kB Recv  1191 kB | Similarly
🔶 Pred  166 ms Sync   29 ms | Sent   864 kB Recv  1191 kB | ,
🔶 Pred  141 ms Sync   20 ms | Sent   864 kB Recv  1191 kB |  for
🔶 Pred  138 ms Sync   30 ms | Sent   864 kB Recv  1191 kB |  sm
🔶 Pred  139 ms Sync   23 ms | Sent   864 kB Recv  1191 kB | okes
🔶 Pred  142 ms Sync   21 ms | Sent   864 kB Recv  1191 kB | :


🔶 Pred  143 ms Sync   25 ms | Sent   864 kB Recv  1191 kB | House
🔶 Pred  139 ms Sync   29 ms | Sent   864 kB Recv  1191 kB |  
🔶 Pred  138 ms Sync   27 ms | Sent   864 kB Recv  1191 kB | 1
🔶 Pred  139 ms Sync   18 ms | Sent   864 kB Recv  1191 kB | :
🔶 Pred  138 ms Sync   23 ms | Sent   864 kB Recv  1191 kB |  
🔶 Pred  138 ms Sync   23 ms | Sent   864 kB Recv  1191 kB | 2
🔶 Pred  137 ms Sync   25 ms | Sent   864 kB Recv  1191 kB | ,
🔶 Pred  140 ms Sync   21 ms | Sent   864 kB Recv  1191 kB | 3
🔶 Pred  138 ms Sync   27 ms | Sent   864 kB Recv  1191 kB | ,
🔶 Pred  143 ms Sync   22 ms | Sent   864 kB Recv  1191 kB | 4
🔶 Pred  137 ms Sync   29 ms | Sent   864 kB Recv  1191 kB | ,
🔶 Pred  185 ms Sync   97 ms | Sent   864 kB Recv  1191 kB | 5
🔶 Pred  181 ms Sync   24 ms | Sent   864 kB Recv  1191 kB | 


🔶 Pred  187 ms Sync   24 ms | Sent   864 kB Recv  1191 kB | House
🔶 Pred  139 ms Sync   20 ms | Sent   864 kB Recv  1191 kB |  
🔶 Pred  137 ms Sync   24 ms | Sent   864 kB Recv  1191 kB | 2
🔶 Pred  138 ms Sync   22 ms | Sent   864 kB Recv  1191 kB | :
🔶 Pred  138 ms Sync   28 ms | Sent   864 kB Recv  1191 kB |  
🔶 Pred  140 ms Sync   18 ms | Sent   864 kB Recv  1191 kB | 2
🔶 Pred  139 ms Sync   21 ms | Sent   864 kB Recv  1191 kB | ,
🔶 Pred  140 ms Sync   26 ms | Sent   864 kB Recv  1191 kB | 3
🔶 Pred  138 ms Sync   45 ms | Sent   864 kB Recv  1191 kB | ,
🔶 Pred  139 ms Sync   25 ms | Sent   864 kB Recv  1191 kB | 4
🔶 Pred  138 ms Sync   22 ms | Sent   864 kB Recv  1191 kB | ,
🔶 Pred  139 ms Sync   23 ms | Sent   864 kB Recv  1191 kB | 5
🔶 Pred  139 ms Sync   20 ms | Sent   864 kB Recv  1191 kB | 


🔶 Pred  153 ms Sync   22 ms | Sent   864 kB Recv  1191 kB | House
🔶 Pred  138 ms Sync   20 ms | Sent   864 kB Recv  1191 kB |  
🔶 Pred  202 ms Sync   51 ms | Sent   864 kB Recv  1191 kB | 4
🔶 Pred  140 ms Sync   39 ms | Sent   864 kB Recv  1191 kB | :
🔶 Pred  160 ms Sync   61 ms | Sent   864 kB Recv  1191 kB |  
🔶 Pred  138 ms Sync   20 ms | Sent   864 kB Recv  1191 kB | 2
🔶 Pred  139 ms Sync   24 ms | Sent   864 kB Recv  1191 kB | ,
🔶 Pred  139 ms Sync   24 ms | Sent   864 kB Recv  1191 kB | 3
🔶 Pred  139 ms Sync   53 ms | Sent   864 kB Recv  1191 kB | ,
🔶 Pred  140 ms Sync   18 ms | Sent   864 kB Recv  1191 kB | 4
🔶 Pred  137 ms Sync   22 ms | Sent   864 kB Recv  1191 kB | ,
🔶 Pred  137 ms Sync   25 ms | Sent   864 kB Recv  1191 kB | 5
🔶 Pred  138 ms Sync   20 ms | Sent   864 kB Recv  1191 kB | 


🔶 Pred  138 ms Sync   26 ms | Sent   864 kB Recv  1191 kB | House
🔶 Pred  140 ms Sync   19 ms | Sent   864 kB Recv  1191 kB |  
🔶 Pred  226 ms Sync   16 ms | Sent   864 kB Recv  1191 kB | 5
🔶 Pred  140 ms Sync   16 ms | Sent   864 kB Recv  1191 kB | :
🔶 Pred  138 ms Sync   22 ms | Sent   864 kB Recv  1191 kB |  
🔶 Pred  143 ms Sync   23 ms | Sent   864 kB Recv  1191 kB | 2
🔶 Pred  198 ms Sync   76 ms | Sent   864 kB Recv  1191 kB | ,
🔶 Pred  162 ms Sync   37 ms | Sent   864 kB Recv  1191 kB | 3
🔶 Pred  140 ms Sync   18 ms | Sent   864 kB Recv  1191 kB | ,
🔶 Pred  138 ms Sync   21 ms | Sent   864 kB Recv  1191 kB | 4
🔶 Pred  138 ms Sync   21 ms | Sent   864 kB Recv  1191 kB | ,
🔶 Pred  142 ms Sync   16 ms | Sent   864 kB Recv  1191 kB | 5
🔶 Pred  139 ms Sync   25 ms | Sent   864 kB Recv  1191 kB | 


🔶 Pred  139 ms Sync   22 ms | Sent   864 kB Recv  1191 kB | Four
🔶 Pred  138 ms Sync   21 ms | Sent   864 kB Recv  1191 kB |  houses
🔶 Pred  139 ms Sync   22 ms | Sent   864 kB Recv  1191 kB |  needing
🔶 Pred  139 ms Sync   21 ms | Sent   864 kB Recv  1191 kB |  sm
🔶 Pred  139 ms Sync   44 ms | Sent   864 kB Recv  1191 kB | okes
🔶 Pred  149 ms Sync   21 ms | Sent   864 kB Recv  1191 kB |  
🔶 Pred  142 ms Sync   18 ms | Sent   864 kB Recv  1191 kB | 2
🔶 Pred  139 ms Sync   22 ms | Sent   864 kB Recv  1191 kB | ,
🔶 Pred  140 ms Sync   20 ms | Sent   864 kB Recv  1191 kB | 3
🔶 Pred  138 ms Sync   28 ms | Sent   864 kB Recv  1191 kB | ,
🔶 Pred  201 ms Sync   85 ms | Sent   864 kB Recv  1191 kB | 4
🔶 Pred  141 ms Sync   15 ms | Sent   864 kB Recv  1191 kB | ,
🔶 Pred  154 ms Sync   60 ms | Sent   864 kB Recv  1191 kB | 5
🔶 Pred  140 ms Sync   20 ms | Sent   864 kB Recv  1191 kB | .


🔶 Pred  137 ms Sync   23 ms | Sent   864 kB Recv  1191 kB | For
🔶 Pred  139 ms Sync   22 ms | Sent   864 kB Recv  1191 kB |  pets
🔶 Pred  138 ms Sync   29 ms | Sent   864 kB Recv  1191 kB | :


🔶 Pred  223 ms Sync   17 ms | Sent   864 kB Recv  1191 kB | House
🔶 Pred  141 ms Sync   19 ms | Sent   864 kB Recv  1191 kB |  
🔶 Pred  138 ms Sync   28 ms | Sent   864 kB Recv  1191 kB | 1
🔶 Pred  139 ms Sync   24 ms | Sent   864 kB Recv  1191 kB | :
🔶 Pred  138 ms Sync   26 ms | Sent   864 kB Recv  1191 kB |  
🔶 Pred  139 ms Sync   30 ms | Sent   864 kB Recv  1191 kB | 2
🔶 Pred  141 ms Sync   27 ms | Sent   864 kB Recv  1191 kB | ,
🔶 Pred  139 ms Sync   25 ms | Sent   864 kB Recv  1191 kB | 3
🔶 Pred  138 ms Sync   29 ms | Sent   864 kB Recv  1191 kB | ,
🔶 Pred  139 ms Sync   22 ms | Sent   864 kB Recv  1191 kB | 4
🔶 Pred  202 ms Sync   52 ms | Sent   864 kB Recv  1191 kB | ,
🔶 Pred  153 ms Sync   32 ms | Sent   864 kB Recv  1191 kB | 5
🔶 Pred  141 ms Sync   25 ms | Sent   864 kB Recv  1191 kB | 


🔶 Pred  154 ms Sync   30 ms | Sent   864 kB Recv  1191 kB | House
🔶 Pred  139 ms Sync   25 ms | Sent   864 kB Recv  1191 kB |  
🔶 Pred  139 ms Sync   23 ms | Sent   864 kB Recv  1191 kB | 2
🔶 Pred  142 ms Sync   20 ms | Sent   864 kB Recv  1191 kB | :
🔶 Pred  141 ms Sync   19 ms | Sent   864 kB Recv  1191 kB |  
🔶 Pred  140 ms Sync   32 ms | Sent   864 kB Recv  1191 kB | 2
🔶 Pred  142 ms Sync   35 ms | Sent   864 kB Recv  1191 kB | ,
🔶 Pred  184 ms Sync   35 ms | Sent   864 kB Recv  1191 kB | 3
🔶 Pred  137 ms Sync   21 ms | Sent   864 kB Recv  1191 kB | ,
🔶 Pred  140 ms Sync   30 ms | Sent   864 kB Recv  1191 kB | 4
🔶 Pred  140 ms Sync   28 ms | Sent   864 kB Recv  1191 kB | ,
🔶 Pred  139 ms Sync   23 ms | Sent   864 kB Recv  1191 kB | 5
🔶 Pred  139 ms Sync   29 ms | Sent   864 kB Recv  1191 kB | 


🔶 Pred  141 ms Sync   22 ms | Sent   864 kB Recv  1191 kB | House
🔶 Pred  226 ms Sync   69 ms | Sent   864 kB Recv  1191 kB |  
🔶 Pred  208 ms Sync   29 ms | Sent   864 kB Recv  1191 kB | 3
🔶 Pred  139 ms Sync   22 ms | Sent   864 kB Recv  1191 kB | :
🔶 Pred  140 ms Sync   21 ms | Sent   864 kB Recv  1191 kB |  
🔶 Pred  140 ms Sync   23 ms | Sent   864 kB Recv  1191 kB | 2
🔶 Pred  140 ms Sync   20 ms | Sent   864 kB Recv  1191 kB | ,
🔶 Pred  138 ms Sync   31 ms | Sent   864 kB Recv  1191 kB | 3
🔶 Pred  139 ms Sync   27 ms | Sent   864 kB Recv  1191 kB | ,
🔶 Pred  142 ms Sync   21 ms | Sent   864 kB Recv  1191 kB | 4
🔶 Pred  140 ms Sync   19 ms | Sent   864 kB Recv  1191 kB | ,
🔶 Pred  139 ms Sync   29 ms | Sent   864 kB Recv  1191 kB | 5
🔶 Pred  141 ms Sync   18 ms | Sent   864 kB Recv  1191 kB | 


🔶 Pred  139 ms Sync   24 ms | Sent   864 kB Recv  1191 kB | House
🔶 Pred  143 ms Sync   17 ms | Sent   864 kB Recv  1191 kB |  
🔶 Pred  140 ms Sync   23 ms | Sent   864 kB Recv  1191 kB | 4
🔶 Pred  139 ms Sync   25 ms | Sent   864 kB Recv  1191 kB | :
🔶 Pred  139 ms Sync   20 ms | Sent   864 kB Recv  1191 kB |  
🔶 Pred  197 ms Sync   71 ms | Sent   864 kB Recv  1191 kB | 2
🔶 Pred  140 ms Sync   21 ms | Sent   864 kB Recv  1191 kB | ,
🔶 Pred  168 ms Sync   26 ms | Sent   864 kB Recv  1191 kB | 3
🔶 Pred  140 ms Sync   23 ms | Sent   864 kB Recv  1191 kB | ,
🔶 Pred  139 ms Sync   24 ms | Sent   864 kB Recv  1191 kB | 4
🔶 Pred  138 ms Sync   29 ms | Sent   864 kB Recv  1191 kB | ,
🔶 Pred  140 ms Sync   26 ms | Sent   864 kB Recv  1191 kB | 5
🔶 Pred  140 ms Sync   27 ms | Sent   864 kB Recv  1191 kB | 


🔶 Pred  139 ms Sync   29 ms | Sent   864 kB Recv  1191 kB | Four
🔶 Pred  138 ms Sync   31 ms | Sent   864 kB Recv  1191 kB |  houses
🔶 Pred  141 ms Sync   46 ms | Sent   864 kB Recv  1191 kB |  needing
🔶 Pred  140 ms Sync   23 ms | Sent   864 kB Recv  1191 kB |  pets
🔶 Pred  156 ms Sync   24 ms | Sent   864 kB Recv  1191 kB |  
🔶 Pred  195 ms Sync   21 ms | Sent   864 kB Recv  1191 kB | 2
🔶 Pred  139 ms Sync   26 ms | Sent   864 kB Recv  1191 kB | ,
🔶 Pred  140 ms Sync   24 ms | Sent   864 kB Recv  1191 kB | 3
🔶 Pred  152 ms Sync   29 ms | Sent   864 kB Recv  1191 kB | ,
🔶 Pred  173 ms Sync   83 ms | Sent   864 kB Recv  1191 kB | 4
🔶 Pred  154 ms Sync   63 ms | Sent   864 kB Recv  1191 kB | ,
🔶 Pred  140 ms Sync   20 ms | Sent   864 kB Recv  1191 kB | 5
🔶 Pred  142 ms Sync   22 ms | Sent   864 kB Recv  1191 kB | .


🔶 Pred  143 ms Sync   21 ms | Sent   864 kB Recv  1191 kB | Now
🔶 Pred  144 ms Sync   21 ms | Sent   864 kB Recv  1191 kB | ,
🔶 Pred  153 ms Sync   41 ms | Sent   864 kB Recv  1191 kB |  let
🔶 Pred  141 ms Sync   23 ms | Sent   864 kB Recv  1191 kB | 's
🔶 Pred  140 ms Sync   28 ms | Sent   864 kB Recv  1191 kB |  try
🔶 Pred  139 ms Sync   28 ms | Sent   864 kB Recv  1191 kB |  to
🔶 Pred  141 ms Sync   22 ms | Sent   864 kB Recv  1191 kB |  assign
🔶 Pred  140 ms Sync   21 ms | Sent   864 kB Recv  1191 kB |  step
🔶 Pred  142 ms Sync   22 ms | Sent   864 kB Recv  1191 kB |  by
🔶 Pred  137 ms Sync   26 ms | Sent   864 kB Recv  1191 kB |  step
🔶 Pred  139 ms Sync   29 ms | Sent   864 kB Recv  1191 kB | .


🔶 Pred  142 ms Sync   18 ms | Sent   864 kB Recv  1191 kB | Starting
🔶 Pred  174 ms Sync   30 ms | Sent   864 kB Recv  1191 kB |  with
🔶 Pred  213 ms Sync   37 ms | Sent   864 kB Recv  1191 kB |  House
🔶 Pred  163 ms Sync   55 ms | Sent   864 kB Recv  1191 kB |  
🔶 Pred  141 ms Sync   17 ms | Sent   864 kB Recv  1191 kB | 1
🔶 Pred  140 ms Sync   20 ms | Sent   864 kB Recv  1191 kB | :


🔶 Pred  140 ms Sync   28 ms | Sent   864 kB Recv  1191 kB | House
🔶 Pred  140 ms Sync   25 ms | Sent   864 kB Recv  1191 kB |  
🔶 Pred  213 ms Sync   23 ms | Sent   864 kB Recv  1191 kB | 1
🔶 Pred  141 ms Sync   20 ms | Sent   864 kB Recv  1191 kB | :
🔶 Pred  139 ms Sync   25 ms | Sent   864 kB Recv  1191 kB |  National
🔶 Pred  139 ms Sync   23 ms | Sent   864 kB Recv  1191 kB | ity
🔶 Pred  140 ms Sync   23 ms | Sent   864 kB Recv  1191 kB | =
🔶 Pred  142 ms Sync   22 ms | Sent   864 kB Recv  1191 kB | 1
🔶 Pred  141 ms Sync   26 ms | Sent   864 kB Recv  1191 kB |  (
🔶 Pred  141 ms Sync   26 ms | Sent   864 kB Recv  1191 kB | American
🔶 Pred  140 ms Sync   23 ms | Sent   864 kB Recv  1191 kB | )


🔶 Pred  140 ms Sync   23 ms | Sent   864 kB Recv  1191 kB | Drink
🔶 Pred  211 ms Sync   74 ms | Sent   864 kB Recv  1191 kB | :
🔶 Pred  142 ms Sync   18 ms | Sent   864 kB Recv  1191 kB |  
🔶 Pred  161 ms Sync   59 ms | Sent   864 kB Recv  1191 kB | 1
🔶 Pred  142 ms Sync   16 ms | Sent   864 kB Recv  1191 kB | ,
🔶 Pred  141 ms Sync   19 ms | Sent   864 kB Recv  1191 kB | 3
🔶 Pred  141 ms Sync   22 ms | Sent   864 kB Recv  1191 kB | ,
🔶 Pred  142 ms Sync   20 ms | Sent   864 kB Recv  1191 kB | 4
🔶 Pred  140 ms Sync   21 ms | Sent   864 kB Recv  1191 kB | ,
🔶 Pred  161 ms Sync   25 ms | Sent   864 kB Recv  1191 kB | 5
🔶 Pred  140 ms Sync   24 ms | Sent   864 kB Recv  1191 kB | 


🔶 Pred  141 ms Sync   25 ms | Sent   864 kB Recv  1191 kB | Smoke
🔶 Pred  140 ms Sync   26 ms | Sent   864 kB Recv  1191 kB | :
🔶 Pred  140 ms Sync   24 ms | Sent   864 kB Recv  1191 kB |  
🔶 Pred  142 ms Sync   24 ms | Sent   864 kB Recv  1191 kB | 2
🔶 Pred  140 ms Sync   30 ms | Sent   864 kB Recv  1191 kB | ,
🔶 Pred  140 ms Sync   25 ms | Sent   864 kB Recv  1191 kB | 3
🔶 Pred  142 ms Sync   30 ms | Sent   864 kB Recv  1191 kB | ,
🔶 Pred  217 ms Sync   62 ms | Sent   864 kB Recv  1191 kB | 4
🔶 Pred  245 ms Sync   27 ms | Sent   864 kB Recv  1191 kB | ,
🔶 Pred  142 ms Sync   17 ms | Sent   864 kB Recv  1191 kB | 5
🔶 Pred  141 ms Sync   19 ms | Sent   864 kB Recv  1191 kB | 


🔶 Pred  142 ms Sync   21 ms | Sent   864 kB Recv  1191 kB | Pet
🔶 Pred  142 ms Sync   21 ms | Sent   864 kB Recv  1191 kB | :
🔶 Pred  143 ms Sync   19 ms | Sent   864 kB Recv  1191 kB |  
🔶 Pred  142 ms Sync   21 ms | Sent   864 kB Recv  1191 kB | 2
🔶 Pred  140 ms Sync   30 ms | Sent   864 kB Recv  1191 kB | ,
🔶 Pred  154 ms Sync   27 ms | Sent   864 kB Recv  1191 kB | 3
🔶 Pred  143 ms Sync   32 ms | Sent   864 kB Recv  1191 kB | ,
🔶 Pred  142 ms Sync   33 ms | Sent   864 kB Recv  1191 kB | 4
🔶 Pred  143 ms Sync   28 ms | Sent   864 kB Recv  1191 kB | ,
🔶 Pred  142 ms Sync   19 ms | Sent   864 kB Recv  1191 kB | 5
🔶 Pred  141 ms Sync   21 ms | Sent   864 kB Recv  1191 kB | 


🔶 Pred  140 ms Sync   26 ms | Sent   864 kB Recv  1191 kB | We
🔶 Pred  182 ms Sync   62 ms | Sent   864 kB Recv  1191 kB |  need
🔶 Pred  166 ms Sync   32 ms | Sent   864 kB Recv  1191 kB |  to
🔶 Pred  166 ms Sync   45 ms | Sent   864 kB Recv  1191 kB |  assign
🔶 Pred  141 ms Sync   40 ms | Sent   864 kB Recv  1191 kB |  drink
🔶 Pred  139 ms Sync   21 ms | Sent   864 kB Recv  1191 kB | ,
🔶 Pred  139 ms Sync   19 ms | Sent   864 kB Recv  1191 kB |  smoke
🔶 Pred  139 ms Sync   20 ms | Sent   864 kB Recv  1191 kB | ,
🔶 Pred  137 ms Sync   31 ms | Sent   864 kB Recv  1191 kB |  pet
🔶 Pred  137 ms Sync   26 ms | Sent   864 kB Recv  1191 kB |  to
🔶 Pred  139 ms Sync   24 ms | Sent   864 kB Recv  1191 kB |  House
🔶 Pred  139 ms Sync   26 ms | Sent   864 kB Recv  1191 kB |  
🔶 Pred  139 ms Sync   28 ms | Sent   864 kB Recv  1191 kB | 1
🔶 Pred  137 ms Sync   32 ms | Sent   864 kB Recv  1191 kB | ,
🔶 Pred  192 ms Sync   23 ms | Sent   864 kB Recv  1191 kB |  ensuring
🔶 Pred  226 ms Sync   20 ms | Sent   864 kB Recv  1191 kB |  they
🔶 Pred  140 ms Sync   21 ms | Sent   864 kB Recv  1191 kB |  are
🔶 Pred  139 ms Sync   35 ms | Sent   864 kB Recv  1191 kB |  unique
🔶 Pred  189 ms Sync   82 ms | Sent   864 kB Recv  1191 kB |  across
🔶 Pred  154 ms Sync   53 ms | Sent   864 kB Recv  1191 kB |  all
🔶 Pred  140 ms Sync   20 ms | Sent   864 kB Recv  1191 kB |  owners
🔶 Pred  139 ms Sync   30 ms | Sent   864 kB Recv  1191 kB | .


🔶 Pred  138 ms Sync   26 ms | Sent   864 kB Recv  1191 kB | But
🔶 Pred  138 ms Sync   31 ms | Sent   864 kB Recv  1191 kB |  since
🔶 Pred  139 ms Sync   29 ms | Sent   864 kB Recv  1191 kB |  we
🔶 Pred  140 ms Sync   20 ms | Sent   864 kB Recv  1191 kB |  don
🔶 Pred  140 ms Sync   29 ms | Sent   864 kB Recv  1191 kB | 't
🔶 Pred  140 ms Sync   25 ms | Sent   864 kB Recv  1191 kB |  have
🔶 Pred  146 ms Sync   22 ms | Sent   864 kB Recv  1191 kB |  any
🔶 Pred  141 ms Sync   22 ms | Sent   864 kB Recv  1191 kB |  specific
🔶 Pred  137 ms Sync   28 ms | Sent   864 kB Recv  1191 kB |  clues
🔶 Pred  140 ms Sync   20 ms | Sent   864 kB Recv  1191 kB |  about
🔶 Pred  195 ms Sync   20 ms | Sent   864 kB Recv  1191 kB |  House
🔶 Pred  153 ms Sync   25 ms | Sent   864 kB Recv  1191 kB |  
🔶 Pred  163 ms Sync   53 ms | Sent   864 kB Recv  1191 kB | 1
🔶 Pred  161 ms Sync   46 ms | Sent   864 kB Recv  1191 kB | ,
🔶 Pred  157 ms Sync   44 ms | Sent   864 kB Recv  1191 kB |  let
🔶 Pred  141 ms Sync   19 ms | Sent   864 kB Recv  1191 kB | 's
🔶 Pred  139 ms Sync   25 ms | Sent   864 kB Recv  1191 kB |  see
🔶 Pred  139 ms Sync   23 ms | Sent   864 kB Recv  1191 kB |  if
🔶 Pred  138 ms Sync   27 ms | Sent   864 kB Recv  1191 kB |  we
🔶 Pred  182 ms Sync   17 ms | Sent   864 kB Recv  1191 kB |  can
🔶 Pred  170 ms Sync   24 ms | Sent   864 kB Recv  1191 kB |  find
🔶 Pred  140 ms Sync   27 ms | Sent   864 kB Recv  1191 kB |  a
🔶 Pred  139 ms Sync   24 ms | Sent   864 kB Recv  1191 kB |  contradiction
🔶 Pred  141 ms Sync   20 ms | Sent   864 kB Recv  1191 kB |  or
🔶 Pred  139 ms Sync   23 ms | Sent   864 kB Recv  1191 kB |  a
🔶 Pred  141 ms Sync   21 ms | Sent   864 kB Recv  1191 kB |  forced
🔶 Pred  143 ms Sync   34 ms | Sent   864 kB Recv  1191 kB |  assignment
🔶 Pred  139 ms Sync   22 ms | Sent   864 kB Recv  1191 kB |  elsewhere
🔶 Pred  139 ms Sync   26 ms | Sent   864 kB Recv  1191 kB | .


🔶 Pred  200 ms Sync   72 ms | Sent   864 kB Recv  1191 kB | Looking
🔶 Pred  142 ms Sync   29 ms | Sent   864 kB Recv  1191 kB |  at
🔶 Pred  159 ms Sync   62 ms | Sent   864 kB Recv  1191 kB |  House
🔶 Pred  138 ms Sync   27 ms | Sent   864 kB Recv  1191 kB |  
🔶 Pred  140 ms Sync   23 ms | Sent   864 kB Recv  1191 kB | 3
🔶 Pred  139 ms Sync   20 ms | Sent   864 kB Recv  1191 kB | :
🔶 Pred  139 ms Sync   27 ms | Sent   864 kB Recv  1191 kB |  Smoke
🔶 Pred  141 ms Sync   28 ms | Sent   864 kB Recv  1191 kB | =
🔶 Pred  140 ms Sync   27 ms | Sent   864 kB Recv  1191 kB | 1
🔶 Pred  139 ms Sync   26 ms | Sent   864 kB Recv  1191 kB |  (
🔶 Pred  139 ms Sync   25 ms | Sent   864 kB Recv  1191 kB | c
🔶 Pred  140 ms Sync   25 ms | Sent   864 kB Recv  1191 kB | igaret
🔶 Pred  138 ms Sync   26 ms | Sent   864 kB Recv  1191 kB | tes
🔶 Pred  140 ms Sync   24 ms | Sent   864 kB Recv  1191 kB | )


🔶 Pred  140 ms Sync   29 ms | Sent   864 kB Recv  1191 kB | So
🔶 Pred  138 ms Sync   27 ms | Sent   864 kB Recv  1191 kB | ,
🔶 Pred  140 ms Sync   21 ms | Sent   864 kB Recv  1191 kB |  House
🔶 Pred  185 ms Sync   90 ms | Sent   864 kB Recv  1191 kB |  
🔶 Pred  175 ms Sync   19 ms | Sent   864 kB Recv  1191 kB | 3
🔶 Pred  210 ms Sync   26 ms | Sent   864 kB Recv  1191 kB | 's
🔶 Pred  143 ms Sync   22 ms | Sent   864 kB Recv  1191 kB |  smoke
🔶 Pred  142 ms Sync   20 ms | Sent   864 kB Recv  1191 kB |  is
🔶 Pred  145 ms Sync   23 ms | Sent   864 kB Recv  1191 kB |  fixed
🔶 Pred  142 ms Sync   25 ms | Sent   864 kB Recv  1191 kB |  as
🔶 Pred  140 ms Sync   23 ms | Sent   864 kB Recv  1191 kB |  
🔶 Pred  141 ms Sync   21 ms | Sent   864 kB Recv  1191 kB | 1
🔶 Pred  140 ms Sync   25 ms | Sent   864 kB Recv  1191 kB | .


🔶 Pred  140 ms Sync   27 ms | Sent   864 kB Recv  1191 kB | But
🔶 Pred  140 ms Sync   31 ms | Sent   864 kB Recv  1191 kB |  wait
🔶 Pred  141 ms Sync   25 ms | Sent   864 kB Recv  1191 kB | ,
🔶 Pred  141 ms Sync   33 ms | Sent   864 kB Recv  1191 kB |  House
🔶 Pred  140 ms Sync   22 ms | Sent   864 kB Recv  1191 kB |  
🔶 Pred  139 ms Sync   27 ms | Sent   864 kB Recv  1191 kB | 1
🔶 Pred  140 ms Sync   24 ms | Sent   864 kB Recv  1191 kB | 's
🔶 Pred  207 ms Sync   73 ms | Sent   864 kB Recv  1191 kB |  smoke
🔶 Pred  142 ms Sync   18 ms | Sent   864 kB Recv  1191 kB |  is
🔶 Pred  164 ms Sync   42 ms | Sent   864 kB Recv  1191 kB |  
🔶 Pred  142 ms Sync   22 ms | Sent   864 kB Recv  1191 kB | 2
🔶 Pred  140 ms Sync   30 ms | Sent   864 kB Recv  1191 kB | ,
🔶 Pred  140 ms Sync   23 ms | Sent   864 kB Recv  1191 kB | 3
🔶 Pred  141 ms Sync   28 ms | Sent   864 kB Recv  1191 kB | ,
🔶 Pred  140 ms Sync   29 ms | Sent   864 kB Recv  1191 kB | 4
🔶 Pred  140 ms Sync   26 ms | Sent   864 kB Recv  1191 kB | ,
🔶 Pred  140 ms Sync   28 ms | Sent   864 kB Recv  1191 kB | 5
🔶 Pred  140 ms Sync   25 ms | Sent   864 kB Recv  1191 kB | ,
🔶 Pred  141 ms Sync   28 ms | Sent   864 kB Recv  1191 kB |  so
🔶 Pred  141 ms Sync   24 ms | Sent   864 kB Recv  1191 kB |  no
🔶 Pred  201 ms Sync   18 ms | Sent   864 kB Recv  1191 kB |  conflict
🔶 Pred  168 ms Sync   25 ms | Sent   864 kB Recv  1191 kB |  there
🔶 Pred  140 ms Sync   43 ms | Sent   864 kB Recv  1191 kB | .


🔶 Pred  186 ms Sync   62 ms | Sent   864 kB Recv  1191 kB | Similarly
🔶 Pred  179 ms Sync   37 ms | Sent   864 kB Recv  1191 kB | ,
🔶 Pred  162 ms Sync   36 ms | Sent   864 kB Recv  1191 kB |  House
🔶 Pred  140 ms Sync   23 ms | Sent   864 kB Recv  1191 kB |  
🔶 Pred  140 ms Sync   21 ms | Sent   864 kB Recv  1191 kB | 2
🔶 Pred  140 ms Sync   29 ms | Sent   864 kB Recv  1191 kB | 's
🔶 Pred  141 ms Sync   26 ms | Sent   864 kB Recv  1191 kB |  smoke
🔶 Pred  145 ms Sync   36 ms | Sent   864 kB Recv  1191 kB |  is
🔶 Pred  141 ms Sync   30 ms | Sent   864 kB Recv  1191 kB |  
🔶 Pred  141 ms Sync   20 ms | Sent   864 kB Recv  1191 kB | 2
🔶 Pred  138 ms Sync   31 ms | Sent   864 kB Recv  1191 kB | ,
🔶 Pred  140 ms Sync   23 ms | Sent   864 kB Recv  1191 kB | 3
🔶 Pred  140 ms Sync   24 ms | Sent   864 kB Recv  1191 kB | ,
🔶 Pred  140 ms Sync   22 ms | Sent   864 kB Recv  1191 kB | 4
🔶 Pred  139 ms Sync   25 ms | Sent   864 kB Recv  1191 kB | ,
🔶 Pred  140 ms Sync   26 ms | Sent   864 kB Recv  1191 kB | 5
🔶 Pred  142 ms Sync   26 ms | Sent   864 kB Recv  1191 kB | ,
🔶 Pred  142 ms Sync   27 ms | Sent   864 kB Recv  1191 kB |  so
🔶 Pred  201 ms Sync   60 ms | Sent   864 kB Recv  1191 kB |  no
🔶 Pred  140 ms Sync   20 ms | Sent   864 kB Recv  1191 kB |  conflict
🔶 Pred  155 ms Sync   59 ms | Sent   864 kB Recv  1191 kB | .


🔶 Pred  142 ms Sync   19 ms | Sent   864 kB Recv  1191 kB | House
🔶 Pred  140 ms Sync   24 ms | Sent   864 kB Recv  1191 kB |  
🔶 Pred  140 ms Sync   33 ms | Sent   864 kB Recv  1191 kB | 4
🔶 Pred  193 ms Sync   19 ms | Sent   864 kB Recv  1191 kB | 's
🔶 Pred  169 ms Sync   38 ms | Sent   864 kB Recv  1191 kB |  smoke
🔶 Pred  141 ms Sync   22 ms | Sent   864 kB Recv  1191 kB |  is
🔶 Pred  140 ms Sync   32 ms | Sent   864 kB Recv  1191 kB |  
🔶 Pred  140 ms Sync   26 ms | Sent   864 kB Recv  1191 kB | 2
🔶 Pred  141 ms Sync   31 ms | Sent   864 kB Recv  1191 kB | ,
🔶 Pred  142 ms Sync   22 ms | Sent   864 kB Recv  1191 kB | 3
🔶 Pred  141 ms Sync   20 ms | Sent   864 kB Recv  1191 kB | ,
🔶 Pred  141 ms Sync   52 ms | Sent   864 kB Recv  1191 kB | 4
🔶 Pred  141 ms Sync   20 ms | Sent   864 kB Recv  1191 kB | ,
🔶 Pred  206 ms Sync   73 ms | Sent   864 kB Recv  1191 kB | 5
🔶 Pred  157 ms Sync   99 ms | Sent   864 kB Recv  1191 kB | ,
🔶 Pred  142 ms Sync   22 ms | Sent   864 kB Recv  1191 kB |  so
🔶 Pred  142 ms Sync   23 ms | Sent   864 kB Recv  1191 kB |  no
🔶 Pred  141 ms Sync   30 ms | Sent   864 kB Recv  1191 kB |  conflict
🔶 Pred  140 ms Sync   26 ms | Sent   864 kB Recv  1191 kB | .


🔶 Pred  141 ms Sync   22 ms | Sent   864 kB Recv  1191 kB | House
🔶 Pred  139 ms Sync   26 ms | Sent   864 kB Recv  1191 kB |  
🔶 Pred  141 ms Sync   25 ms | Sent   864 kB Recv  1191 kB | 5
🔶 Pred  140 ms Sync   23 ms | Sent   864 kB Recv  1191 kB | 's
🔶 Pred  141 ms Sync   29 ms | Sent   864 kB Recv  1191 kB |  smoke
🔶 Pred  140 ms Sync   26 ms | Sent   864 kB Recv  1191 kB |  is
🔶 Pred  146 ms Sync   23 ms | Sent   864 kB Recv  1191 kB |  
🔶 Pred  142 ms Sync   25 ms | Sent   864 kB Recv  1191 kB | 2
🔶 Pred  141 ms Sync   28 ms | Sent   864 kB Recv  1191 kB | ,
🔶 Pred  140 ms Sync   27 ms | Sent   864 kB Recv  1191 kB | 3
🔶 Pred  141 ms Sync   27 ms | Sent   864 kB Recv  1191 kB | ,
🔶 Pred  205 ms Sync   90 ms | Sent   864 kB Recv  1191 kB | 4
🔶 Pred  195 ms Sync   14 ms | Sent   864 kB Recv  1191 kB | ,
🔶 Pred  200 ms Sync   25 ms | Sent   864 kB Recv  1191 kB | 5
🔶 Pred  144 ms Sync   33 ms | Sent   864 kB Recv  1191 kB | ,
🔶 Pred  140 ms Sync   26 ms | Sent   864 kB Recv  1191 kB |  so
🔶 Pred  143 ms Sync   22 ms | Sent   864 kB Recv  1191 kB |  no
🔶 Pred  141 ms Sync   27 ms | Sent   864 kB Recv  1191 kB |  conflict
🔶 Pred  141 ms Sync   29 ms | Sent   864 kB Recv  1191 kB | .


🔶 Pred  143 ms Sync   31 ms | Sent   864 kB Recv  1191 kB | So
🔶 Pred  143 ms Sync   35 ms | Sent   864 kB Recv  1191 kB | ,
🔶 Pred  143 ms Sync   30 ms | Sent   864 kB Recv  1191 kB |  no
🔶 Pred  142 ms Sync   24 ms | Sent   864 kB Recv  1191 kB |  immediate
🔶 Pred  140 ms Sync   29 ms | Sent   864 kB Recv  1191 kB |  conflict
🔶 Pred  141 ms Sync   23 ms | Sent   864 kB Recv  1191 kB | .


🔶 Pred  142 ms Sync   21 ms | Sent   864 kB Recv  1191 kB | Similarly
🔶 Pred  141 ms Sync   28 ms | Sent   864 kB Recv  1191 kB | ,
🔶 Pred  170 ms Sync   90 ms | Sent   864 kB Recv  1191 kB |  House
🔶 Pred  175 ms Sync   30 ms | Sent   864 kB Recv  1191 kB |  
🔶 Pred  162 ms Sync   62 ms | Sent   864 kB Recv  1191 kB | 5
🔶 Pred  143 ms Sync   17 ms | Sent   864 kB Recv  1191 kB | :
🔶 Pred  140 ms Sync   23 ms | Sent   864 kB Recv  1191 kB |  Pet
🔶 Pred  140 ms Sync   29 ms | Sent   864 kB Recv  1191 kB | =
🔶 Pred  141 ms Sync   30 ms | Sent   864 kB Recv  1191 kB | 1
🔶 Pred  141 ms Sync   26 ms | Sent   864 kB Recv  1191 kB |  (
🔶 Pred  141 ms Sync   26 ms | Sent   864 kB Recv  1191 kB | dog
🔶 Pred  142 ms Sync   23 ms | Sent   864 kB Recv  1191 kB | )


🔶 Pred  140 ms Sync   30 ms | Sent   864 kB Recv  1191 kB | So
🔶 Pred  141 ms Sync   23 ms | Sent   864 kB Recv  1191 kB | ,
🔶 Pred  144 ms Sync   20 ms | Sent   864 kB Recv  1191 kB |  House
🔶 Pred  206 ms Sync   34 ms | Sent   864 kB Recv  1191 kB |  
🔶 Pred  143 ms Sync   18 ms | Sent   864 kB Recv  1191 kB | 5
🔶 Pred  141 ms Sync   29 ms | Sent   864 kB Recv  1191 kB | 's
🔶 Pred  204 ms Sync   91 ms | Sent   864 kB Recv  1191 kB |  pet
🔶 Pred  148 ms Sync   29 ms | Sent   864 kB Recv  1191 kB |  is
🔶 Pred  143 ms Sync   46 ms | Sent   864 kB Recv  1191 kB |  fixed
🔶 Pred  143 ms Sync   19 ms | Sent   864 kB Recv  1191 kB |  as
🔶 Pred  141 ms Sync   23 ms | Sent   864 kB Recv  1191 kB |  
🔶 Pred  140 ms Sync   29 ms | Sent   864 kB Recv  1191 kB | 1
🔶 Pred  141 ms Sync   30 ms | Sent   864 kB Recv  1191 kB | .


🔶 Pred  143 ms Sync   28 ms | Sent   864 kB Recv  1191 kB | Now
🔶 Pred  141 ms Sync   28 ms | Sent   864 kB Recv  1191 kB | ,
🔶 Pred  140 ms Sync   24 ms | Sent   864 kB Recv  1191 kB |  let
🔶 Pred  142 ms Sync   21 ms | Sent   864 kB Recv  1191 kB | 's
🔶 Pred  142 ms Sync   27 ms | Sent   864 kB Recv  1191 kB |  look
🔶 Pred  141 ms Sync   31 ms | Sent   864 kB Recv  1191 kB |  at
🔶 Pred  143 ms Sync   31 ms | Sent   864 kB Recv  1191 kB |  House
🔶 Pred  140 ms Sync   26 ms | Sent   864 kB Recv  1191 kB |  
🔶 Pred  140 ms Sync   29 ms | Sent   864 kB Recv  1191 kB | 2
🔶 Pred  142 ms Sync   24 ms | Sent   864 kB Recv  1191 kB | :
🔶 Pred  201 ms Sync  108 ms | Sent   864 kB Recv  1191 kB |  Drink
🔶 Pred  148 ms Sync   53 ms | Sent   864 kB Recv  1191 kB | =
🔶 Pred  180 ms Sync   31 ms | Sent   864 kB Recv  1191 kB | 2
🔶 Pred  161 ms Sync   23 ms | Sent   864 kB Recv  1191 kB |  (
🔶 Pred  144 ms Sync   27 ms | Sent   864 kB Recv  1191 kB | tea
🔶 Pred  144 ms Sync   27 ms | Sent   864 kB Recv  1191 kB | )


🔶 Pred  215 ms Sync   18 ms | Sent   864 kB Recv  1191 kB | So
🔶 Pred  141 ms Sync   23 ms | Sent   864 kB Recv  1191 kB | ,
🔶 Pred  142 ms Sync   22 ms | Sent   864 kB Recv  1191 kB |  House
🔶 Pred  150 ms Sync   31 ms | Sent   864 kB Recv  1191 kB |  
🔶 Pred  143 ms Sync   21 ms | Sent   864 kB Recv  1191 kB | 2
🔶 Pred  144 ms Sync   20 ms | Sent   864 kB Recv  1191 kB | 's
🔶 Pred  142 ms Sync   24 ms | Sent   864 kB Recv  1191 kB |  drink
🔶 Pred  141 ms Sync   28 ms | Sent   864 kB Recv  1191 kB |  is
🔶 Pred  141 ms Sync   25 ms | Sent   864 kB Recv  1191 kB |  fixed
🔶 Pred  142 ms Sync   27 ms | Sent   864 kB Recv  1191 kB |  as
🔶 Pred  204 ms Sync   66 ms | Sent   864 kB Recv  1191 kB |  
🔶 Pred  159 ms Sync   45 ms | Sent   864 kB Recv  1191 kB | 2
🔶 Pred  143 ms Sync   20 ms | Sent   864 kB Recv  1191 kB | .


🔶 Pred  141 ms Sync   23 ms | Sent   864 kB Recv  1191 kB | Now
🔶 Pred  141 ms Sync   26 ms | Sent   864 kB Recv  1191 kB | ,
🔶 Pred  140 ms Sync   25 ms | Sent   864 kB Recv  1191 kB |  let
🔶 Pred  141 ms Sync   30 ms | Sent   864 kB Recv  1191 kB | 's
🔶 Pred  140 ms Sync   29 ms | Sent   864 kB Recv  1191 kB |  see
🔶 Pred  141 ms Sync   32 ms | Sent   864 kB Recv  1191 kB |  if
🔶 Pred  140 ms Sync   29 ms | Sent   864 kB Recv  1191 kB |  we
🔶 Pred  142 ms Sync   34 ms | Sent   864 kB Recv  1191 kB |  can
🔶 Pred  140 ms Sync   28 ms | Sent   864 kB Recv  1191 kB |  find
🔶 Pred  144 ms Sync   31 ms | Sent   864 kB Recv  1191 kB |  any
🔶 Pred  141 ms Sync   31 ms | Sent   864 kB Recv  1191 kB |  more
🔶 Pred  141 ms Sync   30 ms | Sent   864 kB Recv  1191 kB |  deductions
🔶 Pred  142 ms Sync   26 ms | Sent   864 kB Recv  1191 kB | .


🔶 Pred  183 ms Sync   48 ms | Sent   864 kB Recv  1191 kB | Looking
🔶 Pred  222 ms Sync  138 ms | Sent   864 kB Recv  1191 kB |  at
🔶 Pred  144 ms Sync   21 ms | Sent   864 kB Recv  1191 kB |  House
🔶 Pred  143 ms Sync   26 ms | Sent   864 kB Recv  1191 kB |  
🔶 Pred  143 ms Sync   24 ms | Sent   864 kB Recv  1191 kB | 3
🔶 Pred  143 ms Sync   32 ms | Sent   864 kB Recv  1191 kB | :
🔶 Pred  144 ms Sync   21 ms | Sent   864 kB Recv  1191 kB |  Smoke
🔶 Pred  141 ms Sync   25 ms | Sent   864 kB Recv  1191 kB | =
🔶 Pred  143 ms Sync   26 ms | Sent   864 kB Recv  1191 kB | 1
🔶 Pred  143 ms Sync   22 ms | Sent   864 kB Recv  1191 kB |  (
🔶 Pred  143 ms Sync   28 ms | Sent   864 kB Recv  1191 kB | c
🔶 Pred  143 ms Sync   27 ms | Sent   864 kB Recv  1191 kB | igaret
🔶 Pred  145 ms Sync   24 ms | Sent   864 kB Recv  1191 kB | tes
🔶 Pred  143 ms Sync   28 ms | Sent   864 kB Recv  1191 kB | )


🔶 Pred  141 ms Sync   24 ms | Sent   864 kB Recv  1191 kB | So
🔶 Pred  142 ms Sync   31 ms | Sent   864 kB Recv  1191 kB | ,
🔶 Pred  170 ms Sync   33 ms | Sent   864 kB Recv  1191 kB |  House
🔶 Pred  178 ms Sync   63 ms | Sent   864 kB Recv  1191 kB |  
🔶 Pred  166 ms Sync   42 ms | Sent   864 kB Recv  1191 kB | 3
🔶 Pred  142 ms Sync   21 ms | Sent   864 kB Recv  1191 kB | 's
🔶 Pred  144 ms Sync   21 ms | Sent   864 kB Recv  1191 kB |  smoke
🔶 Pred  143 ms Sync   23 ms | Sent   864 kB Recv  1191 kB |  is
🔶 Pred  143 ms Sync   26 ms | Sent   864 kB Recv  1191 kB |  
🔶 Pred  143 ms Sync   24 ms | Sent   864 kB Recv  1191 kB | 1
🔶 Pred  143 ms Sync   25 ms | Sent   864 kB Recv  1191 kB | .


🔶 Pred  142 ms Sync   29 ms | Sent   864 kB Recv  1191 kB | Now
🔶 Pred  142 ms Sync   21 ms | Sent   864 kB Recv  1191 kB | ,
🔶 Pred  143 ms Sync   25 ms | Sent   864 kB Recv  1191 kB |  let
🔶 Pred  144 ms Sync   20 ms | Sent   864 kB Recv  1191 kB | 's
🔶 Pred  189 ms Sync   23 ms | Sent   864 kB Recv  1191 kB |  consider
🔶 Pred  180 ms Sync   36 ms | Sent   864 kB Recv  1191 kB |  House
🔶 Pred  143 ms Sync   22 ms | Sent   864 kB Recv  1191 kB |  
🔶 Pred  144 ms Sync   21 ms | Sent   864 kB Recv  1191 kB | 1
🔶 Pred  181 ms Sync  101 ms | Sent   864 kB Recv  1191 kB | 's
🔶 Pred  143 ms Sync   26 ms | Sent   864 kB Recv  1191 kB |  smoke
🔶 Pred  196 ms Sync   61 ms | Sent   864 kB Recv  1191 kB | :
🔶 Pred  143 ms Sync   22 ms | Sent   864 kB Recv  1191 kB |  
🔶 Pred  144 ms Sync   27 ms | Sent   864 kB Recv  1191 kB | 2
🔶 Pred  143 ms Sync   31 ms | Sent   864 kB Recv  1191 kB | ,
🔶 Pred  143 ms Sync   22 ms | Sent   864 kB Recv  1191 kB | 3
🔶 Pred  143 ms Sync   21 ms | Sent   864 kB Recv  1191 kB | ,
🔶 Pred  143 ms Sync   25 ms | Sent   864 kB Recv  1191 kB | 4
🔶 Pred  143 ms Sync   22 ms | Sent   864 kB Recv  1191 kB | ,
🔶 Pred  144 ms Sync   25 ms | Sent   864 kB Recv  1191 kB | 5
🔶 Pred  145 ms Sync   23 ms | Sent   864 kB Recv  1191 kB | 


🔶 Pred  147 ms Sync   28 ms | Sent   864 kB Recv  1191 kB | House
🔶 Pred  143 ms Sync   50 ms | Sent   864 kB Recv  1191 kB |  
🔶 Pred  144 ms Sync   20 ms | Sent   864 kB Recv  1191 kB | 2
🔶 Pred  141 ms Sync   24 ms | Sent   864 kB Recv  1191 kB | 's
🔶 Pred  199 ms Sync   71 ms | Sent   864 kB Recv  1191 kB |  smoke
🔶 Pred  186 ms Sync   23 ms | Sent   864 kB Recv  1191 kB | :
🔶 Pred  163 ms Sync   59 ms | Sent   864 kB Recv  1191 kB |  
🔶 Pred  143 ms Sync   23 ms | Sent   864 kB Recv  1191 kB | 2
🔶 Pred  142 ms Sync   29 ms | Sent   864 kB Recv  1191 kB | ,
🔶 Pred  144 ms Sync   29 ms | Sent   864 kB Recv  1191 kB | 3
🔶 Pred  161 ms Sync   24 ms | Sent   864 kB Recv  1191 kB | ,
🔶 Pred  200 ms Sync   24 ms | Sent   864 kB Recv  1191 kB | 4
🔶 Pred  144 ms Sync   21 ms | Sent   864 kB Recv  1191 kB | ,
🔶 Pred  144 ms Sync   21 ms | Sent   864 kB Recv  1191 kB | 5
🔶 Pred  143 ms Sync   29 ms | Sent   864 kB Recv  1191 kB | 


🔶 Pred  147 ms Sync   31 ms | Sent   864 kB Recv  1191 kB | House
🔶 Pred  150 ms Sync   22 ms | Sent   864 kB Recv  1191 kB |  
🔶 Pred  144 ms Sync   29 ms | Sent   864 kB Recv  1191 kB | 4
🔶 Pred  143 ms Sync   26 ms | Sent   864 kB Recv  1191 kB | 's
🔶 Pred  144 ms Sync   22 ms | Sent   864 kB Recv  1191 kB |  smoke
🔶 Pred  168 ms Sync   48 ms | Sent   864 kB Recv  1191 kB | :
🔶 Pred  182 ms Sync   68 ms | Sent   864 kB Recv  1191 kB |  
🔶 Pred  168 ms Sync   70 ms | Sent   864 kB Recv  1191 kB | 2
🔶 Pred  143 ms Sync   20 ms | Sent   864 kB Recv  1191 kB | ,
🔶 Pred  144 ms Sync   22 ms | Sent   864 kB Recv  1191 kB | 3
🔶 Pred  144 ms Sync   21 ms | Sent   864 kB Recv  1191 kB | ,
🔶 Pred  145 ms Sync   21 ms | Sent   864 kB Recv  1191 kB | 4
🔶 Pred  143 ms Sync   24 ms | Sent   864 kB Recv  1191 kB | ,
🔶 Pred  144 ms Sync   26 ms | Sent   864 kB Recv  1191 kB | 5
🔶 Pred  143 ms Sync   22 ms | Sent   864 kB Recv  1191 kB | 


🔶 Pred  145 ms Sync   24 ms | Sent   864 kB Recv  1191 kB | House
🔶 Pred  144 ms Sync   51 ms | Sent   864 kB Recv  1191 kB |  
🔶 Pred  146 ms Sync   18 ms | Sent   864 kB Recv  1191 kB | 5
🔶 Pred  144 ms Sync   21 ms | Sent   864 kB Recv  1191 kB | 's
🔶 Pred  144 ms Sync   22 ms | Sent   864 kB Recv  1191 kB |  smoke
🔶 Pred  143 ms Sync   27 ms | Sent   864 kB Recv  1191 kB | :
🔶 Pred  143 ms Sync   25 ms | Sent   864 kB Recv  1191 kB |  
🔶 Pred  224 ms Sync   60 ms | Sent   864 kB Recv  1191 kB | 2
🔶 Pred  220 ms Sync   29 ms | Sent   864 kB Recv  1191 kB | ,
🔶 Pred  158 ms Sync   22 ms | Sent   864 kB Recv  1191 kB | 3
🔶 Pred  144 ms Sync   20 ms | Sent   864 kB Recv  1191 kB | ,
🔶 Pred  144 ms Sync   21 ms | Sent   864 kB Recv  1191 kB | 4
🔶 Pred  143 ms Sync   26 ms | Sent   864 kB Recv  1191 kB | ,
🔶 Pred  144 ms Sync   23 ms | Sent   864 kB Recv  1191 kB | 5
🔶 Pred  145 ms Sync   22 ms | Sent   864 kB Recv  1191 kB | 


🔶 Pred  143 ms Sync   24 ms | Sent   864 kB Recv  1191 kB | So
🔶 Pred  142 ms Sync   27 ms | Sent   864 kB Recv  1191 kB | ,
🔶 Pred  143 ms Sync   28 ms | Sent   864 kB Recv  1191 kB |  all
🔶 Pred  144 ms Sync   32 ms | Sent   864 kB Recv  1191 kB |  houses
🔶 Pred  144 ms Sync   26 ms | Sent   864 kB Recv  1191 kB |  except
🔶 Pred  147 ms Sync   24 ms | Sent   864 kB Recv  1191 kB |  House
🔶 Pred  145 ms Sync   30 ms | Sent   864 kB Recv  1191 kB |  
🔶 Pred  144 ms Sync   32 ms | Sent   864 kB Recv  1191 kB | 3
🔶 Pred  204 ms Sync   97 ms | Sent   864 kB Recv  1191 kB |  have
🔶 Pred  146 ms Sync   21 ms | Sent   864 kB Recv  1191 kB |  possible
🔶 Pred  147 ms Sync  102 ms | Sent   864 kB Recv  1191 kB |  sm
🔶 Pred  144 ms Sync   26 ms | Sent   864 kB Recv  1191 kB | okes
🔶 Pred  148 ms Sync   17 ms | Sent   864 kB Recv  1191 kB | ,
🔶 Pred  147 ms Sync   27 ms | Sent   864 kB Recv  1191 kB |  but
🔶 Pred  149 ms Sync   20 ms | Sent   864 kB Recv  1191 kB |  House
🔶 Pred  149 ms Sync   24 ms | Sent   864 kB Recv  1191 kB |  
🔶 Pred  142 ms Sync   22 ms | Sent   864 kB Recv  1191 kB | 3
🔶 Pred  143 ms Sync   22 ms | Sent   864 kB Recv  1191 kB |  is
🔶 Pred  144 ms Sync   20 ms | Sent   864 kB Recv  1191 kB |  fixed
🔶 Pred  145 ms Sync   24 ms | Sent   864 kB Recv  1191 kB |  at
🔶 Pred  203 ms Sync   26 ms | Sent   864 kB Recv  1191 kB |  
🔶 Pred  169 ms Sync   17 ms | Sent   864 kB Recv  1191 kB | 1
🔶 Pred  145 ms Sync   22 ms | Sent   864 kB Recv  1191 kB | .


🔶 Pred  145 ms Sync   21 ms | Sent   864 kB Recv  1191 kB | Similarly
🔶 Pred  208 ms Sync   78 ms | Sent   864 kB Recv  1191 kB | ,
🔶 Pred  144 ms Sync   20 ms | Sent   864 kB Recv  1191 kB |  for
🔶 Pred  163 ms Sync   44 ms | Sent   864 kB Recv  1191 kB |  drinks
🔶 Pred  144 ms Sync   31 ms | Sent   864 kB Recv  1191 kB | :


🔶 Pred  147 ms Sync   36 ms | Sent   864 kB Recv  1191 kB | House
🔶 Pred  145 ms Sync   25 ms | Sent   864 kB Recv  1191 kB |  
🔶 Pred  146 ms Sync   21 ms | Sent   864 kB Recv  1191 kB | 1
🔶 Pred  144 ms Sync   28 ms | Sent   864 kB Recv  1191 kB | :
🔶 Pred  142 ms Sync   28 ms | Sent   864 kB Recv  1191 kB |  
🔶 Pred  144 ms Sync   28 ms | Sent   864 kB Recv  1191 kB | 1
🔶 Pred  144 ms Sync   23 ms | Sent   864 kB Recv  1191 kB | ,
🔶 Pred  144 ms Sync   22 ms | Sent   864 kB Recv  1191 kB | 3
🔶 Pred  144 ms Sync   51 ms | Sent   864 kB Recv  1191 kB | ,
🔶 Pred  146 ms Sync   18 ms | Sent   864 kB Recv  1191 kB | 4
🔶 Pred  143 ms Sync   29 ms | Sent   864 kB Recv  1191 kB | ,
🔶 Pred  144 ms Sync   24 ms | Sent   864 kB Recv  1191 kB | 5
🔶 Pred  184 ms Sync   50 ms | Sent   864 kB Recv  1191 kB | 


🔶 Pred  150 ms Sync   76 ms | Sent   864 kB Recv  1191 kB | House
🔶 Pred  162 ms Sync   49 ms | Sent   864 kB Recv  1191 kB |  
🔶 Pred  146 ms Sync   26 ms | Sent   864 kB Recv  1191 kB | 2
🔶 Pred  145 ms Sync   28 ms | Sent   864 kB Recv  1191 kB | :
🔶 Pred  146 ms Sync   21 ms | Sent   864 kB Recv  1191 kB |  
🔶 Pred  146 ms Sync   25 ms | Sent   864 kB Recv  1191 kB | 2
🔶 Pred  227 ms Sync   16 ms | Sent   864 kB Recv  1191 kB |  (
🔶 Pred  160 ms Sync   25 ms | Sent   864 kB Recv  1191 kB | fixed
🔶 Pred  148 ms Sync   19 ms | Sent   864 kB Recv  1191 kB | )


🔶 Pred  147 ms Sync   22 ms | Sent   864 kB Recv  1191 kB | House
🔶 Pred  147 ms Sync   21 ms | Sent   864 kB Recv  1191 kB |  
🔶 Pred  147 ms Sync   21 ms | Sent   864 kB Recv  1191 kB | 3
🔶 Pred  145 ms Sync   48 ms | Sent   864 kB Recv  1191 kB | :
🔶 Pred  145 ms Sync   24 ms | Sent   864 kB Recv  1191 kB |  
🔶 Pred  144 ms Sync   21 ms | Sent   864 kB Recv  1191 kB | 1
🔶 Pred  190 ms Sync   40 ms | Sent   864 kB Recv  1191 kB | ,
🔶 Pred  169 ms Sync   56 ms | Sent   864 kB Recv  1191 kB | 3
🔶 Pred  159 ms Sync   55 ms | Sent   864 kB Recv  1191 kB | ,
🔶 Pred  147 ms Sync   21 ms | Sent   864 kB Recv  1191 kB | 4
🔶 Pred  146 ms Sync   21 ms | Sent   864 kB Recv  1191 kB | ,
🔶 Pred  147 ms Sync   27 ms | Sent   864 kB Recv  1191 kB | 5
🔶 Pred  144 ms Sync   31 ms | Sent   864 kB Recv  1191 kB | 


🔶 Pred  144 ms Sync   37 ms | Sent   864 kB Recv  1191 kB | House
🔶 Pred  147 ms Sync   22 ms | Sent   864 kB Recv  1191 kB |  
🔶 Pred  147 ms Sync   21 ms | Sent   864 kB Recv  1191 kB | 4
🔶 Pred  145 ms Sync   29 ms | Sent   864 kB Recv  1191 kB | :
🔶 Pred  146 ms Sync   23 ms | Sent   864 kB Recv  1191 kB |  
🔶 Pred  146 ms Sync   26 ms | Sent   864 kB Recv  1191 kB | 1
🔶 Pred  147 ms Sync   24 ms | Sent   864 kB Recv  1191 kB | ,
🔶 Pred  146 ms Sync   28 ms | Sent   864 kB Recv  1191 kB | 3
🔶 Pred  148 ms Sync   23 ms | Sent   864 kB Recv  1191 kB | ,
🔶 Pred  147 ms Sync   20 ms | Sent   864 kB Recv  1191 kB | 4
🔶 Pred  220 ms Sync   86 ms | Sent   864 kB Recv  1191 kB | ,
🔶 Pred  226 ms Sync   36 ms | Sent   864 kB Recv  1191 kB | 5
🔶 Pred  146 ms Sync   25 ms | Sent   864 kB Recv  1191 kB | 


🔶 Pred  147 ms Sync   22 ms | Sent   864 kB Recv  1191 kB | House
🔶 Pred  147 ms Sync   26 ms | Sent   864 kB Recv  1191 kB |  
🔶 Pred  146 ms Sync   25 ms | Sent   864 kB Recv  1191 kB | 5
🔶 Pred  144 ms Sync   21 ms | Sent   864 kB Recv  1191 kB | :
🔶 Pred  147 ms Sync   24 ms | Sent   864 kB Recv  1191 kB |  
🔶 Pred  147 ms Sync   20 ms | Sent   864 kB Recv  1191 kB | 1
🔶 Pred  145 ms Sync   30 ms | Sent   864 kB Recv  1191 kB | ,
🔶 Pred  147 ms Sync   22 ms | Sent   864 kB Recv  1191 kB | 3
🔶 Pred  145 ms Sync   35 ms | Sent   864 kB Recv  1191 kB | ,
🔶 Pred  146 ms Sync   31 ms | Sent   864 kB Recv  1191 kB | 4
🔶 Pred  147 ms Sync   23 ms | Sent   864 kB Recv  1191 kB | ,
🔶 Pred  146 ms Sync   24 ms | Sent   864 kB Recv  1191 kB | 5
🔶 Pred  147 ms Sync   25 ms | Sent   864 kB Recv  1191 kB | 


🔶 Pred  211 ms Sync   87 ms | Sent   864 kB Recv  1191 kB | So
🔶 Pred  166 ms Sync   39 ms | Sent   864 kB Recv  1191 kB | ,
🔶 Pred  149 ms Sync   20 ms | Sent   864 kB Recv  1191 kB |  House
🔶 Pred  146 ms Sync   24 ms | Sent   864 kB Recv  1191 kB |  
🔶 Pred  146 ms Sync   21 ms | Sent   864 kB Recv  1191 kB | 2
🔶 Pred  144 ms Sync   28 ms | Sent   864 kB Recv  1191 kB | 's
🔶 Pred  145 ms Sync   23 ms | Sent   864 kB Recv  1191 kB |  drink
🔶 Pred  146 ms Sync   27 ms | Sent   864 kB Recv  1191 kB |  is
🔶 Pred  145 ms Sync   27 ms | Sent   864 kB Recv  1191 kB |  fixed
🔶 Pred  146 ms Sync   27 ms | Sent   864 kB Recv  1191 kB |  as
🔶 Pred  148 ms Sync   21 ms | Sent   864 kB Recv  1191 kB |  
🔶 Pred  150 ms Sync   25 ms | Sent   864 kB Recv  1191 kB | 2
🔶 Pred  242 ms Sync   35 ms | Sent   864 kB Recv  1191 kB | ,
🔶 Pred  148 ms Sync   25 ms | Sent   864 kB Recv  1191 kB |  others
🔶 Pred  146 ms Sync   21 ms | Sent   864 kB Recv  1191 kB |  need
🔶 Pred  147 ms Sync   25 ms | Sent   864 kB Recv  1191 kB |  to
🔶 Pred  215 ms Sync   68 ms | Sent   864 kB Recv  1191 kB |  be
🔶 Pred  168 ms Sync   56 ms | Sent   864 kB Recv  1191 kB |  assigned
🔶 Pred  149 ms Sync   21 ms | Sent   864 kB Recv  1191 kB |  
🔶 Pred  144 ms Sync   21 ms | Sent   864 kB Recv  1191 kB | 1
🔶 Pred  146 ms Sync   28 ms | Sent   864 kB Recv  1191 kB | ,
🔶 Pred  144 ms Sync   31 ms | Sent   864 kB Recv  1191 kB | 3
🔶 Pred  145 ms Sync   25 ms | Sent   864 kB Recv  1191 kB | ,
🔶 Pred  145 ms Sync   27 ms | Sent   864 kB Recv  1191 kB | 4
🔶 Pred  146 ms Sync   27 ms | Sent   864 kB Recv  1191 kB | ,
🔶 Pred  144 ms Sync   25 ms | Sent   864 kB Recv  1191 kB | 5
🔶 Pred  149 ms Sync   28 ms | Sent   864 kB Recv  1191 kB | .


🔶 Pred  145 ms Sync   26 ms | Sent   864 kB Recv  1191 kB | Similarly
🔶 Pred  147 ms Sync   26 ms | Sent   864 kB Recv  1191 kB | ,
🔶 Pred  146 ms Sync   29 ms | Sent   864 kB Recv  1191 kB |  for
🔶 Pred  151 ms Sync   20 ms | Sent   864 kB Recv  1191 kB |  pets
🔶 Pred  148 ms Sync   25 ms | Sent   864 kB Recv  1191 kB | :


🔶 Pred  204 ms Sync   87 ms | Sent   864 kB Recv  1191 kB | House
🔶 Pred  147 ms Sync   20 ms | Sent   864 kB Recv  1191 kB |  
🔶 Pred  165 ms Sync   48 ms | Sent   864 kB Recv  1191 kB | 1
🔶 Pred  147 ms Sync   24 ms | Sent   864 kB Recv  1191 kB | :
🔶 Pred  147 ms Sync   24 ms | Sent   864 kB Recv  1191 kB |  
🔶 Pred  145 ms Sync   29 ms | Sent   864 kB Recv  1191 kB | 2
🔶 Pred  171 ms Sync   30 ms | Sent   864 kB Recv  1191 kB | ,
🔶 Pred  208 ms Sync   23 ms | Sent   864 kB Recv  1191 kB | 3
🔶 Pred  147 ms Sync   23 ms | Sent   864 kB Recv  1191 kB | ,
🔶 Pred  147 ms Sync   28 ms | Sent   864 kB Recv  1191 kB | 4
🔶 Pred  148 ms Sync   21 ms | Sent   864 kB Recv  1191 kB | ,
🔶 Pred  144 ms Sync   32 ms | Sent   864 kB Recv  1191 kB | 5
🔶 Pred  148 ms Sync   22 ms | Sent   864 kB Recv  1191 kB | 


🔶 Pred  147 ms Sync   21 ms | Sent   864 kB Recv  1191 kB | House
🔶 Pred  145 ms Sync   32 ms | Sent   864 kB Recv  1191 kB |  
🔶 Pred  146 ms Sync   24 ms | Sent   864 kB Recv  1191 kB | 2
🔶 Pred  204 ms Sync   86 ms | Sent   864 kB Recv  1191 kB | :
🔶 Pred  149 ms Sync   20 ms | Sent   864 kB Recv  1191 kB |  
🔶 Pred  165 ms Sync   49 ms | Sent   864 kB Recv  1191 kB | 2
🔶 Pred  145 ms Sync   28 ms | Sent   864 kB Recv  1191 kB | ,
🔶 Pred  146 ms Sync   29 ms | Sent   864 kB Recv  1191 kB | 3
🔶 Pred  147 ms Sync   24 ms | Sent   864 kB Recv  1191 kB | ,
🔶 Pred  150 ms Sync   27 ms | Sent   864 kB Recv  1191 kB | 4
🔶 Pred  148 ms Sync   25 ms | Sent   864 kB Recv  1191 kB | ,
🔶 Pred  147 ms Sync   31 ms | Sent   864 kB Recv  1191 kB | 5
🔶 Pred  147 ms Sync   27 ms | Sent   864 kB Recv  1191 kB | 


🔶 Pred  148 ms Sync   26 ms | Sent   864 kB Recv  1191 kB | House
🔶 Pred  147 ms Sync   32 ms | Sent   864 kB Recv  1191 kB |  
🔶 Pred  146 ms Sync   28 ms | Sent   864 kB Recv  1191 kB | 3
🔶 Pred  145 ms Sync   36 ms | Sent   864 kB Recv  1191 kB | :
🔶 Pred  145 ms Sync   28 ms | Sent   864 kB Recv  1191 kB |  
🔶 Pred  159 ms Sync   31 ms | Sent   864 kB Recv  1191 kB | 2
🔶 Pred  205 ms Sync   80 ms | Sent   864 kB Recv  1191 kB | ,
🔶 Pred  265 ms Sync   61 ms | Sent   864 kB Recv  1191 kB | 3
🔶 Pred  146 ms Sync   19 ms | Sent   864 kB Recv  1191 kB | ,
🔶 Pred  148 ms Sync   19 ms | Sent   864 kB Recv  1191 kB | 4
🔶 Pred  146 ms Sync   22 ms | Sent   864 kB Recv  1191 kB | ,
🔶 Pred  147 ms Sync   24 ms | Sent   864 kB Recv  1191 kB | 5
🔶 Pred  147 ms Sync   22 ms | Sent   864 kB Recv  1191 kB | 


🔶 Pred  148 ms Sync   23 ms | Sent   864 kB Recv  1191 kB | House
🔶 Pred  144 ms Sync   26 ms | Sent   864 kB Recv  1191 kB |  
🔶 Pred  146 ms Sync   52 ms | Sent   864 kB Recv  1191 kB | 4
🔶 Pred  145 ms Sync   24 ms | Sent   864 kB Recv  1191 kB | :
🔶 Pred  147 ms Sync   22 ms | Sent   864 kB Recv  1191 kB |  
🔶 Pred  146 ms Sync   22 ms | Sent   864 kB Recv  1191 kB | 2
🔶 Pred  145 ms Sync   31 ms | Sent   864 kB Recv  1191 kB | ,
🔶 Pred  147 ms Sync   31 ms | Sent   864 kB Recv  1191 kB | 3
🔶 Pred  145 ms Sync   26 ms | Sent   864 kB Recv  1191 kB | ,
🔶 Pred  207 ms Sync   60 ms | Sent   864 kB Recv  1191 kB | 4
🔶 Pred  166 ms Sync   56 ms | Sent   864 kB Recv  1191 kB | ,
🔶 Pred  145 ms Sync   24 ms | Sent   864 kB Recv  1191 kB | 5
🔶 Pred  146 ms Sync   29 ms | Sent   864 kB Recv  1191 kB | 


🔶 Pred  146 ms Sync   27 ms | Sent   864 kB Recv  1191 kB | House
🔶 Pred  146 ms Sync   26 ms | Sent   864 kB Recv  1191 kB |  
🔶 Pred  146 ms Sync   54 ms | Sent   864 kB Recv  1191 kB | 5
🔶 Pred  148 ms Sync   23 ms | Sent   864 kB Recv  1191 kB | :
🔶 Pred  146 ms Sync   26 ms | Sent   864 kB Recv  1191 kB |  Pet
🔶 Pred  144 ms Sync   28 ms | Sent   864 kB Recv  1191 kB | =
🔶 Pred  146 ms Sync   33 ms | Sent   864 kB Recv  1191 kB | 1
🔶 Pred  146 ms Sync   29 ms | Sent   864 kB Recv  1191 kB |  (
🔶 Pred  224 ms Sync   25 ms | Sent   864 kB Recv  1191 kB | fixed
🔶 Pred  148 ms Sync   67 ms | Sent   864 kB Recv  1191 kB | )


🔶 Pred  146 ms Sync   31 ms | Sent   864 kB Recv  1191 kB | So
🔶 Pred  191 ms Sync   47 ms | Sent   864 kB Recv  1191 kB | ,
🔶 Pred  166 ms Sync   58 ms | Sent   864 kB Recv  1191 kB |  House
🔶 Pred  153 ms Sync   70 ms | Sent   864 kB Recv  1191 kB |  
🔶 Pred  145 ms Sync   26 ms | Sent   864 kB Recv  1191 kB | 5
🔶 Pred  147 ms Sync   26 ms | Sent   864 kB Recv  1191 kB | 's
🔶 Pred  145 ms Sync   27 ms | Sent   864 kB Recv  1191 kB |  pet
🔶 Pred  149 ms Sync   26 ms | Sent   864 kB Recv  1191 kB |  is
🔶 Pred  147 ms Sync   24 ms | Sent   864 kB Recv  1191 kB |  fixed
🔶 Pred  145 ms Sync   29 ms | Sent   864 kB Recv  1191 kB |  as
🔶 Pred  147 ms Sync   25 ms | Sent   864 kB Recv  1191 kB |  
🔶 Pred  146 ms Sync   26 ms | Sent   864 kB Recv  1191 kB | 1
🔶 Pred  145 ms Sync   27 ms | Sent   864 kB Recv  1191 kB | .


🔶 Pred  147 ms Sync   29 ms | Sent   864 kB Recv  1191 kB | Now
🔶 Pred  146 ms Sync   27 ms | Sent   864 kB Recv  1191 kB | ,
🔶 Pred  144 ms Sync   27 ms | Sent   864 kB Recv  1191 kB |  let
🔶 Pred  145 ms Sync   33 ms | Sent   864 kB Recv  1191 kB | 's
🔶 Pred  147 ms Sync   32 ms | Sent   864 kB Recv  1191 kB |  try
🔶 Pred  207 ms Sync   72 ms | Sent   864 kB Recv  1191 kB |  to
🔶 Pred  160 ms Sync   55 ms | Sent   864 kB Recv  1191 kB |  assign
🔶 Pred  153 ms Sync   30 ms | Sent   864 kB Recv  1191 kB |  the
🔶 Pred  145 ms Sync   41 ms | Sent   864 kB Recv  1191 kB |  remaining
🔶 Pred  149 ms Sync   33 ms | Sent   864 kB Recv  1191 kB |  attributes
🔶 Pred  148 ms Sync   19 ms | Sent   864 kB Recv  1191 kB | .


🔶 Pred  220 ms Sync   29 ms | Sent   864 kB Recv  1191 kB | Starting
🔶 Pred  147 ms Sync   26 ms | Sent   864 kB Recv  1191 kB |  with
🔶 Pred  147 ms Sync   25 ms | Sent   864 kB Recv  1191 kB |  House
🔶 Pred  147 ms Sync   41 ms | Sent   864 kB Recv  1191 kB |  
🔶 Pred  146 ms Sync   35 ms | Sent   864 kB Recv  1191 kB | 1
🔶 Pred  147 ms Sync   25 ms | Sent   864 kB Recv  1191 kB | :


🔶 Pred  146 ms Sync   29 ms | Sent   864 kB Recv  1191 kB | We
🔶 Pred  146 ms Sync   30 ms | Sent   864 kB Recv  1191 kB |  need
🔶 Pred  147 ms Sync   25 ms | Sent   864 kB Recv  1191 kB |  to
🔶 Pred  209 ms Sync   72 ms | Sent   864 kB Recv  1191 kB |  assign
🔶 Pred  146 ms Sync   20 ms | Sent   864 kB Recv  1191 kB |  drink
🔶 Pred  177 ms Sync   63 ms | Sent   864 kB Recv  1191 kB | ,
🔶 Pred  146 ms Sync   24 ms | Sent   864 kB Recv  1191 kB |  smoke
🔶 Pred  147 ms Sync   25 ms | Sent   864 kB Recv  1191 kB | ,
🔶 Pred  147 ms Sync   25 ms | Sent   864 kB Recv  1191 kB |  pet
🔶 Pred  147 ms Sync   23 ms | Sent   864 kB Recv  1191 kB | .


🔶 Pred  147 ms Sync   24 ms | Sent   864 kB Recv  1191 kB | Possible
🔶 Pred  146 ms Sync   28 ms | Sent   864 kB Recv  1191 kB |  options
🔶 Pred  150 ms Sync   33 ms | Sent   864 kB Recv  1191 kB | :


🔶 Pred  154 ms Sync   29 ms | Sent   864 kB Recv  1191 kB | Drink
🔶 Pred  150 ms Sync   33 ms | Sent   864 kB Recv  1191 kB | :
🔶 Pred  147 ms Sync   33 ms | Sent   864 kB Recv  1191 kB |  
🔶 Pred  145 ms Sync   26 ms | Sent   864 kB Recv  1191 kB | 1
🔶 Pred  146 ms Sync   28 ms | Sent   864 kB Recv  1191 kB | ,
🔶 Pred  147 ms Sync   25 ms | Sent   864 kB Recv  1191 kB | 3
🔶 Pred  198 ms Sync   82 ms | Sent   864 kB Recv  1191 kB | ,
🔶 Pred  236 ms Sync   30 ms | Sent   864 kB Recv  1191 kB | 4
🔶 Pred  149 ms Sync   34 ms | Sent   864 kB Recv  1191 kB | ,
🔶 Pred  147 ms Sync   25 ms | Sent   864 kB Recv  1191 kB | 5
🔶 Pred  148 ms Sync   26 ms | Sent   864 kB Recv  1191 kB | 


🔶 Pred  148 ms Sync   23 ms | Sent   864 kB Recv  1191 kB | Smoke
🔶 Pred  145 ms Sync   30 ms | Sent   864 kB Recv  1191 kB | :
🔶 Pred  146 ms Sync   33 ms | Sent   864 kB Recv  1191 kB |  
🔶 Pred  146 ms Sync   33 ms | Sent   864 kB Recv  1191 kB | 2
🔶 Pred  146 ms Sync   26 ms | Sent   864 kB Recv  1191 kB | ,
🔶 Pred  148 ms Sync   29 ms | Sent   864 kB Recv  1191 kB | 3
🔶 Pred  146 ms Sync   30 ms | Sent   864 kB Recv  1191 kB | ,
🔶 Pred  147 ms Sync   26 ms | Sent   864 kB Recv  1191 kB | 4
🔶 Pred  146 ms Sync   27 ms | Sent   864 kB Recv  1191 kB | ,
🔶 Pred  146 ms Sync   35 ms | Sent   864 kB Recv  1191 kB | 5
🔶 Pred  147 ms Sync   26 ms | Sent   864 kB Recv  1191 kB | 


🔶 Pred  187 ms Sync  115 ms | Sent   864 kB Recv  1191 kB | Pet
🔶 Pred  147 ms Sync   26 ms | Sent   864 kB Recv  1191 kB | :
🔶 Pred  166 ms Sync   58 ms | Sent   864 kB Recv  1191 kB |  
🔶 Pred  146 ms Sync   25 ms | Sent   864 kB Recv  1191 kB | 2
🔶 Pred  148 ms Sync   31 ms | Sent   864 kB Recv  1191 kB | ,
🔶 Pred  147 ms Sync   27 ms | Sent   864 kB Recv  1191 kB | 3
🔶 Pred  145 ms Sync   28 ms | Sent   864 kB Recv  1191 kB | ,
🔶 Pred  163 ms Sync   33 ms | Sent   864 kB Recv  1191 kB | 4
🔶 Pred  146 ms Sync   25 ms | Sent   864 kB Recv  1191 kB | ,
🔶 Pred  146 ms Sync   25 ms | Sent   864 kB Recv  1191 kB | 5
🔶 Pred  145 ms Sync   27 ms | Sent   864 kB Recv  1191 kB | 


🔶 Pred  146 ms Sync   26 ms | Sent   864 kB Recv  1191 kB | But
🔶 Pred  237 ms Sync   23 ms | Sent   864 kB Recv  1191 kB |  we
🔶 Pred  148 ms Sync   28 ms | Sent   864 kB Recv  1191 kB |  need
🔶 Pred  146 ms Sync   30 ms | Sent   864 kB Recv  1191 kB |  to
🔶 Pred  146 ms Sync   27 ms | Sent   864 kB Recv  1191 kB |  ensure
🔶 Pred  213 ms Sync   69 ms | Sent   864 kB Recv  1191 kB |  that
🔶 Pred  168 ms Sync   51 ms | Sent   864 kB Recv  1191 kB |  all
🔶 Pred  148 ms Sync   22 ms | Sent   864 kB Recv  1191 kB |  attributes
🔶 Pred  151 ms Sync   31 ms | Sent   864 kB Recv  1191 kB |  are
🔶 Pred  152 ms Sync   36 ms | Sent   864 kB Recv  1191 kB |  unique
🔶 Pred  150 ms Sync   35 ms | Sent   864 kB Recv  1191 kB |  across
🔶 Pred  146 ms Sync   25 ms | Sent   864 kB Recv  1191 kB |  all
🔶 Pred  145 ms Sync   26 ms | Sent   864 kB Recv  1191 kB |  owners
🔶 Pred  146 ms Sync   27 ms | Sent   864 kB Recv  1191 kB | .


🔶 Pred  148 ms Sync   24 ms | Sent   864 kB Recv  1191 kB | Similarly
🔶 Pred  146 ms Sync   29 ms | Sent   864 kB Recv  1191 kB | ,
🔶 Pred  148 ms Sync   26 ms | Sent   864 kB Recv  1191 kB |  for
🔶 Pred  146 ms Sync   25 ms | Sent   864 kB Recv  1191 kB |  House
🔶 Pred  146 ms Sync   30 ms | Sent   864 kB Recv  1191 kB |  
🔶 Pred  147 ms Sync   36 ms | Sent   864 kB Recv  1191 kB | 3
🔶 Pred  147 ms Sync   29 ms | Sent   864 kB Recv  1191 kB | :


🔶 Pred  148 ms Sync   19 ms | Sent   864 kB Recv  1191 kB | Drink
🔶 Pred  147 ms Sync   25 ms | Sent   864 kB Recv  1191 kB | :
🔶 Pred  146 ms Sync   29 ms | Sent   864 kB Recv  1191 kB |  
🔶 Pred  212 ms Sync   85 ms | Sent   864 kB Recv  1191 kB | 1
🔶 Pred  147 ms Sync   23 ms | Sent   864 kB Recv  1191 kB | ,
🔶 Pred  168 ms Sync   47 ms | Sent   864 kB Recv  1191 kB | 3
🔶 Pred  231 ms Sync   34 ms | Sent   864 kB Recv  1191 kB | ,
🔶 Pred  149 ms Sync   27 ms | Sent   864 kB Recv  1191 kB | 4
🔶 Pred  148 ms Sync   23 ms | Sent   864 kB Recv  1191 kB | ,
🔶 Pred  147 ms Sync   27 ms | Sent   864 kB Recv  1191 kB | 5
🔶 Pred  147 ms Sync   28 ms | Sent   864 kB Recv  1191 kB | 


🔶 Pred  148 ms Sync   25 ms | Sent   864 kB Recv  1191 kB | Smoke
🔶 Pred  146 ms Sync   28 ms | Sent   864 kB Recv  1191 kB | :
🔶 Pred  146 ms Sync   27 ms | Sent   864 kB Recv  1191 kB |  
🔶 Pred  148 ms Sync   23 ms | Sent   864 kB Recv  1191 kB | 1
🔶 Pred  147 ms Sync   26 ms | Sent   864 kB Recv  1191 kB |  (
🔶 Pred  215 ms Sync   63 ms | Sent   864 kB Recv  1191 kB | fixed
🔶 Pred  152 ms Sync   20 ms | Sent   864 kB Recv  1191 kB | )


🔶 Pred  167 ms Sync   54 ms | Sent   864 kB Recv  1191 kB | Pet
🔶 Pred  147 ms Sync   26 ms | Sent   864 kB Recv  1191 kB | :
🔶 Pred  148 ms Sync   25 ms | Sent   864 kB Recv  1191 kB |  
🔶 Pred  146 ms Sync   23 ms | Sent   864 kB Recv  1191 kB | 2
🔶 Pred  147 ms Sync   29 ms | Sent   864 kB Recv  1191 kB | ,
🔶 Pred  147 ms Sync   29 ms | Sent   864 kB Recv  1191 kB | 3
🔶 Pred  147 ms Sync   24 ms | Sent   864 kB Recv  1191 kB | ,
🔶 Pred  148 ms Sync   33 ms | Sent   864 kB Recv  1191 kB | 4
🔶 Pred  147 ms Sync   47 ms | Sent   864 kB Recv  1191 kB | ,
🔶 Pred  149 ms Sync   25 ms | Sent   864 kB Recv  1191 kB | 5
🔶 Pred  148 ms Sync   26 ms | Sent   864 kB Recv  1191 kB | 


🔶 Pred  147 ms Sync   30 ms | Sent   864 kB Recv  1191 kB | House
🔶 Pred  148 ms Sync   29 ms | Sent   864 kB Recv  1191 kB |  
🔶 Pred  153 ms Sync   30 ms | Sent   864 kB Recv  1191 kB | 4
🔶 Pred  170 ms Sync   23 ms | Sent   864 kB Recv  1191 kB | :


🔶 Pred  261 ms Sync   43 ms | Sent   864 kB Recv  1191 kB | Drink
🔶 Pred  164 ms Sync   57 ms | Sent   864 kB Recv  1191 kB | :
🔶 Pred  148 ms Sync   27 ms | Sent   864 kB Recv  1191 kB |  
🔶 Pred  147 ms Sync   28 ms | Sent   864 kB Recv  1191 kB | 1
🔶 Pred  149 ms Sync   27 ms | Sent   864 kB Recv  1191 kB | ,
🔶 Pred  147 ms Sync   27 ms | Sent   864 kB Recv  1191 kB | 3
🔶 Pred  148 ms Sync   23 ms | Sent   864 kB Recv  1191 kB | ,
🔶 Pred  147 ms Sync   34 ms | Sent   864 kB Recv  1191 kB | 4
🔶 Pred  191 ms Sync   32 ms | Sent   864 kB Recv  1191 kB | ,
🔶 Pred  148 ms Sync   24 ms | Sent   864 kB Recv  1191 kB | 5
🔶 Pred  148 ms Sync   22 ms | Sent   864 kB Recv  1191 kB | 


🔶 Pred  147 ms Sync   33 ms | Sent   864 kB Recv  1191 kB | Smoke
🔶 Pred  146 ms Sync   34 ms | Sent   864 kB Recv  1191 kB | :
🔶 Pred  148 ms Sync   24 ms | Sent   864 kB Recv  1191 kB |  
🔶 Pred  147 ms Sync   28 ms | Sent   864 kB Recv  1191 kB | 2
🔶 Pred  215 ms Sync   72 ms | Sent   864 kB Recv  1191 kB | ,
🔶 Pred  174 ms Sync   53 ms | Sent   864 kB Recv  1191 kB | 3
🔶 Pred  149 ms Sync   28 ms | Sent   864 kB Recv  1191 kB | ,
🔶 Pred  148 ms Sync   26 ms | Sent   864 kB Recv  1191 kB | 4
🔶 Pred  147 ms Sync   34 ms | Sent   864 kB Recv  1191 kB | ,
🔶 Pred  147 ms Sync   28 ms | Sent   864 kB Recv  1191 kB | 5
🔶 Pred  147 ms Sync   31 ms | Sent   864 kB Recv  1191 kB | 


🔶 Pred  149 ms Sync   26 ms | Sent   864 kB Recv  1191 kB | Pet
🔶 Pred  149 ms Sync   27 ms | Sent   864 kB Recv  1191 kB | :
🔶 Pred  148 ms Sync   30 ms | Sent   864 kB Recv  1191 kB |  
🔶 Pred  149 ms Sync   25 ms | Sent   864 kB Recv  1191 kB | 2
🔶 Pred  175 ms Sync   29 ms | Sent   864 kB Recv  1191 kB | ,
🔶 Pred  201 ms Sync   29 ms | Sent   864 kB Recv  1191 kB | 3
🔶 Pred  149 ms Sync   23 ms | Sent   864 kB Recv  1191 kB | ,
🔶 Pred  149 ms Sync   23 ms | Sent   864 kB Recv  1191 kB | 4
🔶 Pred  190 ms Sync  127 ms | Sent   864 kB Recv  1191 kB | ,
🔶 Pred  166 ms Sync   30 ms | Sent   864 kB Recv  1191 kB | 5
🔶 Pred  149 ms Sync   43 ms | Sent   864 kB Recv  1191 kB | 


🔶 Pred  148 ms Sync   23 ms | Sent   864 kB Recv  1191 kB | House
🔶 Pred  147 ms Sync   32 ms | Sent   864 kB Recv  1191 kB |  
🔶 Pred  148 ms Sync   30 ms | Sent   864 kB Recv  1191 kB | 5
🔶 Pred  147 ms Sync   34 ms | Sent   864 kB Recv  1191 kB | :


🔶 Pred  147 ms Sync   28 ms | Sent   864 kB Recv  1191 kB | Drink
🔶 Pred  147 ms Sync   30 ms | Sent   864 kB Recv  1191 kB | :
🔶 Pred  151 ms Sync   30 ms | Sent   864 kB Recv  1191 kB |  
🔶 Pred  154 ms Sync   30 ms | Sent   864 kB Recv  1191 kB | 1
🔶 Pred  155 ms Sync   28 ms | Sent   864 kB Recv  1191 kB | ,
🔶 Pred  153 ms Sync   24 ms | Sent   864 kB Recv  1191 kB | 3
🔶 Pred  150 ms Sync   24 ms | Sent   864 kB Recv  1191 kB | ,
🔶 Pred  148 ms Sync   23 ms | Sent   864 kB Recv  1191 kB | 4
🔶 Pred  147 ms Sync   29 ms | Sent   864 kB Recv  1191 kB | ,
🔶 Pred  160 ms Sync   34 ms | Sent   864 kB Recv  1191 kB | 5
🔶 Pred  216 ms Sync   65 ms | Sent   864 kB Recv  1191 kB | 


🔶 Pred  162 ms Sync   49 ms | Sent   864 kB Recv  1191 kB | Smoke
🔶 Pred  148 ms Sync   21 ms | Sent   864 kB Recv  1191 kB | :
🔶 Pred  149 ms Sync   29 ms | Sent   864 kB Recv  1191 kB |  
🔶 Pred  148 ms Sync   30 ms | Sent   864 kB Recv  1191 kB | 2
🔶 Pred  230 ms Sync   25 ms | Sent   864 kB Recv  1191 kB | ,
🔶 Pred  149 ms Sync   23 ms | Sent   864 kB Recv  1191 kB | 3
🔶 Pred  150 ms Sync   25 ms | Sent   864 kB Recv  1191 kB | ,
🔶 Pred  149 ms Sync   29 ms | Sent   864 kB Recv  1191 kB | 4
🔶 Pred  149 ms Sync   21 ms | Sent   864 kB Recv  1191 kB | ,
🔶 Pred  149 ms Sync   31 ms | Sent   864 kB Recv  1191 kB | 5
🔶 Pred  147 ms Sync   25 ms | Sent   864 kB Recv  1191 kB | 


🔶 Pred  148 ms Sync   30 ms | Sent   864 kB Recv  1191 kB | Pet
🔶 Pred  147 ms Sync   26 ms | Sent   864 kB Recv  1191 kB | :
🔶 Pred  195 ms Sync  128 ms | Sent   864 kB Recv  1191 kB |  
🔶 Pred  150 ms Sync   27 ms | Sent   864 kB Recv  1191 kB | 2
🔶 Pred  166 ms Sync   54 ms | Sent   864 kB Recv  1191 kB | ,
🔶 Pred  151 ms Sync   28 ms | Sent   864 kB Recv  1191 kB | 3
🔶 Pred  150 ms Sync   27 ms | Sent   864 kB Recv  1191 kB | ,
🔶 Pred  152 ms Sync   29 ms | Sent   864 kB Recv  1191 kB | 4
🔶 Pred  151 ms Sync   23 ms | Sent   864 kB Recv  1191 kB | ,
🔶 Pred  152 ms Sync   24 ms | Sent   864 kB Recv  1191 kB | 5
🔶 Pred  149 ms Sync   27 ms | Sent   864 kB Recv  1191 kB |  (
🔶 Pred  149 ms Sync   27 ms | Sent   864 kB Recv  1191 kB | but
🔶 Pred  149 ms Sync   29 ms | Sent   864 kB Recv  1191 kB |  House
🔶 Pred  151 ms Sync   28 ms | Sent   864 kB Recv  1191 kB |  
🔶 Pred  150 ms Sync   27 ms | Sent   864 kB Recv  1191 kB | 5
🔶 Pred  148 ms Sync   25 ms | Sent   864 kB Recv  1191 kB | 's
🔶 Pred  149 ms Sync   25 ms | Sent   864 kB Recv  1191 kB |  pet
🔶 Pred  149 ms Sync   24 ms | Sent   864 kB Recv  1191 kB |  is
🔶 Pred  189 ms Sync   55 ms | Sent   864 kB Recv  1191 kB |  fixed
🔶 Pred  233 ms Sync  145 ms | Sent   864 kB Recv  1191 kB |  as
🔶 Pred  148 ms Sync   23 ms | Sent   864 kB Recv  1191 kB |  
🔶 Pred  154 ms Sync   27 ms | Sent   864 kB Recv  1191 kB | 1
🔶 Pred  151 ms Sync   31 ms | Sent   864 kB Recv  1191 kB | ,
🔶 Pred  150 ms Sync   28 ms | Sent   864 kB Recv  1191 kB |  which
🔶 Pred  149 ms Sync   35 ms | Sent   864 kB Recv  1191 kB |  is
🔶 Pred  148 ms Sync   30 ms | Sent   864 kB Recv  1191 kB |  already
🔶 Pred  149 ms Sync   25 ms | Sent   864 kB Recv  1191 kB |  assigned
🔶 Pred  149 ms Sync   22 ms | Sent   864 kB Recv  1191 kB |  to
🔶 Pred  150 ms Sync   24 ms | Sent   864 kB Recv  1191 kB |  House
🔶 Pred  151 ms Sync   31 ms | Sent   864 kB Recv  1191 kB |  
🔶 Pred  149 ms Sync   24 ms | Sent   864 kB Recv  1191 kB | 5
🔶 Pred  148 ms Sync   27 ms | Sent   864 kB Recv  1191 kB | ,
🔶 Pred  150 ms Sync   36 ms | Sent   864 kB Recv  1191 kB |  so
🔶 Pred  149 ms Sync   38 ms | Sent   864 kB Recv  1191 kB |  no
🔶 Pred  204 ms Sync   95 ms | Sent   864 kB Recv  1191 kB |  conflict
🔶 Pred  150 ms Sync   36 ms | Sent   864 kB Recv  1191 kB | )


🔶 Pred  174 ms Sync   39 ms | Sent   864 kB Recv  1191 kB | Wait
🔶 Pred  149 ms Sync   25 ms | Sent   864 kB Recv  1191 kB | ,
🔶 Pred  159 ms Sync   71 ms | Sent   864 kB Recv  1191 kB |  no
🔶 Pred  149 ms Sync   20 ms | Sent   864 kB Recv  1191 kB | ,
🔶 Pred  148 ms Sync   30 ms | Sent   864 kB Recv  1191 kB |  House
🔶 Pred  152 ms Sync   23 ms | Sent   864 kB Recv  1191 kB |  
🔶 Pred  149 ms Sync   28 ms | Sent   864 kB Recv  1191 kB | 5
🔶 Pred  149 ms Sync   32 ms | Sent   864 kB Recv  1191 kB | 's
🔶 Pred  178 ms Sync   25 ms | Sent   864 kB Recv  1191 kB |  pet
🔶 Pred  201 ms Sync   27 ms | Sent   864 kB Recv  1191 kB |  is
🔶 Pred  148 ms Sync   28 ms | Sent   864 kB Recv  1191 kB |  fixed
🔶 Pred  149 ms Sync   22 ms | Sent   864 kB Recv  1191 kB |  as
🔶 Pred  150 ms Sync   20 ms | Sent   864 kB Recv  1191 kB |  
🔶 Pred  210 ms Sync   84 ms | Sent   864 kB Recv  1191 kB | 1
🔶 Pred  154 ms Sync   64 ms | Sent   864 kB Recv  1191 kB | ,
🔶 Pred  150 ms Sync   22 ms | Sent   864 kB Recv  1191 kB |  which
🔶 Pred  150 ms Sync   28 ms | Sent   864 kB Recv  1191 kB |  is
🔶 Pred  149 ms Sync   29 ms | Sent   864 kB Recv  1191 kB |  unique
🔶 Pred  150 ms Sync   24 ms | Sent   864 kB Recv  1191 kB | ,
🔶 Pred  149 ms Sync   33 ms | Sent   864 kB Recv  1191 kB |  so
🔶 Pred  150 ms Sync   31 ms | Sent   864 kB Recv  1191 kB |  others
🔶 Pred  149 ms Sync   27 ms | Sent   864 kB Recv  1191 kB |  can
🔶 Pred  149 ms Sync   29 ms | Sent   864 kB Recv  1191 kB | 't
🔶 Pred  150 ms Sync   24 ms | Sent   864 kB Recv  1191 kB |  have
🔶 Pred  150 ms Sync   25 ms | Sent   864 kB Recv  1191 kB |  pet
🔶 Pred  149 ms Sync   27 ms | Sent   864 kB Recv  1191 kB | =
🔶 Pred  150 ms Sync   29 ms | Sent   864 kB Recv  1191 kB | 1
🔶 Pred  154 ms Sync   28 ms | Sent   864 kB Recv  1191 kB | .


🔶 Pred  154 ms Sync   28 ms | Sent   864 kB Recv  1191 kB | Similarly
🔶 Pred  209 ms Sync   89 ms | Sent   864 kB Recv  1191 kB | ,
🔶 Pred  151 ms Sync   20 ms | Sent   864 kB Recv  1191 kB |  House
🔶 Pred  169 ms Sync   76 ms | Sent   864 kB Recv  1191 kB |  
🔶 Pred  151 ms Sync   24 ms | Sent   864 kB Recv  1191 kB | 3
🔶 Pred  151 ms Sync   28 ms | Sent   864 kB Recv  1191 kB | 's
🔶 Pred  220 ms Sync   22 ms | Sent   864 kB Recv  1191 kB |  smoke
🔶 Pred  158 ms Sync   21 ms | Sent   864 kB Recv  1191 kB |  is
🔶 Pred  151 ms Sync   24 ms | Sent   864 kB Recv  1191 kB |  fixed
🔶 Pred  148 ms Sync   25 ms | Sent   864 kB Recv  1191 kB |  as
🔶 Pred  150 ms Sync   23 ms | Sent   864 kB Recv  1191 kB |  
🔶 Pred  152 ms Sync   30 ms | Sent   864 kB Recv  1191 kB | 1
🔶 Pred  151 ms Sync   24 ms | Sent   864 kB Recv  1191 kB | ,
🔶 Pred  150 ms Sync   27 ms | Sent   864 kB Recv  1191 kB |  so
🔶 Pred  149 ms Sync   32 ms | Sent   864 kB Recv  1191 kB |  others
🔶 Pred  149 ms Sync   24 ms | Sent   864 kB Recv  1191 kB |  can
🔶 Pred  193 ms Sync   89 ms | Sent   864 kB Recv  1191 kB | 't
🔶 Pred  150 ms Sync   27 ms | Sent   864 kB Recv  1191 kB |  have
🔶 Pred  153 ms Sync   82 ms | Sent   864 kB Recv  1191 kB |  smoke
🔶 Pred  149 ms Sync   36 ms | Sent   864 kB Recv  1191 kB | =
🔶 Pred  153 ms Sync   32 ms | Sent   864 kB Recv  1191 kB | 1
🔶 Pred  153 ms Sync   21 ms | Sent   864 kB Recv  1191 kB | .


🔶 Pred  148 ms Sync   53 ms | Sent   864 kB Recv  1191 kB | Now
🔶 Pred  151 ms Sync   20 ms | Sent   864 kB Recv  1191 kB | ,
🔶 Pred  152 ms Sync   41 ms | Sent   864 kB Recv  1191 kB |  let
🔶 Pred  149 ms Sync   32 ms | Sent   864 kB Recv  1191 kB | 's
🔶 Pred  151 ms Sync   20 ms | Sent   864 kB Recv  1191 kB |  see
🔶 Pred  152 ms Sync   23 ms | Sent   864 kB Recv  1191 kB |  if
🔶 Pred  152 ms Sync   33 ms | Sent   864 kB Recv  1191 kB |  we
🔶 Pred  152 ms Sync   32 ms | Sent   864 kB Recv  1191 kB |  can
🔶 Pred  150 ms Sync   27 ms | Sent   864 kB Recv  1191 kB |  find
🔶 Pred  176 ms Sync   42 ms | Sent   864 kB Recv  1191 kB |  any
🔶 Pred  254 ms Sync   61 ms | Sent   864 kB Recv  1191 kB |  forced
🔶 Pred  174 ms Sync   50 ms | Sent   864 kB Recv  1191 kB |  assignments
🔶 Pred  151 ms Sync   26 ms | Sent   864 kB Recv  1191 kB | .


🔶 Pred  150 ms Sync   22 ms | Sent   864 kB Recv  1191 kB | Looking
🔶 Pred  151 ms Sync   22 ms | Sent   864 kB Recv  1191 kB |  at
🔶 Pred  150 ms Sync   34 ms | Sent   864 kB Recv  1191 kB |  House
🔶 Pred  162 ms Sync   28 ms | Sent   864 kB Recv  1191 kB |  
🔶 Pred  153 ms Sync   31 ms | Sent   864 kB Recv  1191 kB | 1
🔶 Pred  154 ms Sync   25 ms | Sent   864 kB Recv  1191 kB | :


🔶 Pred  155 ms Sync   30 ms | Sent   864 kB Recv  1191 kB | If
🔶 Pred  154 ms Sync   20 ms | Sent   864 kB Recv  1191 kB |  House
🔶 Pred  150 ms Sync   29 ms | Sent   864 kB Recv  1191 kB |  
🔶 Pred  150 ms Sync   29 ms | Sent   864 kB Recv  1191 kB | 1
🔶 Pred  148 ms Sync   25 ms | Sent   864 kB Recv  1191 kB | 's
🔶 Pred  151 ms Sync   26 ms | Sent   864 kB Recv  1191 kB |  drink
🔶 Pred  206 ms Sync   55 ms | Sent   864 kB Recv  1191 kB |  is
🔶 Pred  156 ms Sync   21 ms | Sent   864 kB Recv  1191 kB |  
🔶 Pred  174 ms Sync   53 ms | Sent   864 kB Recv  1191 kB | 1
🔶 Pred  154 ms Sync   32 ms | Sent   864 kB Recv  1191 kB | ,
🔶 Pred  150 ms Sync   23 ms | Sent   864 kB Recv  1191 kB |  then
🔶 Pred  151 ms Sync   28 ms | Sent   864 kB Recv  1191 kB |  no
🔶 Pred  148 ms Sync   33 ms | Sent   864 kB Recv  1191 kB |  other
🔶 Pred  150 ms Sync   31 ms | Sent   864 kB Recv  1191 kB |  house
🔶 Pred  148 ms Sync   36 ms | Sent   864 kB Recv  1191 kB |  can
🔶 Pred  151 ms Sync   30 ms | Sent   864 kB Recv  1191 kB |  have
🔶 Pred  149 ms Sync   23 ms | Sent   864 kB Recv  1191 kB |  drink
🔶 Pred  193 ms Sync   29 ms | Sent   864 kB Recv  1191 kB | =
🔶 Pred  186 ms Sync   28 ms | Sent   864 kB Recv  1191 kB | 1
🔶 Pred  152 ms Sync   21 ms | Sent   864 kB Recv  1191 kB | .


🔶 Pred  152 ms Sync   25 ms | Sent   864 kB Recv  1191 kB | Similarly
🔶 Pred  179 ms Sync   49 ms | Sent   864 kB Recv  1191 kB | ,
🔶 Pred  298 ms Sync   42 ms | Sent   864 kB Recv  1191 kB |  if
🔶 Pred  199 ms Sync   43 ms | Sent   864 kB Recv  1191 kB |  House
🔶 Pred  152 ms Sync   21 ms | Sent   864 kB Recv  1191 kB |  
🔶 Pred  151 ms Sync   28 ms | Sent   864 kB Recv  1191 kB | 1
🔶 Pred  152 ms Sync   30 ms | Sent   864 kB Recv  1191 kB | 's
🔶 Pred  151 ms Sync   26 ms | Sent   864 kB Recv  1191 kB |  smoke
🔶 Pred  150 ms Sync   30 ms | Sent   864 kB Recv  1191 kB |  is
🔶 Pred  151 ms Sync   24 ms | Sent   864 kB Recv  1191 kB |  
🔶 Pred  152 ms Sync   21 ms | Sent   864 kB Recv  1191 kB | 2
🔶 Pred  154 ms Sync   23 ms | Sent   864 kB Recv  1191 kB | ,
🔶 Pred  152 ms Sync   29 ms | Sent   864 kB Recv  1191 kB |  then
🔶 Pred  164 ms Sync   28 ms | Sent   864 kB Recv  1191 kB |  no
🔶 Pred  149 ms Sync   34 ms | Sent   864 kB Recv  1191 kB |  other
🔶 Pred  150 ms Sync   35 ms | Sent   864 kB Recv  1191 kB |  house
🔶 Pred  151 ms Sync   26 ms | Sent   864 kB Recv  1191 kB |  can
🔶 Pred  216 ms Sync   65 ms | Sent   864 kB Recv  1191 kB |  have
🔶 Pred  174 ms Sync   51 ms | Sent   864 kB Recv  1191 kB |  smoke
🔶 Pred  157 ms Sync   22 ms | Sent   864 kB Recv  1191 kB | =
🔶 Pred  156 ms Sync   29 ms | Sent   864 kB Recv  1191 kB | 2
🔶 Pred  153 ms Sync   30 ms | Sent   864 kB Recv  1191 kB | .


🔶 Pred  220 ms Sync   37 ms | Sent   864 kB Recv  1191 kB | But
🔶 Pred  154 ms Sync   22 ms | Sent   864 kB Recv  1191 kB |  since
🔶 Pred  151 ms Sync   32 ms | Sent   864 kB Recv  1191 kB |  House
🔶 Pred  151 ms Sync   25 ms | Sent   864 kB Recv  1191 kB |  
🔶 Pred  153 ms Sync   25 ms | Sent   864 kB Recv  1191 kB | 3
🔶 Pred  153 ms Sync   24 ms | Sent   864 kB Recv  1191 kB | 's
🔶 Pred  152 ms Sync   23 ms | Sent   864 kB Recv  1191 kB |  smoke
🔶 Pred  151 ms Sync   24 ms | Sent   864 kB Recv  1191 kB |  is
🔶 Pred  152 ms Sync   27 ms | Sent   864 kB Recv  1191 kB |  
🔶 Pred  154 ms Sync   35 ms | Sent   864 kB Recv  1191 kB | 1
🔶 Pred  206 ms Sync   73 ms | Sent   864 kB Recv  1191 kB | ,
🔶 Pred  151 ms Sync   32 ms | Sent   864 kB Recv  1191 kB |  and
🔶 Pred  171 ms Sync   44 ms | Sent   864 kB Recv  1191 kB |  House
🔶 Pred  151 ms Sync   22 ms | Sent   864 kB Recv  1191 kB |  
🔶 Pred  152 ms Sync   30 ms | Sent   864 kB Recv  1191 kB | 2
🔶 Pred  153 ms Sync   39 ms | Sent   864 kB Recv  1191 kB | 's
🔶 Pred  152 ms Sync   30 ms | Sent   864 kB Recv  1191 kB |  smoke
🔶 Pred  151 ms Sync   28 ms | Sent   864 kB Recv  1191 kB |  is
🔶 Pred  150 ms Sync   28 ms | Sent   864 kB Recv  1191 kB |  
🔶 Pred  151 ms Sync   26 ms | Sent   864 kB Recv  1191 kB | 2
🔶 Pred  150 ms Sync   28 ms | Sent   864 kB Recv  1191 kB | ,
🔶 Pred  151 ms Sync   28 ms | Sent   864 kB Recv  1191 kB | 3
🔶 Pred  151 ms Sync   25 ms | Sent   864 kB Recv  1191 kB | ,
🔶 Pred  151 ms Sync   30 ms | Sent   864 kB Recv  1191 kB | 4
🔶 Pred  150 ms Sync   28 ms | Sent   864 kB Recv  1191 kB | ,
🔶 Pred  152 ms Sync   24 ms | Sent   864 kB Recv  1191 kB | 5
🔶 Pred  253 ms Sync   68 ms | Sent   864 kB Recv  1191 kB | ,
🔶 Pred  162 ms Sync   64 ms | Sent   864 kB Recv  1191 kB |  we
🔶 Pred  152 ms Sync   30 ms | Sent   864 kB Recv  1191 kB |  need
🔶 Pred  151 ms Sync   25 ms | Sent   864 kB Recv  1191 kB |  to
🔶 Pred  149 ms Sync   32 ms | Sent   864 kB Recv  1191 kB |  assign
🔶 Pred  152 ms Sync   23 ms | Sent   864 kB Recv  1191 kB |  House
🔶 Pred  151 ms Sync   29 ms | Sent   864 kB Recv  1191 kB |  
🔶 Pred  153 ms Sync   28 ms | Sent   864 kB Recv  1191 kB | 1
🔶 Pred  153 ms Sync   32 ms | Sent   864 kB Recv  1191 kB | 's
🔶 Pred  154 ms Sync   27 ms | Sent   864 kB Recv  1191 kB |  smoke
🔶 Pred  155 ms Sync   28 ms | Sent   864 kB Recv  1191 kB |  carefully
🔶 Pred  153 ms Sync   33 ms | Sent   864 kB Recv  1191 kB | .


🔶 Pred  154 ms Sync   24 ms | Sent   864 kB Recv  1191 kB | Wait
🔶 Pred  154 ms Sync   26 ms | Sent   864 kB Recv  1191 kB | ,
🔶 Pred  156 ms Sync   34 ms | Sent   864 kB Recv  1191 kB |  let
🔶 Pred  247 ms Sync   90 ms | Sent   864 kB Recv  1191 kB | 's
🔶 Pred  151 ms Sync   23 ms | Sent   864 kB Recv  1191 kB |  think
🔶 Pred  151 ms Sync  107 ms | Sent   864 kB Recv  1191 kB |  about
🔶 Pred  151 ms Sync   27 ms | Sent   864 kB Recv  1191 kB |  the
🔶 Pred  150 ms Sync   31 ms | Sent   864 kB Recv  1191 kB |  smoke
🔶 Pred  150 ms Sync   31 ms | Sent   864 kB Recv  1191 kB |  assignments
🔶 Pred  150 ms Sync   33 ms | Sent   864 kB Recv  1191 kB | .


🔶 Pred  150 ms Sync   29 ms | Sent   864 kB Recv  1191 kB | House
🔶 Pred  150 ms Sync   32 ms | Sent   864 kB Recv  1191 kB |  
🔶 Pred  149 ms Sync   33 ms | Sent   864 kB Recv  1191 kB | 3
🔶 Pred  164 ms Sync   35 ms | Sent   864 kB Recv  1191 kB | :
🔶 Pred  213 ms Sync   17 ms | Sent   864 kB Recv  1191 kB |  
🔶 Pred  152 ms Sync   24 ms | Sent   864 kB Recv  1191 kB | 1
🔶 Pred  150 ms Sync   29 ms | Sent   864 kB Recv  1191 kB | 


🔶 Pred  151 ms Sync   30 ms | Sent   864 kB Recv  1191 kB | House
🔶 Pred  216 ms Sync   96 ms | Sent   864 kB Recv  1191 kB |  
🔶 Pred  163 ms Sync   50 ms | Sent   864 kB Recv  1191 kB | 2
🔶 Pred  156 ms Sync   34 ms | Sent   864 kB Recv  1191 kB | :
🔶 Pred  151 ms Sync   24 ms | Sent   864 kB Recv  1191 kB |  
🔶 Pred  150 ms Sync   29 ms | Sent   864 kB Recv  1191 kB | 2
🔶 Pred  151 ms Sync   27 ms | Sent   864 kB Recv  1191 kB | ,
🔶 Pred  150 ms Sync   33 ms | Sent   864 kB Recv  1191 kB | 3
🔶 Pred  156 ms Sync   27 ms | Sent   864 kB Recv  1191 kB | ,
🔶 Pred  155 ms Sync   27 ms | Sent   864 kB Recv  1191 kB | 4
🔶 Pred  150 ms Sync   39 ms | Sent   864 kB Recv  1191 kB | ,
🔶 Pred  153 ms Sync   26 ms | Sent   864 kB Recv  1191 kB | 5
🔶 Pred  151 ms Sync   31 ms | Sent   864 kB Recv  1191 kB | 


🔶 Pred  151 ms Sync   32 ms | Sent   864 kB Recv  1191 kB | House
🔶 Pred  152 ms Sync   23 ms | Sent   864 kB Recv  1191 kB |  
🔶 Pred  151 ms Sync   29 ms | Sent   864 kB Recv  1191 kB | 1
🔶 Pred  164 ms Sync   31 ms | Sent   864 kB Recv  1191 kB | :
🔶 Pred  192 ms Sync   77 ms | Sent   864 kB Recv  1191 kB |  
🔶 Pred  167 ms Sync   73 ms | Sent   864 kB Recv  1191 kB | 2
🔶 Pred  151 ms Sync   29 ms | Sent   864 kB Recv  1191 kB | ,
🔶 Pred  153 ms Sync   28 ms | Sent   864 kB Recv  1191 kB | 3
🔶 Pred  153 ms Sync   26 ms | Sent   864 kB Recv  1191 kB | ,
🔶 Pred  230 ms Sync   45 ms | Sent   864 kB Recv  1191 kB | 4
🔶 Pred  153 ms Sync   20 ms | Sent   864 kB Recv  1191 kB | ,
🔶 Pred  152 ms Sync   20 ms | Sent   864 kB Recv  1191 kB | 5
🔶 Pred  156 ms Sync   21 ms | Sent   864 kB Recv  1191 kB | 


🔶 Pred  156 ms Sync   37 ms | Sent   864 kB Recv  1191 kB | House
🔶 Pred  155 ms Sync   28 ms | Sent   864 kB Recv  1191 kB |  
🔶 Pred  150 ms Sync   31 ms | Sent   864 kB Recv  1191 kB | 4
🔶 Pred  152 ms Sync   27 ms | Sent   864 kB Recv  1191 kB | :
🔶 Pred  150 ms Sync   33 ms | Sent   864 kB Recv  1191 kB |  
🔶 Pred  168 ms Sync   27 ms | Sent   864 kB Recv  1191 kB | 2
🔶 Pred  196 ms Sync   84 ms | Sent   864 kB Recv  1191 kB | ,
🔶 Pred  178 ms Sync   63 ms | Sent   864 kB Recv  1191 kB | 3
🔶 Pred  167 ms Sync   31 ms | Sent   864 kB Recv  1191 kB | ,
🔶 Pred  151 ms Sync   29 ms | Sent   864 kB Recv  1191 kB | 4
🔶 Pred  151 ms Sync   24 ms | Sent   864 kB Recv  1191 kB | ,
🔶 Pred  152 ms Sync   35 ms | Sent   864 kB Recv  1191 kB | 5
🔶 Pred  151 ms Sync   27 ms | Sent   864 kB Recv  1191 kB | 


🔶 Pred  151 ms Sync   29 ms | Sent   864 kB Recv  1191 kB | House
🔶 Pred  153 ms Sync   25 ms | Sent   864 kB Recv  1191 kB |  
🔶 Pred  150 ms Sync   27 ms | Sent   864 kB Recv  1191 kB | 5
🔶 Pred  158 ms Sync   20 ms | Sent   864 kB Recv  1191 kB | :
🔶 Pred  152 ms Sync   27 ms | Sent   864 kB Recv  1191 kB |  
🔶 Pred  151 ms Sync   34 ms | Sent   864 kB Recv  1191 kB | 2
🔶 Pred  152 ms Sync   28 ms | Sent   864 kB Recv  1191 kB | ,
🔶 Pred  153 ms Sync   28 ms | Sent   864 kB Recv  1191 kB | 3
🔶 Pred  241 ms Sync   75 ms | Sent   864 kB Recv  1191 kB | ,
🔶 Pred  297 ms Sync   56 ms | Sent   864 kB Recv  1191 kB | 4
🔶 Pred  154 ms Sync   22 ms | Sent   864 kB Recv  1191 kB | ,
🔶 Pred  150 ms Sync   36 ms | Sent   864 kB Recv  1191 kB | 5
🔶 Pred  150 ms Sync   39 ms | Sent   864 kB Recv  1191 kB | 


🔶 Pred  153 ms Sync   26 ms | Sent   864 kB Recv  1191 kB | So
🔶 Pred  152 ms Sync   32 ms | Sent   864 kB Recv  1191 kB | ,
🔶 Pred  151 ms Sync   24 ms | Sent   864 kB Recv  1191 kB |  we
🔶 Pred  151 ms Sync   28 ms | Sent   864 kB Recv  1191 kB |  have
🔶 Pred  152 ms Sync   34 ms | Sent   864 kB Recv  1191 kB |  four
🔶 Pred  152 ms Sync   25 ms | Sent   864 kB Recv  1191 kB |  houses
🔶 Pred  153 ms Sync   25 ms | Sent   864 kB Recv  1191 kB |  (
🔶 Pred  154 ms Sync   21 ms | Sent   864 kB Recv  1191 kB | 2
🔶 Pred  152 ms Sync   23 ms | Sent   864 kB Recv  1191 kB | ,
🔶 Pred  151 ms Sync   54 ms | Sent   864 kB Recv  1191 kB | 1
🔶 Pred  208 ms Sync   89 ms | Sent   864 kB Recv  1191 kB | ,
🔶 Pred  171 ms Sync   62 ms | Sent   864 kB Recv  1191 kB | 4
🔶 Pred  152 ms Sync   23 ms | Sent   864 kB Recv  1191 kB | ,
🔶 Pred  152 ms Sync   23 ms | Sent   864 kB Recv  1191 kB | 5
🔶 Pred  154 ms Sync   32 ms | Sent   864 kB Recv  1191 kB | )
🔶 Pred  156 ms Sync   24 ms | Sent   864 kB Recv  1191 kB |  needing
🔶 Pred  151 ms Sync   37 ms | Sent   864 kB Recv  1191 kB |  to
🔶 Pred  151 ms Sync   45 ms | Sent   864 kB Recv  1191 kB |  assign
🔶 Pred  151 ms Sync   36 ms | Sent   864 kB Recv  1191 kB |  sm
🔶 Pred  153 ms Sync   26 ms | Sent   864 kB Recv  1191 kB | okes
🔶 Pred  198 ms Sync   26 ms | Sent   864 kB Recv  1191 kB |  
🔶 Pred  189 ms Sync   21 ms | Sent   864 kB Recv  1191 kB | 2
🔶 Pred  153 ms Sync   21 ms | Sent   864 kB Recv  1191 kB | ,
🔶 Pred  152 ms Sync   31 ms | Sent   864 kB Recv  1191 kB | 3
🔶 Pred  151 ms Sync   31 ms | Sent   864 kB Recv  1191 kB | ,
🔶 Pred  205 ms Sync   90 ms | Sent   864 kB Recv  1191 kB | 4
🔶 Pred  169 ms Sync   49 ms | Sent   864 kB Recv  1191 kB | ,
🔶 Pred  152 ms Sync   28 ms | Sent   864 kB Recv  1191 kB | 5
🔶 Pred  153 ms Sync   41 ms | Sent   864 kB Recv  1191 kB | .


🔶 Pred  151 ms Sync   43 ms | Sent   864 kB Recv  1191 kB | But
🔶 Pred  153 ms Sync   25 ms | Sent   864 kB Recv  1191 kB |  House
🔶 Pred  168 ms Sync   37 ms | Sent   864 kB Recv  1191 kB |  
🔶 Pred  152 ms Sync   25 ms | Sent   864 kB Recv  1191 kB | 3
🔶 Pred  152 ms Sync   27 ms | Sent   864 kB Recv  1191 kB |  is
🔶 Pred  152 ms Sync   31 ms | Sent   864 kB Recv  1191 kB |  fixed
🔶 Pred  154 ms Sync   31 ms | Sent   864 kB Recv  1191 kB |  at
🔶 Pred  151 ms Sync   28 ms | Sent   864 kB Recv  1191 kB |  
🔶 Pred  152 ms Sync   31 ms | Sent   864 kB Recv  1191 kB | 1
🔶 Pred  153 ms Sync   27 ms | Sent   864 kB Recv  1191 kB | .


🔶 Pred  152 ms Sync   32 ms | Sent   864 kB Recv  1191 kB | So
🔶 Pred  209 ms Sync   76 ms | Sent   864 kB Recv  1191 kB | ,
🔶 Pred  154 ms Sync   22 ms | Sent   864 kB Recv  1191 kB |  we
🔶 Pred  169 ms Sync   55 ms | Sent   864 kB Recv  1191 kB |  need
🔶 Pred  153 ms Sync   25 ms | Sent   864 kB Recv  1191 kB |  to
🔶 Pred  152 ms Sync   42 ms | Sent   864 kB Recv  1191 kB |  assign
🔶 Pred  184 ms Sync   44 ms | Sent   864 kB Recv  1191 kB |  
🔶 Pred  199 ms Sync   31 ms | Sent   864 kB Recv  1191 kB | 2
🔶 Pred  153 ms Sync   32 ms | Sent   864 kB Recv  1191 kB | ,
🔶 Pred  154 ms Sync   23 ms | Sent   864 kB Recv  1191 kB | 3
🔶 Pred  153 ms Sync   22 ms | Sent   864 kB Recv  1191 kB | ,
🔶 Pred  156 ms Sync   26 ms | Sent   864 kB Recv  1191 kB | 4
🔶 Pred  153 ms Sync   29 ms | Sent   864 kB Recv  1191 kB | ,
🔶 Pred  152 ms Sync   26 ms | Sent   864 kB Recv  1191 kB | 5
🔶 Pred  154 ms Sync   28 ms | Sent   864 kB Recv  1191 kB |  to
🔶 Pred  155 ms Sync   27 ms | Sent   864 kB Recv  1191 kB |  Houses
🔶 Pred  218 ms Sync   63 ms | Sent   864 kB Recv  1191 kB |  
🔶 Pred  155 ms Sync   27 ms | Sent   864 kB Recv  1191 kB | 1
🔶 Pred  173 ms Sync   47 ms | Sent   864 kB Recv  1191 kB | ,
🔶 Pred  154 ms Sync   20 ms | Sent   864 kB Recv  1191 kB | 2
🔶 Pred  154 ms Sync   26 ms | Sent   864 kB Recv  1191 kB | ,
🔶 Pred  152 ms Sync   36 ms | Sent   864 kB Recv  1191 kB | 4
🔶 Pred  151 ms Sync   38 ms | Sent   864 kB Recv  1191 kB | ,
🔶 Pred  152 ms Sync   31 ms | Sent   864 kB Recv  1191 kB | 5
🔶 Pred  154 ms Sync   31 ms | Sent   864 kB Recv  1191 kB | .


🔶 Pred  153 ms Sync   26 ms | Sent   864 kB Recv  1191 kB | Similarly
🔶 Pred  153 ms Sync   35 ms | Sent   864 kB Recv  1191 kB | ,
🔶 Pred  154 ms Sync   48 ms | Sent   864 kB Recv  1191 kB |  for
🔶 Pred  153 ms Sync   34 ms | Sent   864 kB Recv  1191 kB |  drinks
🔶 Pred  152 ms Sync   37 ms | Sent   864 kB Recv  1191 kB | :


🔶 Pred  153 ms Sync   27 ms | Sent   864 kB Recv  1191 kB | House
🔶 Pred  152 ms Sync   34 ms | Sent   864 kB Recv  1191 kB |  
🔶 Pred  281 ms Sync   79 ms | Sent   864 kB Recv  1191 kB | 2
🔶 Pred  170 ms Sync   61 ms | Sent   864 kB Recv  1191 kB | :
🔶 Pred  153 ms Sync   26 ms | Sent   864 kB Recv  1191 kB |  
🔶 Pred  153 ms Sync   30 ms | Sent   864 kB Recv  1191 kB | 2
🔶 Pred  151 ms Sync   26 ms | Sent   864 kB Recv  1191 kB |  (
🔶 Pred  153 ms Sync   25 ms | Sent   864 kB Recv  1191 kB | fixed
🔶 Pred  154 ms Sync   27 ms | Sent   864 kB Recv  1191 kB | )


🔶 Pred  152 ms Sync   24 ms | Sent   864 kB Recv  1191 kB | House
🔶 Pred  158 ms Sync   23 ms | Sent   864 kB Recv  1191 kB |  
🔶 Pred  182 ms Sync   28 ms | Sent   864 kB Recv  1191 kB | 1
🔶 Pred  162 ms Sync   23 ms | Sent   864 kB Recv  1191 kB | :
🔶 Pred  154 ms Sync   28 ms | Sent   864 kB Recv  1191 kB |  
🔶 Pred  153 ms Sync   25 ms | Sent   864 kB Recv  1191 kB | 1
🔶 Pred  154 ms Sync   26 ms | Sent   864 kB Recv  1191 kB | ,
🔶 Pred  154 ms Sync   25 ms | Sent   864 kB Recv  1191 kB | 3
🔶 Pred  201 ms Sync  112 ms | Sent   864 kB Recv  1191 kB | ,
🔶 Pred  172 ms Sync   55 ms | Sent   864 kB Recv  1191 kB | 4
🔶 Pred  154 ms Sync   21 ms | Sent   864 kB Recv  1191 kB | ,
🔶 Pred  153 ms Sync   30 ms | Sent   864 kB Recv  1191 kB | 5
🔶 Pred  155 ms Sync   26 ms | Sent   864 kB Recv  1191 kB | 


🔶 Pred  152 ms Sync   28 ms | Sent   864 kB Recv  1191 kB | House
🔶 Pred  152 ms Sync   38 ms | Sent   864 kB Recv  1191 kB |  
🔶 Pred  153 ms Sync   31 ms | Sent   864 kB Recv  1191 kB | 3
🔶 Pred  155 ms Sync   28 ms | Sent   864 kB Recv  1191 kB | :
🔶 Pred  157 ms Sync   26 ms | Sent   864 kB Recv  1191 kB |  
🔶 Pred  157 ms Sync   30 ms | Sent   864 kB Recv  1191 kB | 1
🔶 Pred  157 ms Sync   23 ms | Sent   864 kB Recv  1191 kB | ,
🔶 Pred  188 ms Sync   34 ms | Sent   864 kB Recv  1191 kB | 3
🔶 Pred  198 ms Sync   25 ms | Sent   864 kB Recv  1191 kB | ,
🔶 Pred  152 ms Sync   31 ms | Sent   864 kB Recv  1191 kB | 4
🔶 Pred  226 ms Sync   96 ms | Sent   864 kB Recv  1191 kB | ,
🔶 Pred  176 ms Sync   67 ms | Sent   864 kB Recv  1191 kB | 5
🔶 Pred  155 ms Sync   21 ms | Sent   864 kB Recv  1191 kB | 


🔶 Pred  152 ms Sync   26 ms | Sent   864 kB Recv  1191 kB | House
🔶 Pred  155 ms Sync   25 ms | Sent   864 kB Recv  1191 kB |  
🔶 Pred  153 ms Sync   27 ms | Sent   864 kB Recv  1191 kB | 4
🔶 Pred  152 ms Sync   28 ms | Sent   864 kB Recv  1191 kB | :
🔶 Pred  153 ms Sync   54 ms | Sent   864 kB Recv  1191 kB |  
🔶 Pred  155 ms Sync   20 ms | Sent   864 kB Recv  1191 kB | 1
🔶 Pred  154 ms Sync   24 ms | Sent   864 kB Recv  1191 kB | ,
🔶 Pred  154 ms Sync   37 ms | Sent   864 kB Recv  1191 kB | 3
🔶 Pred  153 ms Sync   23 ms | Sent   864 kB Recv  1191 kB | ,
🔶 Pred  153 ms Sync   27 ms | Sent   864 kB Recv  1191 kB | 4
🔶 Pred  155 ms Sync   26 ms | Sent   864 kB Recv  1191 kB | ,
🔶 Pred  152 ms Sync   32 ms | Sent   864 kB Recv  1191 kB | 5
🔶 Pred  153 ms Sync   24 ms | Sent   864 kB Recv  1191 kB | 


🔶 Pred  218 ms Sync   73 ms | Sent   864 kB Recv  1191 kB | House
🔶 Pred  158 ms Sync   24 ms | Sent   864 kB Recv  1191 kB |  
🔶 Pred  176 ms Sync   48 ms | Sent   864 kB Recv  1191 kB | 5
🔶 Pred  153 ms Sync   31 ms | Sent   864 kB Recv  1191 kB | :
🔶 Pred  205 ms Sync   26 ms | Sent   864 kB Recv  1191 kB |  
🔶 Pred  201 ms Sync   27 ms | Sent   864 kB Recv  1191 kB | 1
🔶 Pred  155 ms Sync   25 ms | Sent   864 kB Recv  1191 kB | ,
🔶 Pred  155 ms Sync   26 ms | Sent   864 kB Recv  1191 kB | 3
🔶 Pred  155 ms Sync   31 ms | Sent   864 kB Recv  1191 kB | ,
🔶 Pred  155 ms Sync   35 ms | Sent   864 kB Recv  1191 kB | 4
🔶 Pred  156 ms Sync   35 ms | Sent   864 kB Recv  1191 kB | ,
🔶 Pred  155 ms Sync   29 ms | Sent   864 kB Recv  1191 kB | 5
🔶 Pred  156 ms Sync   22 ms | Sent   864 kB Recv  1191 kB | 


🔶 Pred  213 ms Sync   57 ms | Sent   864 kB Recv  1191 kB | So
🔶 Pred  236 ms Sync   41 ms | Sent   864 kB Recv  1191 kB | ,
🔶 Pred  172 ms Sync   53 ms | Sent   864 kB Recv  1191 kB |  we
🔶 Pred  155 ms Sync   23 ms | Sent   864 kB Recv  1191 kB |  need
🔶 Pred  158 ms Sync   28 ms | Sent   864 kB Recv  1191 kB |  to
🔶 Pred  157 ms Sync   30 ms | Sent   864 kB Recv  1191 kB |  assign
🔶 Pred  156 ms Sync   35 ms | Sent   864 kB Recv  1191 kB |  
🔶 Pred  156 ms Sync   27 ms | Sent   864 kB Recv  1191 kB | 1
🔶 Pred  155 ms Sync   27 ms | Sent   864 kB Recv  1191 kB | ,
🔶 Pred  153 ms Sync   27 ms | Sent   864 kB Recv  1191 kB | 3
🔶 Pred  156 ms Sync   26 ms | Sent   864 kB Recv  1191 kB | ,
🔶 Pred  156 ms Sync   28 ms | Sent   864 kB Recv  1191 kB | 4
🔶 Pred  156 ms Sync   30 ms | Sent   864 kB Recv  1191 kB | ,
🔶 Pred  154 ms Sync   34 ms | Sent   864 kB Recv  1191 kB | 5
🔶 Pred  157 ms Sync   21 ms | Sent   864 kB Recv  1191 kB |  to
🔶 Pred  157 ms Sync   28 ms | Sent   864 kB Recv  1191 kB |  Houses
🔶 Pred  281 ms Sync   73 ms | Sent   864 kB Recv  1191 kB |  
🔶 Pred  180 ms Sync   38 ms | Sent   864 kB Recv  1191 kB | 1
🔶 Pred  154 ms Sync   24 ms | Sent   864 kB Recv  1191 kB | ,
🔶 Pred  153 ms Sync   29 ms | Sent   864 kB Recv  1191 kB | 3
🔶 Pred  154 ms Sync   26 ms | Sent   864 kB Recv  1191 kB | ,
🔶 Pred  155 ms Sync   52 ms | Sent   864 kB Recv  1191 kB | 4
🔶 Pred  155 ms Sync   23 ms | Sent   864 kB Recv  1191 kB | ,
🔶 Pred  157 ms Sync   23 ms | Sent   864 kB Recv  1191 kB | 5
🔶 Pred  155 ms Sync   24 ms | Sent   864 kB Recv  1191 kB | .


🔶 Pred  156 ms Sync   27 ms | Sent   864 kB Recv  1191 kB | Similarly
🔶 Pred  158 ms Sync   28 ms | Sent   864 kB Recv  1191 kB | ,
🔶 Pred  156 ms Sync   24 ms | Sent   864 kB Recv  1191 kB |  for
🔶 Pred  156 ms Sync   22 ms | Sent   864 kB Recv  1191 kB |  pets
🔶 Pred  155 ms Sync   26 ms | Sent   864 kB Recv  1191 kB | :


🔶 Pred  155 ms Sync   25 ms | Sent   864 kB Recv  1191 kB | House
🔶 Pred  215 ms Sync   80 ms | Sent   864 kB Recv  1191 kB |  
🔶 Pred  160 ms Sync   69 ms | Sent   864 kB Recv  1191 kB | 1
🔶 Pred  156 ms Sync   24 ms | Sent   864 kB Recv  1191 kB | :
🔶 Pred  154 ms Sync   33 ms | Sent   864 kB Recv  1191 kB |  
🔶 Pred  154 ms Sync   32 ms | Sent   864 kB Recv  1191 kB | 2
🔶 Pred  157 ms Sync   29 ms | Sent   864 kB Recv  1191 kB | ,
🔶 Pred  155 ms Sync   31 ms | Sent   864 kB Recv  1191 kB | 3
🔶 Pred  156 ms Sync   30 ms | Sent   864 kB Recv  1191 kB | ,
🔶 Pred  155 ms Sync   33 ms | Sent   864 kB Recv  1191 kB | 4
🔶 Pred  155 ms Sync   26 ms | Sent   864 kB Recv  1191 kB | ,
🔶 Pred  175 ms Sync   34 ms | Sent   864 kB Recv  1191 kB | 5
🔶 Pred  207 ms Sync   22 ms | Sent   864 kB Recv  1191 kB | 


🔶 Pred  154 ms Sync   35 ms | Sent   864 kB Recv  1191 kB | House
🔶 Pred  156 ms Sync   30 ms | Sent   864 kB Recv  1191 kB |  
🔶 Pred  161 ms Sync   24 ms | Sent   864 kB Recv  1191 kB | 2
🔶 Pred  220 ms Sync   85 ms | Sent   864 kB Recv  1191 kB | :
🔶 Pred  169 ms Sync   45 ms | Sent   864 kB Recv  1191 kB |  
🔶 Pred  156 ms Sync   49 ms | Sent   864 kB Recv  1191 kB | 2
🔶 Pred  167 ms Sync   31 ms | Sent   864 kB Recv  1191 kB | ,
🔶 Pred  155 ms Sync   27 ms | Sent   864 kB Recv  1191 kB | 3
🔶 Pred  155 ms Sync   30 ms | Sent   864 kB Recv  1191 kB | ,
🔶 Pred  154 ms Sync   32 ms | Sent   864 kB Recv  1191 kB | 4
🔶 Pred  154 ms Sync   29 ms | Sent   864 kB Recv  1191 kB | ,
🔶 Pred  154 ms Sync   28 ms | Sent   864 kB Recv  1191 kB | 5
🔶 Pred  154 ms Sync   34 ms | Sent   864 kB Recv  1191 kB | 


🔶 Pred  156 ms Sync   55 ms | Sent   864 kB Recv  1191 kB | House
🔶 Pred  155 ms Sync   23 ms | Sent   864 kB Recv  1191 kB |  
🔶 Pred  155 ms Sync   30 ms | Sent   864 kB Recv  1191 kB | 3
🔶 Pred  154 ms Sync   28 ms | Sent   864 kB Recv  1191 kB | :
🔶 Pred  158 ms Sync   27 ms | Sent   864 kB Recv  1191 kB |  
🔶 Pred  224 ms Sync   61 ms | Sent   864 kB Recv  1191 kB | 2
🔶 Pred  174 ms Sync   53 ms | Sent   864 kB Recv  1191 kB | ,
🔶 Pred  157 ms Sync   25 ms | Sent   864 kB Recv  1191 kB | 3
🔶 Pred  153 ms Sync   37 ms | Sent   864 kB Recv  1191 kB | ,
🔶 Pred  158 ms Sync   32 ms | Sent   864 kB Recv  1191 kB | 4
🔶 Pred  234 ms Sync   31 ms | Sent   864 kB Recv  1191 kB | ,
🔶 Pred  158 ms Sync   21 ms | Sent   864 kB Recv  1191 kB | 5
🔶 Pred  155 ms Sync   27 ms | Sent   864 kB Recv  1191 kB | 


🔶 Pred  153 ms Sync   36 ms | Sent   864 kB Recv  1191 kB | House
🔶 Pred  157 ms Sync   27 ms | Sent   864 kB Recv  1191 kB |  
🔶 Pred  157 ms Sync   26 ms | Sent   864 kB Recv  1191 kB | 4
🔶 Pred  155 ms Sync   33 ms | Sent   864 kB Recv  1191 kB | :
🔶 Pred  157 ms Sync   29 ms | Sent   864 kB Recv  1191 kB |  
🔶 Pred  154 ms Sync   32 ms | Sent   864 kB Recv  1191 kB | 2
🔶 Pred  157 ms Sync   28 ms | Sent   864 kB Recv  1191 kB | ,
🔶 Pred  216 ms Sync   83 ms | Sent   864 kB Recv  1191 kB | 3
🔶 Pred  170 ms Sync   50 ms | Sent   864 kB Recv  1191 kB | ,
🔶 Pred  155 ms Sync   31 ms | Sent   864 kB Recv  1191 kB | 4
🔶 Pred  155 ms Sync   32 ms | Sent   864 kB Recv  1191 kB | ,
🔶 Pred  156 ms Sync   50 ms | Sent   864 kB Recv  1191 kB | 5
🔶 Pred  154 ms Sync   29 ms | Sent   864 kB Recv  1191 kB | 


🔶 Pred  156 ms Sync   24 ms | Sent   864 kB Recv  1191 kB | House
🔶 Pred  156 ms Sync   25 ms | Sent   864 kB Recv  1191 kB |  
🔶 Pred  157 ms Sync   32 ms | Sent   864 kB Recv  1191 kB | 5
🔶 Pred  157 ms Sync   33 ms | Sent   864 kB Recv  1191 kB | :
🔶 Pred  158 ms Sync   27 ms | Sent   864 kB Recv  1191 kB |  
🔶 Pred  156 ms Sync   25 ms | Sent   864 kB Recv  1191 kB | 1
🔶 Pred  156 ms Sync   34 ms | Sent   864 kB Recv  1191 kB |  (
🔶 Pred  156 ms Sync   53 ms | Sent   864 kB Recv  1191 kB | fixed
🔶 Pred  156 ms Sync   32 ms | Sent   864 kB Recv  1191 kB | )


🔶 Pred  287 ms Sync   79 ms | Sent   864 kB Recv  1191 kB | So
🔶 Pred  178 ms Sync   57 ms | Sent   864 kB Recv  1191 kB | ,
🔶 Pred  157 ms Sync   19 ms | Sent   864 kB Recv  1191 kB |  we
🔶 Pred  154 ms Sync   29 ms | Sent   864 kB Recv  1191 kB |  need
🔶 Pred  154 ms Sync   29 ms | Sent   864 kB Recv  1191 kB |  to
🔶 Pred  156 ms Sync   31 ms | Sent   864 kB Recv  1191 kB |  assign
🔶 Pred  157 ms Sync   21 ms | Sent   864 kB Recv  1191 kB |  
🔶 Pred  156 ms Sync   29 ms | Sent   864 kB Recv  1191 kB | 2
🔶 Pred  168 ms Sync   30 ms | Sent   864 kB Recv  1191 kB | ,
🔶 Pred  158 ms Sync   31 ms | Sent   864 kB Recv  1191 kB | 3
🔶 Pred  155 ms Sync   27 ms | Sent   864 kB Recv  1191 kB | ,
🔶 Pred  154 ms Sync   26 ms | Sent   864 kB Recv  1191 kB | 4
🔶 Pred  155 ms Sync   28 ms | Sent   864 kB Recv  1191 kB | ,
🔶 Pred  155 ms Sync   28 ms | Sent   864 kB Recv  1191 kB | 5
🔶 Pred  156 ms Sync   34 ms | Sent   864 kB Recv  1191 kB |  to
🔶 Pred  222 ms Sync   69 ms | Sent   864 kB Recv  1191 kB |  Houses
🔶 Pred  179 ms Sync   58 ms | Sent   864 kB Recv  1191 kB |  
🔶 Pred  156 ms Sync   27 ms | Sent   864 kB Recv  1191 kB | 1
🔶 Pred  159 ms Sync   31 ms | Sent   864 kB Recv  1191 kB | ,
🔶 Pred  156 ms Sync   56 ms | Sent   864 kB Recv  1191 kB | 2
🔶 Pred  159 ms Sync   26 ms | Sent   864 kB Recv  1191 kB | ,
🔶 Pred  198 ms Sync   34 ms | Sent   864 kB Recv  1191 kB | 3
🔶 Pred  156 ms Sync   31 ms | Sent   864 kB Recv  1191 kB | ,
🔶 Pred  157 ms Sync   40 ms | Sent   864 kB Recv  1191 kB | 4
🔶 Pred  158 ms Sync   37 ms | Sent   864 kB Recv  1191 kB | .


🔶 Pred  235 ms Sync   29 ms | Sent   864 kB Recv  1191 kB | Now
🔶 Pred  154 ms Sync   30 ms | Sent   864 kB Recv  1191 kB | ,
🔶 Pred  153 ms Sync   33 ms | Sent   864 kB Recv  1191 kB |  let
🔶 Pred  156 ms Sync   32 ms | Sent   864 kB Recv  1191 kB | 's
🔶 Pred  212 ms Sync   88 ms | Sent   864 kB Recv  1191 kB |  try
🔶 Pred  183 ms Sync   59 ms | Sent   864 kB Recv  1191 kB |  to
🔶 Pred  155 ms Sync   22 ms | Sent   864 kB Recv  1191 kB |  assign
🔶 Pred  156 ms Sync   29 ms | Sent   864 kB Recv  1191 kB |  step
🔶 Pred  159 ms Sync   27 ms | Sent   864 kB Recv  1191 kB |  by
🔶 Pred  156 ms Sync   22 ms | Sent   864 kB Recv  1191 kB |  step
🔶 Pred  156 ms Sync   34 ms | Sent   864 kB Recv  1191 kB | .


🔶 Pred  156 ms Sync   33 ms | Sent   864 kB Recv  1191 kB | First
🔶 Pred  154 ms Sync   24 ms | Sent   864 kB Recv  1191 kB | ,
🔶 Pred  156 ms Sync   32 ms | Sent   864 kB Recv  1191 kB |  let
🔶 Pred  155 ms Sync   35 ms | Sent   864 kB Recv  1191 kB | 's
🔶 Pred  155 ms Sync   33 ms | Sent   864 kB Recv  1191 kB |  look
🔶 Pred  156 ms Sync   31 ms | Sent   864 kB Recv  1191 kB |  at
🔶 Pred  160 ms Sync   23 ms | Sent   864 kB Recv  1191 kB |  House
🔶 Pred  156 ms Sync   31 ms | Sent   864 kB Recv  1191 kB |  
🔶 Pred  207 ms Sync  100 ms | Sent   864 kB Recv  1191 kB | 1
🔶 Pred  171 ms Sync   56 ms | Sent   864 kB Recv  1191 kB | .


🔶 Pred  158 ms Sync   24 ms | Sent   864 kB Recv  1191 kB | House
🔶 Pred  157 ms Sync   27 ms | Sent   864 kB Recv  1191 kB |  
🔶 Pred  154 ms Sync   26 ms | Sent   864 kB Recv  1191 kB | 1
🔶 Pred  238 ms Sync   41 ms | Sent   864 kB Recv  1191 kB | :
🔶 Pred  157 ms Sync   26 ms | Sent   864 kB Recv  1191 kB |  National
🔶 Pred  156 ms Sync   24 ms | Sent   864 kB Recv  1191 kB | ity
🔶 Pred  155 ms Sync   34 ms | Sent   864 kB Recv  1191 kB | =
🔶 Pred  156 ms Sync   25 ms | Sent   864 kB Recv  1191 kB | 1
🔶 Pred  155 ms Sync   30 ms | Sent   864 kB Recv  1191 kB |  (
🔶 Pred  154 ms Sync   28 ms | Sent   864 kB Recv  1191 kB | American
🔶 Pred  173 ms Sync   63 ms | Sent   864 kB Recv  1191 kB | )


🔶 Pred  156 ms Sync   23 ms | Sent   864 kB Recv  1191 kB | Drink
🔶 Pred  170 ms Sync   24 ms | Sent   864 kB Recv  1191 kB | :
🔶 Pred  193 ms Sync  111 ms | Sent   864 kB Recv  1191 kB |  
🔶 Pred  174 ms Sync   61 ms | Sent   864 kB Recv  1191 kB | 1
🔶 Pred  156 ms Sync   27 ms | Sent   864 kB Recv  1191 kB | ,
🔶 Pred  155 ms Sync   30 ms | Sent   864 kB Recv  1191 kB | 3
🔶 Pred  156 ms Sync   26 ms | Sent   864 kB Recv  1191 kB | ,
🔶 Pred  155 ms Sync   27 ms | Sent   864 kB Recv  1191 kB | 4
🔶 Pred  156 ms Sync   27 ms | Sent   864 kB Recv  1191 kB | ,
🔶 Pred  156 ms Sync   34 ms | Sent   864 kB Recv  1191 kB | 5
🔶 Pred  155 ms Sync   33 ms | Sent   864 kB Recv  1191 kB | 


🔶 Pred  157 ms Sync   30 ms | Sent   864 kB Recv  1191 kB | Smoke
🔶 Pred  155 ms Sync   58 ms | Sent   864 kB Recv  1191 kB | :
🔶 Pred  156 ms Sync   31 ms | Sent   864 kB Recv  1191 kB |  
🔶 Pred  156 ms Sync   26 ms | Sent   864 kB Recv  1191 kB | 2
🔶 Pred  155 ms Sync   33 ms | Sent   864 kB Recv  1191 kB | ,
🔶 Pred  174 ms Sync   28 ms | Sent   864 kB Recv  1191 kB | 3
🔶 Pred  241 ms Sync   79 ms | Sent   864 kB Recv  1191 kB | ,
🔶 Pred  168 ms Sync   63 ms | Sent   864 kB Recv  1191 kB | 4
🔶 Pred  154 ms Sync   30 ms | Sent   864 kB Recv  1191 kB | ,
🔶 Pred  157 ms Sync   27 ms | Sent   864 kB Recv  1191 kB | 5
🔶 Pred  158 ms Sync   21 ms | Sent   864 kB Recv  1191 kB | 


🔶 Pred  157 ms Sync   24 ms | Sent   864 kB Recv  1191 kB | Pet
🔶 Pred  156 ms Sync   54 ms | Sent   864 kB Recv  1191 kB | :
🔶 Pred  156 ms Sync   23 ms | Sent   864 kB Recv  1191 kB |  
🔶 Pred  155 ms Sync   27 ms | Sent   864 kB Recv  1191 kB | 2
🔶 Pred  157 ms Sync   30 ms | Sent   864 kB Recv  1191 kB | ,
🔶 Pred  158 ms Sync   30 ms | Sent   864 kB Recv  1191 kB | 3
🔶 Pred  154 ms Sync   27 ms | Sent   864 kB Recv  1191 kB | ,
🔶 Pred  154 ms Sync   39 ms | Sent   864 kB Recv  1191 kB | 4
🔶 Pred  156 ms Sync   27 ms | Sent   864 kB Recv  1191 kB | ,
🔶 Pred  180 ms Sync   31 ms | Sent   864 kB Recv  1191 kB | 5
🔶 Pred  181 ms Sync   90 ms | Sent   864 kB Recv  1191 kB | 


🔶 Pred  183 ms Sync   50 ms | Sent   864 kB Recv  1191 kB | We
🔶 Pred  155 ms Sync   28 ms | Sent   864 kB Recv  1191 kB |  need
🔶 Pred  156 ms Sync   30 ms | Sent   864 kB Recv  1191 kB |  to
🔶 Pred  164 ms Sync   44 ms | Sent   864 kB Recv  1191 kB |  assign
🔶 Pred  160 ms Sync   23 ms | Sent   864 kB Recv  1191 kB |  these
🔶 Pred  158 ms Sync   28 ms | Sent   864 kB Recv  1191 kB |  three
🔶 Pred  156 ms Sync   24 ms | Sent   864 kB Recv  1191 kB |  attributes
🔶 Pred  157 ms Sync   25 ms | Sent   864 kB Recv  1191 kB | .


🔶 Pred  156 ms Sync   27 ms | Sent   864 kB Recv  1191 kB | Similarly
🔶 Pred  250 ms Sync   33 ms | Sent   864 kB Recv  1191 kB | ,
🔶 Pred  156 ms Sync   29 ms | Sent   864 kB Recv  1191 kB |  House
🔶 Pred  158 ms Sync   24 ms | Sent   864 kB Recv  1191 kB |  
🔶 Pred  156 ms Sync   22 ms | Sent   864 kB Recv  1191 kB | 3
🔶 Pred  215 ms Sync   96 ms | Sent   864 kB Recv  1191 kB | :


🔶 Pred  158 ms Sync   21 ms | Sent   864 kB Recv  1191 kB | Drink
🔶 Pred  159 ms Sync  125 ms | Sent   864 kB Recv  1191 kB | :
🔶 Pred  155 ms Sync   31 ms | Sent   864 kB Recv  1191 kB |  
🔶 Pred  156 ms Sync   27 ms | Sent   864 kB Recv  1191 kB | 1
🔶 Pred  156 ms Sync   34 ms | Sent   864 kB Recv  1191 kB | ,
🔶 Pred  155 ms Sync   30 ms | Sent   864 kB Recv  1191 kB | 3
🔶 Pred  155 ms Sync   31 ms | Sent   864 kB Recv  1191 kB | ,
🔶 Pred  158 ms Sync   23 ms | Sent   864 kB Recv  1191 kB | 4
🔶 Pred  159 ms Sync   47 ms | Sent   864 kB Recv  1191 kB | ,
🔶 Pred  161 ms Sync   31 ms | Sent   864 kB Recv  1191 kB | 5
🔶 Pred  162 ms Sync   25 ms | Sent   864 kB Recv  1191 kB | 


🔶 Pred  157 ms Sync   33 ms | Sent   864 kB Recv  1191 kB | Smoke
🔶 Pred  156 ms Sync   28 ms | Sent   864 kB Recv  1191 kB | :
🔶 Pred  156 ms Sync   30 ms | Sent   864 kB Recv  1191 kB |  
🔶 Pred  229 ms Sync   64 ms | Sent   864 kB Recv  1191 kB | 1
🔶 Pred  164 ms Sync   43 ms | Sent   864 kB Recv  1191 kB |  (
🔶 Pred  173 ms Sync   29 ms | Sent   864 kB Recv  1191 kB | fixed
🔶 Pred  158 ms Sync   25 ms | Sent   864 kB Recv  1191 kB | )


🔶 Pred  158 ms Sync   26 ms | Sent   864 kB Recv  1191 kB | Pet
🔶 Pred  235 ms Sync   27 ms | Sent   864 kB Recv  1191 kB | :
🔶 Pred  159 ms Sync   23 ms | Sent   864 kB Recv  1191 kB |  
🔶 Pred  156 ms Sync   28 ms | Sent   864 kB Recv  1191 kB | 2
🔶 Pred  157 ms Sync   32 ms | Sent   864 kB Recv  1191 kB | ,
🔶 Pred  158 ms Sync   31 ms | Sent   864 kB Recv  1191 kB | 3
🔶 Pred  156 ms Sync   29 ms | Sent   864 kB Recv  1191 kB | ,
🔶 Pred  156 ms Sync   31 ms | Sent   864 kB Recv  1191 kB | 4
🔶 Pred  155 ms Sync   37 ms | Sent   864 kB Recv  1191 kB | ,
🔶 Pred  156 ms Sync   31 ms | Sent   864 kB Recv  1191 kB | 5
🔶 Pred  157 ms Sync   28 ms | Sent   864 kB Recv  1191 kB | 


🔶 Pred  190 ms Sync  107 ms | Sent   864 kB Recv  1191 kB | House
🔶 Pred  170 ms Sync   64 ms | Sent   864 kB Recv  1191 kB |  
🔶 Pred  157 ms Sync   23 ms | Sent   864 kB Recv  1191 kB | 4
🔶 Pred  158 ms Sync   29 ms | Sent   864 kB Recv  1191 kB | :


🔶 Pred  157 ms Sync   28 ms | Sent   864 kB Recv  1191 kB | Drink
🔶 Pred  155 ms Sync   33 ms | Sent   864 kB Recv  1191 kB | :
🔶 Pred  157 ms Sync   31 ms | Sent   864 kB Recv  1191 kB |  
🔶 Pred  158 ms Sync   30 ms | Sent   864 kB Recv  1191 kB | 1
🔶 Pred  156 ms Sync   29 ms | Sent   864 kB Recv  1191 kB | ,
🔶 Pred  156 ms Sync   36 ms | Sent   864 kB Recv  1191 kB | 3
🔶 Pred  157 ms Sync   31 ms | Sent   864 kB Recv  1191 kB | ,
🔶 Pred  157 ms Sync   27 ms | Sent   864 kB Recv  1191 kB | 4
🔶 Pred  158 ms Sync   30 ms | Sent   864 kB Recv  1191 kB | ,
🔶 Pred  156 ms Sync   27 ms | Sent   864 kB Recv  1191 kB | 5
🔶 Pred  157 ms Sync   27 ms | Sent   864 kB Recv  1191 kB | 


🔶 Pred  288 ms Sync   64 ms | Sent   864 kB Recv  1191 kB | Smoke
🔶 Pred  179 ms Sync   55 ms | Sent   864 kB Recv  1191 kB | :
🔶 Pred  160 ms Sync   23 ms | Sent   864 kB Recv  1191 kB |  
🔶 Pred  174 ms Sync   35 ms | Sent   864 kB Recv  1191 kB | 2
🔶 Pred  160 ms Sync   28 ms | Sent   864 kB Recv  1191 kB | ,
🔶 Pred  162 ms Sync   28 ms | Sent   864 kB Recv  1191 kB | 3
🔶 Pred  155 ms Sync   30 ms | Sent   864 kB Recv  1191 kB | ,
🔶 Pred  157 ms Sync   26 ms | Sent   864 kB Recv  1191 kB | 4
🔶 Pred  158 ms Sync   35 ms | Sent   864 kB Recv  1191 kB | ,
🔶 Pred  162 ms Sync   27 ms | Sent   864 kB Recv  1191 kB | 5
🔶 Pred  157 ms Sync   27 ms | Sent   864 kB Recv  1191 kB | 


🔶 Pred  155 ms Sync   38 ms | Sent   864 kB Recv  1191 kB | Pet
🔶 Pred  157 ms Sync   33 ms | Sent   864 kB Recv  1191 kB | :
🔶 Pred  157 ms Sync   31 ms | Sent   864 kB Recv  1191 kB |  
🔶 Pred  180 ms Sync   47 ms | Sent   864 kB Recv  1191 kB | 2
🔶 Pred  219 ms Sync   52 ms | Sent   864 kB Recv  1191 kB | ,
🔶 Pred  170 ms Sync   54 ms | Sent   864 kB Recv  1191 kB | 3
🔶 Pred  158 ms Sync   29 ms | Sent   864 kB Recv  1191 kB | ,
🔶 Pred  158 ms Sync   47 ms | Sent   864 kB Recv  1191 kB | 4
🔶 Pred  159 ms Sync   28 ms | Sent   864 kB Recv  1191 kB | ,
🔶 Pred  159 ms Sync   42 ms | Sent   864 kB Recv  1191 kB | 5
🔶 Pred  160 ms Sync   20 ms | Sent   864 kB Recv  1191 kB | 


🔶 Pred  157 ms Sync   28 ms | Sent   864 kB Recv  1191 kB | House
🔶 Pred  158 ms Sync   29 ms | Sent   864 kB Recv  1191 kB |  
🔶 Pred  185 ms Sync   26 ms | Sent   864 kB Recv  1191 kB | 2
🔶 Pred  216 ms Sync   19 ms | Sent   864 kB Recv  1191 kB | :


🔶 Pred  158 ms Sync   24 ms | Sent   864 kB Recv  1191 kB | Drink
🔶 Pred  157 ms Sync   49 ms | Sent   864 kB Recv  1191 kB | :
🔶 Pred  156 ms Sync   25 ms | Sent   864 kB Recv  1191 kB |  
🔶 Pred  228 ms Sync   87 ms | Sent   864 kB Recv  1191 kB | 2
🔶 Pred  160 ms Sync   20 ms | Sent   864 kB Recv  1191 kB |  (
🔶 Pred  178 ms Sync   56 ms | Sent   864 kB Recv  1191 kB | fixed
🔶 Pred  156 ms Sync   29 ms | Sent   864 kB Recv  1191 kB | )


🔶 Pred  157 ms Sync   25 ms | Sent   864 kB Recv  1191 kB | National
🔶 Pred  155 ms Sync   31 ms | Sent   864 kB Recv  1191 kB | ity
🔶 Pred  156 ms Sync   31 ms | Sent   864 kB Recv  1191 kB | :
🔶 Pred  156 ms Sync   33 ms | Sent   864 kB Recv  1191 kB |  
🔶 Pred  157 ms Sync   58 ms | Sent   864 kB Recv  1191 kB | 2
🔶 Pred  157 ms Sync   25 ms | Sent   864 kB Recv  1191 kB | ,
🔶 Pred  159 ms Sync   23 ms | Sent   864 kB Recv  1191 kB | 4
🔶 Pred  158 ms Sync   21 ms | Sent   864 kB Recv  1191 kB | ,
🔶 Pred  158 ms Sync   32 ms | Sent   864 kB Recv  1191 kB | 5
🔶 Pred  158 ms Sync   49 ms | Sent   864 kB Recv  1191 kB | 


🔶 Pred  159 ms Sync   31 ms | Sent   864 kB Recv  1191 kB | Smoke
🔶 Pred  224 ms Sync   66 ms | Sent   864 kB Recv  1191 kB | :
🔶 Pred  182 ms Sync   58 ms | Sent   864 kB Recv  1191 kB |  
🔶 Pred  159 ms Sync   30 ms | Sent   864 kB Recv  1191 kB | 2
🔶 Pred  158 ms Sync   41 ms | Sent   864 kB Recv  1191 kB | ,
🔶 Pred  159 ms Sync   36 ms | Sent   864 kB Recv  1191 kB | 3
🔶 Pred  246 ms Sync   39 ms | Sent   864 kB Recv  1191 kB | ,
🔶 Pred  157 ms Sync   30 ms | Sent   864 kB Recv  1191 kB | 4
🔶 Pred  156 ms Sync   25 ms | Sent   864 kB Recv  1191 kB | ,
🔶 Pred  168 ms Sync   34 ms | Sent   864 kB Recv  1191 kB | 5
🔶 Pred  158 ms Sync   31 ms | Sent   864 kB Recv  1191 kB | 


🔶 Pred  158 ms Sync   24 ms | Sent   864 kB Recv  1191 kB | Pet
🔶 Pred  158 ms Sync   33 ms | Sent   864 kB Recv  1191 kB | :
🔶 Pred  157 ms Sync   31 ms | Sent   864 kB Recv  1191 kB |  
🔶 Pred  157 ms Sync   23 ms | Sent   864 kB Recv  1191 kB | 2
🔶 Pred  222 ms Sync   83 ms | Sent   864 kB Recv  1191 kB | ,
🔶 Pred  159 ms Sync   19 ms | Sent   864 kB Recv  1191 kB | 3
🔶 Pred  180 ms Sync   54 ms | Sent   864 kB Recv  1191 kB | ,
🔶 Pred  161 ms Sync   29 ms | Sent   864 kB Recv  1191 kB | 4
🔶 Pred  159 ms Sync   30 ms | Sent   864 kB Recv  1191 kB | ,
🔶 Pred  158 ms Sync   28 ms | Sent   864 kB Recv  1191 kB | 5
🔶 Pred  158 ms Sync   32 ms | Sent   864 kB Recv  1191 kB | 


🔶 Pred  156 ms Sync   32 ms | Sent   864 kB Recv  1191 kB | House
🔶 Pred  157 ms Sync   37 ms | Sent   864 kB Recv  1191 kB |  
🔶 Pred  157 ms Sync   33 ms | Sent   864 kB Recv  1191 kB | 5
🔶 Pred  160 ms Sync   29 ms | Sent   864 kB Recv  1191 kB | :


🔶 Pred  161 ms Sync   27 ms | Sent   864 kB Recv  1191 kB | Drink
🔶 Pred  159 ms Sync   53 ms | Sent   864 kB Recv  1191 kB | :
🔶 Pred  160 ms Sync   25 ms | Sent   864 kB Recv  1191 kB |  
🔶 Pred  159 ms Sync   25 ms | Sent   864 kB Recv  1191 kB | 1
🔶 Pred  270 ms Sync   47 ms | Sent   864 kB Recv  1191 kB | ,
🔶 Pred  209 ms Sync   52 ms | Sent   864 kB Recv  1191 kB | 3
🔶 Pred  160 ms Sync   23 ms | Sent   864 kB Recv  1191 kB | ,
🔶 Pred  158 ms Sync   25 ms | Sent   864 kB Recv  1191 kB | 4
🔶 Pred  157 ms Sync   25 ms | Sent   864 kB Recv  1191 kB | ,
🔶 Pred  160 ms Sync   30 ms | Sent   864 kB Recv  1191 kB | 5
🔶 Pred  159 ms Sync   26 ms | Sent   864 kB Recv  1191 kB | 


🔶 Pred  159 ms Sync   32 ms | Sent   864 kB Recv  1191 kB | Smoke
🔶 Pred  159 ms Sync   34 ms | Sent   864 kB Recv  1191 kB | :
🔶 Pred  163 ms Sync   37 ms | Sent   864 kB Recv  1191 kB |  
🔶 Pred  167 ms Sync   34 ms | Sent   864 kB Recv  1191 kB | 2
🔶 Pred  157 ms Sync   31 ms | Sent   864 kB Recv  1191 kB | ,
🔶 Pred  157 ms Sync   29 ms | Sent   864 kB Recv  1191 kB | 3
🔶 Pred  156 ms Sync   36 ms | Sent   864 kB Recv  1191 kB | ,
🔶 Pred  159 ms Sync   28 ms | Sent   864 kB Recv  1191 kB | 4
🔶 Pred  224 ms Sync   74 ms | Sent   864 kB Recv  1191 kB | ,
🔶 Pred  182 ms Sync   57 ms | Sent   864 kB Recv  1191 kB | 5
🔶 Pred  157 ms Sync   27 ms | Sent   864 kB Recv  1191 kB | 


🔶 Pred  158 ms Sync   27 ms | Sent   864 kB Recv  1191 kB | Pet
🔶 Pred  159 ms Sync   27 ms | Sent   864 kB Recv  1191 kB | :
🔶 Pred  158 ms Sync   43 ms | Sent   864 kB Recv  1191 kB |  

Evaluation
   nBatches: 32
    nTokens: 45
   tokens/s: 9.24 (108.17 ms/tok)
Prediction
    nTokens: 4955
   tokens/s: 6.15 (162.50 ms/tok)
⭕ Network is closed
